solid OpenSCAD_Model
  facet normal -0.9807852804032314 -0.19509032201612364 0
    outer loop
      vertex 0.012832707939284482 -42.985789288330075 5.99
      vertex 0.012832707939284482 -42.985789288330075 1.6991588998843628
      vertex 0.051111260566397476 -43.17822856765378 1.6966499909936263
    endloop
  endfacet
  facet normal -0.9978589232386034 -0.06540312923014409 0
    outer loop
      vertex 0.012832707939284482 -42.985789288330075 5.99
      vertex 0 -42.79 1.7
      vertex 0.012832707939284482 -42.985789288330075 1.6991588998843628
    endloop
  endfacet
  facet normal -0.9469301294951036 -0.32143946530316775 0
    outer loop
      vertex 0.051111260566397476 -43.17822856765378 5.99
      vertex 0.051111260566397476 -43.17822856765378 1.6966499909936263
      vertex 0.11418070123307 -43.36402514854763 1.6925162014545123
    endloop
  endfacet
  facet normal -0.8314696123025384 -0.5555702330196124 2.1606943176987155e-16
    outer loop
      vertex 0.200961894323342 -43.54 6
      vertex 0.22189452677408766 -43.571327898353545 1.6854562643354776
      vertex 0.3099699895631467 -43.70314214351308 1.667936965524047
    endloop
  endfacet
  facet normal -0.7518398074789859 -0.6593458151000591 0
    outer loop
      vertex 0.3099699895631467 -43.70314214351308 6
      vertex 0.3099699895631467 -43.70314214351308 1.667936965524047
      vertex 0.43933982822017903 -43.85066017177982 1.6422037046492524
    endloop
  endfacet
  facet normal -0.659345815100237 -0.7518398074788298 0
    outer loop
      vertex 0.43933982822017903 -43.85066017177982 5.99
      vertex 0.43933982822017903 -43.85066017177982 1.6422037046492524
      vertex 0.43999237667428526 -43.851232441415036 1.6420739046914161
    endloop
  endfacet
  facet normal -0.8314696123025521 -0.5555702330195919 0
    outer loop
      vertex 0.200961894323342 -43.54 6
      vertex 0.200961894323342 -43.54 1.6868282615521382
      vertex 0.22189452677408766 -43.571327898353545 1.6854562643354776
    endloop
  endfacet
  facet normal -0.8968727415326898 -0.4422886902189983 0
    outer loop
      vertex 0.11418070123307 -43.36402514854763 5.99
      vertex 0.11418070123307 -43.36402514854763 1.6925162014545123
      vertex 0.200961894323342 -43.54 1.6868282615521382
    endloop
  endfacet
  facet normal -0.32143946530316647 -0.9469301294951039 0
    outer loop
      vertex 1.1117714323462184 -44.238888739433605 5.99
      vertex 1.034894429314825 -44.212792513345946 1.3487006784950997
      vertex 1.1117714323462184 -44.238888739433605 1.281281356291145
    endloop
  endfacet
  facet normal -0.19509032201613677 -0.9807852804032288 5.928444643777001e-16
    outer loop
      vertex 1.3042107116699224 -44.27716729206072 5.99
      vertex 1.1117714323462184 -44.238888739433605 1.281281356291145
      vertex 1.2020815280171309 -44.25685253436179 1.2020815280171309
    endloop
  endfacet
  facet normal -0.5555702330195992 -0.8314696123025471 7.046453746659554e-16
    outer loop
      vertex 0.5868578564869189 -43.98003001043685 6
      vertex 0.6505618350206526 -44.02259564804356 1.5705952052691874
      vertex 0.75 -44.08903810567666 1.521557729036676
    endloop
  endfacet
  facet normal -0.555570233019633 -0.8314696123025247 0
    outer loop
      vertex 0.5868578564869189 -43.98003001043685 6
      vertex 0.5868578564869189 -43.98003001043685 1.5922197920890044
      vertex 0.6505618350206526 -44.02259564804356 1.5705952052691874
    endloop
  endfacet
  facet normal -0.6593458151000563 -0.7518398074789884 0
    outer loop
      vertex 0.5868578564869189 -43.98003001043685 6
      vertex 0.43999237667428526 -43.851232441415036 1.6420739046914161
      vertex 0.5868578564869189 -43.98003001043685 1.5922197920890044
    endloop
  endfacet
  facet normal -0.44228869021898204 -0.8968727415326977 1.3881309547999054e-15
    outer loop
      vertex 0.75 -44.08903810567666 5.99
      vertex 0.85 -44.13835264827979 1.4722431864335457
      vertex 0.9259748514523656 -44.17581929876693 1.4214784136739829
    endloop
  endfacet
  facet normal -0.4422886902190325 -0.8968727415326729 0
    outer loop
      vertex 0.75 -44.08903810567666 5.99
      vertex 0.75 -44.08903810567666 1.521557729036676
      vertex 0.85 -44.13835264827979 1.4722431864335457
    endloop
  endfacet
  facet normal -0.3214394653031685 -0.9469301294951034 3.707948465122487e-17
    outer loop
      vertex 1.1117714323462184 -44.238888739433605 5.99
      vertex 0.9259748514523656 -44.17581929876693 1.4214784136739829
      vertex 1.034894429314825 -44.212792513345946 1.3487006784950997
    endloop
  endfacet
  facet normal -0.06540312923007502 -0.9978589232386079 0
    outer loop
      vertex 1.5 -44.29 6
      vertex 1.4722431864335457 -44.28818072232214 0.85
      vertex 1.5 -44.29 0.7937147500488174
    endloop
  endfacet
  facet normal -0.06540312923007183 -0.9978589232386081 0
    outer loop
      vertex 1.3042107116699224 -44.27716729206072 5.99
      vertex 1.3042107116699224 -44.27716729206072 1.085625513560064
      vertex 1.3487006784950997 -44.28008331854697 1.034894429314825
    endloop
  endfacet
  facet normal -0.06540312923016452 -0.9978589232386021 -8.359312777367733e-16
    outer loop
      vertex 1.3042107116699224 -44.27716729206072 5.99
      vertex 1.3487006784950997 -44.28008331854697 1.034894429314825
      vertex 1.4722431864335457 -44.28818072232214 0.85
    endloop
  endfacet
  facet normal -0.19509032201610996 -0.9807852804032341 0
    outer loop
      vertex 1.3042107116699224 -44.27716729206072 5.99
      vertex 1.2020815280171309 -44.25685253436179 1.2020815280171309
      vertex 1.3042107116699224 -44.27716729206072 1.085625513560064
    endloop
  endfacet
  facet normal -0.9469301294951036 -0.32143946530316775 0
    outer loop
      vertex 0.11418070123307 -43.36402514854763 5.99
      vertex 0.051111260566397476 -43.17822856765378 5.99
      vertex 0.11418070123307 -43.36402514854763 1.6925162014545123
    endloop
  endfacet
  facet normal -0.9807852804032314 -0.19509032201612364 2.2439892501091913e-19
    outer loop
      vertex 0.012832707939284482 -42.985789288330075 5.99
      vertex 0.051111260566397476 -43.17822856765378 1.6966499909936263
      vertex 0.051111260566397476 -43.17822856765378 5.99
    endloop
  endfacet
  facet normal -0.831469612302541 -0.5555702330196084 0
    outer loop
      vertex 0.3099699895631467 -43.70314214351308 6
      vertex 0.200961894323342 -43.54 6
      vertex 0.3099699895631467 -43.70314214351308 1.667936965524047
    endloop
  endfacet
  facet normal -0.751839807478986 -0.6593458151000591 0
    outer loop
      vertex 0.43933982822017903 -43.85066017177982 5.99
      vertex 0.3099699895631467 -43.70314214351308 6
      vertex 0.43933982822017903 -43.85066017177982 1.6422037046492524
    endloop
  endfacet
  facet normal -0.6593458151000572 -0.7518398074789877 4.776230799320138e-17
    outer loop
      vertex 0.43933982822017903 -43.85066017177982 5.99
      vertex 0.43999237667428526 -43.851232441415036 1.6420739046914161
      vertex 0.5868578564869189 -43.98003001043685 6
    endloop
  endfacet
  facet normal -0.8968727415326897 -0.4422886902189983 5.030154279967737e-19
    outer loop
      vertex 0.11418070123307 -43.36402514854763 5.99
      vertex 0.200961894323342 -43.54 1.6868282615521382
      vertex 0.200961894323342 -43.54 6
    endloop
  endfacet
  facet normal -0.9978589232386034 -0.0654031292301441 1.4606832905214522e-19
    outer loop
      vertex 0.012832707939284482 -42.985789288330075 5.99
      vertex 0 -42.79 6
      vertex 0 -42.79 1.7
    endloop
  endfacet
  facet normal -0.9469301294951036 -0.32143946530316775 0
    outer loop
      vertex 0.11418070123307 -43.36402514854763 5.99
      vertex 0.11418070123307 -43.36402514854763 6
      vertex 0.051111260566397476 -43.17822856765378 5.99
    endloop
  endfacet
  facet normal -0.9807852804032313 -0.19509032201612364 0
    outer loop
      vertex 0.012832707939284482 -42.985789288330075 5.99
      vertex 0.051111260566397476 -43.17822856765378 6
      vertex 0.012832707939284482 -42.985789288330075 6
    endloop
  endfacet
  facet normal -0.9978589232386034 -0.0654031292301441 0
    outer loop
      vertex 0.012832707939284482 -42.985789288330075 5.99
      vertex 0.012832707939284482 -42.985789288330075 6
      vertex 0 -42.79 6
    endloop
  endfacet
  facet normal 0 0 1
    outer loop
      vertex 0.012832707939284482 -42.985789288330075 6
      vertex 0.051111260566397476 -43.17822856765378 6
      vertex 0 -42.79 6
    endloop
  endfacet
  facet normal -0.9469301294951036 -0.32143946530316775 -3.8860880353022344e-16
    outer loop
      vertex 0.11418070123307 -43.36402514854763 6
      vertex 0.051111260566397476 -43.17822856765378 6
      vertex 0.051111260566397476 -43.17822856765378 5.99
    endloop
  endfacet
  facet normal -0.9807852804032313 -0.19509032201612364 9.634231267166707e-17
    outer loop
      vertex 0.012832707939284482 -42.985789288330075 5.99
      vertex 0.051111260566397476 -43.17822856765378 5.99
      vertex 0.051111260566397476 -43.17822856765378 6
    endloop
  endfacet
  facet normal 0 0 1
    outer loop
      vertex 0.11418070123307 -43.36402514854763 6
      vertex 0 -42.79 6
      vertex 0.051111260566397476 -43.17822856765378 6
    endloop
  endfacet
  facet normal 0 0 1
    outer loop
      vertex 0.11418070123307 -43.36402514854763 6
      vertex 0.3099699895631467 -43.70314214351308 6
      vertex 0.43933982822017903 -43.85066017177982 6
    endloop
  endfacet
  facet normal -0.7518398074789859 -0.659345815100059 5.8316548686370986e-18
    outer loop
      vertex 0.3099699895631467 -43.70314214351308 6
      vertex 0.43933982822017903 -43.85066017177982 5.99
      vertex 0.43933982822017903 -43.85066017177982 6
    endloop
  endfacet
  facet normal -0.6593458151000571 -0.7518398074789876 0
    outer loop
      vertex 0.43933982822017903 -43.85066017177982 5.99
      vertex 0.5868578564869189 -43.98003001043685 6
      vertex 0.43933982822017903 -43.85066017177982 6
    endloop
  endfacet
  facet normal 0 0 1
    outer loop
      vertex 0.11418070123307 -43.36402514854763 6
      vertex 0.200961894323342 -43.54 6
      vertex 0.3099699895631467 -43.70314214351308 6
    endloop
  endfacet
  facet normal -0.8968727415326897 -0.4422886902189983 0
    outer loop
      vertex 0.11418070123307 -43.36402514854763 5.99
      vertex 0.200961894323342 -43.54 6
      vertex 0.11418070123307 -43.36402514854763 6
    endloop
  endfacet
  facet normal 0 0 1
    outer loop
      vertex 0.11418070123307 -43.36402514854763 6
      vertex 0.43933982822017903 -43.85066017177982 6
      vertex 0 -42.79 6
    endloop
  endfacet
  facet normal -1 0 0
    outer loop
      vertex 0 -42.79 6
      vertex 0 -34.75 4
      vertex 0 -42.79 1.7
    endloop
  endfacet
  facet normal -0.5555702330196126 -0.8314696123025384 -1.169545148364575e-18
    outer loop
      vertex 0.5868578564869189 -43.98003001043685 6
      vertex 0.75 -44.08903810567666 1.521557729036676
      vertex 0.75 -44.08903810567666 5.99
    endloop
  endfacet
  facet normal -0.442288690219011 -0.8968727415326835 7.353816302708488e-19
    outer loop
      vertex 0.75 -44.08903810567666 5.99
      vertex 0.9259748514523656 -44.17581929876693 1.4214784136739829
      vertex 0.9259748514523656 -44.17581929876693 5.99
    endloop
  endfacet
  facet normal -0.19509032201612278 -0.9807852804032315 0
    outer loop
      vertex 1.1117714323462184 -44.238888739433605 5.99
      vertex 1.1117714323462184 -44.238888739433605 1.281281356291145
      vertex 1.3042107116699224 -44.27716729206072 5.99
    endloop
  endfacet
  facet normal -0.3214394653031677 -0.9469301294951037 0
    outer loop
      vertex 0.9259748514523656 -44.17581929876693 5.99
      vertex 0.9259748514523656 -44.17581929876693 1.4214784136739829
      vertex 1.1117714323462184 -44.238888739433605 5.99
    endloop
  endfacet
  facet normal -0.06540312923012999 -0.9978589232386043 2.973210690576981e-16
    outer loop
      vertex 1.3042107116699224 -44.27716729206072 5.99
      vertex 1.4722431864335457 -44.28818072232214 0.85
      vertex 1.5 -44.29 6
    endloop
  endfacet
  facet normal 0 0 1
    outer loop
      vertex 0.43933982822017903 -43.85066017177982 6
      vertex 0.5868578564869189 -43.98003001043685 6
      vertex 0.9259748514523656 -44.17581929876693 6
    endloop
  endfacet
  facet normal 0 0 1
    outer loop
      vertex 0.43933982822017903 -43.85066017177982 6
      vertex 1.5 -44.29 6
      vertex 0 -42.79 6
    endloop
  endfacet
  facet normal -0.5555702330196126 -0.8314696123025382 -5.226044978752452e-16
    outer loop
      vertex 0.5868578564869189 -43.98003001043685 6
      vertex 0.75 -44.08903810567666 5.99
      vertex 0.75 -44.08903810567666 6
    endloop
  endfacet
  facet normal 0 0 1
    outer loop
      vertex 0.5868578564869189 -43.98003001043685 6
      vertex 0.75 -44.08903810567666 6
      vertex 0.9259748514523656 -44.17581929876693 6
    endloop
  endfacet
  facet normal -0.44228869021901107 -0.8968727415326836 0
    outer loop
      vertex 0.75 -44.08903810567666 5.99
      vertex 0.9259748514523656 -44.17581929876693 6
      vertex 0.75 -44.08903810567666 6
    endloop
  endfacet
  facet normal -0.44228869021901107 -0.8968727415326836 3.3596068520800637e-16
    outer loop
      vertex 0.75 -44.08903810567666 5.99
      vertex 0.9259748514523656 -44.17581929876693 5.99
      vertex 0.9259748514523656 -44.17581929876693 6
    endloop
  endfacet
  facet normal 0 0 1
    outer loop
      vertex 0.43933982822017903 -43.85066017177982 6
      vertex 0.9259748514523656 -44.17581929876693 6
      vertex 1.5 -44.29 6
    endloop
  endfacet
  facet normal -0.3214394653031677 -0.9469301294951036 0
    outer loop
      vertex 0.9259748514523656 -44.17581929876693 5.99
      vertex 1.1117714323462184 -44.238888739433605 5.99
      vertex 0.9259748514523656 -44.17581929876693 6
    endloop
  endfacet
  facet normal -0.3214394653031677 -0.9469301294951036 -3.9082818996278e-16
    outer loop
      vertex 0.9259748514523656 -44.17581929876693 6
      vertex 1.1117714323462184 -44.238888739433605 5.99
      vertex 1.1117714323462184 -44.238888739433605 6
    endloop
  endfacet
  facet normal -0.19509032201612275 -0.9807852804032314 0
    outer loop
      vertex 1.1117714323462184 -44.238888739433605 5.99
      vertex 1.3042107116699224 -44.27716729206072 5.99
      vertex 1.1117714323462184 -44.238888739433605 6
    endloop
  endfacet
  facet normal 0 0 1
    outer loop
      vertex 0.9259748514523656 -44.17581929876693 6
      vertex 1.1117714323462184 -44.238888739433605 6
      vertex 1.5 -44.29 6
    endloop
  endfacet
  facet normal -0.19509032201612275 -0.9807852804032314 2.8607160714013645e-17
    outer loop
      vertex 1.1117714323462184 -44.238888739433605 6
      vertex 1.3042107116699224 -44.27716729206072 5.99
      vertex 1.3042107116699224 -44.27716729206072 6
    endloop
  endfacet
  facet normal 0 0 1
    outer loop
      vertex 1.1117714323462184 -44.238888739433605 6
      vertex 1.3042107116699224 -44.27716729206072 6
      vertex 1.5 -44.29 6
    endloop
  endfacet
  facet normal -0.06540312923012999 -0.9978589232386043 0
    outer loop
      vertex 1.3042107116699224 -44.27716729206072 5.99
      vertex 1.5 -44.29 6
      vertex 1.3042107116699224 -44.27716729206072 6
    endloop
  endfacet
  facet normal -1 0 0
    outer loop
      vertex 0 -34.75 4
      vertex 0 -34.75 1.7
      vertex 0 -42.79 1.7
    endloop
  endfacet
  facet normal -1 0 0
    outer loop
      vertex 0 -42.79 6
      vertex 0 -25.25 4
      vertex 0 -34.75 4
    endloop
  endfacet
  facet normal -1 0 0
    outer loop
      vertex 0 -42.79 6
      vertex 0 -14.75 4
      vertex 0 -25.25 4
    endloop
  endfacet
  facet normal -1 0 0
    outer loop
      vertex 0 -25.25 4
      vertex 0 -14.75 4
      vertex 0 -25.25 1.7
    endloop
  endfacet
  facet normal -1 0 0
    outer loop
      vertex 0 -14.75 4
      vertex 0 -14.75 1.7
      vertex 0 -25.25 1.7
    endloop
  endfacet
  facet normal -1 0 0
    outer loop
      vertex 0 -42.79 6
      vertex 0 -5.25 4
      vertex 0 -14.75 4
    endloop
  endfacet
  facet normal -1 0 0
    outer loop
      vertex 0 -42.79 6
      vertex 0 5.25 4
      vertex 0 -5.25 4
    endloop
  endfacet
  facet normal 0 0 1
    outer loop
      vertex 0 -42.79 6
      vertex 3.9 -37.29 6
      vertex 1.5 44.29 6
    endloop
  endfacet
  facet normal -1 0 0
    outer loop
      vertex 0 -42.79 6
      vertex 0 14.75 4
      vertex 0 5.25 4
    endloop
  endfacet
  facet normal -1 0 0
    outer loop
      vertex 0 -5.25 4
      vertex 0 5.25 4
      vertex 0 -5.25 1.7
    endloop
  endfacet
  facet normal -1 0 0
    outer loop
      vertex 0 -42.79 6
      vertex 0 25.25 4
      vertex 0 14.75 4
    endloop
  endfacet
  facet normal 0 0 -1
    outer loop
      vertex 1.7 -44.29 0
      vertex 5.314543735664523 -37.511894526774086 0
      vertex 5.357926095308584 -37.72999237667428 0
    endloop
  endfacet
  facet normal 0 0 -1
    outer loop
      vertex 1.7 -44.29 0
      vertex 5.357926095308584 -37.72999237667428 0
      vertex 5.429404794730813 -37.94056183502065 0
    endloop
  endfacet
  facet normal 0 0 -1
    outer loop
      vertex 1.7 -44.29 0
      vertex 5.429404794730813 -37.94056183502065 0
      vertex 5.527756813566454 -38.14 0
    endloop
  endfacet
  facet normal 0 0 -1
    outer loop
      vertex 1.7 -44.29 0
      vertex 5.3 -37.29 0
      vertex 5.314543735664523 -37.511894526774086 0
    endloop
  endfacet
  facet normal 0 0 -1
    outer loop
      vertex 1.7 -44.29 0
      vertex 5.314543735664523 -37.06810547322591 0
      vertex 5.3 -37.29 0
    endloop
  endfacet
  facet normal 0 0 -1
    outer loop
      vertex 1.7 -44.29 0
      vertex 5.357926095308584 -36.850007623325716 0
      vertex 5.314543735664523 -37.06810547322591 0
    endloop
  endfacet
  facet normal 0 0 -1
    outer loop
      vertex 1.7 -44.29 0
      vertex 5.429404794730813 -36.639438164979346 0
      vertex 5.357926095308584 -36.850007623325716 0
    endloop
  endfacet
  facet normal 0 0 -1
    outer loop
      vertex 1.7 -44.29 0
      vertex 5.527756813566454 -38.14 0
      vertex 5.651299321504901 -38.324894429314824 0
    endloop
  endfacet
  facet normal 0 0 -1
    outer loop
      vertex 1.7 -44.29 0
      vertex 5.651299321504901 -38.324894429314824 0
      vertex 5.797918471982869 -38.49208152801713 0
    endloop
  endfacet
  facet normal 0 0 -1
    outer loop
      vertex 1.7 -44.29 0
      vertex 5.965105570685175 -38.6387006784951 0
      vertex 6.15 -38.762243186433544 0
    endloop
  endfacet
  facet normal 0 0 -1
    outer loop
      vertex 1.7 -44.29 0
      vertex 5.797918471982869 -38.49208152801713 0
      vertex 5.965105570685175 -38.6387006784951 0
    endloop
  endfacet
  facet normal 0 0 -1
    outer loop
      vertex 1.7 -44.29 0
      vertex 6.15 -38.762243186433544 0
      vertex 6.349438164979348 -38.860595205269185 0
    endloop
  endfacet
  facet normal 0 0 -1
    outer loop
      vertex 1.7 -44.29 0
      vertex 6.349438164979348 -38.860595205269185 0
      vertex 6.560007623325715 -38.932073904691414 0
    endloop
  endfacet
  facet normal 0 0 -1
    outer loop
      vertex 4 -34.75 0
      vertex 1.7 -44.29 0
      vertex 1.7 -34.75 0
    endloop
  endfacet
  facet normal 0 0 -1
    outer loop
      vertex 4 -34.75 0
      vertex 5.429404794730813 -36.639438164979346 0
      vertex 1.7 -44.29 0
    endloop
  endfacet
  facet normal 0 0 -1
    outer loop
      vertex 4 -34.75 0
      vertex 5.527756813566454 -36.44 0
      vertex 5.429404794730813 -36.639438164979346 0
    endloop
  endfacet
  facet normal 0 -1 0
    outer loop
      vertex 12.5 -44.29 0
      vertex 1.6854562643354776 -44.29 0.22189452677408766
      vertex 1.7 -44.29 0
    endloop
  endfacet
  facet normal 0 -1 0
    outer loop
      vertex 12.5 -44.29 0
      vertex 1.6420739046914161 -44.29 0.43999237667428526
      vertex 1.6854562643354776 -44.29 0.22189452677408766
    endloop
  endfacet
  facet normal 0 -1 0
    outer loop
      vertex 12.5 -44.29 0
      vertex 1.5705952052691874 -44.29 0.6505618350206526
      vertex 1.6420739046914161 -44.29 0.43999237667428526
    endloop
  endfacet
  facet normal 0 -1 0
    outer loop
      vertex 12.5 -44.29 0
      vertex 1.5 -44.29 0.7937147500488174
      vertex 1.5705952052691874 -44.29 0.6505618350206526
    endloop
  endfacet
  facet normal 0 0 -1
    outer loop
      vertex 1.7 -44.29 0
      vertex 6.560007623325715 -38.932073904691414 0
      vertex 6.778105473225913 -38.97545626433548 0
    endloop
  endfacet
  facet normal 0 0 -1
    outer loop
      vertex 1.7 -44.29 0
      vertex 6.778105473225913 -38.97545626433548 0
      vertex 7 -38.99 0
    endloop
  endfacet
  facet normal 0 0 -1
    outer loop
      vertex 1.7 -44.29 0
      vertex 7 -38.99 0
      vertex 7.221894526774087 -38.97545626433548 0
    endloop
  endfacet
  facet normal 0 0 -1
    outer loop
      vertex 1.7 -44.29 0
      vertex 7.221894526774087 -38.97545626433548 0
      vertex 7.439992376674285 -38.932073904691414 0
    endloop
  endfacet
  facet normal 0 0 -1
    outer loop
      vertex 1.7 -44.29 0
      vertex 7.439992376674285 -38.932073904691414 0
      vertex 7.650561835020652 -38.860595205269185 0
    endloop
  endfacet
  facet normal 0 0 -1
    outer loop
      vertex 1.7 -44.29 0
      vertex 7.650561835020652 -38.860595205269185 0
      vertex 7.85 -38.762243186433544 0
    endloop
  endfacet
  facet normal 0 0 -1
    outer loop
      vertex 14 -42.79 0
      vertex 1.7 -44.29 0
      vertex 7.85 -38.762243186433544 0
    endloop
  endfacet
  facet normal 0 0 -1
    outer loop
      vertex 4 -34.75 0
      vertex 5.651299321504901 -36.255105570685174 0
      vertex 5.527756813566454 -36.44 0
    endloop
  endfacet
  facet normal 0 0 -1
    outer loop
      vertex 4 -34.75 0
      vertex 5.797918471982869 -36.08791847198287 0
      vertex 5.651299321504901 -36.255105570685174 0
    endloop
  endfacet
  facet normal 0 0 -1
    outer loop
      vertex 4 -34.75 0
      vertex 5.965105570685175 -35.9412993215049 0
      vertex 5.797918471982869 -36.08791847198287 0
    endloop
  endfacet
  facet normal 0 0 1
    outer loop
      vertex 0 -42.79 6
      vertex 4.005629938503889 -38.092339039817816 6
      vertex 3.9265209297411876 -37.69463119588216 6
    endloop
  endfacet
  facet normal 0 0 1
    outer loop
      vertex 0 -42.79 6
      vertex 4.135973449215011 -38.476318640331776 6
      vertex 4.005629938503889 -38.092339039817816 6
    endloop
  endfacet
  facet normal 0 0 1
    outer loop
      vertex 0 -42.79 6
      vertex 3.9265209297411876 -37.69463119588216 6
      vertex 3.9 -37.29 6
    endloop
  endfacet
  facet normal 0 0 1
    outer loop
      vertex 0 -42.79 6
      vertex 4.54060464509717 -39.177160429927035 6
      vertex 4.315321248268241 -38.839999999999996 6
    endloop
  endfacet
  facet normal 0 0 1
    outer loop
      vertex 0 -42.79 6
      vertex 4.807968978321703 -39.482031021678296 6
      vertex 4.54060464509717 -39.177160429927035 6
    endloop
  endfacet
  facet normal 0 0 1
    outer loop
      vertex 0 -42.79 6
      vertex 5.112839570072966 -39.74939535490283 6
      vertex 4.807968978321703 -39.482031021678296 6
    endloop
  endfacet
  facet normal 0 0 1
    outer loop
      vertex 0 -42.79 6
      vertex 4.315321248268241 -38.839999999999996 6
      vertex 4.135973449215011 -38.476318640331776 6
    endloop
  endfacet
  facet normal 0 0 1
    outer loop
      vertex 0 -42.79 6
      vertex 5.45 -39.97467875173176 6
      vertex 5.112839570072966 -39.74939535490283 6
    endloop
  endfacet
  facet normal 0 0 1
    outer loop
      vertex 0 -42.79 6
      vertex 5.813681359668221 -40.15402655078499 6
      vertex 5.45 -39.97467875173176 6
    endloop
  endfacet
  facet normal 0 0 1
    outer loop
      vertex 0 -42.79 6
      vertex 6.197660960182185 -40.28437006149611 6
      vertex 5.813681359668221 -40.15402655078499 6
    endloop
  endfacet
  facet normal 0 0 1
    outer loop
      vertex 0 -42.79 6
      vertex 6.59536880411784 -40.36347907025881 6
      vertex 6.197660960182185 -40.28437006149611 6
    endloop
  endfacet
  facet normal 0 0 1
    outer loop
      vertex 0 -42.79 6
      vertex 7 -40.39 6
      vertex 6.59536880411784 -40.36347907025881 6
    endloop
  endfacet
  facet normal 0 0 1
    outer loop
      vertex 0 -42.79 6
      vertex 7.40463119588216 -40.36347907025881 6
      vertex 7 -40.39 6
    endloop
  endfacet
  facet normal 0 -1 0
    outer loop
      vertex 1.5 -44.29 6
      vertex 1.5 -44.29 0.7937147500488174
      vertex 12.5 -44.29 0
    endloop
  endfacet
  facet normal 0 0 1
    outer loop
      vertex 0 -42.79 6
      vertex 1.5 -44.29 6
      vertex 14 -42.79 6
    endloop
  endfacet
  facet normal 0 0 1
    outer loop
      vertex 0 -42.79 6
      vertex 7.802339039817815 -40.28437006149611 6
      vertex 7.40463119588216 -40.36347907025881 6
    endloop
  endfacet
  facet normal 0 0 1
    outer loop
      vertex 0 -42.79 6
      vertex 14 -42.79 6
      vertex 7.802339039817815 -40.28437006149611 6
    endloop
  endfacet
  facet normal 0 0 -1
    outer loop
      vertex 4 -34.75 0
      vertex 4 -25.25 0
      vertex 5.965105570685175 -35.9412993215049 0
    endloop
  endfacet
  facet normal 0 0 -1
    outer loop
      vertex 4 -25.25 0
      vertex 6.15 -35.817756813566454 0
      vertex 5.965105570685175 -35.9412993215049 0
    endloop
  endfacet
  facet normal 0 0 -1
    outer loop
      vertex 4 -25.25 0
      vertex 6.349438164979348 -35.71940479473081 0
      vertex 6.15 -35.817756813566454 0
    endloop
  endfacet
  facet normal 0 0 -1
    outer loop
      vertex 4 -25.25 0
      vertex 6.560007623325715 -35.647926095308584 0
      vertex 6.349438164979348 -35.71940479473081 0
    endloop
  endfacet
  facet normal 0 0 -1
    outer loop
      vertex 4 -25.25 0
      vertex 6.778105473225913 -35.60454373566452 0
      vertex 6.560007623325715 -35.647926095308584 0
    endloop
  endfacet
  facet normal 0 0 -1
    outer loop
      vertex 4 -25.25 0
      vertex 7 -35.589999999999996 0
      vertex 6.778105473225913 -35.60454373566452 0
    endloop
  endfacet
  facet normal 0 0 -1
    outer loop
      vertex 4 -25.25 0
      vertex 7.221894526774087 -35.60454373566452 0
      vertex 7 -35.589999999999996 0
    endloop
  endfacet
  facet normal 0 0 -1
    outer loop
      vertex 4 -25.25 0
      vertex 7.439992376674285 -35.647926095308584 0
      vertex 7.221894526774087 -35.60454373566452 0
    endloop
  endfacet
  facet normal 0 0 -1
    outer loop
      vertex 4 -25.25 0
      vertex 7.650561835020652 -35.71940479473081 0
      vertex 7.439992376674285 -35.647926095308584 0
    endloop
  endfacet
  facet normal 0 0 -1
    outer loop
      vertex 4 -25.25 0
      vertex 8.3487006784951 -36.255105570685174 0
      vertex 8.20208152801713 -36.08791847198287 0
    endloop
  endfacet
  facet normal 0 0 -1
    outer loop
      vertex 4 -25.25 0
      vertex 7.85 -35.817756813566454 0
      vertex 7.650561835020652 -35.71940479473081 0
    endloop
  endfacet
  facet normal 0 0 -1
    outer loop
      vertex 4 -25.25 0
      vertex 8.034894429314825 -35.9412993215049 0
      vertex 7.85 -35.817756813566454 0
    endloop
  endfacet
  facet normal 0 0 -1
    outer loop
      vertex 4 -25.25 0
      vertex 8.20208152801713 -36.08791847198287 0
      vertex 8.034894429314825 -35.9412993215049 0
    endloop
  endfacet
  facet normal 0 0 -1
    outer loop
      vertex 4 -25.25 0
      vertex 8.472243186433545 -36.44 0
      vertex 8.3487006784951 -36.255105570685174 0
    endloop
  endfacet
  facet normal 0 0 -1
    outer loop
      vertex 4 -25.25 0
      vertex 8.570595205269187 -36.639438164979346 0
      vertex 8.472243186433545 -36.44 0
    endloop
  endfacet
  facet normal 0 0 -1
    outer loop
      vertex 4 -25.25 0
      vertex 4 -14.75 0
      vertex 14 -42.79 0
    endloop
  endfacet
  facet normal 0 0 -1
    outer loop
      vertex 12.5 -44.29 0
      vertex 1.7 -44.29 0
      vertex 12.695789288330078 -44.27716729206072 0
    endloop
  endfacet
  facet normal 0 0 -1
    outer loop
      vertex 12.695789288330078 -44.27716729206072 0
      vertex 1.7 -44.29 0
      vertex 14 -42.79 0
    endloop
  endfacet
  facet normal 0 0 -1
    outer loop
      vertex 14 -42.79 0
      vertex 7.85 -38.762243186433544 0
      vertex 8.034894429314825 -38.6387006784951 0
    endloop
  endfacet
  facet normal 0 0 -1
    outer loop
      vertex 14 -42.79 0
      vertex 8.034894429314825 -38.6387006784951 0
      vertex 8.20208152801713 -38.49208152801713 0
    endloop
  endfacet
  facet normal 0 0 -1
    outer loop
      vertex 14 -42.79 0
      vertex 8.20208152801713 -38.49208152801713 0
      vertex 8.3487006784951 -38.324894429314824 0
    endloop
  endfacet
  facet normal 0 0 -1
    outer loop
      vertex 14 -42.79 0
      vertex 8.3487006784951 -38.324894429314824 0
      vertex 8.472243186433545 -38.14 0
    endloop
  endfacet
  facet normal 0 0 -1
    outer loop
      vertex 14 -42.79 0
      vertex 8.472243186433545 -38.14 0
      vertex 8.570595205269187 -37.94056183502065 0
    endloop
  endfacet
  facet normal 0 0 -1
    outer loop
      vertex 14 -42.79 0
      vertex 8.570595205269187 -37.94056183502065 0
      vertex 8.642073904691417 -37.72999237667428 0
    endloop
  endfacet
  facet normal 0 0 -1
    outer loop
      vertex 14 -42.79 0
      vertex 8.642073904691417 -36.850007623325716 0
      vertex 8.570595205269187 -36.639438164979346 0
    endloop
  endfacet
  facet normal 0 0 -1
    outer loop
      vertex 14 -42.79 0
      vertex 8.642073904691417 -37.72999237667428 0
      vertex 8.685456264335478 -37.511894526774086 0
    endloop
  endfacet
  facet normal 0 0 -1
    outer loop
      vertex 14 -42.79 0
      vertex 8.685456264335478 -37.511894526774086 0
      vertex 8.7 -37.29 0
    endloop
  endfacet
  facet normal 0 0 -1
    outer loop
      vertex 14 -42.79 0
      vertex 8.7 -37.29 0
      vertex 8.685456264335478 -37.06810547322591 0
    endloop
  endfacet
  facet normal 0 0 -1
    outer loop
      vertex 14 -42.79 0
      vertex 8.685456264335478 -37.06810547322591 0
      vertex 8.642073904691417 -36.850007623325716 0
    endloop
  endfacet
  facet normal 0 0 -1
    outer loop
      vertex 4 -25.25 0
      vertex 14 -42.79 0
      vertex 8.570595205269187 -36.639438164979346 0
    endloop
  endfacet
  facet normal 0 0 -1
    outer loop
      vertex 12.695789288330078 -44.27716729206072 0
      vertex 13.074025148547634 -44.17581929876693 0
      vertex 12.888228567653782 -44.238888739433605 0
    endloop
  endfacet
  facet normal 0 0 -1
    outer loop
      vertex 12.695789288330078 -44.27716729206072 0
      vertex 13.560660171779821 -43.85066017177982 0
      vertex 13.074025148547634 -44.17581929876693 0
    endloop
  endfacet
  facet normal 0 0 -1
    outer loop
      vertex 13.074025148547634 -44.17581929876693 0
      vertex 13.560660171779821 -43.85066017177982 0
      vertex 13.25 -44.08903810567666 0
    endloop
  endfacet
  facet normal 0 0 -1
    outer loop
      vertex 13.25 -44.08903810567666 0
      vertex 13.560660171779821 -43.85066017177982 0
      vertex 13.413142143513081 -43.98003001043685 0
    endloop
  endfacet
  facet normal 0 0 -1
    outer loop
      vertex 12.695789288330078 -44.27716729206072 0
      vertex 14 -42.79 0
      vertex 13.560660171779821 -43.85066017177982 0
    endloop
  endfacet
  facet normal 0 0 -1
    outer loop
      vertex 13.560660171779821 -43.85066017177982 0
      vertex 13.885819298766929 -43.36402514854763 0
      vertex 13.690030010436853 -43.70314214351308 0
    endloop
  endfacet
  facet normal 0 0 -1
    outer loop
      vertex 13.690030010436853 -43.70314214351308 0
      vertex 13.885819298766929 -43.36402514854763 0
      vertex 13.799038105676658 -43.54 0
    endloop
  endfacet
  facet normal 0 0 -1
    outer loop
      vertex 13.560660171779821 -43.85066017177982 0
      vertex 14 -42.79 0
      vertex 13.885819298766929 -43.36402514854763 0
    endloop
  endfacet
  facet normal 0 0 -1
    outer loop
      vertex 13.885819298766929 -43.36402514854763 0
      vertex 14 -42.79 0
      vertex 13.948888739433603 -43.17822856765378 0
    endloop
  endfacet
  facet normal 0 0 -1
    outer loop
      vertex 13.948888739433603 -43.17822856765378 0
      vertex 14 -42.79 0
      vertex 13.987167292060715 -42.985789288330075 0
    endloop
  endfacet
  facet normal 0 -1 0
    outer loop
      vertex 1.5 -44.29 6
      vertex 12.5 -44.29 0
      vertex 12.5 -44.29 6
    endloop
  endfacet
  facet normal 0 0 1
    outer loop
      vertex 1.5 -44.29 6
      vertex 12.5 -44.29 6
      vertex 12.695789288330078 -44.27716729206072 6
    endloop
  endfacet
  facet normal 0 0 1
    outer loop
      vertex 1.5 -44.29 6
      vertex 12.695789288330078 -44.27716729206072 6
      vertex 14 -42.79 6
    endloop
  endfacet
  facet normal 0 0 1
    outer loop
      vertex 14 -42.79 6
      vertex 8.186318640331779 -40.15402655078499 6
      vertex 7.802339039817815 -40.28437006149611 6
    endloop
  endfacet
  facet normal 0 0 1
    outer loop
      vertex 14 -42.79 6
      vertex 8.55 -39.97467875173176 6
      vertex 8.186318640331779 -40.15402655078499 6
    endloop
  endfacet
  facet normal 0 0 1
    outer loop
      vertex 14 -42.79 6
      vertex 8.887160429927034 -39.74939535490283 6
      vertex 8.55 -39.97467875173176 6
    endloop
  endfacet
  facet normal 0 0 1
    outer loop
      vertex 14 -42.79 6
      vertex 9.192031021678297 -39.482031021678296 6
      vertex 8.887160429927034 -39.74939535490283 6
    endloop
  endfacet
  facet normal 0 0 1
    outer loop
      vertex 14 -42.79 6
      vertex 9.45939535490283 -39.177160429927035 6
      vertex 9.192031021678297 -39.482031021678296 6
    endloop
  endfacet
  facet normal 0.06540312923012997 -0.9978589232386043 1.286454890384874e-19
    outer loop
      vertex 12.5 -44.29 0
      vertex 12.695789288330078 -44.27716729206072 0
      vertex 12.695789288330078 -44.27716729206072 6
    endloop
  endfacet
  facet normal 0.19509032201612275 -0.9807852804032315 0
    outer loop
      vertex 12.695789288330078 -44.27716729206072 0
      vertex 12.888228567653782 -44.238888739433605 0
      vertex 12.695789288330078 -44.27716729206072 6
    endloop
  endfacet
  facet normal 0.3214394653031691 -0.9469301294951031 2.2176707078229286e-19
    outer loop
      vertex 12.888228567653782 -44.238888739433605 0
      vertex 13.074025148547634 -44.17581929876693 0
      vertex 13.074025148547634 -44.17581929876693 6
    endloop
  endfacet
  facet normal 0.4422886902190092 -0.8968727415326844 0
    outer loop
      vertex 13.074025148547634 -44.17581929876693 0
      vertex 13.25 -44.08903810567666 0
      vertex 13.074025148547634 -44.17581929876693 6
    endloop
  endfacet
  facet normal 0.5555702330196126 -0.8314696123025384 0
    outer loop
      vertex 13.25 -44.08903810567666 0
      vertex 13.413142143513081 -43.98003001043685 0
      vertex 13.25 -44.08903810567666 6
    endloop
  endfacet
  facet normal 0.6593458151000571 -0.7518398074789876 -8.931412145701827e-19
    outer loop
      vertex 13.413142143513081 -43.98003001043685 0
      vertex 13.560660171779821 -43.85066017177982 0
      vertex 13.560660171779821 -43.85066017177982 6
    endloop
  endfacet
  facet normal 0.7518398074789859 -0.659345815100059 0
    outer loop
      vertex 13.560660171779821 -43.85066017177982 0
      vertex 13.690030010436853 -43.70314214351308 0
      vertex 13.560660171779821 -43.85066017177982 6
    endloop
  endfacet
  facet normal 0.8314696123025411 -0.5555702330196085 -1.1384302194939936e-18
    outer loop
      vertex 13.690030010436853 -43.70314214351308 0
      vertex 13.799038105676658 -43.54 0
      vertex 13.799038105676658 -43.54 6
    endloop
  endfacet
  facet normal 0.8968727415326916 -0.4422886902189947 -5.076608402788357e-19
    outer loop
      vertex 13.799038105676658 -43.54 0
      vertex 13.885819298766929 -43.36402514854763 0
      vertex 13.885819298766929 -43.36402514854763 6
    endloop
  endfacet
  facet normal 0.9469301294951021 -0.3214394653031718 0
    outer loop
      vertex 13.885819298766929 -43.36402514854763 0
      vertex 13.948888739433603 -43.17822856765378 0
      vertex 13.885819298766929 -43.36402514854763 6
    endloop
  endfacet
  facet normal 0.9807852804032322 -0.19509032201611928 -2.031717908109494e-19
    outer loop
      vertex 13.948888739433603 -43.17822856765378 0
      vertex 13.987167292060715 -42.985789288330075 0
      vertex 13.987167292060715 -42.985789288330075 6
    endloop
  endfacet
  facet normal 0.9978589232386031 -0.0654031292301486 -1.1335311038989262e-19
    outer loop
      vertex 13.987167292060715 -42.985789288330075 0
      vertex 14 -42.79 0
      vertex 14 -42.79 6
    endloop
  endfacet
  facet normal 0 0 1
    outer loop
      vertex 14 -42.79 6
      vertex 9.68467875173176 -38.839999999999996 6
      vertex 9.45939535490283 -39.177160429927035 6
    endloop
  endfacet
  facet normal 0 0 1
    outer loop
      vertex 14 -42.79 6
      vertex 9.864026550784988 -38.476318640331776 6
      vertex 9.68467875173176 -38.839999999999996 6
    endloop
  endfacet
  facet normal 0 0 1
    outer loop
      vertex 14 -42.79 6
      vertex 9.994370061496111 -38.092339039817816 6
      vertex 9.864026550784988 -38.476318640331776 6
    endloop
  endfacet
  facet normal 0 0 1
    outer loop
      vertex 14 -42.79 6
      vertex 10.073479070258813 -37.69463119588216 6
      vertex 9.994370061496111 -38.092339039817816 6
    endloop
  endfacet
  facet normal 0 0 1
    outer loop
      vertex 14 -42.79 6
      vertex 10.1 -37.29 6
      vertex 10.073479070258813 -37.69463119588216 6
    endloop
  endfacet
  facet normal 0 0 1
    outer loop
      vertex 14 -42.79 6
      vertex 10.073479070258813 -36.88536880411784 6
      vertex 10.1 -37.29 6
    endloop
  endfacet
  facet normal 0.06540312923012997 -0.9978589232386043 0
    outer loop
      vertex 12.5 -44.29 0
      vertex 12.695789288330078 -44.27716729206072 6
      vertex 12.5 -44.29 6
    endloop
  endfacet
  facet normal 0.19509032201612275 -0.9807852804032315 0
    outer loop
      vertex 12.888228567653782 -44.238888739433605 0
      vertex 12.888228567653782 -44.238888739433605 6
      vertex 12.695789288330078 -44.27716729206072 6
    endloop
  endfacet
  facet normal 0.3214394653031691 -0.9469301294951031 0
    outer loop
      vertex 12.888228567653782 -44.238888739433605 0
      vertex 13.074025148547634 -44.17581929876693 6
      vertex 12.888228567653782 -44.238888739433605 6
    endloop
  endfacet
  facet normal 0.4422886902190092 -0.8968727415326844 0
    outer loop
      vertex 13.25 -44.08903810567666 0
      vertex 13.25 -44.08903810567666 6
      vertex 13.074025148547634 -44.17581929876693 6
    endloop
  endfacet
  facet normal 0.5555702330196126 -0.8314696123025384 0
    outer loop
      vertex 13.413142143513081 -43.98003001043685 0
      vertex 13.413142143513081 -43.98003001043685 6
      vertex 13.25 -44.08903810567666 6
    endloop
  endfacet
  facet normal 0.6593458151000571 -0.7518398074789876 0
    outer loop
      vertex 13.413142143513081 -43.98003001043685 0
      vertex 13.560660171779821 -43.85066017177982 6
      vertex 13.413142143513081 -43.98003001043685 6
    endloop
  endfacet
  facet normal 0.7518398074789859 -0.659345815100059 0
    outer loop
      vertex 13.690030010436853 -43.70314214351308 0
      vertex 13.690030010436853 -43.70314214351308 6
      vertex 13.560660171779821 -43.85066017177982 6
    endloop
  endfacet
  facet normal 0.8314696123025411 -0.5555702330196085 0
    outer loop
      vertex 13.690030010436853 -43.70314214351308 0
      vertex 13.799038105676658 -43.54 6
      vertex 13.690030010436853 -43.70314214351308 6
    endloop
  endfacet
  facet normal 0.8968727415326916 -0.4422886902189947 0
    outer loop
      vertex 13.799038105676658 -43.54 0
      vertex 13.885819298766929 -43.36402514854763 6
      vertex 13.799038105676658 -43.54 6
    endloop
  endfacet
  facet normal 0.9469301294951021 -0.3214394653031718 0
    outer loop
      vertex 13.948888739433603 -43.17822856765378 0
      vertex 13.948888739433603 -43.17822856765378 6
      vertex 13.885819298766929 -43.36402514854763 6
    endloop
  endfacet
  facet normal 0.9807852804032322 -0.19509032201611928 0
    outer loop
      vertex 13.948888739433603 -43.17822856765378 0
      vertex 13.987167292060715 -42.985789288330075 6
      vertex 13.948888739433603 -43.17822856765378 6
    endloop
  endfacet
  facet normal 0.9978589232386031 -0.0654031292301486 0
    outer loop
      vertex 13.987167292060715 -42.985789288330075 0
      vertex 14 -42.79 6
      vertex 13.987167292060715 -42.985789288330075 6
    endloop
  endfacet
  facet normal 0 0 1
    outer loop
      vertex 12.695789288330078 -44.27716729206072 6
      vertex 12.888228567653782 -44.238888739433605 6
      vertex 13.074025148547634 -44.17581929876693 6
    endloop
  endfacet
  facet normal 0 0 1
    outer loop
      vertex 12.695789288330078 -44.27716729206072 6
      vertex 13.074025148547634 -44.17581929876693 6
      vertex 13.560660171779821 -43.85066017177982 6
    endloop
  endfacet
  facet normal 0 0 1
    outer loop
      vertex 13.074025148547634 -44.17581929876693 6
      vertex 13.25 -44.08903810567666 6
      vertex 13.560660171779821 -43.85066017177982 6
    endloop
  endfacet
  facet normal 0 0 1
    outer loop
      vertex 13.25 -44.08903810567666 6
      vertex 13.413142143513081 -43.98003001043685 6
      vertex 13.560660171779821 -43.85066017177982 6
    endloop
  endfacet
  facet normal 0 0 1
    outer loop
      vertex 12.695789288330078 -44.27716729206072 6
      vertex 13.560660171779821 -43.85066017177982 6
      vertex 14 -42.79 6
    endloop
  endfacet
  facet normal 0 0 1
    outer loop
      vertex 13.560660171779821 -43.85066017177982 6
      vertex 13.690030010436853 -43.70314214351308 6
      vertex 13.799038105676658 -43.54 6
    endloop
  endfacet
  facet normal 0 0 1
    outer loop
      vertex 13.560660171779821 -43.85066017177982 6
      vertex 13.799038105676658 -43.54 6
      vertex 13.885819298766929 -43.36402514854763 6
    endloop
  endfacet
  facet normal 0 0 1
    outer loop
      vertex 13.560660171779821 -43.85066017177982 6
      vertex 13.885819298766929 -43.36402514854763 6
      vertex 14 -42.79 6
    endloop
  endfacet
  facet normal 0 0 1
    outer loop
      vertex 13.885819298766929 -43.36402514854763 6
      vertex 13.948888739433603 -43.17822856765378 6
      vertex 14 -42.79 6
    endloop
  endfacet
  facet normal 0 0 1
    outer loop
      vertex 13.948888739433603 -43.17822856765378 6
      vertex 13.987167292060715 -42.985789288330075 6
      vertex 14 -42.79 6
    endloop
  endfacet
  facet normal 0 0 -1
    outer loop
      vertex 4 -25.25 0
      vertex 1.7 -25.25 0
      vertex 1.7 -14.75 0
    endloop
  endfacet
  facet normal 0 0 -1
    outer loop
      vertex 4 -25.25 0
      vertex 1.7 -14.75 0
      vertex 4 -14.75 0
    endloop
  endfacet
  facet normal 0 0 -1
    outer loop
      vertex 14 -42.79 0
      vertex 4 -14.75 0
      vertex 4 -5.25 0
    endloop
  endfacet
  facet normal 0 0 -1
    outer loop
      vertex 14 -42.79 0
      vertex 4 -5.25 0
      vertex 4 5.25 0
    endloop
  endfacet
  facet normal 0 0 -1
    outer loop
      vertex 4 -5.25 0
      vertex 1.7 -5.25 0
      vertex 1.7 5.25 0
    endloop
  endfacet
  facet normal 0 0 -1
    outer loop
      vertex 14 -42.79 0
      vertex 4 5.25 0
      vertex 4 14.75 0
    endloop
  endfacet
  facet normal 0 0 -1
    outer loop
      vertex 14 -42.79 0
      vertex 4 14.75 0
      vertex 4 25.25 0
    endloop
  endfacet
  facet normal 0 0 1
    outer loop
      vertex 1.5 44.29 6
      vertex 3.9 -37.29 6
      vertex 3.9265209297411876 -36.88536880411784 6
    endloop
  endfacet
  facet normal 0 0 1
    outer loop
      vertex 1.5 44.29 6
      vertex 3.9265209297411876 -36.88536880411784 6
      vertex 4.005629938503889 -36.48766096018218 6
    endloop
  endfacet
  facet normal 0 0 1
    outer loop
      vertex 1.5 44.29 6
      vertex 4.005629938503889 -36.48766096018218 6
      vertex 4.135973449215011 -36.10368135966822 6
    endloop
  endfacet
  facet normal 0 0 1
    outer loop
      vertex 1.5 44.29 6
      vertex 4.135973449215011 -36.10368135966822 6
      vertex 4.315321248268241 -35.74 6
    endloop
  endfacet
  facet normal 0 0 1
    outer loop
      vertex 1.5 44.29 6
      vertex 4.315321248268241 -35.74 6
      vertex 4.54060464509717 -35.40283957007296 6
    endloop
  endfacet
  facet normal 0 0 1
    outer loop
      vertex 1.5 44.29 6
      vertex 4.54060464509717 -35.40283957007296 6
      vertex 4.807968978321703 -35.0979689783217 6
    endloop
  endfacet
  facet normal 0 0 1
    outer loop
      vertex 1.5 44.29 6
      vertex 4.807968978321703 -35.0979689783217 6
      vertex 5.112839570072966 -34.83060464509717 6
    endloop
  endfacet
  facet normal 0 0 1
    outer loop
      vertex 1.5 44.29 6
      vertex 5.112839570072966 -34.83060464509717 6
      vertex 5.45 -34.60532124826824 6
    endloop
  endfacet
  facet normal 0 0 1
    outer loop
      vertex 1.5 44.29 6
      vertex 5.45 -34.60532124826824 6
      vertex 5.813681359668221 -34.42597344921501 6
    endloop
  endfacet
  facet normal 0 0 1
    outer loop
      vertex 1.5 44.29 6
      vertex 5.813681359668221 -34.42597344921501 6
      vertex 6.197660960182185 -34.295629938503886 6
    endloop
  endfacet
  facet normal 0 0 1
    outer loop
      vertex 1.5 44.29 6
      vertex 6.197660960182185 -34.295629938503886 6
      vertex 6.59536880411784 -34.216520929741186 6
    endloop
  endfacet
  facet normal 0 0 1
    outer loop
      vertex 1.5 44.29 6
      vertex 8.55 -34.60532124826824 6
      vertex 8.887160429927034 -34.83060464509717 6
    endloop
  endfacet
  facet normal 0 0 1
    outer loop
      vertex 1.5 44.29 6
      vertex 6.59536880411784 -34.216520929741186 6
      vertex 7 -34.19 6
    endloop
  endfacet
  facet normal 0 0 1
    outer loop
      vertex 1.5 44.29 6
      vertex 7 -34.19 6
      vertex 7.40463119588216 -34.216520929741186 6
    endloop
  endfacet
  facet normal 0 0 1
    outer loop
      vertex 1.5 44.29 6
      vertex 7.40463119588216 -34.216520929741186 6
      vertex 7.802339039817815 -34.295629938503886 6
    endloop
  endfacet
  facet normal 0 0 1
    outer loop
      vertex 1.5 44.29 6
      vertex 7.802339039817815 -34.295629938503886 6
      vertex 8.186318640331779 -34.42597344921501 6
    endloop
  endfacet
  facet normal 0 0 1
    outer loop
      vertex 1.5 44.29 6
      vertex 8.186318640331779 -34.42597344921501 6
      vertex 8.55 -34.60532124826824 6
    endloop
  endfacet
  facet normal 0 0 1
    outer loop
      vertex 1.5 44.29 6
      vertex 9.994370061496111 -36.48766096018218 6
      vertex 10.073479070258813 -36.88536880411784 6
    endloop
  endfacet
  facet normal 0 0 1
    outer loop
      vertex 1.5 44.29 6
      vertex 8.887160429927034 -34.83060464509717 6
      vertex 9.192031021678297 -35.0979689783217 6
    endloop
  endfacet
  facet normal 0 0 1
    outer loop
      vertex 1.5 44.29 6
      vertex 9.192031021678297 -35.0979689783217 6
      vertex 9.45939535490283 -35.40283957007296 6
    endloop
  endfacet
  facet normal 0 0 1
    outer loop
      vertex 1.5 44.29 6
      vertex 9.68467875173176 -35.74 6
      vertex 9.864026550784988 -36.10368135966822 6
    endloop
  endfacet
  facet normal 0 0 1
    outer loop
      vertex 1.5 44.29 6
      vertex 9.864026550784988 -36.10368135966822 6
      vertex 9.994370061496111 -36.48766096018218 6
    endloop
  endfacet
  facet normal 0 0 1
    outer loop
      vertex 1.5 44.29 6
      vertex 9.45939535490283 -35.40283957007296 6
      vertex 9.68467875173176 -35.74 6
    endloop
  endfacet
  facet normal 0 0 1
    outer loop
      vertex 14 -42.79 6
      vertex 1.5 44.29 6
      vertex 10.073479070258813 -36.88536880411784 6
    endloop
  endfacet
  facet normal 1 0 0
    outer loop
      vertex 14 -42.79 0
      vertex 14 42.79 0
      vertex 14 -42.79 6
    endloop
  endfacet
  facet normal -1 0 0
    outer loop
      vertex 0 5.25 4
      vertex 0 5.25 1.7
      vertex 0 -5.25 1.7
    endloop
  endfacet
  facet normal -1 0 0
    outer loop
      vertex 0 -42.79 6
      vertex 0 34 6
      vertex 0 25.25 4
    endloop
  endfacet
  facet normal 0 0 1
    outer loop
      vertex 0 -42.79 6
      vertex 1.5 44.29 6
      vertex 0 34 6
    endloop
  endfacet
  facet normal -1 0 0
    outer loop
      vertex 0 14.75 4
      vertex 0 25.25 4
      vertex 0 14.75 1.7
    endloop
  endfacet
  facet normal -1 0 0
    outer loop
      vertex 0 25.25 4
      vertex 0 25.25 1.7
      vertex 0 14.75 1.7
    endloop
  endfacet
  facet normal -1 0 0
    outer loop
      vertex 0 25.25 4
      vertex 0 34 6
      vertex 0 34 4
    endloop
  endfacet
  facet normal -1 0 0
    outer loop
      vertex 0 42.79 6
      vertex 0 42.79 1.7
      vertex 0 42 1.7
    endloop
  endfacet
  facet normal -0.9978589232386035 0.0654031292301441 0
    outer loop
      vertex 0.012832707939284482 42.985789288330075 6
      vertex 0.012832707939284482 42.985789288330075 1.6991588998843628
      vertex 0 42.79 1.7
    endloop
  endfacet
  facet normal -0.9807852804032313 0.19509032201612364 0
    outer loop
      vertex 0.051111260566397476 43.17822856765378 6
      vertex 0.051111260566397476 43.17822856765378 1.6966499909936263
      vertex 0.012832707939284482 42.985789288330075 1.6991588998843628
    endloop
  endfacet
  facet normal -0.9469301294951036 0.3214394653031678 0
    outer loop
      vertex 0.11418070123307 43.36402514854763 6
      vertex 0.11418070123307 43.36402514854763 1.6925162014545123
      vertex 0.051111260566397476 43.17822856765378 1.6966499909936263
    endloop
  endfacet
  facet normal -0.8968727415326897 0.4422886902189983 0
    outer loop
      vertex 0.200961894323342 43.54 6
      vertex 0.200961894323342 43.54 1.6868282615521382
      vertex 0.11418070123307 43.36402514854763 1.6925162014545123
    endloop
  endfacet
  facet normal -0.8314696123025521 0.5555702330195919 0
    outer loop
      vertex 0.200961894323342 43.54 6
      vertex 0.22189452677408766 43.571327898353545 1.6854562643354776
      vertex 0.200961894323342 43.54 1.6868282615521382
    endloop
  endfacet
  facet normal -0.8314696123025385 0.5555702330196124 0
    outer loop
      vertex 0.3099699895631467 43.70314214351308 6
      vertex 0.3099699895631467 43.70314214351308 1.667936965524047
      vertex 0.22189452677408766 43.571327898353545 1.6854562643354776
    endloop
  endfacet
  facet normal -0.751839807478986 0.659345815100059 0
    outer loop
      vertex 0.43933982822017903 43.85066017177982 6
      vertex 0.43933982822017903 43.85066017177982 1.6422037046492524
      vertex 0.3099699895631467 43.70314214351308 1.667936965524047
    endloop
  endfacet
  facet normal -0.659345815100237 0.7518398074788298 0
    outer loop
      vertex 0.43933982822017903 43.85066017177982 6
      vertex 0.43999237667428526 43.851232441415036 1.6420739046914161
      vertex 0.43933982822017903 43.85066017177982 1.6422037046492524
    endloop
  endfacet
  facet normal -0.19509032201613724 0.9807852804032288 0
    outer loop
      vertex 1.1117714323462184 44.238888739433605 6
      vertex 1.2020815280171309 44.25685253436179 1.2020815280171309
      vertex 1.1117714323462184 44.238888739433605 1.281281356291145
    endloop
  endfacet
  facet normal -0.6593458151000563 0.7518398074789884 0
    outer loop
      vertex 0.5868578564869189 43.98003001043685 6
      vertex 0.5868578564869189 43.98003001043685 1.5922197920890044
      vertex 0.43999237667428526 43.851232441415036 1.6420739046914161
    endloop
  endfacet
  facet normal -0.5555702330196329 0.8314696123025248 1.0817750142703523e-15
    outer loop
      vertex 0.75 44.08903810567666 6
      vertex 0.6505618350206526 44.02259564804356 1.5705952052691874
      vertex 0.5868578564869189 43.98003001043685 1.5922197920890044
    endloop
  endfacet
  facet normal -0.5555702330195995 0.8314696123025471 0
    outer loop
      vertex 0.75 44.08903810567666 6
      vertex 0.75 44.08903810567666 1.521557729036676
      vertex 0.6505618350206526 44.02259564804356 1.5705952052691874
    endloop
  endfacet
  facet normal -0.4422886902190321 0.896872741532673 1.0286380868755665e-15
    outer loop
      vertex 0.9259748514523656 44.17581929876693 6
      vertex 0.85 44.13835264827979 1.4722431864335457
      vertex 0.75 44.08903810567666 1.521557729036676
    endloop
  endfacet
  facet normal -0.3214394653031685 0.9469301294951032 0
    outer loop
      vertex 0.9259748514523656 44.17581929876693 6
      vertex 1.034894429314825 44.212792513345946 1.3487006784950997
      vertex 0.9259748514523656 44.17581929876693 1.4214784136739829
    endloop
  endfacet
  facet normal -0.44228869021898276 0.8968727415326974 0
    outer loop
      vertex 0.9259748514523656 44.17581929876693 6
      vertex 0.9259748514523656 44.17581929876693 1.4214784136739829
      vertex 0.85 44.13835264827979 1.4722431864335457
    endloop
  endfacet
  facet normal -0.3214394653031665 0.946930129495104 0
    outer loop
      vertex 1.1117714323462184 44.238888739433605 6
      vertex 1.1117714323462184 44.238888739433605 1.281281356291145
      vertex 1.034894429314825 44.212792513345946 1.3487006784950997
    endloop
  endfacet
  facet normal -0.06540312923007502 0.9978589232386079 0
    outer loop
      vertex 1.5 44.29 6
      vertex 1.5 44.29 0.7937147500488174
      vertex 1.4722431864335457 44.28818072232214 0.85
    endloop
  endfacet
  facet normal -0.06540312923007438 0.997858923238608 -2.226167886476658e-15
    outer loop
      vertex 1.5 44.29 6
      vertex 1.3487006784950997 44.28008331854697 1.034894429314825
      vertex 1.3042107116699224 44.27716729206072 1.085625513560064
    endloop
  endfacet
  facet normal -0.19509032201610998 0.9807852804032342 0
    outer loop
      vertex 1.3042107116699224 44.27716729206072 6
      vertex 1.3042107116699224 44.27716729206072 1.085625513560064
      vertex 1.2020815280171309 44.25685253436179 1.2020815280171309
    endloop
  endfacet
  facet normal -0.06540312923016257 0.9978589232386024 4.738519782407279e-16
    outer loop
      vertex 1.5 44.29 6
      vertex 1.4722431864335457 44.28818072232214 0.85
      vertex 1.3487006784950997 44.28008331854697 1.034894429314825
    endloop
  endfacet
  facet normal -1 0 0
    outer loop
      vertex 0 42 6
      vertex 0 42.79 6
      vertex 0 42 1.7
    endloop
  endfacet
  facet normal -0.9978589232386034 0.06540312923014409 0
    outer loop
      vertex 0 42.79 6
      vertex 0.012832707939284482 42.985789288330075 6
      vertex 0 42.79 1.7
    endloop
  endfacet
  facet normal -0.9807852804032313 0.19509032201612364 0
    outer loop
      vertex 0.012832707939284482 42.985789288330075 6
      vertex 0.051111260566397476 43.17822856765378 6
      vertex 0.012832707939284482 42.985789288330075 1.6991588998843628
    endloop
  endfacet
  facet normal -0.9469301294951036 0.3214394653031678 0
    outer loop
      vertex 0.051111260566397476 43.17822856765378 6
      vertex 0.11418070123307 43.36402514854763 6
      vertex 0.051111260566397476 43.17822856765378 1.6966499909936263
    endloop
  endfacet
  facet normal -0.8968727415326897 0.4422886902189983 0
    outer loop
      vertex 0.11418070123307 43.36402514854763 6
      vertex 0.200961894323342 43.54 6
      vertex 0.11418070123307 43.36402514854763 1.6925162014545123
    endloop
  endfacet
  facet normal -0.8314696123025411 0.5555702330196085 1.7427669854219855e-16
    outer loop
      vertex 0.200961894323342 43.54 6
      vertex 0.3099699895631467 43.70314214351308 6
      vertex 0.22189452677408766 43.571327898353545 1.6854562643354776
    endloop
  endfacet
  facet normal -0.7518398074789859 0.6593458151000591 0
    outer loop
      vertex 0.3099699895631467 43.70314214351308 6
      vertex 0.43933982822017903 43.85066017177982 6
      vertex 0.3099699895631467 43.70314214351308 1.667936965524047
    endloop
  endfacet
  facet normal -0.6593458151000572 0.7518398074789877 4.765874246053197e-17
    outer loop
      vertex 0.43933982822017903 43.85066017177982 6
      vertex 0.5868578564869189 43.98003001043685 6
      vertex 0.43999237667428526 43.851232441415036 1.6420739046914161
    endloop
  endfacet
  facet normal 0 0 1
    outer loop
      vertex 0 42.79 6
      vertex 0.051111260566397476 43.17822856765378 6
      vertex 0.012832707939284482 42.985789288330075 6
    endloop
  endfacet
  facet normal 0 0 1
    outer loop
      vertex 0 42.79 6
      vertex 0.11418070123307 43.36402514854763 6
      vertex 0.051111260566397476 43.17822856765378 6
    endloop
  endfacet
  facet normal 0 0 1
    outer loop
      vertex 0 42.79 6
      vertex 0.43933982822017903 43.85066017177982 6
      vertex 0.11418070123307 43.36402514854763 6
    endloop
  endfacet
  facet normal 0 0 1
    outer loop
      vertex 0.11418070123307 43.36402514854763 6
      vertex 0.43933982822017903 43.85066017177982 6
      vertex 0.200961894323342 43.54 6
    endloop
  endfacet
  facet normal 0 0 1
    outer loop
      vertex 0.200961894323342 43.54 6
      vertex 0.43933982822017903 43.85066017177982 6
      vertex 0.3099699895631467 43.70314214351308 6
    endloop
  endfacet
  facet normal 0 0 1
    outer loop
      vertex 0 34 6
      vertex 1.5 44.29 6
      vertex 0 42 6
    endloop
  endfacet
  facet normal -0.5555702330196126 0.8314696123025384 0
    outer loop
      vertex 0.5868578564869189 43.98003001043685 6
      vertex 0.75 44.08903810567666 6
      vertex 0.5868578564869189 43.98003001043685 1.5922197920890044
    endloop
  endfacet
  facet normal -0.44228869021901107 0.8968727415326836 0
    outer loop
      vertex 0.75 44.08903810567666 6
      vertex 0.9259748514523656 44.17581929876693 6
      vertex 0.75 44.08903810567666 1.521557729036676
    endloop
  endfacet
  facet normal -0.19509032201612275 0.9807852804032317 2.8323158069166543e-16
    outer loop
      vertex 1.1117714323462184 44.238888739433605 6
      vertex 1.3042107116699224 44.27716729206072 6
      vertex 1.2020815280171309 44.25685253436179 1.2020815280171309
    endloop
  endfacet
  facet normal -0.3214394653031677 0.9469301294951036 2.182029721845615e-17
    outer loop
      vertex 0.9259748514523656 44.17581929876693 6
      vertex 1.1117714323462184 44.238888739433605 6
      vertex 1.034894429314825 44.212792513345946 1.3487006784950997
    endloop
  endfacet
  facet normal -0.06540312923012997 0.9978589232386044 0
    outer loop
      vertex 1.3042107116699224 44.27716729206072 6
      vertex 1.5 44.29 6
      vertex 1.3042107116699224 44.27716729206072 1.085625513560064
    endloop
  endfacet
  facet normal 0 0 1
    outer loop
      vertex 0 42 6
      vertex 1.5 44.29 6
      vertex 0 42.79 6
    endloop
  endfacet
  facet normal 0 0 1
    outer loop
      vertex 0 42.79 6
      vertex 1.5 44.29 6
      vertex 0.43933982822017903 43.85066017177982 6
    endloop
  endfacet
  facet normal 0 0 1
    outer loop
      vertex 0.43933982822017903 43.85066017177982 6
      vertex 0.75 44.08903810567666 6
      vertex 0.5868578564869189 43.98003001043685 6
    endloop
  endfacet
  facet normal 0 0 1
    outer loop
      vertex 0.43933982822017903 43.85066017177982 6
      vertex 0.9259748514523656 44.17581929876693 6
      vertex 0.75 44.08903810567666 6
    endloop
  endfacet
  facet normal 0 0 1
    outer loop
      vertex 0.43933982822017903 43.85066017177982 6
      vertex 1.5 44.29 6
      vertex 0.9259748514523656 44.17581929876693 6
    endloop
  endfacet
  facet normal 0 0 1
    outer loop
      vertex 0.9259748514523656 44.17581929876693 6
      vertex 1.5 44.29 6
      vertex 1.1117714323462184 44.238888739433605 6
    endloop
  endfacet
  facet normal 0 0 1
    outer loop
      vertex 1.1117714323462184 44.238888739433605 6
      vertex 1.5 44.29 6
      vertex 1.3042107116699224 44.27716729206072 6
    endloop
  endfacet
  facet normal 0 0 -1
    outer loop
      vertex 4 -5.25 0
      vertex 1.7 5.25 0
      vertex 4 5.25 0
    endloop
  endfacet
  facet normal 0 0 1
    outer loop
      vertex 14 -42.79 6
      vertex 4.315321248268241 35.74 6
      vertex 4.135973449215011 36.10368135966822 6
    endloop
  endfacet
  facet normal 0 0 1
    outer loop
      vertex 14 -42.79 6
      vertex 4.54060464509717 35.40283957007296 6
      vertex 4.315321248268241 35.74 6
    endloop
  endfacet
  facet normal 0 0 1
    outer loop
      vertex 14 -42.79 6
      vertex 4.807968978321703 35.0979689783217 6
      vertex 4.54060464509717 35.40283957007296 6
    endloop
  endfacet
  facet normal 0 0 1
    outer loop
      vertex 14 -42.79 6
      vertex 5.112839570072966 34.83060464509717 6
      vertex 4.807968978321703 35.0979689783217 6
    endloop
  endfacet
  facet normal 0 0 1
    outer loop
      vertex 14 -42.79 6
      vertex 4.135973449215011 36.10368135966822 6
      vertex 4.005629938503889 36.48766096018218 6
    endloop
  endfacet
  facet normal 0 0 1
    outer loop
      vertex 14 -42.79 6
      vertex 4.005629938503889 36.48766096018218 6
      vertex 3.9265209297411876 36.88536880411784 6
    endloop
  endfacet
  facet normal 0 0 -1
    outer loop
      vertex 4 14.75 0
      vertex 1.7 14.75 0
      vertex 1.7 25.25 0
    endloop
  endfacet
  facet normal 0 0 -1
    outer loop
      vertex 4 14.75 0
      vertex 1.7 25.25 0
      vertex 4 25.25 0
    endloop
  endfacet
  facet normal 0 0 1
    outer loop
      vertex 14 -42.79 6
      vertex 3.9265209297411876 36.88536880411784 6
      vertex 1.5 44.29 6
    endloop
  endfacet
  facet normal 0 0 -1
    outer loop
      vertex 14 -42.79 0
      vertex 4 25.25 0
      vertex 6 34 0
    endloop
  endfacet
  facet normal 0 0 -1
    outer loop
      vertex 14 -42.79 0
      vertex 6 34 0
      vertex 6.778105473225913 35.60454373566452 0
    endloop
  endfacet
  facet normal 0 0 -1
    outer loop
      vertex 14 -42.79 0
      vertex 6.778105473225913 35.60454373566452 0
      vertex 7 35.589999999999996 0
    endloop
  endfacet
  facet normal 0 0 -1
    outer loop
      vertex 14 -42.79 0
      vertex 7 35.589999999999996 0
      vertex 7.221894526774087 35.60454373566452 0
    endloop
  endfacet
  facet normal 0 0 -1
    outer loop
      vertex 14 -42.79 0
      vertex 7.221894526774087 35.60454373566452 0
      vertex 7.439992376674285 35.647926095308584 0
    endloop
  endfacet
  facet normal 0 0 -1
    outer loop
      vertex 14 -42.79 0
      vertex 7.439992376674285 35.647926095308584 0
      vertex 7.650561835020652 35.71940479473081 0
    endloop
  endfacet
  facet normal 0 0 -1
    outer loop
      vertex 14 -42.79 0
      vertex 7.650561835020652 35.71940479473081 0
      vertex 7.85 35.817756813566454 0
    endloop
  endfacet
  facet normal 0 0 -1
    outer loop
      vertex 14 -42.79 0
      vertex 7.85 35.817756813566454 0
      vertex 8.034894429314825 35.9412993215049 0
    endloop
  endfacet
  facet normal 0 0 -1
    outer loop
      vertex 14 -42.79 0
      vertex 8.034894429314825 35.9412993215049 0
      vertex 8.20208152801713 36.08791847198287 0
    endloop
  endfacet
  facet normal 0 0 -1
    outer loop
      vertex 14 -42.79 0
      vertex 8.20208152801713 36.08791847198287 0
      vertex 8.3487006784951 36.255105570685174 0
    endloop
  endfacet
  facet normal 0 0 -1
    outer loop
      vertex 14 -42.79 0
      vertex 8.3487006784951 36.255105570685174 0
      vertex 8.472243186433545 36.44 0
    endloop
  endfacet
  facet normal 0 0 -1
    outer loop
      vertex 14 -42.79 0
      vertex 8.472243186433545 36.44 0
      vertex 8.570595205269187 36.639438164979346 0
    endloop
  endfacet
  facet normal 0 0 -1
    outer loop
      vertex 14 -42.79 0
      vertex 8.570595205269187 36.639438164979346 0
      vertex 8.642073904691417 36.850007623325716 0
    endloop
  endfacet
  facet normal 0 0 -1
    outer loop
      vertex 14 -42.79 0
      vertex 8.642073904691417 36.850007623325716 0
      vertex 8.685456264335478 37.06810547322591 0
    endloop
  endfacet
  facet normal 0 0 -1
    outer loop
      vertex 14 -42.79 0
      vertex 8.685456264335478 37.06810547322591 0
      vertex 8.7 37.29 0
    endloop
  endfacet
  facet normal 0 0 -1
    outer loop
      vertex 14 -42.79 0
      vertex 8.7 37.29 0
      vertex 8.685456264335478 37.511894526774086 0
    endloop
  endfacet
  facet normal 0 0 1
    outer loop
      vertex 14 -42.79 6
      vertex 5.45 34.60532124826824 6
      vertex 5.112839570072966 34.83060464509717 6
    endloop
  endfacet
  facet normal 0 0 1
    outer loop
      vertex 14 -42.79 6
      vertex 5.813681359668221 34.42597344921501 6
      vertex 5.45 34.60532124826824 6
    endloop
  endfacet
  facet normal 0 0 1
    outer loop
      vertex 14 -42.79 6
      vertex 6.197660960182185 34.295629938503886 6
      vertex 5.813681359668221 34.42597344921501 6
    endloop
  endfacet
  facet normal 0 0 1
    outer loop
      vertex 14 -42.79 6
      vertex 6.59536880411784 34.216520929741186 6
      vertex 6.197660960182185 34.295629938503886 6
    endloop
  endfacet
  facet normal 0 0 1
    outer loop
      vertex 14 -42.79 6
      vertex 7 34.19 6
      vertex 6.59536880411784 34.216520929741186 6
    endloop
  endfacet
  facet normal 0 0 1
    outer loop
      vertex 14 -42.79 6
      vertex 7.40463119588216 34.216520929741186 6
      vertex 7 34.19 6
    endloop
  endfacet
  facet normal 0 0 1
    outer loop
      vertex 14 -42.79 6
      vertex 7.802339039817815 34.295629938503886 6
      vertex 7.40463119588216 34.216520929741186 6
    endloop
  endfacet
  facet normal 0 0 1
    outer loop
      vertex 14 -42.79 6
      vertex 8.186318640331779 34.42597344921501 6
      vertex 7.802339039817815 34.295629938503886 6
    endloop
  endfacet
  facet normal 0 0 1
    outer loop
      vertex 14 -42.79 6
      vertex 8.55 34.60532124826824 6
      vertex 8.186318640331779 34.42597344921501 6
    endloop
  endfacet
  facet normal 0 0 1
    outer loop
      vertex 14 -42.79 6
      vertex 8.887160429927034 34.83060464509717 6
      vertex 8.55 34.60532124826824 6
    endloop
  endfacet
  facet normal 0 0 1
    outer loop
      vertex 14 -42.79 6
      vertex 9.192031021678297 35.0979689783217 6
      vertex 8.887160429927034 34.83060464509717 6
    endloop
  endfacet
  facet normal 0 0 1
    outer loop
      vertex 14 -42.79 6
      vertex 9.45939535490283 35.40283957007296 6
      vertex 9.192031021678297 35.0979689783217 6
    endloop
  endfacet
  facet normal 0 0 1
    outer loop
      vertex 14 -42.79 6
      vertex 9.68467875173176 35.74 6
      vertex 9.45939535490283 35.40283957007296 6
    endloop
  endfacet
  facet normal 0 0 1
    outer loop
      vertex 14 -42.79 6
      vertex 9.864026550784988 36.10368135966822 6
      vertex 9.68467875173176 35.74 6
    endloop
  endfacet
  facet normal 0 0 1
    outer loop
      vertex 14 -42.79 6
      vertex 9.994370061496111 36.48766096018218 6
      vertex 9.864026550784988 36.10368135966822 6
    endloop
  endfacet
  facet normal 0 0 1
    outer loop
      vertex 14 -42.79 6
      vertex 10.073479070258813 36.88536880411784 6
      vertex 9.994370061496111 36.48766096018218 6
    endloop
  endfacet
  facet normal 0 0 1
    outer loop
      vertex 14 -42.79 6
      vertex 10.1 37.29 6
      vertex 10.073479070258813 36.88536880411784 6
    endloop
  endfacet
  facet normal 0 0 -1
    outer loop
      vertex 14 -42.79 0
      vertex 8.685456264335478 37.511894526774086 0
      vertex 13.987167292060715 42.985789288330075 0
    endloop
  endfacet
  facet normal 0 0 -1
    outer loop
      vertex 14 -42.79 0
      vertex 13.987167292060715 42.985789288330075 0
      vertex 14 42.79 0
    endloop
  endfacet
  facet normal 0 0 1
    outer loop
      vertex 14 -42.79 6
      vertex 13.987167292060715 42.985789288330075 6
      vertex 10.1 37.29 6
    endloop
  endfacet
  facet normal 1 0 0
    outer loop
      vertex 14 -42.79 6
      vertex 14 42.79 0
      vertex 14 42.79 6
    endloop
  endfacet
  facet normal 0 0 1
    outer loop
      vertex 14 -42.79 6
      vertex 14 42.79 6
      vertex 13.987167292060715 42.985789288330075 6
    endloop
  endfacet
  facet normal 0 0 -1
    outer loop
      vertex 4 25.25 0
      vertex 4 34 0
      vertex 6 34 0
    endloop
  endfacet
  facet normal 0 0 -1
    outer loop
      vertex 6 42 0
      vertex 1.7 42 0
      vertex 1.7 44.29 0
    endloop
  endfacet
  facet normal 0 0 -1
    outer loop
      vertex 6 34 0
      vertex 6 35.91798360925435 0
      vertex 6.15 35.817756813566454 0
    endloop
  endfacet
  facet normal 0 0 -1
    outer loop
      vertex 6 34 0
      vertex 6.15 35.817756813566454 0
      vertex 6.349438164979348 35.71940479473081 0
    endloop
  endfacet
  facet normal 0 0 -1
    outer loop
      vertex 6 34 0
      vertex 6.349438164979348 35.71940479473081 0
      vertex 6.560007623325715 35.647926095308584 0
    endloop
  endfacet
  facet normal 0 0 -1
    outer loop
      vertex 6 34 0
      vertex 6.560007623325715 35.647926095308584 0
      vertex 6.778105473225913 35.60454373566452 0
    endloop
  endfacet
  facet normal 0 0 -1
    outer loop
      vertex 6 42 0
      vertex 6.15 38.762243186433544 0
      vertex 6 38.66201639074565 0
    endloop
  endfacet
  facet normal 0 0 -1
    outer loop
      vertex 6 42 0
      vertex 6.349438164979348 38.860595205269185 0
      vertex 6.15 38.762243186433544 0
    endloop
  endfacet
  facet normal 0 0 -1
    outer loop
      vertex 6 42 0
      vertex 6.560007623325715 38.932073904691414 0
      vertex 6.349438164979348 38.860595205269185 0
    endloop
  endfacet
  facet normal 0 0 -1
    outer loop
      vertex 6 42 0
      vertex 6.778105473225913 38.97545626433548 0
      vertex 6.560007623325715 38.932073904691414 0
    endloop
  endfacet
  facet normal 0 1 0
    outer loop
      vertex 12.5 44.29 0
      vertex 1.7 44.29 0
      vertex 1.6854562643354776 44.29 0.22189452677408766
    endloop
  endfacet
  facet normal 0 1 0
    outer loop
      vertex 12.5 44.29 0
      vertex 1.6854562643354776 44.29 0.22189452677408766
      vertex 1.6420739046914161 44.29 0.43999237667428526
    endloop
  endfacet
  facet normal 0 1 0
    outer loop
      vertex 12.5 44.29 0
      vertex 1.6420739046914161 44.29 0.43999237667428526
      vertex 1.5705952052691874 44.29 0.6505618350206526
    endloop
  endfacet
  facet normal 0 1 0
    outer loop
      vertex 12.5 44.29 0
      vertex 1.5705952052691874 44.29 0.6505618350206526
      vertex 1.5 44.29 0.7937147500488174
    endloop
  endfacet
  facet normal 0 0 -1
    outer loop
      vertex 6 42 0
      vertex 7 38.99 0
      vertex 6.778105473225913 38.97545626433548 0
    endloop
  endfacet
  facet normal 0 0 -1
    outer loop
      vertex 6 42 0
      vertex 1.7 44.29 0
      vertex 13.987167292060715 42.985789288330075 0
    endloop
  endfacet
  facet normal 0 0 1
    outer loop
      vertex 1.5 44.29 6
      vertex 3.9265209297411876 36.88536880411784 6
      vertex 3.9 37.29 6
    endloop
  endfacet
  facet normal 0 0 1
    outer loop
      vertex 1.5 44.29 6
      vertex 3.9 37.29 6
      vertex 3.9265209297411876 37.69463119588216 6
    endloop
  endfacet
  facet normal 0 0 1
    outer loop
      vertex 1.5 44.29 6
      vertex 3.9265209297411876 37.69463119588216 6
      vertex 4.005629938503889 38.092339039817816 6
    endloop
  endfacet
  facet normal 0 0 1
    outer loop
      vertex 1.5 44.29 6
      vertex 4.005629938503889 38.092339039817816 6
      vertex 4.135973449215011 38.476318640331776 6
    endloop
  endfacet
  facet normal 0 0 1
    outer loop
      vertex 1.5 44.29 6
      vertex 4.135973449215011 38.476318640331776 6
      vertex 4.315321248268241 38.839999999999996 6
    endloop
  endfacet
  facet normal 0 0 1
    outer loop
      vertex 1.5 44.29 6
      vertex 4.315321248268241 38.839999999999996 6
      vertex 4.54060464509717 39.177160429927035 6
    endloop
  endfacet
  facet normal 0 0 1
    outer loop
      vertex 1.5 44.29 6
      vertex 4.54060464509717 39.177160429927035 6
      vertex 4.807968978321703 39.482031021678296 6
    endloop
  endfacet
  facet normal 0 0 1
    outer loop
      vertex 1.5 44.29 6
      vertex 4.807968978321703 39.482031021678296 6
      vertex 5.112839570072966 39.74939535490283 6
    endloop
  endfacet
  facet normal 0 0 1
    outer loop
      vertex 1.5 44.29 6
      vertex 5.112839570072966 39.74939535490283 6
      vertex 5.45 39.97467875173176 6
    endloop
  endfacet
  facet normal 0 0 1
    outer loop
      vertex 1.5 44.29 6
      vertex 5.45 39.97467875173176 6
      vertex 5.813681359668221 40.15402655078499 6
    endloop
  endfacet
  facet normal 0 0 1
    outer loop
      vertex 1.5 44.29 6
      vertex 5.813681359668221 40.15402655078499 6
      vertex 6.197660960182185 40.28437006149611 6
    endloop
  endfacet
  facet normal 0 0 1
    outer loop
      vertex 1.5 44.29 6
      vertex 6.197660960182185 40.28437006149611 6
      vertex 6.59536880411784 40.36347907025881 6
    endloop
  endfacet
  facet normal 0 1 0
    outer loop
      vertex 1.5 44.29 6
      vertex 12.5 44.29 0
      vertex 1.5 44.29 0.7937147500488174
    endloop
  endfacet
  facet normal 0 0 1
    outer loop
      vertex 1.5 44.29 6
      vertex 6.59536880411784 40.36347907025881 6
      vertex 7 40.39 6
    endloop
  endfacet
  facet normal 0 0 1
    outer loop
      vertex 1.5 44.29 6
      vertex 7 40.39 6
      vertex 7.40463119588216 40.36347907025881 6
    endloop
  endfacet
  facet normal 0 0 1
    outer loop
      vertex 1.5 44.29 6
      vertex 7.40463119588216 40.36347907025881 6
      vertex 7.802339039817815 40.28437006149611 6
    endloop
  endfacet
  facet normal 0 0 1
    outer loop
      vertex 1.5 44.29 6
      vertex 7.802339039817815 40.28437006149611 6
      vertex 8.186318640331779 40.15402655078499 6
    endloop
  endfacet
  facet normal 0 0 1
    outer loop
      vertex 1.5 44.29 6
      vertex 8.186318640331779 40.15402655078499 6
      vertex 13.987167292060715 42.985789288330075 6
    endloop
  endfacet
  facet normal 0 0 -1
    outer loop
      vertex 6 42 0
      vertex 13.987167292060715 42.985789288330075 0
      vertex 7 38.99 0
    endloop
  endfacet
  facet normal 0 0 -1
    outer loop
      vertex 13.987167292060715 42.985789288330075 0
      vertex 7.221894526774087 38.97545626433548 0
      vertex 7 38.99 0
    endloop
  endfacet
  facet normal 0 0 -1
    outer loop
      vertex 12.5 44.29 0
      vertex 12.695789288330078 44.27716729206072 0
      vertex 1.7 44.29 0
    endloop
  endfacet
  facet normal 0 0 -1
    outer loop
      vertex 12.695789288330078 44.27716729206072 0
      vertex 13.987167292060715 42.985789288330075 0
      vertex 1.7 44.29 0
    endloop
  endfacet
  facet normal 0 0 -1
    outer loop
      vertex 13.987167292060715 42.985789288330075 0
      vertex 8.034894429314825 38.6387006784951 0
      vertex 7.85 38.762243186433544 0
    endloop
  endfacet
  facet normal 0 0 -1
    outer loop
      vertex 13.987167292060715 42.985789288330075 0
      vertex 8.20208152801713 38.49208152801713 0
      vertex 8.034894429314825 38.6387006784951 0
    endloop
  endfacet
  facet normal 0 0 -1
    outer loop
      vertex 13.987167292060715 42.985789288330075 0
      vertex 8.3487006784951 38.324894429314824 0
      vertex 8.20208152801713 38.49208152801713 0
    endloop
  endfacet
  facet normal 0 0 -1
    outer loop
      vertex 13.987167292060715 42.985789288330075 0
      vertex 7.439992376674285 38.932073904691414 0
      vertex 7.221894526774087 38.97545626433548 0
    endloop
  endfacet
  facet normal 0 0 -1
    outer loop
      vertex 13.987167292060715 42.985789288330075 0
      vertex 7.650561835020652 38.860595205269185 0
      vertex 7.439992376674285 38.932073904691414 0
    endloop
  endfacet
  facet normal 0 0 -1
    outer loop
      vertex 13.987167292060715 42.985789288330075 0
      vertex 7.85 38.762243186433544 0
      vertex 7.650561835020652 38.860595205269185 0
    endloop
  endfacet
  facet normal 0 0 -1
    outer loop
      vertex 13.987167292060715 42.985789288330075 0
      vertex 8.685456264335478 37.511894526774086 0
      vertex 8.642073904691417 37.72999237667428 0
    endloop
  endfacet
  facet normal 0 0 -1
    outer loop
      vertex 13.987167292060715 42.985789288330075 0
      vertex 8.570595205269187 37.94056183502065 0
      vertex 8.472243186433545 38.14 0
    endloop
  endfacet
  facet normal 0 0 -1
    outer loop
      vertex 13.987167292060715 42.985789288330075 0
      vertex 8.642073904691417 37.72999237667428 0
      vertex 8.570595205269187 37.94056183502065 0
    endloop
  endfacet
  facet normal 0 0 -1
    outer loop
      vertex 13.987167292060715 42.985789288330075 0
      vertex 8.472243186433545 38.14 0
      vertex 8.3487006784951 38.324894429314824 0
    endloop
  endfacet
  facet normal 0 0 -1
    outer loop
      vertex 12.695789288330078 44.27716729206072 0
      vertex 12.888228567653782 44.238888739433605 0
      vertex 13.074025148547634 44.17581929876693 0
    endloop
  endfacet
  facet normal 0 0 -1
    outer loop
      vertex 12.695789288330078 44.27716729206072 0
      vertex 13.074025148547634 44.17581929876693 0
      vertex 13.560660171779821 43.85066017177982 0
    endloop
  endfacet
  facet normal 0 0 -1
    outer loop
      vertex 12.695789288330078 44.27716729206072 0
      vertex 13.560660171779821 43.85066017177982 0
      vertex 13.987167292060715 42.985789288330075 0
    endloop
  endfacet
  facet normal 0 0 -1
    outer loop
      vertex 13.074025148547634 44.17581929876693 0
      vertex 13.25 44.08903810567666 0
      vertex 13.560660171779821 43.85066017177982 0
    endloop
  endfacet
  facet normal 0 0 -1
    outer loop
      vertex 13.25 44.08903810567666 0
      vertex 13.413142143513081 43.98003001043685 0
      vertex 13.560660171779821 43.85066017177982 0
    endloop
  endfacet
  facet normal 0 0 -1
    outer loop
      vertex 13.560660171779821 43.85066017177982 0
      vertex 13.885819298766929 43.36402514854763 0
      vertex 13.987167292060715 42.985789288330075 0
    endloop
  endfacet
  facet normal 0 0 -1
    outer loop
      vertex 13.799038105676658 43.54 0
      vertex 13.885819298766929 43.36402514854763 0
      vertex 13.690030010436853 43.70314214351308 0
    endloop
  endfacet
  facet normal 0 0 -1
    outer loop
      vertex 13.987167292060715 42.985789288330075 0
      vertex 13.885819298766929 43.36402514854763 0
      vertex 13.948888739433603 43.17822856765378 0
    endloop
  endfacet
  facet normal 0 0 -1
    outer loop
      vertex 13.560660171779821 43.85066017177982 0
      vertex 13.690030010436853 43.70314214351308 0
      vertex 13.885819298766929 43.36402514854763 0
    endloop
  endfacet
  facet normal 0 1 0
    outer loop
      vertex 1.5 44.29 6
      vertex 12.5 44.29 6
      vertex 12.5 44.29 0
    endloop
  endfacet
  facet normal 0 0 1
    outer loop
      vertex 1.5 44.29 6
      vertex 12.695789288330078 44.27716729206072 6
      vertex 12.5 44.29 6
    endloop
  endfacet
  facet normal 0 0 1
    outer loop
      vertex 1.5 44.29 6
      vertex 13.987167292060715 42.985789288330075 6
      vertex 12.695789288330078 44.27716729206072 6
    endloop
  endfacet
  facet normal 0 0 1
    outer loop
      vertex 13.987167292060715 42.985789288330075 6
      vertex 8.186318640331779 40.15402655078499 6
      vertex 8.55 39.97467875173176 6
    endloop
  endfacet
  facet normal 0 0 1
    outer loop
      vertex 13.987167292060715 42.985789288330075 6
      vertex 8.55 39.97467875173176 6
      vertex 8.887160429927034 39.74939535490283 6
    endloop
  endfacet
  facet normal 0 0 1
    outer loop
      vertex 13.987167292060715 42.985789288330075 6
      vertex 8.887160429927034 39.74939535490283 6
      vertex 9.192031021678297 39.482031021678296 6
    endloop
  endfacet
  facet normal 0 0 1
    outer loop
      vertex 13.987167292060715 42.985789288330075 6
      vertex 9.192031021678297 39.482031021678296 6
      vertex 9.45939535490283 39.177160429927035 6
    endloop
  endfacet
  facet normal 0.06540312923012997 0.9978589232386043 -1.286454890384874e-19
    outer loop
      vertex 12.5 44.29 0
      vertex 12.695789288330078 44.27716729206072 6
      vertex 12.695789288330078 44.27716729206072 0
    endloop
  endfacet
  facet normal 0.19509032201612275 0.9807852804032315 0
    outer loop
      vertex 12.695789288330078 44.27716729206072 0
      vertex 12.695789288330078 44.27716729206072 6
      vertex 12.888228567653782 44.238888739433605 0
    endloop
  endfacet
  facet normal 0.3214394653031691 0.9469301294951031 -2.2176707078229286e-19
    outer loop
      vertex 12.888228567653782 44.238888739433605 0
      vertex 13.074025148547634 44.17581929876693 6
      vertex 13.074025148547634 44.17581929876693 0
    endloop
  endfacet
  facet normal 0.4422886902190092 0.8968727415326844 0
    outer loop
      vertex 13.074025148547634 44.17581929876693 0
      vertex 13.074025148547634 44.17581929876693 6
      vertex 13.25 44.08903810567666 0
    endloop
  endfacet
  facet normal 0.5555702330196126 0.8314696123025384 0
    outer loop
      vertex 13.25 44.08903810567666 0
      vertex 13.25 44.08903810567666 6
      vertex 13.413142143513081 43.98003001043685 0
    endloop
  endfacet
  facet normal 0.6593458151000571 0.7518398074789876 8.931412145701827e-19
    outer loop
      vertex 13.413142143513081 43.98003001043685 0
      vertex 13.560660171779821 43.85066017177982 6
      vertex 13.560660171779821 43.85066017177982 0
    endloop
  endfacet
  facet normal 0.7518398074789859 0.659345815100059 0
    outer loop
      vertex 13.560660171779821 43.85066017177982 0
      vertex 13.560660171779821 43.85066017177982 6
      vertex 13.690030010436853 43.70314214351308 0
    endloop
  endfacet
  facet normal 0.8314696123025411 0.5555702330196085 0
    outer loop
      vertex 13.799038105676658 43.54 0
      vertex 13.690030010436853 43.70314214351308 0
      vertex 13.799038105676658 43.54 6
    endloop
  endfacet
  facet normal 0.9978589232386031 0.0654031292301486 1.1335311038989262e-19
    outer loop
      vertex 14 42.79 0
      vertex 13.987167292060715 42.985789288330075 0
      vertex 13.987167292060715 42.985789288330075 6
    endloop
  endfacet
  facet normal 0.9807852804032322 0.19509032201611928 0
    outer loop
      vertex 13.987167292060715 42.985789288330075 0
      vertex 13.948888739433603 43.17822856765378 0
      vertex 13.987167292060715 42.985789288330075 6
    endloop
  endfacet
  facet normal 0.9469301294951021 0.3214394653031718 0
    outer loop
      vertex 13.948888739433603 43.17822856765378 0
      vertex 13.885819298766929 43.36402514854763 0
      vertex 13.948888739433603 43.17822856765378 6
    endloop
  endfacet
  facet normal 0.8968727415326916 0.4422886902189947 0
    outer loop
      vertex 13.799038105676658 43.54 0
      vertex 13.799038105676658 43.54 6
      vertex 13.885819298766929 43.36402514854763 0
    endloop
  endfacet
  facet normal 0 0 1
    outer loop
      vertex 13.987167292060715 42.985789288330075 6
      vertex 9.68467875173176 38.839999999999996 6
      vertex 9.864026550784988 38.476318640331776 6
    endloop
  endfacet
  facet normal 0 0 1
    outer loop
      vertex 13.987167292060715 42.985789288330075 6
      vertex 9.994370061496111 38.092339039817816 6
      vertex 10.073479070258813 37.69463119588216 6
    endloop
  endfacet
  facet normal 0 0 1
    outer loop
      vertex 13.987167292060715 42.985789288330075 6
      vertex 9.864026550784988 38.476318640331776 6
      vertex 9.994370061496111 38.092339039817816 6
    endloop
  endfacet
  facet normal 0 0 1
    outer loop
      vertex 13.987167292060715 42.985789288330075 6
      vertex 10.073479070258813 37.69463119588216 6
      vertex 10.1 37.29 6
    endloop
  endfacet
  facet normal 0 0 1
    outer loop
      vertex 13.987167292060715 42.985789288330075 6
      vertex 9.45939535490283 39.177160429927035 6
      vertex 9.68467875173176 38.839999999999996 6
    endloop
  endfacet
  facet normal 0.06540312923012997 0.9978589232386043 0
    outer loop
      vertex 12.5 44.29 0
      vertex 12.5 44.29 6
      vertex 12.695789288330078 44.27716729206072 6
    endloop
  endfacet
  facet normal 0.19509032201612275 0.9807852804032315 0
    outer loop
      vertex 12.888228567653782 44.238888739433605 0
      vertex 12.695789288330078 44.27716729206072 6
      vertex 12.888228567653782 44.238888739433605 6
    endloop
  endfacet
  facet normal 0.3214394653031691 0.9469301294951031 0
    outer loop
      vertex 12.888228567653782 44.238888739433605 0
      vertex 12.888228567653782 44.238888739433605 6
      vertex 13.074025148547634 44.17581929876693 6
    endloop
  endfacet
  facet normal 0.4422886902190092 0.8968727415326844 0
    outer loop
      vertex 13.25 44.08903810567666 0
      vertex 13.074025148547634 44.17581929876693 6
      vertex 13.25 44.08903810567666 6
    endloop
  endfacet
  facet normal 0.9978589232386031 0.0654031292301486 0
    outer loop
      vertex 14 42.79 0
      vertex 13.987167292060715 42.985789288330075 6
      vertex 14 42.79 6
    endloop
  endfacet
  facet normal 0.5555702330196126 0.8314696123025384 0
    outer loop
      vertex 13.413142143513081 43.98003001043685 0
      vertex 13.25 44.08903810567666 6
      vertex 13.413142143513081 43.98003001043685 6
    endloop
  endfacet
  facet normal 0.6593458151000571 0.7518398074789876 0
    outer loop
      vertex 13.413142143513081 43.98003001043685 0
      vertex 13.413142143513081 43.98003001043685 6
      vertex 13.560660171779821 43.85066017177982 6
    endloop
  endfacet
  facet normal 0.9807852804032322 0.19509032201611928 0
    outer loop
      vertex 13.948888739433603 43.17822856765378 0
      vertex 13.948888739433603 43.17822856765378 6
      vertex 13.987167292060715 42.985789288330075 6
    endloop
  endfacet
  facet normal 0.8968727415326916 0.4422886902189947 0
    outer loop
      vertex 13.885819298766929 43.36402514854763 0
      vertex 13.799038105676658 43.54 6
      vertex 13.885819298766929 43.36402514854763 6
    endloop
  endfacet
  facet normal 0.9469301294951021 0.3214394653031718 0
    outer loop
      vertex 13.885819298766929 43.36402514854763 0
      vertex 13.885819298766929 43.36402514854763 6
      vertex 13.948888739433603 43.17822856765378 6
    endloop
  endfacet
  facet normal 0.7518398074789859 0.659345815100059 0
    outer loop
      vertex 13.690030010436853 43.70314214351308 0
      vertex 13.560660171779821 43.85066017177982 6
      vertex 13.690030010436853 43.70314214351308 6
    endloop
  endfacet
  facet normal 0.8314696123025411 0.5555702330196085 0
    outer loop
      vertex 13.690030010436853 43.70314214351308 0
      vertex 13.690030010436853 43.70314214351308 6
      vertex 13.799038105676658 43.54 6
    endloop
  endfacet
  facet normal 0 0 1
    outer loop
      vertex 12.695789288330078 44.27716729206072 6
      vertex 13.074025148547634 44.17581929876693 6
      vertex 12.888228567653782 44.238888739433605 6
    endloop
  endfacet
  facet normal 0 0 1
    outer loop
      vertex 12.695789288330078 44.27716729206072 6
      vertex 13.560660171779821 43.85066017177982 6
      vertex 13.074025148547634 44.17581929876693 6
    endloop
  endfacet
  facet normal 0 0 1
    outer loop
      vertex 12.695789288330078 44.27716729206072 6
      vertex 13.987167292060715 42.985789288330075 6
      vertex 13.560660171779821 43.85066017177982 6
    endloop
  endfacet
  facet normal 0 0 1
    outer loop
      vertex 13.074025148547634 44.17581929876693 6
      vertex 13.560660171779821 43.85066017177982 6
      vertex 13.25 44.08903810567666 6
    endloop
  endfacet
  facet normal 0 0 1
    outer loop
      vertex 13.25 44.08903810567666 6
      vertex 13.560660171779821 43.85066017177982 6
      vertex 13.413142143513081 43.98003001043685 6
    endloop
  endfacet
  facet normal 0 0 1
    outer loop
      vertex 13.560660171779821 43.85066017177982 6
      vertex 13.987167292060715 42.985789288330075 6
      vertex 13.799038105676658 43.54 6
    endloop
  endfacet
  facet normal 0 0 1
    outer loop
      vertex 13.799038105676658 43.54 6
      vertex 13.987167292060715 42.985789288330075 6
      vertex 13.948888739433603 43.17822856765378 6
    endloop
  endfacet
  facet normal 0 0 1
    outer loop
      vertex 13.799038105676658 43.54 6
      vertex 13.948888739433603 43.17822856765378 6
      vertex 13.885819298766929 43.36402514854763 6
    endloop
  endfacet
  facet normal 0 0 1
    outer loop
      vertex 13.560660171779821 43.85066017177982 6
      vertex 13.799038105676658 43.54 6
      vertex 13.690030010436853 43.70314214351308 6
    endloop
  endfacet
  facet normal 0 -1 0
    outer loop
      vertex -3.695518130045147 -34.75 -1.5307337294603591
      vertex -3.4641016151377544 -34.75 -2
      vertex -0.85 -34.75 -1.4722431864335457
    endloop
  endfacet
  facet normal 0 -1 0
    outer loop
      vertex -3.4641016151377544 -34.75 -2
      vertex -3.1734133611649407 -34.75 -2.4350457160348826
      vertex 3.4641016151377544 -34.75 -2
    endloop
  endfacet
  facet normal 0 -1 0
    outer loop
      vertex -3.4641016151377544 -34.75 -2
      vertex -0.6505618350206526 -34.75 -1.5705952052691874
      vertex -0.85 -34.75 -1.4722431864335457
    endloop
  endfacet
  facet normal 0 -1 0
    outer loop
      vertex -3.4641016151377544 -34.75 -2
      vertex -0.43999237667428526 -34.75 -1.6420739046914161
      vertex -0.6505618350206526 -34.75 -1.5705952052691874
    endloop
  endfacet
  facet normal 0 -1 0
    outer loop
      vertex -3.4641016151377544 -34.75 -2
      vertex -0.22189452677408766 -34.75 -1.6854562643354776
      vertex -0.43999237667428526 -34.75 -1.6420739046914161
    endloop
  endfacet
  facet normal 0 -1 0
    outer loop
      vertex -3.4641016151377544 -34.75 -2
      vertex 0 -34.75 -1.7
      vertex -0.22189452677408766 -34.75 -1.6854562643354776
    endloop
  endfacet
  facet normal 0 -1 0
    outer loop
      vertex -3.695518130045147 -34.75 -1.5307337294603591
      vertex -1.3487006784950997 -34.75 -1.034894429314825
      vertex -3.8637033051562732 -34.75 -1.035276180410083
    endloop
  endfacet
  facet normal 0 -1 0
    outer loop
      vertex -3.8637033051562732 -34.75 -1.035276180410083
      vertex -1.6420739046914161 -34.75 -0.43999237667428526
      vertex -3.9657794454952415 -34.75 -0.5221047688802063
    endloop
  endfacet
  facet normal 0 -1 0
    outer loop
      vertex -3.9657794454952415 -34.75 -0.5221047688802063
      vertex -1.6854562643354776 -34.75 -0.22189452677408766
      vertex -4 -34.75 0
    endloop
  endfacet
  facet normal 0 -1 0
    outer loop
      vertex -3.8637033051562732 -34.75 -1.035276180410083
      vertex -1.3487006784950997 -34.75 -1.034894429314825
      vertex -1.4722431864335457 -34.75 -0.85
    endloop
  endfacet
  facet normal 0 -1 0
    outer loop
      vertex -3.695518130045147 -34.75 -1.5307337294603591
      vertex -1.034894429314825 -34.75 -1.3487006784950997
      vertex -1.2020815280171309 -34.75 -1.2020815280171309
    endloop
  endfacet
  facet normal 0 -1 0
    outer loop
      vertex -3.695518130045147 -34.75 -1.5307337294603591
      vertex -1.2020815280171309 -34.75 -1.2020815280171309
      vertex -1.3487006784950997 -34.75 -1.034894429314825
    endloop
  endfacet
  facet normal 0 -1 0
    outer loop
      vertex -3.695518130045147 -34.75 -1.5307337294603591
      vertex -0.85 -34.75 -1.4722431864335457
      vertex -1.034894429314825 -34.75 -1.3487006784950997
    endloop
  endfacet
  facet normal 0 -1 0
    outer loop
      vertex -3.8637033051562732 -34.75 -1.035276180410083
      vertex -1.5705952052691874 -34.75 -0.6505618350206526
      vertex -1.6420739046914161 -34.75 -0.43999237667428526
    endloop
  endfacet
  facet normal 0 -1 0
    outer loop
      vertex -3.8637033051562732 -34.75 -1.035276180410083
      vertex -1.4722431864335457 -34.75 -0.85
      vertex -1.5705952052691874 -34.75 -0.6505618350206526
    endloop
  endfacet
  facet normal 0 -1 0
    outer loop
      vertex -3.9657794454952415 -34.75 -0.5221047688802063
      vertex -1.6420739046914161 -34.75 -0.43999237667428526
      vertex -1.6854562643354776 -34.75 -0.22189452677408766
    endloop
  endfacet
  facet normal 0 -1 0
    outer loop
      vertex -4 -34.75 0
      vertex -1.6854562643354776 -34.75 -0.22189452677408766
      vertex -1.7 -34.75 0
    endloop
  endfacet
  facet normal 0 -1 0
    outer loop
      vertex -4 -34.75 0
      vertex -1.7 -34.75 0
      vertex -1.6854562643354776 -34.75 0.22189452677408766
    endloop
  endfacet
  facet normal 0 -1 0
    outer loop
      vertex -4 -34.75 0
      vertex -1.6854562643354776 -34.75 0.22189452677408766
      vertex -1.6420739046914161 -34.75 0.43999237667428526
    endloop
  endfacet
  facet normal 0 -1 0
    outer loop
      vertex -4 -34.75 0
      vertex -1.6420739046914161 -34.75 0.43999237667428526
      vertex -1.5705952052691874 -34.75 0.6505618350206526
    endloop
  endfacet
  facet normal 0 -1 0
    outer loop
      vertex -4 -34.75 0
      vertex -1.5705952052691874 -34.75 0.6505618350206526
      vertex -1.4722431864335457 -34.75 0.85
    endloop
  endfacet
  facet normal 0 -1 0
    outer loop
      vertex -1.5307337294603591 -34.75 -3.695518130045147
      vertex -1.035276180410083 -34.75 -3.8637033051562732
      vertex 1.5307337294603591 -34.75 -3.695518130045147
    endloop
  endfacet
  facet normal 0 -1 0
    outer loop
      vertex -2 -34.75 -3.4641016151377544
      vertex -1.5307337294603591 -34.75 -3.695518130045147
      vertex 2 -34.75 -3.4641016151377544
    endloop
  endfacet
  facet normal 0 -1 0
    outer loop
      vertex -2 -34.75 -3.4641016151377544
      vertex 2.4350457160348826 -34.75 -3.1734133611649407
      vertex -2.4350457160348826 -34.75 -3.1734133611649407
    endloop
  endfacet
  facet normal 0 -1 0
    outer loop
      vertex -2.8284271247461903 -34.75 -2.8284271247461903
      vertex -2.4350457160348826 -34.75 -3.1734133611649407
      vertex 2.8284271247461903 -34.75 -2.8284271247461903
    endloop
  endfacet
  facet normal 0 -1 0
    outer loop
      vertex -1.035276180410083 -34.75 -3.8637033051562732
      vertex -0.5221047688802063 -34.75 -3.9657794454952415
      vertex 1.035276180410083 -34.75 -3.8637033051562732
    endloop
  endfacet
  facet normal 0 -1 0
    outer loop
      vertex -0.5221047688802063 -34.75 -3.9657794454952415
      vertex 0 -34.75 -4
      vertex 0.5221047688802063 -34.75 -3.9657794454952415
    endloop
  endfacet
  facet normal 0 -1 0
    outer loop
      vertex -0.5221047688802063 -34.75 -3.9657794454952415
      vertex 0.5221047688802063 -34.75 -3.9657794454952415
      vertex 1.035276180410083 -34.75 -3.8637033051562732
    endloop
  endfacet
  facet normal 0 -1 0
    outer loop
      vertex -2.8284271247461903 -34.75 -2.8284271247461903
      vertex 3.1734133611649407 -34.75 -2.4350457160348826
      vertex -3.1734133611649407 -34.75 -2.4350457160348826
    endloop
  endfacet
  facet normal 0 -1 0
    outer loop
      vertex -3.4641016151377544 -34.75 -2
      vertex 3.695518130045147 -34.75 -1.5307337294603591
      vertex 0 -34.75 -1.7
    endloop
  endfacet
  facet normal 0 -1 0
    outer loop
      vertex -1.035276180410083 -34.75 -3.8637033051562732
      vertex 1.035276180410083 -34.75 -3.8637033051562732
      vertex 1.5307337294603591 -34.75 -3.695518130045147
    endloop
  endfacet
  facet normal 0 -1 0
    outer loop
      vertex -1.5307337294603591 -34.75 -3.695518130045147
      vertex 1.5307337294603591 -34.75 -3.695518130045147
      vertex 2 -34.75 -3.4641016151377544
    endloop
  endfacet
  facet normal 0 -1 0
    outer loop
      vertex -2 -34.75 -3.4641016151377544
      vertex 2 -34.75 -3.4641016151377544
      vertex 2.4350457160348826 -34.75 -3.1734133611649407
    endloop
  endfacet
  facet normal 0 -1 0
    outer loop
      vertex -2.4350457160348826 -34.75 -3.1734133611649407
      vertex 2.4350457160348826 -34.75 -3.1734133611649407
      vertex 2.8284271247461903 -34.75 -2.8284271247461903
    endloop
  endfacet
  facet normal 0 -1 0
    outer loop
      vertex -2.8284271247461903 -34.75 -2.8284271247461903
      vertex 2.8284271247461903 -34.75 -2.8284271247461903
      vertex 3.1734133611649407 -34.75 -2.4350457160348826
    endloop
  endfacet
  facet normal 0 -1 0
    outer loop
      vertex -3.1734133611649407 -34.75 -2.4350457160348826
      vertex 3.1734133611649407 -34.75 -2.4350457160348826
      vertex 3.4641016151377544 -34.75 -2
    endloop
  endfacet
  facet normal 0 -1 0
    outer loop
      vertex -3.4641016151377544 -34.75 -2
      vertex 3.4641016151377544 -34.75 -2
      vertex 3.695518130045147 -34.75 -1.5307337294603591
    endloop
  endfacet
  facet normal 0 -1 0
    outer loop
      vertex 3.695518130045147 -34.75 -1.5307337294603591
      vertex 0.22189452677408766 -34.75 -1.6854562643354776
      vertex 0 -34.75 -1.7
    endloop
  endfacet
  facet normal 0 -1 0
    outer loop
      vertex 3.695518130045147 -34.75 -1.5307337294603591
      vertex 0.43999237667428526 -34.75 -1.6420739046914161
      vertex 0.22189452677408766 -34.75 -1.6854562643354776
    endloop
  endfacet
  facet normal 0 -1 0
    outer loop
      vertex 3.695518130045147 -34.75 -1.5307337294603591
      vertex 0.6505618350206526 -34.75 -1.5705952052691874
      vertex 0.43999237667428526 -34.75 -1.6420739046914161
    endloop
  endfacet
  facet normal 0 -1 0
    outer loop
      vertex 3.695518130045147 -34.75 -1.5307337294603591
      vertex 0.85 -34.75 -1.4722431864335457
      vertex 0.6505618350206526 -34.75 -1.5705952052691874
    endloop
  endfacet
  facet normal 0 -1 0
    outer loop
      vertex 3.695518130045147 -34.75 -1.5307337294603591
      vertex 1.034894429314825 -34.75 -1.3487006784950997
      vertex 0.85 -34.75 -1.4722431864335457
    endloop
  endfacet
  facet normal 0 -1 0
    outer loop
      vertex -4 -34.75 0
      vertex 0 -34.75 4
      vertex -3.9657794454952415 -34.75 0.5221047688802063
    endloop
  endfacet
  facet normal 0 -1 0
    outer loop
      vertex -3.9657794454952415 -34.75 0.5221047688802063
      vertex 0 -34.75 4
      vertex -3.8637033051562732 -34.75 1.035276180410083
    endloop
  endfacet
  facet normal 0 -1 0
    outer loop
      vertex -3.8637033051562732 -34.75 1.035276180410083
      vertex 0 -34.75 4
      vertex -3.695518130045147 -34.75 1.5307337294603591
    endloop
  endfacet
  facet normal 0 -1 0
    outer loop
      vertex -4 -34.75 0
      vertex -1.4722431864335457 -34.75 0.85
      vertex 0 -34.75 4
    endloop
  endfacet
  facet normal 0 -1 0
    outer loop
      vertex -3.695518130045147 -34.75 1.5307337294603591
      vertex 0 -34.75 4
      vertex -3.4641016151377544 -34.75 2
    endloop
  endfacet
  facet normal 0 -1 0
    outer loop
      vertex -3.4641016151377544 -34.75 2
      vertex 0 -34.75 4
      vertex -3.1734133611649407 -34.75 2.4350457160348826
    endloop
  endfacet
  facet normal 0 -1 0
    outer loop
      vertex -3.1734133611649407 -34.75 2.4350457160348826
      vertex 0 -34.75 4
      vertex -2.8284271247461903 -34.75 2.8284271247461903
    endloop
  endfacet
  facet normal 0 -1 0
    outer loop
      vertex -2.8284271247461903 -34.75 2.8284271247461903
      vertex 0 -34.75 4
      vertex -2.4350457160348826 -34.75 3.1734133611649407
    endloop
  endfacet
  facet normal 0 -1 0
    outer loop
      vertex -2.4350457160348826 -34.75 3.1734133611649407
      vertex 0 -34.75 4
      vertex -2 -34.75 3.4641016151377544
    endloop
  endfacet
  facet normal 0 -1 0
    outer loop
      vertex -2 -34.75 3.4641016151377544
      vertex 0 -34.75 4
      vertex -1.5307337294603591 -34.75 3.695518130045147
    endloop
  endfacet
  facet normal 0 -1 0
    outer loop
      vertex 0 -34.75 4
      vertex -1.4722431864335457 -34.75 0.85
      vertex -1.3487006784950997 -34.75 1.034894429314825
    endloop
  endfacet
  facet normal 0 -1 0
    outer loop
      vertex 0 -34.75 4
      vertex -1.3487006784950997 -34.75 1.034894429314825
      vertex -1.2020815280171309 -34.75 1.2020815280171309
    endloop
  endfacet
  facet normal 0 -1 0
    outer loop
      vertex 0 -34.75 4
      vertex -1.2020815280171309 -34.75 1.2020815280171309
      vertex -1.034894429314825 -34.75 1.3487006784950997
    endloop
  endfacet
  facet normal 0 -1 0
    outer loop
      vertex 0 -34.75 4
      vertex -1.034894429314825 -34.75 1.3487006784950997
      vertex -0.85 -34.75 1.4722431864335457
    endloop
  endfacet
  facet normal 0 -1 0
    outer loop
      vertex 0 -34.75 4
      vertex -0.85 -34.75 1.4722431864335457
      vertex -0.6505618350206526 -34.75 1.5705952052691874
    endloop
  endfacet
  facet normal 0 -1 0
    outer loop
      vertex 0 -34.75 4
      vertex -0.6505618350206526 -34.75 1.5705952052691874
      vertex -0.43999237667428526 -34.75 1.6420739046914161
    endloop
  endfacet
  facet normal 0 -1 0
    outer loop
      vertex 0 -34.75 4
      vertex -0.43999237667428526 -34.75 1.6420739046914161
      vertex -0.22189452677408766 -34.75 1.6854562643354776
    endloop
  endfacet
  facet normal 0 -1 0
    outer loop
      vertex 0 -34.75 4
      vertex -0.22189452677408766 -34.75 1.6854562643354776
      vertex 0 -34.75 1.7
    endloop
  endfacet
  facet normal 0 -1 0
    outer loop
      vertex -1.5307337294603591 -34.75 3.695518130045147
      vertex 0 -34.75 4
      vertex -1.035276180410083 -34.75 3.8637033051562732
    endloop
  endfacet
  facet normal 0 -1 0
    outer loop
      vertex -1.035276180410083 -34.75 3.8637033051562732
      vertex 0 -34.75 4
      vertex -0.5221047688802063 -34.75 3.9657794454952415
    endloop
  endfacet
  facet normal -0.6593458151000686 4.269435086286079e-19 -0.7518398074789777
    outer loop
      vertex -2.8284271247461903 -34.75 -2.8284271247461903
      vertex -2.4350457160348826 -25.25 -3.1734133611649407
      vertex -2.4350457160348826 -34.75 -3.1734133611649407
    endloop
  endfacet
  facet normal -0.8314696123025453 0 -0.5555702330196017
    outer loop
      vertex -3.4641016151377544 -34.75 -2
      vertex -3.4641016151377544 -25.25 -2
      vertex -3.1734133611649407 -34.75 -2.4350457160348826
    endloop
  endfacet
  facet normal -0.8968727415326881 0 -0.44228869021900147
    outer loop
      vertex -3.695518130045147 -34.75 -1.5307337294603591
      vertex -3.695518130045147 -25.25 -1.5307337294603591
      vertex -3.4641016151377544 -34.75 -2
    endloop
  endfacet
  facet normal -0.7518398074789777 4.269435086286079e-19 -0.6593458151000686
    outer loop
      vertex -2.8284271247461903 -34.75 -2.8284271247461903
      vertex -3.1734133611649407 -34.75 -2.4350457160348826
      vertex -3.1734133611649407 -25.25 -2.4350457160348826
    endloop
  endfacet
  facet normal -0.6593458151000686 0 -0.7518398074789777
    outer loop
      vertex -2.8284271247461903 -34.75 -2.8284271247461903
      vertex -2.8284271247461903 -25.25 -2.8284271247461903
      vertex -2.4350457160348826 -25.25 -3.1734133611649407
    endloop
  endfacet
  facet normal -0.8314696123025453 0 -0.5555702330196017
    outer loop
      vertex -3.1734133611649407 -34.75 -2.4350457160348826
      vertex -3.4641016151377544 -25.25 -2
      vertex -3.1734133611649407 -25.25 -2.4350457160348826
    endloop
  endfacet
  facet normal -0.8968727415326881 0 -0.44228869021900147
    outer loop
      vertex -3.4641016151377544 -34.75 -2
      vertex -3.695518130045147 -25.25 -1.5307337294603591
      vertex -3.4641016151377544 -25.25 -2
    endloop
  endfacet
  facet normal -0.7518398074789777 0 -0.6593458151000686
    outer loop
      vertex -2.8284271247461903 -34.75 -2.8284271247461903
      vertex -3.1734133611649407 -25.25 -2.4350457160348826
      vertex -2.8284271247461903 -25.25 -2.8284271247461903
    endloop
  endfacet
  facet normal -0.5555702330196017 0 -0.8314696123025453
    outer loop
      vertex -2 -34.75 -3.4641016151377544
      vertex -2.4350457160348826 -34.75 -3.1734133611649407
      vertex -2 -25.25 -3.4641016151377544
    endloop
  endfacet
  facet normal -0.44228869021900147 -2.504624174647419e-19 -0.8968727415326881
    outer loop
      vertex -2 -34.75 -3.4641016151377544
      vertex -1.5307337294603591 -25.25 -3.695518130045147
      vertex -1.5307337294603591 -34.75 -3.695518130045147
    endloop
  endfacet
  facet normal -0.32143946530316175 1.0410655468555025e-18 -0.9469301294951055
    outer loop
      vertex -1.5307337294603591 -34.75 -3.695518130045147
      vertex -1.035276180410083 -25.25 -3.8637033051562732
      vertex -1.035276180410083 -34.75 -3.8637033051562732
    endloop
  endfacet
  facet normal -0.44228869021900147 0 -0.8968727415326881
    outer loop
      vertex -2 -34.75 -3.4641016151377544
      vertex -2 -25.25 -3.4641016151377544
      vertex -1.5307337294603591 -25.25 -3.695518130045147
    endloop
  endfacet
  facet normal -0.5555702330196017 0 -0.8314696123025453
    outer loop
      vertex -2.4350457160348826 -34.75 -3.1734133611649407
      vertex -2.4350457160348826 -25.25 -3.1734133611649407
      vertex -2 -25.25 -3.4641016151377544
    endloop
  endfacet
  facet normal -0.32143946530316175 0 -0.9469301294951055
    outer loop
      vertex -1.5307337294603591 -34.75 -3.695518130045147
      vertex -1.5307337294603591 -25.25 -3.695518130045147
      vertex -1.035276180410083 -25.25 -3.8637033051562732
    endloop
  endfacet
  facet normal -0.9469301294951055 1.0410655468555025e-18 -0.32143946530316175
    outer loop
      vertex -3.695518130045147 -34.75 -1.5307337294603591
      vertex -3.8637033051562732 -34.75 -1.035276180410083
      vertex -3.8637033051562732 -25.25 -1.035276180410083
    endloop
  endfacet
  facet normal -0.9807852804032305 -9.433935088767862e-20 -0.19509032201612786
    outer loop
      vertex -3.8637033051562732 -34.75 -1.035276180410083
      vertex -3.9657794454952415 -34.75 -0.5221047688802063
      vertex -3.9657794454952415 -25.25 -0.5221047688802063
    endloop
  endfacet
  facet normal -0.9978589232386035 2.1887107583561427e-19 -0.0654031292301433
    outer loop
      vertex -3.9657794454952415 -34.75 -0.5221047688802063
      vertex -4 -34.75 0
      vertex -4 -25.25 0
    endloop
  endfacet
  facet normal -0.9978589232386035 -2.1887107583561427e-19 0.0654031292301433
    outer loop
      vertex -4 -34.75 0
      vertex -3.9657794454952415 -34.75 0.5221047688802063
      vertex -3.9657794454952415 -25.25 0.5221047688802063
    endloop
  endfacet
  facet normal -0.9807852804032305 9.433935088767862e-20 0.19509032201612786
    outer loop
      vertex -3.9657794454952415 -34.75 0.5221047688802063
      vertex -3.8637033051562732 -34.75 1.035276180410083
      vertex -3.8637033051562732 -25.25 1.035276180410083
    endloop
  endfacet
  facet normal -0.9469301294951055 0 -0.32143946530316175
    outer loop
      vertex -3.695518130045147 -34.75 -1.5307337294603591
      vertex -3.8637033051562732 -25.25 -1.035276180410083
      vertex -3.695518130045147 -25.25 -1.5307337294603591
    endloop
  endfacet
  facet normal -0.9807852804032305 0 -0.19509032201612786
    outer loop
      vertex -3.8637033051562732 -34.75 -1.035276180410083
      vertex -3.9657794454952415 -25.25 -0.5221047688802063
      vertex -3.8637033051562732 -25.25 -1.035276180410083
    endloop
  endfacet
  facet normal -0.9978589232386035 0 -0.0654031292301433
    outer loop
      vertex -3.9657794454952415 -34.75 -0.5221047688802063
      vertex -4 -25.25 0
      vertex -3.9657794454952415 -25.25 -0.5221047688802063
    endloop
  endfacet
  facet normal -0.9978589232386035 0 0.0654031292301433
    outer loop
      vertex -4 -34.75 0
      vertex -3.9657794454952415 -25.25 0.5221047688802063
      vertex -4 -25.25 0
    endloop
  endfacet
  facet normal -0.9807852804032305 0 0.19509032201612786
    outer loop
      vertex -3.9657794454952415 -34.75 0.5221047688802063
      vertex -3.8637033051562732 -25.25 1.035276180410083
      vertex -3.9657794454952415 -25.25 0.5221047688802063
    endloop
  endfacet
  facet normal 0 1 0
    outer loop
      vertex -2.8284271247461903 -25.25 -2.8284271247461903
      vertex -3.1734133611649407 -25.25 -2.4350457160348826
      vertex 2.8284271247461903 -25.25 -2.8284271247461903
    endloop
  endfacet
  facet normal 0 1 0
    outer loop
      vertex -3.4641016151377544 -25.25 -2
      vertex 3.1734133611649407 -25.25 -2.4350457160348826
      vertex -3.1734133611649407 -25.25 -2.4350457160348826
    endloop
  endfacet
  facet normal 0 1 0
    outer loop
      vertex -3.695518130045147 -25.25 -1.5307337294603591
      vertex -0.85 -25.25 -1.4722431864335457
      vertex -0.6505618350206526 -25.25 -1.5705952052691874
    endloop
  endfacet
  facet normal 0 1 0
    outer loop
      vertex -3.695518130045147 -25.25 -1.5307337294603591
      vertex -0.6505618350206526 -25.25 -1.5705952052691874
      vertex -0.43999237667428526 -25.25 -1.6420739046914161
    endloop
  endfacet
  facet normal 0 1 0
    outer loop
      vertex -3.695518130045147 -25.25 -1.5307337294603591
      vertex -0.43999237667428526 -25.25 -1.6420739046914161
      vertex -0.22189452677408766 -25.25 -1.6854562643354776
    endloop
  endfacet
  facet normal 0 1 0
    outer loop
      vertex -3.695518130045147 -25.25 -1.5307337294603591
      vertex 3.4641016151377544 -25.25 -2
      vertex -3.4641016151377544 -25.25 -2
    endloop
  endfacet
  facet normal 0 1 0
    outer loop
      vertex -3.695518130045147 -25.25 -1.5307337294603591
      vertex -3.8637033051562732 -25.25 -1.035276180410083
      vertex -1.034894429314825 -25.25 -1.3487006784950997
    endloop
  endfacet
  facet normal 0 1 0
    outer loop
      vertex -3.8637033051562732 -25.25 -1.035276180410083
      vertex -3.9657794454952415 -25.25 -0.5221047688802063
      vertex -1.4722431864335457 -25.25 -0.85
    endloop
  endfacet
  facet normal 0 1 0
    outer loop
      vertex -3.9657794454952415 -25.25 -0.5221047688802063
      vertex -4 -25.25 0
      vertex -1.6854562643354776 -25.25 -0.22189452677408766
    endloop
  endfacet
  facet normal 0 1 0
    outer loop
      vertex -4 -25.25 0
      vertex -3.9657794454952415 -25.25 0.5221047688802063
      vertex -1.7 -25.25 0
    endloop
  endfacet
  facet normal 0 1 0
    outer loop
      vertex -3.9657794454952415 -25.25 0.5221047688802063
      vertex -3.8637033051562732 -25.25 1.035276180410083
      vertex -1.6854562643354776 -25.25 0.22189452677408766
    endloop
  endfacet
  facet normal 0 1 0
    outer loop
      vertex -3.8637033051562732 -25.25 -1.035276180410083
      vertex -1.3487006784950997 -25.25 -1.034894429314825
      vertex -1.2020815280171309 -25.25 -1.2020815280171309
    endloop
  endfacet
  facet normal 0 1 0
    outer loop
      vertex -3.8637033051562732 -25.25 -1.035276180410083
      vertex -1.4722431864335457 -25.25 -0.85
      vertex -1.3487006784950997 -25.25 -1.034894429314825
    endloop
  endfacet
  facet normal 0 1 0
    outer loop
      vertex -3.8637033051562732 -25.25 -1.035276180410083
      vertex -1.2020815280171309 -25.25 -1.2020815280171309
      vertex -1.034894429314825 -25.25 -1.3487006784950997
    endloop
  endfacet
  facet normal 0 1 0
    outer loop
      vertex -3.695518130045147 -25.25 -1.5307337294603591
      vertex -1.034894429314825 -25.25 -1.3487006784950997
      vertex -0.85 -25.25 -1.4722431864335457
    endloop
  endfacet
  facet normal 0 1 0
    outer loop
      vertex -3.9657794454952415 -25.25 -0.5221047688802063
      vertex -1.5705952052691874 -25.25 -0.6505618350206526
      vertex -1.4722431864335457 -25.25 -0.85
    endloop
  endfacet
  facet normal 0 1 0
    outer loop
      vertex -3.9657794454952415 -25.25 -0.5221047688802063
      vertex -1.6420739046914161 -25.25 -0.43999237667428526
      vertex -1.5705952052691874 -25.25 -0.6505618350206526
    endloop
  endfacet
  facet normal 0 1 0
    outer loop
      vertex -3.9657794454952415 -25.25 -0.5221047688802063
      vertex -1.6854562643354776 -25.25 -0.22189452677408766
      vertex -1.6420739046914161 -25.25 -0.43999237667428526
    endloop
  endfacet
  facet normal 0 1 0
    outer loop
      vertex -4 -25.25 0
      vertex -1.7 -25.25 0
      vertex -1.6854562643354776 -25.25 -0.22189452677408766
    endloop
  endfacet
  facet normal 0 1 0
    outer loop
      vertex -3.9657794454952415 -25.25 0.5221047688802063
      vertex -1.6854562643354776 -25.25 0.22189452677408766
      vertex -1.7 -25.25 0
    endloop
  endfacet
  facet normal 0 1 0
    outer loop
      vertex -3.8637033051562732 -25.25 1.035276180410083
      vertex -1.6420739046914161 -25.25 0.43999237667428526
      vertex -1.6854562643354776 -25.25 0.22189452677408766
    endloop
  endfacet
  facet normal 0 1 0
    outer loop
      vertex -3.695518130045147 -25.25 1.5307337294603591
      vertex -1.5705952052691874 -25.25 0.6505618350206526
      vertex -1.6420739046914161 -25.25 0.43999237667428526
    endloop
  endfacet
  facet normal -0.19509032201612786 -9.433935088767862e-20 -0.9807852804032305
    outer loop
      vertex -1.035276180410083 -34.75 -3.8637033051562732
      vertex -0.5221047688802063 -25.25 -3.9657794454952415
      vertex -0.5221047688802063 -34.75 -3.9657794454952415
    endloop
  endfacet
  facet normal -0.0654031292301433 2.1887107583561427e-19 -0.9978589232386035
    outer loop
      vertex -0.5221047688802063 -34.75 -3.9657794454952415
      vertex 0 -25.25 -4
      vertex 0 -34.75 -4
    endloop
  endfacet
  facet normal 0.0654031292301433 -2.1887107583561427e-19 -0.9978589232386035
    outer loop
      vertex 0 -34.75 -4
      vertex 0.5221047688802063 -25.25 -3.9657794454952415
      vertex 0.5221047688802063 -34.75 -3.9657794454952415
    endloop
  endfacet
  facet normal -0.19509032201612786 0 -0.9807852804032305
    outer loop
      vertex -1.035276180410083 -34.75 -3.8637033051562732
      vertex -1.035276180410083 -25.25 -3.8637033051562732
      vertex -0.5221047688802063 -25.25 -3.9657794454952415
    endloop
  endfacet
  facet normal -0.0654031292301433 0 -0.9978589232386035
    outer loop
      vertex -0.5221047688802063 -34.75 -3.9657794454952415
      vertex -0.5221047688802063 -25.25 -3.9657794454952415
      vertex 0 -25.25 -4
    endloop
  endfacet
  facet normal 0.0654031292301433 0 -0.9978589232386035
    outer loop
      vertex 0 -34.75 -4
      vertex 0 -25.25 -4
      vertex 0.5221047688802063 -25.25 -3.9657794454952415
    endloop
  endfacet
  facet normal 0.19509032201612786 9.433935088767862e-20 -0.9807852804032305
    outer loop
      vertex 0.5221047688802063 -34.75 -3.9657794454952415
      vertex 1.035276180410083 -25.25 -3.8637033051562732
      vertex 1.035276180410083 -34.75 -3.8637033051562732
    endloop
  endfacet
  facet normal 0.32143946530316175 -1.0410655468555025e-18 -0.9469301294951055
    outer loop
      vertex 1.035276180410083 -34.75 -3.8637033051562732
      vertex 1.5307337294603591 -25.25 -3.695518130045147
      vertex 1.5307337294603591 -34.75 -3.695518130045147
    endloop
  endfacet
  facet normal 0.44228869021900147 2.504624174647419e-19 -0.8968727415326881
    outer loop
      vertex 1.5307337294603591 -34.75 -3.695518130045147
      vertex 2 -25.25 -3.4641016151377544
      vertex 2 -34.75 -3.4641016151377544
    endloop
  endfacet
  facet normal 0.19509032201612786 0 -0.9807852804032305
    outer loop
      vertex 0.5221047688802063 -34.75 -3.9657794454952415
      vertex 0.5221047688802063 -25.25 -3.9657794454952415
      vertex 1.035276180410083 -25.25 -3.8637033051562732
    endloop
  endfacet
  facet normal 0.32143946530316175 0 -0.9469301294951055
    outer loop
      vertex 1.035276180410083 -34.75 -3.8637033051562732
      vertex 1.035276180410083 -25.25 -3.8637033051562732
      vertex 1.5307337294603591 -25.25 -3.695518130045147
    endloop
  endfacet
  facet normal 0.44228869021900147 0 -0.8968727415326881
    outer loop
      vertex 1.5307337294603591 -34.75 -3.695518130045147
      vertex 1.5307337294603591 -25.25 -3.695518130045147
      vertex 2 -25.25 -3.4641016151377544
    endloop
  endfacet
  facet normal 0 1 0
    outer loop
      vertex -2 -25.25 -3.4641016151377544
      vertex 1.5307337294603591 -25.25 -3.695518130045147
      vertex -1.5307337294603591 -25.25 -3.695518130045147
    endloop
  endfacet
  facet normal 0 1 0
    outer loop
      vertex -1.5307337294603591 -25.25 -3.695518130045147
      vertex 1.035276180410083 -25.25 -3.8637033051562732
      vertex -1.035276180410083 -25.25 -3.8637033051562732
    endloop
  endfacet
  facet normal 0 1 0
    outer loop
      vertex -1.035276180410083 -25.25 -3.8637033051562732
      vertex 0.5221047688802063 -25.25 -3.9657794454952415
      vertex -0.5221047688802063 -25.25 -3.9657794454952415
    endloop
  endfacet
  facet normal 0 1 0
    outer loop
      vertex -2 -25.25 -3.4641016151377544
      vertex -2.4350457160348826 -25.25 -3.1734133611649407
      vertex 2 -25.25 -3.4641016151377544
    endloop
  endfacet
  facet normal 0 1 0
    outer loop
      vertex -2.8284271247461903 -25.25 -2.8284271247461903
      vertex 2.4350457160348826 -25.25 -3.1734133611649407
      vertex -2.4350457160348826 -25.25 -3.1734133611649407
    endloop
  endfacet
  facet normal 0 1 0
    outer loop
      vertex -0.5221047688802063 -25.25 -3.9657794454952415
      vertex 0.5221047688802063 -25.25 -3.9657794454952415
      vertex 0 -25.25 -4
    endloop
  endfacet
  facet normal 0 1 0
    outer loop
      vertex -1.035276180410083 -25.25 -3.8637033051562732
      vertex 1.035276180410083 -25.25 -3.8637033051562732
      vertex 0.5221047688802063 -25.25 -3.9657794454952415
    endloop
  endfacet
  facet normal 0 1 0
    outer loop
      vertex -1.5307337294603591 -25.25 -3.695518130045147
      vertex 1.5307337294603591 -25.25 -3.695518130045147
      vertex 1.035276180410083 -25.25 -3.8637033051562732
    endloop
  endfacet
  facet normal 0 1 0
    outer loop
      vertex -3.695518130045147 -25.25 -1.5307337294603591
      vertex -0.22189452677408766 -25.25 -1.6854562643354776
      vertex 3.4641016151377544 -25.25 -2
    endloop
  endfacet
  facet normal 0 1 0
    outer loop
      vertex -2 -25.25 -3.4641016151377544
      vertex 2 -25.25 -3.4641016151377544
      vertex 1.5307337294603591 -25.25 -3.695518130045147
    endloop
  endfacet
  facet normal 0 1 0
    outer loop
      vertex -2.4350457160348826 -25.25 -3.1734133611649407
      vertex 2.4350457160348826 -25.25 -3.1734133611649407
      vertex 2 -25.25 -3.4641016151377544
    endloop
  endfacet
  facet normal 0 1 0
    outer loop
      vertex -2.8284271247461903 -25.25 -2.8284271247461903
      vertex 2.8284271247461903 -25.25 -2.8284271247461903
      vertex 2.4350457160348826 -25.25 -3.1734133611649407
    endloop
  endfacet
  facet normal 0 1 0
    outer loop
      vertex -3.1734133611649407 -25.25 -2.4350457160348826
      vertex 3.1734133611649407 -25.25 -2.4350457160348826
      vertex 2.8284271247461903 -25.25 -2.8284271247461903
    endloop
  endfacet
  facet normal 0 1 0
    outer loop
      vertex -3.4641016151377544 -25.25 -2
      vertex 3.4641016151377544 -25.25 -2
      vertex 3.1734133611649407 -25.25 -2.4350457160348826
    endloop
  endfacet
  facet normal 0 1 0
    outer loop
      vertex 3.4641016151377544 -25.25 -2
      vertex -0.22189452677408766 -25.25 -1.6854562643354776
      vertex 0 -25.25 -1.7
    endloop
  endfacet
  facet normal 0 1 0
    outer loop
      vertex 3.4641016151377544 -25.25 -2
      vertex 0 -25.25 -1.7
      vertex 0.22189452677408766 -25.25 -1.6854562643354776
    endloop
  endfacet
  facet normal 0 1 0
    outer loop
      vertex 3.4641016151377544 -25.25 -2
      vertex 0.22189452677408766 -25.25 -1.6854562643354776
      vertex 0.43999237667428526 -25.25 -1.6420739046914161
    endloop
  endfacet
  facet normal 0 1 0
    outer loop
      vertex 3.4641016151377544 -25.25 -2
      vertex 0.43999237667428526 -25.25 -1.6420739046914161
      vertex 0.6505618350206526 -25.25 -1.5705952052691874
    endloop
  endfacet
  facet normal 0 1 0
    outer loop
      vertex 3.4641016151377544 -25.25 -2
      vertex 0.6505618350206526 -25.25 -1.5705952052691874
      vertex 0.85 -25.25 -1.4722431864335457
    endloop
  endfacet
  facet normal 0 1 0
    outer loop
      vertex 3.695518130045147 -25.25 -1.5307337294603591
      vertex 0.85 -25.25 -1.4722431864335457
      vertex 1.034894429314825 -25.25 -1.3487006784950997
    endloop
  endfacet
  facet normal 0 1 0
    outer loop
      vertex 3.695518130045147 -25.25 -1.5307337294603591
      vertex 1.034894429314825 -25.25 -1.3487006784950997
      vertex 1.2020815280171309 -25.25 -1.2020815280171309
    endloop
  endfacet
  facet normal -0.9469301294951055 -1.0410655468555025e-18 0.32143946530316175
    outer loop
      vertex -3.8637033051562732 -34.75 1.035276180410083
      vertex -3.695518130045147 -34.75 1.5307337294603591
      vertex -3.695518130045147 -25.25 1.5307337294603591
    endloop
  endfacet
  facet normal -0.8968727415326881 2.504624174647419e-19 0.44228869021900147
    outer loop
      vertex -3.695518130045147 -34.75 1.5307337294603591
      vertex -3.4641016151377544 -34.75 2
      vertex -3.4641016151377544 -25.25 2
    endloop
  endfacet
  facet normal -0.8314696123025453 -2.4473316626424424e-18 0.5555702330196017
    outer loop
      vertex -3.4641016151377544 -34.75 2
      vertex -3.1734133611649407 -34.75 2.4350457160348826
      vertex -3.1734133611649407 -25.25 2.4350457160348826
    endloop
  endfacet
  facet normal -0.7518398074789777 -4.269435086286079e-19 0.6593458151000686
    outer loop
      vertex -3.1734133611649407 -34.75 2.4350457160348826
      vertex -2.8284271247461903 -34.75 2.8284271247461903
      vertex -2.8284271247461903 -25.25 2.8284271247461903
    endloop
  endfacet
  facet normal -0.6593458151000686 0 0.7518398074789777
    outer loop
      vertex -2.8284271247461903 -34.75 2.8284271247461903
      vertex -2.4350457160348826 -34.75 3.1734133611649407
      vertex -2.8284271247461903 -25.25 2.8284271247461903
    endloop
  endfacet
  facet normal -0.9469301294951055 0 0.32143946530316175
    outer loop
      vertex -3.8637033051562732 -34.75 1.035276180410083
      vertex -3.695518130045147 -25.25 1.5307337294603591
      vertex -3.8637033051562732 -25.25 1.035276180410083
    endloop
  endfacet
  facet normal -0.8968727415326881 0 0.44228869021900147
    outer loop
      vertex -3.695518130045147 -34.75 1.5307337294603591
      vertex -3.4641016151377544 -25.25 2
      vertex -3.695518130045147 -25.25 1.5307337294603591
    endloop
  endfacet
  facet normal -0.8314696123025453 0 0.5555702330196017
    outer loop
      vertex -3.4641016151377544 -34.75 2
      vertex -3.1734133611649407 -25.25 2.4350457160348826
      vertex -3.4641016151377544 -25.25 2
    endloop
  endfacet
  facet normal -0.7518398074789777 0 0.6593458151000686
    outer loop
      vertex -3.1734133611649407 -34.75 2.4350457160348826
      vertex -2.8284271247461903 -25.25 2.8284271247461903
      vertex -3.1734133611649407 -25.25 2.4350457160348826
    endloop
  endfacet
  facet normal -0.6593458151000686 0 0.7518398074789777
    outer loop
      vertex -2.4350457160348826 -34.75 3.1734133611649407
      vertex -2.4350457160348826 -25.25 3.1734133611649407
      vertex -2.8284271247461903 -25.25 2.8284271247461903
    endloop
  endfacet
  facet normal -0.5555702330196017 0 0.8314696123025453
    outer loop
      vertex -2.4350457160348826 -34.75 3.1734133611649407
      vertex -2 -34.75 3.4641016151377544
      vertex -2.4350457160348826 -25.25 3.1734133611649407
    endloop
  endfacet
  facet normal -0.5555702330196017 0 0.8314696123025453
    outer loop
      vertex -2 -34.75 3.4641016151377544
      vertex -2 -25.25 3.4641016151377544
      vertex -2.4350457160348826 -25.25 3.1734133611649407
    endloop
  endfacet
  facet normal -0.44228869021900147 0 0.8968727415326881
    outer loop
      vertex -2 -34.75 3.4641016151377544
      vertex -1.5307337294603591 -34.75 3.695518130045147
      vertex -2 -25.25 3.4641016151377544
    endloop
  endfacet
  facet normal -0.32143946530316175 0 0.9469301294951055
    outer loop
      vertex -1.5307337294603591 -34.75 3.695518130045147
      vertex -1.035276180410083 -34.75 3.8637033051562732
      vertex -1.5307337294603591 -25.25 3.695518130045147
    endloop
  endfacet
  facet normal -0.44228869021900147 0 0.8968727415326881
    outer loop
      vertex -1.5307337294603591 -34.75 3.695518130045147
      vertex -1.5307337294603591 -25.25 3.695518130045147
      vertex -2 -25.25 3.4641016151377544
    endloop
  endfacet
  facet normal -0.32143946530316175 0 0.9469301294951055
    outer loop
      vertex -1.035276180410083 -34.75 3.8637033051562732
      vertex -1.035276180410083 -25.25 3.8637033051562732
      vertex -1.5307337294603591 -25.25 3.695518130045147
    endloop
  endfacet
  facet normal 0 1 0
    outer loop
      vertex -3.8637033051562732 -25.25 1.035276180410083
      vertex -3.695518130045147 -25.25 1.5307337294603591
      vertex -1.6420739046914161 -25.25 0.43999237667428526
    endloop
  endfacet
  facet normal 0 1 0
    outer loop
      vertex -3.695518130045147 -25.25 1.5307337294603591
      vertex -3.4641016151377544 -25.25 2
      vertex -1.5705952052691874 -25.25 0.6505618350206526
    endloop
  endfacet
  facet normal 0 1 0
    outer loop
      vertex -3.4641016151377544 -25.25 2
      vertex -3.1734133611649407 -25.25 2.4350457160348826
      vertex -1.4722431864335457 -25.25 0.85
    endloop
  endfacet
  facet normal 0 1 0
    outer loop
      vertex -3.4641016151377544 -25.25 2
      vertex -1.4722431864335457 -25.25 0.85
      vertex -1.5705952052691874 -25.25 0.6505618350206526
    endloop
  endfacet
  facet normal 0 1 0
    outer loop
      vertex -3.1734133611649407 -25.25 2.4350457160348826
      vertex -1.3487006784950997 -25.25 1.034894429314825
      vertex -1.4722431864335457 -25.25 0.85
    endloop
  endfacet
  facet normal 0 1 0
    outer loop
      vertex -3.1734133611649407 -25.25 2.4350457160348826
      vertex -2.8284271247461903 -25.25 2.8284271247461903
      vertex -1.3487006784950997 -25.25 1.034894429314825
    endloop
  endfacet
  facet normal 0 1 0
    outer loop
      vertex -2.8284271247461903 -25.25 2.8284271247461903
      vertex -1.2020815280171309 -25.25 1.2020815280171309
      vertex -1.3487006784950997 -25.25 1.034894429314825
    endloop
  endfacet
  facet normal 0 1 0
    outer loop
      vertex -2.8284271247461903 -25.25 2.8284271247461903
      vertex -1.034894429314825 -25.25 1.3487006784950997
      vertex -1.2020815280171309 -25.25 1.2020815280171309
    endloop
  endfacet
  facet normal 0 1 0
    outer loop
      vertex -2.4350457160348826 -25.25 3.1734133611649407
      vertex -0.85 -25.25 1.4722431864335457
      vertex -1.034894429314825 -25.25 1.3487006784950997
    endloop
  endfacet
  facet normal 0 1 0
    outer loop
      vertex -2 -25.25 3.4641016151377544
      vertex -0.6505618350206527 -25.25 1.5705952052691874
      vertex -0.85 -25.25 1.4722431864335457
    endloop
  endfacet
  facet normal 0 1 0
    outer loop
      vertex -2.8284271247461903 -25.25 2.8284271247461903
      vertex -2.4350457160348826 -25.25 3.1734133611649407
      vertex -1.034894429314825 -25.25 1.3487006784950997
    endloop
  endfacet
  facet normal 0 1 0
    outer loop
      vertex -2.4350457160348826 -25.25 3.1734133611649407
      vertex -2 -25.25 3.4641016151377544
      vertex -0.85 -25.25 1.4722431864335457
    endloop
  endfacet
  facet normal 0 1 0
    outer loop
      vertex -2 -25.25 3.4641016151377544
      vertex -1.5307337294603591 -25.25 3.695518130045147
      vertex -0.6505618350206527 -25.25 1.5705952052691874
    endloop
  endfacet
  facet normal 0 1 0
    outer loop
      vertex -1.5307337294603591 -25.25 3.695518130045147
      vertex -1.035276180410083 -25.25 3.8637033051562732
      vertex -0.43999237667428526 -25.25 1.6420739046914161
    endloop
  endfacet
  facet normal -0.19509032201612786 0 0.9807852804032305
    outer loop
      vertex -1.035276180410083 -34.75 3.8637033051562732
      vertex -0.5221047688802063 -34.75 3.9657794454952415
      vertex -1.035276180410083 -25.25 3.8637033051562732
    endloop
  endfacet
  facet normal -0.0654031292301433 0 0.9978589232386035
    outer loop
      vertex -0.5221047688802063 -34.75 3.9657794454952415
      vertex 0 -34.75 4
      vertex -0.5221047688802063 -25.25 3.9657794454952415
    endloop
  endfacet
  facet normal -0.19509032201612786 0 0.9807852804032305
    outer loop
      vertex -0.5221047688802063 -34.75 3.9657794454952415
      vertex -0.5221047688802063 -25.25 3.9657794454952415
      vertex -1.035276180410083 -25.25 3.8637033051562732
    endloop
  endfacet
  facet normal -0.0654031292301433 0 0.9978589232386035
    outer loop
      vertex 0 -34.75 4
      vertex 0 -25.25 4
      vertex -0.5221047688802063 -25.25 3.9657794454952415
    endloop
  endfacet
  facet normal 0 1 0
    outer loop
      vertex -1.5307337294603591 -25.25 3.695518130045147
      vertex -0.43999237667428526 -25.25 1.6420739046914161
      vertex -0.6505618350206527 -25.25 1.5705952052691874
    endloop
  endfacet
  facet normal 0 1 0
    outer loop
      vertex -1.035276180410083 -25.25 3.8637033051562732
      vertex -0.22189452677408766 -25.25 1.6854562643354776
      vertex -0.43999237667428526 -25.25 1.6420739046914161
    endloop
  endfacet
  facet normal 0 1 0
    outer loop
      vertex -1.035276180410083 -25.25 3.8637033051562732
      vertex -0.5221047688802063 -25.25 3.9657794454952415
      vertex -0.22189452677408766 -25.25 1.6854562643354776
    endloop
  endfacet
  facet normal 0 1 0
    outer loop
      vertex -0.5221047688802063 -25.25 3.9657794454952415
      vertex 0 -25.25 1.7
      vertex -0.22189452677408766 -25.25 1.6854562643354776
    endloop
  endfacet
  facet normal 0 1 0
    outer loop
      vertex -0.5221047688802063 -25.25 3.9657794454952415
      vertex 0 -25.25 4
      vertex 0 -25.25 1.7
    endloop
  endfacet
  facet normal 0 -1 0
    outer loop
      vertex 3.8637033051562732 -34.75 -1.035276180410083
      vertex 1.2020815280171309 -34.75 -1.2020815280171309
      vertex 1.034894429314825 -34.75 -1.3487006784950997
    endloop
  endfacet
  facet normal 0 -1 0
    outer loop
      vertex 3.8637033051562732 -34.75 -1.035276180410083
      vertex 1.3487006784950997 -34.75 -1.034894429314825
      vertex 1.2020815280171309 -34.75 -1.2020815280171309
    endloop
  endfacet
  facet normal 0 -1 0
    outer loop
      vertex 3.8637033051562732 -34.75 -1.035276180410083
      vertex 1.4722431864335457 -34.75 -0.85
      vertex 1.3487006784950997 -34.75 -1.034894429314825
    endloop
  endfacet
  facet normal 0 -1 0
    outer loop
      vertex 3.9657794454952415 -34.75 -0.5221047688802063
      vertex 1.5705952052691874 -34.75 -0.6505618350206526
      vertex 1.4722431864335457 -34.75 -0.85
    endloop
  endfacet
  facet normal 0 -1 0
    outer loop
      vertex 3.9657794454952415 -34.75 -0.5221047688802063
      vertex 1.6420739046914161 -34.75 -0.43999237667428526
      vertex 1.5705952052691874 -34.75 -0.6505618350206526
    endloop
  endfacet
  facet normal 0 -1 0
    outer loop
      vertex 3.9657794454952415 -34.75 -0.5221047688802063
      vertex 1.6854562643354776 -34.75 -0.22189452677408766
      vertex 1.6420739046914161 -34.75 -0.43999237667428526
    endloop
  endfacet
  facet normal 0 -1 0
    outer loop
      vertex 3.695518130045147 -34.75 -1.5307337294603591
      vertex 3.8637033051562732 -34.75 -1.035276180410083
      vertex 1.034894429314825 -34.75 -1.3487006784950997
    endloop
  endfacet
  facet normal 0 -1 0
    outer loop
      vertex 3.8637033051562732 -34.75 -1.035276180410083
      vertex 3.9657794454952415 -34.75 -0.5221047688802063
      vertex 1.4722431864335457 -34.75 -0.85
    endloop
  endfacet
  facet normal 0 -1 0
    outer loop
      vertex 4 -34.75 0
      vertex 1.7 -34.75 0
      vertex 1.6854562643354776 -34.75 -0.22189452677408766
    endloop
  endfacet
  facet normal 0 -1 0
    outer loop
      vertex 3.9657794454952415 -34.75 -0.5221047688802063
      vertex 4 -34.75 0
      vertex 1.6854562643354776 -34.75 -0.22189452677408766
    endloop
  endfacet
  facet normal 0.5555702330196017 -2.4473316626424424e-18 -0.8314696123025453
    outer loop
      vertex 2 -34.75 -3.4641016151377544
      vertex 2.4350457160348826 -25.25 -3.1734133611649407
      vertex 2.4350457160348826 -34.75 -3.1734133611649407
    endloop
  endfacet
  facet normal 0.6593458151000686 -4.269435086286079e-19 -0.7518398074789777
    outer loop
      vertex 2.4350457160348826 -34.75 -3.1734133611649407
      vertex 2.8284271247461903 -25.25 -2.8284271247461903
      vertex 2.8284271247461903 -34.75 -2.8284271247461903
    endloop
  endfacet
  facet normal 0.7518398074789777 0 -0.6593458151000686
    outer loop
      vertex 2.8284271247461903 -34.75 -2.8284271247461903
      vertex 2.8284271247461903 -25.25 -2.8284271247461903
      vertex 3.1734133611649407 -34.75 -2.4350457160348826
    endloop
  endfacet
  facet normal 0.8314696123025453 0 -0.5555702330196017
    outer loop
      vertex 3.1734133611649407 -34.75 -2.4350457160348826
      vertex 3.1734133611649407 -25.25 -2.4350457160348826
      vertex 3.4641016151377544 -34.75 -2
    endloop
  endfacet
  facet normal 0.5555702330196017 0 -0.8314696123025453
    outer loop
      vertex 2 -34.75 -3.4641016151377544
      vertex 2 -25.25 -3.4641016151377544
      vertex 2.4350457160348826 -25.25 -3.1734133611649407
    endloop
  endfacet
  facet normal 0.6593458151000686 0 -0.7518398074789777
    outer loop
      vertex 2.4350457160348826 -34.75 -3.1734133611649407
      vertex 2.4350457160348826 -25.25 -3.1734133611649407
      vertex 2.8284271247461903 -25.25 -2.8284271247461903
    endloop
  endfacet
  facet normal 0.7518398074789777 0 -0.6593458151000686
    outer loop
      vertex 3.1734133611649407 -34.75 -2.4350457160348826
      vertex 2.8284271247461903 -25.25 -2.8284271247461903
      vertex 3.1734133611649407 -25.25 -2.4350457160348826
    endloop
  endfacet
  facet normal 0.8314696123025453 0 -0.5555702330196017
    outer loop
      vertex 3.4641016151377544 -34.75 -2
      vertex 3.1734133611649407 -25.25 -2.4350457160348826
      vertex 3.4641016151377544 -25.25 -2
    endloop
  endfacet
  facet normal 0.8968727415326881 0 -0.44228869021900147
    outer loop
      vertex 3.4641016151377544 -34.75 -2
      vertex 3.4641016151377544 -25.25 -2
      vertex 3.695518130045147 -34.75 -1.5307337294603591
    endloop
  endfacet
  facet normal 0.8968727415326881 0 -0.44228869021900147
    outer loop
      vertex 3.695518130045147 -34.75 -1.5307337294603591
      vertex 3.4641016151377544 -25.25 -2
      vertex 3.695518130045147 -25.25 -1.5307337294603591
    endloop
  endfacet
  facet normal 0.9469301294951055 0 -0.32143946530316175
    outer loop
      vertex 3.695518130045147 -34.75 -1.5307337294603591
      vertex 3.695518130045147 -25.25 -1.5307337294603591
      vertex 3.8637033051562732 -34.75 -1.035276180410083
    endloop
  endfacet
  facet normal 0.9807852804032305 0 -0.19509032201612786
    outer loop
      vertex 3.8637033051562732 -34.75 -1.035276180410083
      vertex 3.8637033051562732 -25.25 -1.035276180410083
      vertex 3.9657794454952415 -34.75 -0.5221047688802063
    endloop
  endfacet
  facet normal 0.9978589232386035 0 -0.0654031292301433
    outer loop
      vertex 3.9657794454952415 -34.75 -0.5221047688802063
      vertex 3.9657794454952415 -25.25 -0.5221047688802063
      vertex 4 -34.75 0
    endloop
  endfacet
  facet normal 0.9469301294951055 0 -0.32143946530316175
    outer loop
      vertex 3.8637033051562732 -34.75 -1.035276180410083
      vertex 3.695518130045147 -25.25 -1.5307337294603591
      vertex 3.8637033051562732 -25.25 -1.035276180410083
    endloop
  endfacet
  facet normal 0.9807852804032305 0 -0.19509032201612786
    outer loop
      vertex 3.9657794454952415 -34.75 -0.5221047688802063
      vertex 3.8637033051562732 -25.25 -1.035276180410083
      vertex 3.9657794454952415 -25.25 -0.5221047688802063
    endloop
  endfacet
  facet normal 0.9978589232386035 0 -0.0654031292301433
    outer loop
      vertex 4 -34.75 0
      vertex 3.9657794454952415 -25.25 -0.5221047688802063
      vertex 4 -25.25 0
    endloop
  endfacet
  facet normal 0 1 0
    outer loop
      vertex 3.4641016151377544 -25.25 -2
      vertex 0.85 -25.25 -1.4722431864335457
      vertex 3.695518130045147 -25.25 -1.5307337294603591
    endloop
  endfacet
  facet normal 0 1 0
    outer loop
      vertex 3.695518130045147 -25.25 -1.5307337294603591
      vertex 1.2020815280171309 -25.25 -1.2020815280171309
      vertex 1.3487006784950997 -25.25 -1.034894429314825
    endloop
  endfacet
  facet normal 0 1 0
    outer loop
      vertex 3.8637033051562732 -25.25 -1.035276180410083
      vertex 1.3487006784950997 -25.25 -1.034894429314825
      vertex 1.4722431864335457 -25.25 -0.85
    endloop
  endfacet
  facet normal 0 1 0
    outer loop
      vertex 3.8637033051562732 -25.25 -1.035276180410083
      vertex 1.4722431864335457 -25.25 -0.85
      vertex 1.5705952052691874 -25.25 -0.6505618350206526
    endloop
  endfacet
  facet normal 0 1 0
    outer loop
      vertex 3.8637033051562732 -25.25 -1.035276180410083
      vertex 1.5705952052691874 -25.25 -0.6505618350206526
      vertex 1.6420739046914161 -25.25 -0.43999237667428526
    endloop
  endfacet
  facet normal 0 1 0
    outer loop
      vertex 3.9657794454952415 -25.25 -0.5221047688802063
      vertex 1.6420739046914161 -25.25 -0.43999237667428526
      vertex 1.6854562643354776 -25.25 -0.22189452677408766
    endloop
  endfacet
  facet normal 0 1 0
    outer loop
      vertex 3.695518130045147 -25.25 -1.5307337294603591
      vertex 1.3487006784950997 -25.25 -1.034894429314825
      vertex 3.8637033051562732 -25.25 -1.035276180410083
    endloop
  endfacet
  facet normal 0 1 0
    outer loop
      vertex 3.8637033051562732 -25.25 -1.035276180410083
      vertex 1.6420739046914161 -25.25 -0.43999237667428526
      vertex 3.9657794454952415 -25.25 -0.5221047688802063
    endloop
  endfacet
  facet normal 0 1 0
    outer loop
      vertex 3.9657794454952415 -25.25 -0.5221047688802063
      vertex 1.6854562643354776 -25.25 -0.22189452677408766
      vertex 1.7 -25.25 0
    endloop
  endfacet
  facet normal 0 1 0
    outer loop
      vertex 3.9657794454952415 -25.25 -0.5221047688802063
      vertex 1.7 -25.25 0
      vertex 4 -25.25 0
    endloop
  endfacet
  facet normal 0 -1 0
    outer loop
      vertex -3.695518130045147 -14.75 -1.5307337294603591
      vertex -3.4641016151377544 -14.75 -2
      vertex -0.85 -14.75 -1.4722431864335457
    endloop
  endfacet
  facet normal -0.6593458151000686 4.269435086286079e-19 -0.7518398074789777
    outer loop
      vertex -2.8284271247461903 -14.75 -2.8284271247461903
      vertex -2.4350457160348826 -5.25 -3.1734133611649407
      vertex -2.4350457160348826 -14.75 -3.1734133611649407
    endloop
  endfacet
  facet normal -0.8314696123025453 0 -0.5555702330196017
    outer loop
      vertex -3.4641016151377544 -14.75 -2
      vertex -3.4641016151377544 -5.25 -2
      vertex -3.1734133611649407 -14.75 -2.4350457160348826
    endloop
  endfacet
  facet normal -0.8968727415326881 0 -0.44228869021900147
    outer loop
      vertex -3.695518130045147 -14.75 -1.5307337294603591
      vertex -3.695518130045147 -5.25 -1.5307337294603591
      vertex -3.4641016151377544 -14.75 -2
    endloop
  endfacet
  facet normal -0.7518398074789777 4.269435086286079e-19 -0.6593458151000686
    outer loop
      vertex -2.8284271247461903 -14.75 -2.8284271247461903
      vertex -3.1734133611649407 -14.75 -2.4350457160348826
      vertex -3.1734133611649407 -5.25 -2.4350457160348826
    endloop
  endfacet
  facet normal 0 -1 0
    outer loop
      vertex -3.4641016151377544 -14.75 -2
      vertex -3.1734133611649407 -14.75 -2.4350457160348826
      vertex 3.4641016151377544 -14.75 -2
    endloop
  endfacet
  facet normal 0 -1 0
    outer loop
      vertex -3.4641016151377544 -14.75 -2
      vertex -0.6505618350206526 -14.75 -1.5705952052691874
      vertex -0.85 -14.75 -1.4722431864335457
    endloop
  endfacet
  facet normal 0 -1 0
    outer loop
      vertex -3.4641016151377544 -14.75 -2
      vertex -0.43999237667428526 -14.75 -1.6420739046914161
      vertex -0.6505618350206526 -14.75 -1.5705952052691874
    endloop
  endfacet
  facet normal 0 -1 0
    outer loop
      vertex -3.4641016151377544 -14.75 -2
      vertex -0.22189452677408766 -14.75 -1.6854562643354776
      vertex -0.43999237667428526 -14.75 -1.6420739046914161
    endloop
  endfacet
  facet normal 0 -1 0
    outer loop
      vertex -3.4641016151377544 -14.75 -2
      vertex 0 -14.75 -1.7
      vertex -0.22189452677408766 -14.75 -1.6854562643354776
    endloop
  endfacet
  facet normal -0.5555702330196017 0 -0.8314696123025453
    outer loop
      vertex -2 -14.75 -3.4641016151377544
      vertex -2.4350457160348826 -14.75 -3.1734133611649407
      vertex -2 -5.25 -3.4641016151377544
    endloop
  endfacet
  facet normal -0.44228869021900147 -2.504624174647419e-19 -0.8968727415326881
    outer loop
      vertex -2 -14.75 -3.4641016151377544
      vertex -1.5307337294603591 -5.25 -3.695518130045147
      vertex -1.5307337294603591 -14.75 -3.695518130045147
    endloop
  endfacet
  facet normal -0.32143946530316175 1.0410655468555025e-18 -0.9469301294951055
    outer loop
      vertex -1.5307337294603591 -14.75 -3.695518130045147
      vertex -1.035276180410083 -5.25 -3.8637033051562732
      vertex -1.035276180410083 -14.75 -3.8637033051562732
    endloop
  endfacet
  facet normal 0 -1 0
    outer loop
      vertex -3.695518130045147 -14.75 -1.5307337294603591
      vertex -1.3487006784950997 -14.75 -1.034894429314825
      vertex -3.8637033051562732 -14.75 -1.035276180410083
    endloop
  endfacet
  facet normal 0 -1 0
    outer loop
      vertex -3.8637033051562732 -14.75 -1.035276180410083
      vertex -1.6420739046914161 -14.75 -0.43999237667428526
      vertex -3.9657794454952415 -14.75 -0.5221047688802063
    endloop
  endfacet
  facet normal 0 -1 0
    outer loop
      vertex -3.9657794454952415 -14.75 -0.5221047688802063
      vertex -1.7 -14.75 0
      vertex -4 -14.75 0
    endloop
  endfacet
  facet normal -0.9469301294951055 1.0410655468555025e-18 -0.32143946530316175
    outer loop
      vertex -3.695518130045147 -14.75 -1.5307337294603591
      vertex -3.8637033051562732 -14.75 -1.035276180410083
      vertex -3.8637033051562732 -5.25 -1.035276180410083
    endloop
  endfacet
  facet normal -0.9807852804032305 -9.433935088767862e-20 -0.19509032201612786
    outer loop
      vertex -3.8637033051562732 -14.75 -1.035276180410083
      vertex -3.9657794454952415 -14.75 -0.5221047688802063
      vertex -3.9657794454952415 -5.25 -0.5221047688802063
    endloop
  endfacet
  facet normal -0.9978589232386035 2.1887107583561427e-19 -0.0654031292301433
    outer loop
      vertex -3.9657794454952415 -14.75 -0.5221047688802063
      vertex -4 -14.75 0
      vertex -4 -5.25 0
    endloop
  endfacet
  facet normal -0.9978589232386035 -2.1887107583561427e-19 0.0654031292301433
    outer loop
      vertex -4 -14.75 0
      vertex -3.9657794454952415 -14.75 0.5221047688802063
      vertex -3.9657794454952415 -5.25 0.5221047688802063
    endloop
  endfacet
  facet normal -0.9807852804032305 9.433935088767862e-20 0.19509032201612786
    outer loop
      vertex -3.9657794454952415 -14.75 0.5221047688802063
      vertex -3.8637033051562732 -14.75 1.035276180410083
      vertex -3.8637033051562732 -5.25 1.035276180410083
    endloop
  endfacet
  facet normal 0 -1 0
    outer loop
      vertex -3.8637033051562732 -14.75 -1.035276180410083
      vertex -1.3487006784950997 -14.75 -1.034894429314825
      vertex -1.4722431864335457 -14.75 -0.85
    endloop
  endfacet
  facet normal 0 -1 0
    outer loop
      vertex -3.695518130045147 -14.75 -1.5307337294603591
      vertex -1.034894429314825 -14.75 -1.3487006784950997
      vertex -1.2020815280171309 -14.75 -1.2020815280171309
    endloop
  endfacet
  facet normal 0 -1 0
    outer loop
      vertex -3.695518130045147 -14.75 -1.5307337294603591
      vertex -1.2020815280171309 -14.75 -1.2020815280171309
      vertex -1.3487006784950997 -14.75 -1.034894429314825
    endloop
  endfacet
  facet normal 0 -1 0
    outer loop
      vertex -3.695518130045147 -14.75 -1.5307337294603591
      vertex -0.85 -14.75 -1.4722431864335457
      vertex -1.034894429314825 -14.75 -1.3487006784950997
    endloop
  endfacet
  facet normal 0 -1 0
    outer loop
      vertex -3.8637033051562732 -14.75 -1.035276180410083
      vertex -1.5705952052691874 -14.75 -0.6505618350206526
      vertex -1.6420739046914161 -14.75 -0.43999237667428526
    endloop
  endfacet
  facet normal 0 -1 0
    outer loop
      vertex -3.8637033051562732 -14.75 -1.035276180410083
      vertex -1.4722431864335457 -14.75 -0.85
      vertex -1.5705952052691874 -14.75 -0.6505618350206526
    endloop
  endfacet
  facet normal 0 -1 0
    outer loop
      vertex -3.9657794454952415 -14.75 -0.5221047688802063
      vertex -1.6420739046914161 -14.75 -0.43999237667428526
      vertex -1.6854562643354776 -14.75 -0.22189452677408766
    endloop
  endfacet
  facet normal 0 -1 0
    outer loop
      vertex -3.9657794454952415 -14.75 -0.5221047688802063
      vertex -1.6854562643354776 -14.75 -0.22189452677408766
      vertex -1.7 -14.75 0
    endloop
  endfacet
  facet normal 0 -1 0
    outer loop
      vertex -4 -14.75 0
      vertex -1.7 -14.75 0
      vertex -1.6854562643354776 -14.75 0.22189452677408766
    endloop
  endfacet
  facet normal 0 -1 0
    outer loop
      vertex -4 -14.75 0
      vertex -1.6854562643354776 -14.75 0.22189452677408766
      vertex -1.6420739046914161 -14.75 0.43999237667428526
    endloop
  endfacet
  facet normal 0 -1 0
    outer loop
      vertex -4 -14.75 0
      vertex -1.6420739046914161 -14.75 0.43999237667428526
      vertex -1.5705952052691874 -14.75 0.6505618350206526
    endloop
  endfacet
  facet normal 0 -1 0
    outer loop
      vertex -4 -14.75 0
      vertex -1.5705952052691874 -14.75 0.6505618350206526
      vertex -1.4722431864335457 -14.75 0.85
    endloop
  endfacet
  facet normal 0 -1 0
    outer loop
      vertex -1.5307337294603591 -14.75 -3.695518130045147
      vertex -1.035276180410083 -14.75 -3.8637033051562732
      vertex 1.5307337294603591 -14.75 -3.695518130045147
    endloop
  endfacet
  facet normal 0 -1 0
    outer loop
      vertex -2 -14.75 -3.4641016151377544
      vertex -1.5307337294603591 -14.75 -3.695518130045147
      vertex 2 -14.75 -3.4641016151377544
    endloop
  endfacet
  facet normal 0 -1 0
    outer loop
      vertex -2 -14.75 -3.4641016151377544
      vertex 2.4350457160348826 -14.75 -3.1734133611649407
      vertex -2.4350457160348826 -14.75 -3.1734133611649407
    endloop
  endfacet
  facet normal 0 -1 0
    outer loop
      vertex -2.8284271247461903 -14.75 -2.8284271247461903
      vertex -2.4350457160348826 -14.75 -3.1734133611649407
      vertex 2.8284271247461903 -14.75 -2.8284271247461903
    endloop
  endfacet
  facet normal 0 -1 0
    outer loop
      vertex -1.035276180410083 -14.75 -3.8637033051562732
      vertex -0.5221047688802063 -14.75 -3.9657794454952415
      vertex 1.035276180410083 -14.75 -3.8637033051562732
    endloop
  endfacet
  facet normal 0 -1 0
    outer loop
      vertex -0.5221047688802063 -14.75 -3.9657794454952415
      vertex 0 -14.75 -4
      vertex 0.5221047688802063 -14.75 -3.9657794454952415
    endloop
  endfacet
  facet normal 0 -1 0
    outer loop
      vertex -0.5221047688802063 -14.75 -3.9657794454952415
      vertex 0.5221047688802063 -14.75 -3.9657794454952415
      vertex 1.035276180410083 -14.75 -3.8637033051562732
    endloop
  endfacet
  facet normal 0 -1 0
    outer loop
      vertex -2.8284271247461903 -14.75 -2.8284271247461903
      vertex 3.1734133611649407 -14.75 -2.4350457160348826
      vertex -3.1734133611649407 -14.75 -2.4350457160348826
    endloop
  endfacet
  facet normal 0 -1 0
    outer loop
      vertex -3.4641016151377544 -14.75 -2
      vertex 3.695518130045147 -14.75 -1.5307337294603591
      vertex 0 -14.75 -1.7
    endloop
  endfacet
  facet normal -0.19509032201612786 -9.433935088767862e-20 -0.9807852804032305
    outer loop
      vertex -1.035276180410083 -14.75 -3.8637033051562732
      vertex -0.5221047688802063 -5.25 -3.9657794454952415
      vertex -0.5221047688802063 -14.75 -3.9657794454952415
    endloop
  endfacet
  facet normal -0.0654031292301433 2.1887107583561427e-19 -0.9978589232386035
    outer loop
      vertex -0.5221047688802063 -14.75 -3.9657794454952415
      vertex 0 -5.25 -4
      vertex 0 -14.75 -4
    endloop
  endfacet
  facet normal 0.0654031292301433 -2.1887107583561427e-19 -0.9978589232386035
    outer loop
      vertex 0 -14.75 -4
      vertex 0.5221047688802063 -5.25 -3.9657794454952415
      vertex 0.5221047688802063 -14.75 -3.9657794454952415
    endloop
  endfacet
  facet normal 0 -1 0
    outer loop
      vertex -1.035276180410083 -14.75 -3.8637033051562732
      vertex 1.035276180410083 -14.75 -3.8637033051562732
      vertex 1.5307337294603591 -14.75 -3.695518130045147
    endloop
  endfacet
  facet normal 0 -1 0
    outer loop
      vertex -1.5307337294603591 -14.75 -3.695518130045147
      vertex 1.5307337294603591 -14.75 -3.695518130045147
      vertex 2 -14.75 -3.4641016151377544
    endloop
  endfacet
  facet normal 0 -1 0
    outer loop
      vertex -2 -14.75 -3.4641016151377544
      vertex 2 -14.75 -3.4641016151377544
      vertex 2.4350457160348826 -14.75 -3.1734133611649407
    endloop
  endfacet
  facet normal 0 -1 0
    outer loop
      vertex -2.4350457160348826 -14.75 -3.1734133611649407
      vertex 2.4350457160348826 -14.75 -3.1734133611649407
      vertex 2.8284271247461903 -14.75 -2.8284271247461903
    endloop
  endfacet
  facet normal 0 -1 0
    outer loop
      vertex -2.8284271247461903 -14.75 -2.8284271247461903
      vertex 2.8284271247461903 -14.75 -2.8284271247461903
      vertex 3.1734133611649407 -14.75 -2.4350457160348826
    endloop
  endfacet
  facet normal 0 -1 0
    outer loop
      vertex -3.1734133611649407 -14.75 -2.4350457160348826
      vertex 3.1734133611649407 -14.75 -2.4350457160348826
      vertex 3.4641016151377544 -14.75 -2
    endloop
  endfacet
  facet normal 0 -1 0
    outer loop
      vertex -3.4641016151377544 -14.75 -2
      vertex 3.4641016151377544 -14.75 -2
      vertex 3.695518130045147 -14.75 -1.5307337294603591
    endloop
  endfacet
  facet normal 0 -1 0
    outer loop
      vertex 3.695518130045147 -14.75 -1.5307337294603591
      vertex 0.22189452677408766 -14.75 -1.6854562643354776
      vertex 0 -14.75 -1.7
    endloop
  endfacet
  facet normal 0 -1 0
    outer loop
      vertex 3.695518130045147 -14.75 -1.5307337294603591
      vertex 0.43999237667428526 -14.75 -1.6420739046914161
      vertex 0.22189452677408766 -14.75 -1.6854562643354776
    endloop
  endfacet
  facet normal 0 -1 0
    outer loop
      vertex 3.695518130045147 -14.75 -1.5307337294603591
      vertex 0.6505618350206526 -14.75 -1.5705952052691874
      vertex 0.43999237667428526 -14.75 -1.6420739046914161
    endloop
  endfacet
  facet normal 0 -1 0
    outer loop
      vertex 3.695518130045147 -14.75 -1.5307337294603591
      vertex 0.85 -14.75 -1.4722431864335457
      vertex 0.6505618350206526 -14.75 -1.5705952052691874
    endloop
  endfacet
  facet normal 0.19509032201612786 9.433935088767862e-20 -0.9807852804032305
    outer loop
      vertex 0.5221047688802063 -14.75 -3.9657794454952415
      vertex 1.035276180410083 -5.25 -3.8637033051562732
      vertex 1.035276180410083 -14.75 -3.8637033051562732
    endloop
  endfacet
  facet normal 0.32143946530316175 -1.0410655468555025e-18 -0.9469301294951055
    outer loop
      vertex 1.035276180410083 -14.75 -3.8637033051562732
      vertex 1.5307337294603591 -5.25 -3.695518130045147
      vertex 1.5307337294603591 -14.75 -3.695518130045147
    endloop
  endfacet
  facet normal 0.44228869021900147 2.504624174647419e-19 -0.8968727415326881
    outer loop
      vertex 1.5307337294603591 -14.75 -3.695518130045147
      vertex 2 -5.25 -3.4641016151377544
      vertex 2 -14.75 -3.4641016151377544
    endloop
  endfacet
  facet normal 0 -1 0
    outer loop
      vertex 3.695518130045147 -14.75 -1.5307337294603591
      vertex 1.034894429314825 -14.75 -1.3487006784950997
      vertex 0.85 -14.75 -1.4722431864335457
    endloop
  endfacet
  facet normal 0 -1 0
    outer loop
      vertex -4 -14.75 0
      vertex 0 -14.75 4
      vertex -3.9657794454952415 -14.75 0.5221047688802063
    endloop
  endfacet
  facet normal 0 -1 0
    outer loop
      vertex -3.9657794454952415 -14.75 0.5221047688802063
      vertex 0 -14.75 4
      vertex -3.8637033051562732 -14.75 1.035276180410083
    endloop
  endfacet
  facet normal 0 -1 0
    outer loop
      vertex -3.8637033051562732 -14.75 1.035276180410083
      vertex 0 -14.75 4
      vertex -3.695518130045147 -14.75 1.5307337294603591
    endloop
  endfacet
  facet normal -0.9469301294951055 -1.0410655468555025e-18 0.32143946530316175
    outer loop
      vertex -3.8637033051562732 -14.75 1.035276180410083
      vertex -3.695518130045147 -14.75 1.5307337294603591
      vertex -3.695518130045147 -5.25 1.5307337294603591
    endloop
  endfacet
  facet normal -0.8968727415326881 2.504624174647419e-19 0.44228869021900147
    outer loop
      vertex -3.695518130045147 -14.75 1.5307337294603591
      vertex -3.4641016151377544 -14.75 2
      vertex -3.4641016151377544 -5.25 2
    endloop
  endfacet
  facet normal -0.8314696123025453 -2.4473316626424424e-18 0.5555702330196017
    outer loop
      vertex -3.4641016151377544 -14.75 2
      vertex -3.1734133611649407 -14.75 2.4350457160348826
      vertex -3.1734133611649407 -5.25 2.4350457160348826
    endloop
  endfacet
  facet normal -0.7518398074789777 -4.269435086286079e-19 0.6593458151000686
    outer loop
      vertex -3.1734133611649407 -14.75 2.4350457160348826
      vertex -2.8284271247461903 -14.75 2.8284271247461903
      vertex -2.8284271247461903 -5.25 2.8284271247461903
    endloop
  endfacet
  facet normal -0.6593458151000686 0 0.7518398074789777
    outer loop
      vertex -2.8284271247461903 -14.75 2.8284271247461903
      vertex -2.4350457160348826 -14.75 3.1734133611649407
      vertex -2.8284271247461903 -5.25 2.8284271247461903
    endloop
  endfacet
  facet normal 0 -1 0
    outer loop
      vertex -4 -14.75 0
      vertex -1.4722431864335457 -14.75 0.85
      vertex 0 -14.75 4
    endloop
  endfacet
  facet normal 0 -1 0
    outer loop
      vertex -3.695518130045147 -14.75 1.5307337294603591
      vertex 0 -14.75 4
      vertex -3.4641016151377544 -14.75 2
    endloop
  endfacet
  facet normal 0 -1 0
    outer loop
      vertex -3.4641016151377544 -14.75 2
      vertex 0 -14.75 4
      vertex -3.1734133611649407 -14.75 2.4350457160348826
    endloop
  endfacet
  facet normal 0 -1 0
    outer loop
      vertex -3.1734133611649407 -14.75 2.4350457160348826
      vertex 0 -14.75 4
      vertex -2.8284271247461903 -14.75 2.8284271247461903
    endloop
  endfacet
  facet normal 0 -1 0
    outer loop
      vertex -2.8284271247461903 -14.75 2.8284271247461903
      vertex 0 -14.75 4
      vertex -2.4350457160348826 -14.75 3.1734133611649407
    endloop
  endfacet
  facet normal -0.5555702330196017 0 0.8314696123025453
    outer loop
      vertex -2.4350457160348826 -14.75 3.1734133611649407
      vertex -2 -14.75 3.4641016151377544
      vertex -2.4350457160348826 -5.25 3.1734133611649407
    endloop
  endfacet
  facet normal 0 -1 0
    outer loop
      vertex -2.4350457160348826 -14.75 3.1734133611649407
      vertex 0 -14.75 4
      vertex -2 -14.75 3.4641016151377544
    endloop
  endfacet
  facet normal 0 -1 0
    outer loop
      vertex -2 -14.75 3.4641016151377544
      vertex 0 -14.75 4
      vertex -1.5307337294603591 -14.75 3.695518130045147
    endloop
  endfacet
  facet normal -0.44228869021900147 0 0.8968727415326881
    outer loop
      vertex -2 -14.75 3.4641016151377544
      vertex -1.5307337294603591 -14.75 3.695518130045147
      vertex -2 -5.25 3.4641016151377544
    endloop
  endfacet
  facet normal -0.32143946530316175 0 0.9469301294951055
    outer loop
      vertex -1.5307337294603591 -14.75 3.695518130045147
      vertex -1.035276180410083 -14.75 3.8637033051562732
      vertex -1.5307337294603591 -5.25 3.695518130045147
    endloop
  endfacet
  facet normal 0 -1 0
    outer loop
      vertex 0 -14.75 4
      vertex -1.4722431864335457 -14.75 0.85
      vertex -1.3487006784950997 -14.75 1.034894429314825
    endloop
  endfacet
  facet normal 0 -1 0
    outer loop
      vertex 0 -14.75 4
      vertex -1.3487006784950997 -14.75 1.034894429314825
      vertex -1.2020815280171309 -14.75 1.2020815280171309
    endloop
  endfacet
  facet normal 0 -1 0
    outer loop
      vertex 0 -14.75 4
      vertex -1.2020815280171309 -14.75 1.2020815280171309
      vertex -1.034894429314825 -14.75 1.3487006784950997
    endloop
  endfacet
  facet normal 0 -1 0
    outer loop
      vertex 0 -14.75 4
      vertex -1.034894429314825 -14.75 1.3487006784950997
      vertex -0.85 -14.75 1.4722431864335457
    endloop
  endfacet
  facet normal 0 -1 0
    outer loop
      vertex 0 -14.75 4
      vertex -0.85 -14.75 1.4722431864335457
      vertex -0.6505618350206526 -14.75 1.5705952052691874
    endloop
  endfacet
  facet normal 0 -1 0
    outer loop
      vertex 0 -14.75 4
      vertex -0.6505618350206526 -14.75 1.5705952052691874
      vertex -0.43999237667428526 -14.75 1.6420739046914161
    endloop
  endfacet
  facet normal 0 -1 0
    outer loop
      vertex 0 -14.75 4
      vertex -0.43999237667428526 -14.75 1.6420739046914161
      vertex -0.22189452677408766 -14.75 1.6854562643354776
    endloop
  endfacet
  facet normal 0 -1 0
    outer loop
      vertex 0 -14.75 4
      vertex -0.22189452677408766 -14.75 1.6854562643354776
      vertex 0 -14.75 1.7
    endloop
  endfacet
  facet normal 0 -1 0
    outer loop
      vertex -1.5307337294603591 -14.75 3.695518130045147
      vertex 0 -14.75 4
      vertex -1.035276180410083 -14.75 3.8637033051562732
    endloop
  endfacet
  facet normal 0 -1 0
    outer loop
      vertex -1.035276180410083 -14.75 3.8637033051562732
      vertex 0 -14.75 4
      vertex -0.5221047688802063 -14.75 3.9657794454952415
    endloop
  endfacet
  facet normal -0.19509032201612786 0 0.9807852804032305
    outer loop
      vertex -1.035276180410083 -14.75 3.8637033051562732
      vertex -0.5221047688802063 -14.75 3.9657794454952415
      vertex -1.035276180410083 -5.25 3.8637033051562732
    endloop
  endfacet
  facet normal -0.0654031292301433 0 0.9978589232386035
    outer loop
      vertex -0.5221047688802063 -14.75 3.9657794454952415
      vertex 0 -14.75 4
      vertex -0.5221047688802063 -5.25 3.9657794454952415
    endloop
  endfacet
  facet normal -0.6593458151000686 0 -0.7518398074789777
    outer loop
      vertex -2.8284271247461903 -14.75 -2.8284271247461903
      vertex -2.8284271247461903 -5.25 -2.8284271247461903
      vertex -2.4350457160348826 -5.25 -3.1734133611649407
    endloop
  endfacet
  facet normal -0.8314696123025453 0 -0.5555702330196017
    outer loop
      vertex -3.1734133611649407 -14.75 -2.4350457160348826
      vertex -3.4641016151377544 -5.25 -2
      vertex -3.1734133611649407 -5.25 -2.4350457160348826
    endloop
  endfacet
  facet normal -0.8968727415326881 0 -0.44228869021900147
    outer loop
      vertex -3.4641016151377544 -14.75 -2
      vertex -3.695518130045147 -5.25 -1.5307337294603591
      vertex -3.4641016151377544 -5.25 -2
    endloop
  endfacet
  facet normal -0.7518398074789777 0 -0.6593458151000686
    outer loop
      vertex -2.8284271247461903 -14.75 -2.8284271247461903
      vertex -3.1734133611649407 -5.25 -2.4350457160348826
      vertex -2.8284271247461903 -5.25 -2.8284271247461903
    endloop
  endfacet
  facet normal -0.44228869021900147 0 -0.8968727415326881
    outer loop
      vertex -2 -14.75 -3.4641016151377544
      vertex -2 -5.25 -3.4641016151377544
      vertex -1.5307337294603591 -5.25 -3.695518130045147
    endloop
  endfacet
  facet normal -0.5555702330196017 0 -0.8314696123025453
    outer loop
      vertex -2.4350457160348826 -14.75 -3.1734133611649407
      vertex -2.4350457160348826 -5.25 -3.1734133611649407
      vertex -2 -5.25 -3.4641016151377544
    endloop
  endfacet
  facet normal -0.32143946530316175 0 -0.9469301294951055
    outer loop
      vertex -1.5307337294603591 -14.75 -3.695518130045147
      vertex -1.5307337294603591 -5.25 -3.695518130045147
      vertex -1.035276180410083 -5.25 -3.8637033051562732
    endloop
  endfacet
  facet normal -0.9469301294951055 0 -0.32143946530316175
    outer loop
      vertex -3.695518130045147 -14.75 -1.5307337294603591
      vertex -3.8637033051562732 -5.25 -1.035276180410083
      vertex -3.695518130045147 -5.25 -1.5307337294603591
    endloop
  endfacet
  facet normal -0.9807852804032305 0 -0.19509032201612786
    outer loop
      vertex -3.8637033051562732 -14.75 -1.035276180410083
      vertex -3.9657794454952415 -5.25 -0.5221047688802063
      vertex -3.8637033051562732 -5.25 -1.035276180410083
    endloop
  endfacet
  facet normal -0.9978589232386035 0 -0.0654031292301433
    outer loop
      vertex -3.9657794454952415 -14.75 -0.5221047688802063
      vertex -4 -5.25 0
      vertex -3.9657794454952415 -5.25 -0.5221047688802063
    endloop
  endfacet
  facet normal -0.9978589232386035 0 0.0654031292301433
    outer loop
      vertex -4 -14.75 0
      vertex -3.9657794454952415 -5.25 0.5221047688802063
      vertex -4 -5.25 0
    endloop
  endfacet
  facet normal -0.9807852804032305 0 0.19509032201612786
    outer loop
      vertex -3.9657794454952415 -14.75 0.5221047688802063
      vertex -3.8637033051562732 -5.25 1.035276180410083
      vertex -3.9657794454952415 -5.25 0.5221047688802063
    endloop
  endfacet
  facet normal 0 1 0
    outer loop
      vertex -2.8284271247461903 -5.25 -2.8284271247461903
      vertex -3.1734133611649407 -5.25 -2.4350457160348826
      vertex 2.8284271247461903 -5.25 -2.8284271247461903
    endloop
  endfacet
  facet normal 0 1 0
    outer loop
      vertex -3.4641016151377544 -5.25 -2
      vertex 3.1734133611649407 -5.25 -2.4350457160348826
      vertex -3.1734133611649407 -5.25 -2.4350457160348826
    endloop
  endfacet
  facet normal 0 1 0
    outer loop
      vertex -3.695518130045147 -5.25 -1.5307337294603591
      vertex -0.85 -5.25 -1.4722431864335457
      vertex -0.6505618350206526 -5.25 -1.5705952052691874
    endloop
  endfacet
  facet normal 0 1 0
    outer loop
      vertex -3.695518130045147 -5.25 -1.5307337294603591
      vertex -0.6505618350206526 -5.25 -1.5705952052691874
      vertex -0.43999237667428526 -5.25 -1.6420739046914161
    endloop
  endfacet
  facet normal 0 1 0
    outer loop
      vertex -3.695518130045147 -5.25 -1.5307337294603591
      vertex -0.43999237667428526 -5.25 -1.6420739046914161
      vertex -0.22189452677408766 -5.25 -1.6854562643354776
    endloop
  endfacet
  facet normal 0 1 0
    outer loop
      vertex -3.695518130045147 -5.25 -1.5307337294603591
      vertex 3.4641016151377544 -5.25 -2
      vertex -3.4641016151377544 -5.25 -2
    endloop
  endfacet
  facet normal 0 1 0
    outer loop
      vertex -3.695518130045147 -5.25 -1.5307337294603591
      vertex -3.8637033051562732 -5.25 -1.035276180410083
      vertex -1.034894429314825 -5.25 -1.3487006784950997
    endloop
  endfacet
  facet normal 0 1 0
    outer loop
      vertex -3.8637033051562732 -5.25 -1.035276180410083
      vertex -3.9657794454952415 -5.25 -0.5221047688802063
      vertex -1.4722431864335457 -5.25 -0.85
    endloop
  endfacet
  facet normal 0 1 0
    outer loop
      vertex -3.9657794454952415 -5.25 -0.5221047688802063
      vertex -4 -5.25 0
      vertex -1.6854562643354776 -5.25 -0.22189452677408766
    endloop
  endfacet
  facet normal 0 1 0
    outer loop
      vertex -4 -5.25 0
      vertex -3.9657794454952415 -5.25 0.5221047688802063
      vertex -1.7 -5.25 0
    endloop
  endfacet
  facet normal 0 1 0
    outer loop
      vertex -3.9657794454952415 -5.25 0.5221047688802063
      vertex -3.8637033051562732 -5.25 1.035276180410083
      vertex -1.6420739046914161 -5.25 0.43999237667428526
    endloop
  endfacet
  facet normal 0 1 0
    outer loop
      vertex -3.8637033051562732 -5.25 -1.035276180410083
      vertex -1.3487006784950997 -5.25 -1.034894429314825
      vertex -1.2020815280171309 -5.25 -1.2020815280171309
    endloop
  endfacet
  facet normal 0 1 0
    outer loop
      vertex -3.8637033051562732 -5.25 -1.035276180410083
      vertex -1.4722431864335457 -5.25 -0.85
      vertex -1.3487006784950997 -5.25 -1.034894429314825
    endloop
  endfacet
  facet normal 0 1 0
    outer loop
      vertex -3.8637033051562732 -5.25 -1.035276180410083
      vertex -1.2020815280171309 -5.25 -1.2020815280171309
      vertex -1.034894429314825 -5.25 -1.3487006784950997
    endloop
  endfacet
  facet normal 0 1 0
    outer loop
      vertex -3.695518130045147 -5.25 -1.5307337294603591
      vertex -1.034894429314825 -5.25 -1.3487006784950997
      vertex -0.85 -5.25 -1.4722431864335457
    endloop
  endfacet
  facet normal 0 1 0
    outer loop
      vertex -3.9657794454952415 -5.25 -0.5221047688802063
      vertex -1.5705952052691874 -5.25 -0.6505618350206526
      vertex -1.4722431864335457 -5.25 -0.85
    endloop
  endfacet
  facet normal 0 1 0
    outer loop
      vertex -3.9657794454952415 -5.25 -0.5221047688802063
      vertex -1.6420739046914161 -5.25 -0.43999237667428526
      vertex -1.5705952052691874 -5.25 -0.6505618350206526
    endloop
  endfacet
  facet normal 0 1 0
    outer loop
      vertex -3.9657794454952415 -5.25 -0.5221047688802063
      vertex -1.6854562643354776 -5.25 -0.22189452677408766
      vertex -1.6420739046914161 -5.25 -0.43999237667428526
    endloop
  endfacet
  facet normal 0 1 0
    outer loop
      vertex -4 -5.25 0
      vertex -1.7 -5.25 0
      vertex -1.6854562643354776 -5.25 -0.22189452677408766
    endloop
  endfacet
  facet normal 0 1 0
    outer loop
      vertex -3.9657794454952415 -5.25 0.5221047688802063
      vertex -1.6854562643354776 -5.25 0.22189452677408766
      vertex -1.7 -5.25 0
    endloop
  endfacet
  facet normal 0 1 0
    outer loop
      vertex -3.9657794454952415 -5.25 0.5221047688802063
      vertex -1.6420739046914161 -5.25 0.43999237667428526
      vertex -1.6854562643354776 -5.25 0.22189452677408766
    endloop
  endfacet
  facet normal 0 1 0
    outer loop
      vertex -3.695518130045147 -5.25 1.5307337294603591
      vertex -1.5705952052691874 -5.25 0.6505618350206526
      vertex -1.6420739046914161 -5.25 0.43999237667428526
    endloop
  endfacet
  facet normal -0.19509032201612786 0 -0.9807852804032305
    outer loop
      vertex -1.035276180410083 -14.75 -3.8637033051562732
      vertex -1.035276180410083 -5.25 -3.8637033051562732
      vertex -0.5221047688802063 -5.25 -3.9657794454952415
    endloop
  endfacet
  facet normal -0.0654031292301433 0 -0.9978589232386035
    outer loop
      vertex -0.5221047688802063 -14.75 -3.9657794454952415
      vertex -0.5221047688802063 -5.25 -3.9657794454952415
      vertex 0 -5.25 -4
    endloop
  endfacet
  facet normal 0.0654031292301433 0 -0.9978589232386035
    outer loop
      vertex 0 -14.75 -4
      vertex 0 -5.25 -4
      vertex 0.5221047688802063 -5.25 -3.9657794454952415
    endloop
  endfacet
  facet normal 0.19509032201612786 0 -0.9807852804032305
    outer loop
      vertex 0.5221047688802063 -14.75 -3.9657794454952415
      vertex 0.5221047688802063 -5.25 -3.9657794454952415
      vertex 1.035276180410083 -5.25 -3.8637033051562732
    endloop
  endfacet
  facet normal 0.32143946530316175 0 -0.9469301294951055
    outer loop
      vertex 1.035276180410083 -14.75 -3.8637033051562732
      vertex 1.035276180410083 -5.25 -3.8637033051562732
      vertex 1.5307337294603591 -5.25 -3.695518130045147
    endloop
  endfacet
  facet normal 0.44228869021900147 0 -0.8968727415326881
    outer loop
      vertex 1.5307337294603591 -14.75 -3.695518130045147
      vertex 1.5307337294603591 -5.25 -3.695518130045147
      vertex 2 -5.25 -3.4641016151377544
    endloop
  endfacet
  facet normal 0 1 0
    outer loop
      vertex -2 -5.25 -3.4641016151377544
      vertex 1.5307337294603591 -5.25 -3.695518130045147
      vertex -1.5307337294603591 -5.25 -3.695518130045147
    endloop
  endfacet
  facet normal 0 1 0
    outer loop
      vertex -1.5307337294603591 -5.25 -3.695518130045147
      vertex 1.035276180410083 -5.25 -3.8637033051562732
      vertex -1.035276180410083 -5.25 -3.8637033051562732
    endloop
  endfacet
  facet normal 0 1 0
    outer loop
      vertex -1.035276180410083 -5.25 -3.8637033051562732
      vertex 0.5221047688802063 -5.25 -3.9657794454952415
      vertex -0.5221047688802063 -5.25 -3.9657794454952415
    endloop
  endfacet
  facet normal 0 1 0
    outer loop
      vertex -2 -5.25 -3.4641016151377544
      vertex -2.4350457160348826 -5.25 -3.1734133611649407
      vertex 2 -5.25 -3.4641016151377544
    endloop
  endfacet
  facet normal 0 1 0
    outer loop
      vertex -2.8284271247461903 -5.25 -2.8284271247461903
      vertex 2.4350457160348826 -5.25 -3.1734133611649407
      vertex -2.4350457160348826 -5.25 -3.1734133611649407
    endloop
  endfacet
  facet normal 0 1 0
    outer loop
      vertex -0.5221047688802063 -5.25 -3.9657794454952415
      vertex 0.5221047688802063 -5.25 -3.9657794454952415
      vertex 0 -5.25 -4
    endloop
  endfacet
  facet normal 0 1 0
    outer loop
      vertex -1.035276180410083 -5.25 -3.8637033051562732
      vertex 1.035276180410083 -5.25 -3.8637033051562732
      vertex 0.5221047688802063 -5.25 -3.9657794454952415
    endloop
  endfacet
  facet normal 0 1 0
    outer loop
      vertex -1.5307337294603591 -5.25 -3.695518130045147
      vertex 1.5307337294603591 -5.25 -3.695518130045147
      vertex 1.035276180410083 -5.25 -3.8637033051562732
    endloop
  endfacet
  facet normal 0 1 0
    outer loop
      vertex -3.695518130045147 -5.25 -1.5307337294603591
      vertex -0.22189452677408766 -5.25 -1.6854562643354776
      vertex 3.4641016151377544 -5.25 -2
    endloop
  endfacet
  facet normal 0 1 0
    outer loop
      vertex -2 -5.25 -3.4641016151377544
      vertex 2 -5.25 -3.4641016151377544
      vertex 1.5307337294603591 -5.25 -3.695518130045147
    endloop
  endfacet
  facet normal 0 1 0
    outer loop
      vertex -2.4350457160348826 -5.25 -3.1734133611649407
      vertex 2.4350457160348826 -5.25 -3.1734133611649407
      vertex 2 -5.25 -3.4641016151377544
    endloop
  endfacet
  facet normal 0 1 0
    outer loop
      vertex -2.8284271247461903 -5.25 -2.8284271247461903
      vertex 2.8284271247461903 -5.25 -2.8284271247461903
      vertex 2.4350457160348826 -5.25 -3.1734133611649407
    endloop
  endfacet
  facet normal 0 1 0
    outer loop
      vertex -3.1734133611649407 -5.25 -2.4350457160348826
      vertex 3.1734133611649407 -5.25 -2.4350457160348826
      vertex 2.8284271247461903 -5.25 -2.8284271247461903
    endloop
  endfacet
  facet normal 0 1 0
    outer loop
      vertex -3.4641016151377544 -5.25 -2
      vertex 3.4641016151377544 -5.25 -2
      vertex 3.1734133611649407 -5.25 -2.4350457160348826
    endloop
  endfacet
  facet normal 0 1 0
    outer loop
      vertex 3.4641016151377544 -5.25 -2
      vertex -0.22189452677408766 -5.25 -1.6854562643354776
      vertex 0 -5.25 -1.7
    endloop
  endfacet
  facet normal 0 1 0
    outer loop
      vertex 3.4641016151377544 -5.25 -2
      vertex 0 -5.25 -1.7
      vertex 0.22189452677408766 -5.25 -1.6854562643354776
    endloop
  endfacet
  facet normal 0 1 0
    outer loop
      vertex 3.4641016151377544 -5.25 -2
      vertex 0.22189452677408766 -5.25 -1.6854562643354776
      vertex 0.43999237667428526 -5.25 -1.6420739046914161
    endloop
  endfacet
  facet normal 0 1 0
    outer loop
      vertex 3.4641016151377544 -5.25 -2
      vertex 0.43999237667428526 -5.25 -1.6420739046914161
      vertex 0.6505618350206526 -5.25 -1.5705952052691874
    endloop
  endfacet
  facet normal 0 1 0
    outer loop
      vertex 3.4641016151377544 -5.25 -2
      vertex 0.6505618350206526 -5.25 -1.5705952052691874
      vertex 0.85 -5.25 -1.4722431864335457
    endloop
  endfacet
  facet normal 0 1 0
    outer loop
      vertex 3.695518130045147 -5.25 -1.5307337294603591
      vertex 0.85 -5.25 -1.4722431864335457
      vertex 1.034894429314825 -5.25 -1.3487006784950997
    endloop
  endfacet
  facet normal 0 1 0
    outer loop
      vertex 3.695518130045147 -5.25 -1.5307337294603591
      vertex 1.034894429314825 -5.25 -1.3487006784950997
      vertex 1.2020815280171309 -5.25 -1.2020815280171309
    endloop
  endfacet
  facet normal -0.9469301294951055 0 0.32143946530316175
    outer loop
      vertex -3.8637033051562732 -14.75 1.035276180410083
      vertex -3.695518130045147 -5.25 1.5307337294603591
      vertex -3.8637033051562732 -5.25 1.035276180410083
    endloop
  endfacet
  facet normal -0.8968727415326881 0 0.44228869021900147
    outer loop
      vertex -3.695518130045147 -14.75 1.5307337294603591
      vertex -3.4641016151377544 -5.25 2
      vertex -3.695518130045147 -5.25 1.5307337294603591
    endloop
  endfacet
  facet normal -0.8314696123025453 0 0.5555702330196017
    outer loop
      vertex -3.4641016151377544 -14.75 2
      vertex -3.1734133611649407 -5.25 2.4350457160348826
      vertex -3.4641016151377544 -5.25 2
    endloop
  endfacet
  facet normal -0.7518398074789777 0 0.6593458151000686
    outer loop
      vertex -3.1734133611649407 -14.75 2.4350457160348826
      vertex -2.8284271247461903 -5.25 2.8284271247461903
      vertex -3.1734133611649407 -5.25 2.4350457160348826
    endloop
  endfacet
  facet normal -0.6593458151000686 0 0.7518398074789777
    outer loop
      vertex -2.4350457160348826 -14.75 3.1734133611649407
      vertex -2.4350457160348826 -5.25 3.1734133611649407
      vertex -2.8284271247461903 -5.25 2.8284271247461903
    endloop
  endfacet
  facet normal -0.5555702330196017 0 0.8314696123025453
    outer loop
      vertex -2 -14.75 3.4641016151377544
      vertex -2 -5.25 3.4641016151377544
      vertex -2.4350457160348826 -5.25 3.1734133611649407
    endloop
  endfacet
  facet normal -0.44228869021900147 0 0.8968727415326881
    outer loop
      vertex -1.5307337294603591 -14.75 3.695518130045147
      vertex -1.5307337294603591 -5.25 3.695518130045147
      vertex -2 -5.25 3.4641016151377544
    endloop
  endfacet
  facet normal -0.32143946530316175 0 0.9469301294951055
    outer loop
      vertex -1.035276180410083 -14.75 3.8637033051562732
      vertex -1.035276180410083 -5.25 3.8637033051562732
      vertex -1.5307337294603591 -5.25 3.695518130045147
    endloop
  endfacet
  facet normal 0 1 0
    outer loop
      vertex -3.8637033051562732 -5.25 1.035276180410083
      vertex -3.695518130045147 -5.25 1.5307337294603591
      vertex -1.6420739046914161 -5.25 0.43999237667428526
    endloop
  endfacet
  facet normal 0 1 0
    outer loop
      vertex -3.695518130045147 -5.25 1.5307337294603591
      vertex -3.4641016151377544 -5.25 2
      vertex -1.4722431864335457 -5.25 0.85
    endloop
  endfacet
  facet normal 0 1 0
    outer loop
      vertex -3.4641016151377544 -5.25 2
      vertex -3.1734133611649407 -5.25 2.4350457160348826
      vertex -1.4722431864335457 -5.25 0.85
    endloop
  endfacet
  facet normal 0 1 0
    outer loop
      vertex -3.695518130045147 -5.25 1.5307337294603591
      vertex -1.4722431864335457 -5.25 0.85
      vertex -1.5705952052691874 -5.25 0.6505618350206526
    endloop
  endfacet
  facet normal 0 1 0
    outer loop
      vertex -3.1734133611649407 -5.25 2.4350457160348826
      vertex -1.3487006784950997 -5.25 1.034894429314825
      vertex -1.4722431864335457 -5.25 0.85
    endloop
  endfacet
  facet normal 0 1 0
    outer loop
      vertex -3.1734133611649407 -5.25 2.4350457160348826
      vertex -1.2020815280171309 -5.25 1.2020815280171309
      vertex -1.3487006784950997 -5.25 1.034894429314825
    endloop
  endfacet
  facet normal 0 1 0
    outer loop
      vertex -3.1734133611649407 -5.25 2.4350457160348826
      vertex -2.8284271247461903 -5.25 2.8284271247461903
      vertex -1.2020815280171309 -5.25 1.2020815280171309
    endloop
  endfacet
  facet normal 0 1 0
    outer loop
      vertex -2.4350457160348826 -5.25 3.1734133611649407
      vertex -1.034894429314825 -5.25 1.3487006784950997
      vertex -1.2020815280171309 -5.25 1.2020815280171309
    endloop
  endfacet
  facet normal 0 1 0
    outer loop
      vertex -2.4350457160348826 -5.25 3.1734133611649407
      vertex -0.85 -5.25 1.4722431864335457
      vertex -1.034894429314825 -5.25 1.3487006784950997
    endloop
  endfacet
  facet normal 0 1 0
    outer loop
      vertex -2 -5.25 3.4641016151377544
      vertex -0.6505618350206527 -5.25 1.5705952052691874
      vertex -0.85 -5.25 1.4722431864335457
    endloop
  endfacet
  facet normal 0 1 0
    outer loop
      vertex -2.8284271247461903 -5.25 2.8284271247461903
      vertex -2.4350457160348826 -5.25 3.1734133611649407
      vertex -1.2020815280171309 -5.25 1.2020815280171309
    endloop
  endfacet
  facet normal 0 1 0
    outer loop
      vertex -2.4350457160348826 -5.25 3.1734133611649407
      vertex -2 -5.25 3.4641016151377544
      vertex -0.85 -5.25 1.4722431864335457
    endloop
  endfacet
  facet normal 0 1 0
    outer loop
      vertex -2 -5.25 3.4641016151377544
      vertex -1.5307337294603591 -5.25 3.695518130045147
      vertex -0.6505618350206527 -5.25 1.5705952052691874
    endloop
  endfacet
  facet normal 0 1 0
    outer loop
      vertex -1.5307337294603591 -5.25 3.695518130045147
      vertex -1.035276180410083 -5.25 3.8637033051562732
      vertex -0.43999237667428526 -5.25 1.6420739046914161
    endloop
  endfacet
  facet normal -0.19509032201612786 0 0.9807852804032305
    outer loop
      vertex -0.5221047688802063 -14.75 3.9657794454952415
      vertex -0.5221047688802063 -5.25 3.9657794454952415
      vertex -1.035276180410083 -5.25 3.8637033051562732
    endloop
  endfacet
  facet normal -0.0654031292301433 0 0.9978589232386035
    outer loop
      vertex 0 -14.75 4
      vertex 0 -5.25 4
      vertex -0.5221047688802063 -5.25 3.9657794454952415
    endloop
  endfacet
  facet normal 0 1 0
    outer loop
      vertex -1.5307337294603591 -5.25 3.695518130045147
      vertex -0.43999237667428526 -5.25 1.6420739046914161
      vertex -0.6505618350206527 -5.25 1.5705952052691874
    endloop
  endfacet
  facet normal 0 1 0
    outer loop
      vertex -0.5221047688802063 -5.25 3.9657794454952415
      vertex -0.22189452677408766 -5.25 1.6854562643354776
      vertex -0.43999237667428526 -5.25 1.6420739046914161
    endloop
  endfacet
  facet normal 0 1 0
    outer loop
      vertex -1.035276180410083 -5.25 3.8637033051562732
      vertex -0.5221047688802063 -5.25 3.9657794454952415
      vertex -0.43999237667428526 -5.25 1.6420739046914161
    endloop
  endfacet
  facet normal 0 1 0
    outer loop
      vertex -0.5221047688802063 -5.25 3.9657794454952415
      vertex 0 -5.25 1.7
      vertex -0.22189452677408766 -5.25 1.6854562643354776
    endloop
  endfacet
  facet normal 0 1 0
    outer loop
      vertex -0.5221047688802063 -5.25 3.9657794454952415
      vertex 0 -5.25 4
      vertex 0 -5.25 1.7
    endloop
  endfacet
  facet normal 0.5555702330196017 -2.4473316626424424e-18 -0.8314696123025453
    outer loop
      vertex 2 -14.75 -3.4641016151377544
      vertex 2.4350457160348826 -5.25 -3.1734133611649407
      vertex 2.4350457160348826 -14.75 -3.1734133611649407
    endloop
  endfacet
  facet normal 0.6593458151000686 -4.269435086286079e-19 -0.7518398074789777
    outer loop
      vertex 2.4350457160348826 -14.75 -3.1734133611649407
      vertex 2.8284271247461903 -5.25 -2.8284271247461903
      vertex 2.8284271247461903 -14.75 -2.8284271247461903
    endloop
  endfacet
  facet normal 0.7518398074789777 0 -0.6593458151000686
    outer loop
      vertex 2.8284271247461903 -14.75 -2.8284271247461903
      vertex 2.8284271247461903 -5.25 -2.8284271247461903
      vertex 3.1734133611649407 -14.75 -2.4350457160348826
    endloop
  endfacet
  facet normal 0.8314696123025453 0 -0.5555702330196017
    outer loop
      vertex 3.1734133611649407 -14.75 -2.4350457160348826
      vertex 3.1734133611649407 -5.25 -2.4350457160348826
      vertex 3.4641016151377544 -14.75 -2
    endloop
  endfacet
  facet normal 0.8968727415326881 0 -0.44228869021900147
    outer loop
      vertex 3.4641016151377544 -14.75 -2
      vertex 3.4641016151377544 -5.25 -2
      vertex 3.695518130045147 -14.75 -1.5307337294603591
    endloop
  endfacet
  facet normal 0 -1 0
    outer loop
      vertex 3.8637033051562732 -14.75 -1.035276180410083
      vertex 1.2020815280171309 -14.75 -1.2020815280171309
      vertex 1.034894429314825 -14.75 -1.3487006784950997
    endloop
  endfacet
  facet normal 0 -1 0
    outer loop
      vertex 3.8637033051562732 -14.75 -1.035276180410083
      vertex 1.3487006784950997 -14.75 -1.034894429314825
      vertex 1.2020815280171309 -14.75 -1.2020815280171309
    endloop
  endfacet
  facet normal 0 -1 0
    outer loop
      vertex 3.8637033051562732 -14.75 -1.035276180410083
      vertex 1.4722431864335457 -14.75 -0.85
      vertex 1.3487006784950997 -14.75 -1.034894429314825
    endloop
  endfacet
  facet normal 0 -1 0
    outer loop
      vertex 3.9657794454952415 -14.75 -0.5221047688802063
      vertex 1.5705952052691874 -14.75 -0.6505618350206526
      vertex 1.4722431864335457 -14.75 -0.85
    endloop
  endfacet
  facet normal 0 -1 0
    outer loop
      vertex 3.9657794454952415 -14.75 -0.5221047688802063
      vertex 1.6420739046914161 -14.75 -0.43999237667428526
      vertex 1.5705952052691874 -14.75 -0.6505618350206526
    endloop
  endfacet
  facet normal 0 -1 0
    outer loop
      vertex 3.9657794454952415 -14.75 -0.5221047688802063
      vertex 1.6854562643354776 -14.75 -0.22189452677408766
      vertex 1.6420739046914161 -14.75 -0.43999237667428526
    endloop
  endfacet
  facet normal 0 -1 0
    outer loop
      vertex 3.695518130045147 -14.75 -1.5307337294603591
      vertex 3.8637033051562732 -14.75 -1.035276180410083
      vertex 1.034894429314825 -14.75 -1.3487006784950997
    endloop
  endfacet
  facet normal 0 -1 0
    outer loop
      vertex 3.8637033051562732 -14.75 -1.035276180410083
      vertex 3.9657794454952415 -14.75 -0.5221047688802063
      vertex 1.4722431864335457 -14.75 -0.85
    endloop
  endfacet
  facet normal 0 -1 0
    outer loop
      vertex 4 -14.75 0
      vertex 1.7 -14.75 0
      vertex 1.6854562643354776 -14.75 -0.22189452677408766
    endloop
  endfacet
  facet normal 0 -1 0
    outer loop
      vertex 3.9657794454952415 -14.75 -0.5221047688802063
      vertex 4 -14.75 0
      vertex 1.6854562643354776 -14.75 -0.22189452677408766
    endloop
  endfacet
  facet normal 0.9469301294951055 0 -0.32143946530316175
    outer loop
      vertex 3.695518130045147 -14.75 -1.5307337294603591
      vertex 3.695518130045147 -5.25 -1.5307337294603591
      vertex 3.8637033051562732 -14.75 -1.035276180410083
    endloop
  endfacet
  facet normal 0.9807852804032305 0 -0.19509032201612786
    outer loop
      vertex 3.8637033051562732 -14.75 -1.035276180410083
      vertex 3.8637033051562732 -5.25 -1.035276180410083
      vertex 3.9657794454952415 -14.75 -0.5221047688802063
    endloop
  endfacet
  facet normal 0.9978589232386035 0 -0.0654031292301433
    outer loop
      vertex 3.9657794454952415 -14.75 -0.5221047688802063
      vertex 3.9657794454952415 -5.25 -0.5221047688802063
      vertex 4 -14.75 0
    endloop
  endfacet
  facet normal 0.5555702330196017 0 -0.8314696123025453
    outer loop
      vertex 2 -14.75 -3.4641016151377544
      vertex 2 -5.25 -3.4641016151377544
      vertex 2.4350457160348826 -5.25 -3.1734133611649407
    endloop
  endfacet
  facet normal 0.6593458151000686 0 -0.7518398074789777
    outer loop
      vertex 2.4350457160348826 -14.75 -3.1734133611649407
      vertex 2.4350457160348826 -5.25 -3.1734133611649407
      vertex 2.8284271247461903 -5.25 -2.8284271247461903
    endloop
  endfacet
  facet normal 0.7518398074789777 0 -0.6593458151000686
    outer loop
      vertex 3.1734133611649407 -14.75 -2.4350457160348826
      vertex 2.8284271247461903 -5.25 -2.8284271247461903
      vertex 3.1734133611649407 -5.25 -2.4350457160348826
    endloop
  endfacet
  facet normal 0.8314696123025453 0 -0.5555702330196017
    outer loop
      vertex 3.4641016151377544 -14.75 -2
      vertex 3.1734133611649407 -5.25 -2.4350457160348826
      vertex 3.4641016151377544 -5.25 -2
    endloop
  endfacet
  facet normal 0.8968727415326881 0 -0.44228869021900147
    outer loop
      vertex 3.695518130045147 -14.75 -1.5307337294603591
      vertex 3.4641016151377544 -5.25 -2
      vertex 3.695518130045147 -5.25 -1.5307337294603591
    endloop
  endfacet
  facet normal 0.9469301294951055 0 -0.32143946530316175
    outer loop
      vertex 3.8637033051562732 -14.75 -1.035276180410083
      vertex 3.695518130045147 -5.25 -1.5307337294603591
      vertex 3.8637033051562732 -5.25 -1.035276180410083
    endloop
  endfacet
  facet normal 0.9807852804032305 0 -0.19509032201612786
    outer loop
      vertex 3.9657794454952415 -14.75 -0.5221047688802063
      vertex 3.8637033051562732 -5.25 -1.035276180410083
      vertex 3.9657794454952415 -5.25 -0.5221047688802063
    endloop
  endfacet
  facet normal 0.9978589232386035 0 -0.0654031292301433
    outer loop
      vertex 4 -14.75 0
      vertex 3.9657794454952415 -5.25 -0.5221047688802063
      vertex 4 -5.25 0
    endloop
  endfacet
  facet normal 0 1 0
    outer loop
      vertex 3.4641016151377544 -5.25 -2
      vertex 0.85 -5.25 -1.4722431864335457
      vertex 3.695518130045147 -5.25 -1.5307337294603591
    endloop
  endfacet
  facet normal 0 1 0
    outer loop
      vertex 3.695518130045147 -5.25 -1.5307337294603591
      vertex 1.2020815280171309 -5.25 -1.2020815280171309
      vertex 1.3487006784950997 -5.25 -1.034894429314825
    endloop
  endfacet
  facet normal 0 1 0
    outer loop
      vertex 3.8637033051562732 -5.25 -1.035276180410083
      vertex 1.3487006784950997 -5.25 -1.034894429314825
      vertex 1.4722431864335457 -5.25 -0.85
    endloop
  endfacet
  facet normal 0 1 0
    outer loop
      vertex 3.8637033051562732 -5.25 -1.035276180410083
      vertex 1.4722431864335457 -5.25 -0.85
      vertex 1.5705952052691874 -5.25 -0.6505618350206526
    endloop
  endfacet
  facet normal 0 1 0
    outer loop
      vertex 3.8637033051562732 -5.25 -1.035276180410083
      vertex 1.5705952052691874 -5.25 -0.6505618350206526
      vertex 1.6420739046914161 -5.25 -0.43999237667428526
    endloop
  endfacet
  facet normal 0 1 0
    outer loop
      vertex 3.9657794454952415 -5.25 -0.5221047688802063
      vertex 1.6420739046914161 -5.25 -0.43999237667428526
      vertex 1.6854562643354776 -5.25 -0.22189452677408766
    endloop
  endfacet
  facet normal 0 1 0
    outer loop
      vertex 3.695518130045147 -5.25 -1.5307337294603591
      vertex 1.3487006784950997 -5.25 -1.034894429314825
      vertex 3.8637033051562732 -5.25 -1.035276180410083
    endloop
  endfacet
  facet normal 0 1 0
    outer loop
      vertex 3.8637033051562732 -5.25 -1.035276180410083
      vertex 1.6420739046914161 -5.25 -0.43999237667428526
      vertex 3.9657794454952415 -5.25 -0.5221047688802063
    endloop
  endfacet
  facet normal 0 1 0
    outer loop
      vertex 3.9657794454952415 -5.25 -0.5221047688802063
      vertex 1.6854562643354776 -5.25 -0.22189452677408766
      vertex 1.7 -5.25 0
    endloop
  endfacet
  facet normal 0 1 0
    outer loop
      vertex 3.9657794454952415 -5.25 -0.5221047688802063
      vertex 1.7 -5.25 0
      vertex 4 -5.25 0
    endloop
  endfacet
  facet normal 0 -1 0
    outer loop
      vertex -3.695518130045147 5.25 -1.5307337294603591
      vertex -3.4641016151377544 5.25 -2
      vertex -0.85 5.25 -1.4722431864335457
    endloop
  endfacet
  facet normal 0 -1 0
    outer loop
      vertex -3.4641016151377544 5.25 -2
      vertex -3.1734133611649407 5.25 -2.4350457160348826
      vertex 3.4641016151377544 5.25 -2
    endloop
  endfacet
  facet normal 0 -1 0
    outer loop
      vertex -3.4641016151377544 5.25 -2
      vertex -0.6505618350206526 5.25 -1.5705952052691874
      vertex -0.85 5.25 -1.4722431864335457
    endloop
  endfacet
  facet normal 0 -1 0
    outer loop
      vertex -3.4641016151377544 5.25 -2
      vertex -0.43999237667428526 5.25 -1.6420739046914161
      vertex -0.6505618350206526 5.25 -1.5705952052691874
    endloop
  endfacet
  facet normal 0 -1 0
    outer loop
      vertex -3.4641016151377544 5.25 -2
      vertex -0.22189452677408766 5.25 -1.6854562643354776
      vertex -0.43999237667428526 5.25 -1.6420739046914161
    endloop
  endfacet
  facet normal 0 -1 0
    outer loop
      vertex -3.4641016151377544 5.25 -2
      vertex 0 5.25 -1.7
      vertex -0.22189452677408766 5.25 -1.6854562643354776
    endloop
  endfacet
  facet normal 0 -1 0
    outer loop
      vertex -3.4641016151377544 5.25 -2
      vertex 0.22189452677408766 5.25 -1.6854562643354776
      vertex 0 5.25 -1.7
    endloop
  endfacet
  facet normal 0 -1 0
    outer loop
      vertex -3.695518130045147 5.25 -1.5307337294603591
      vertex -1.3487006784950997 5.25 -1.034894429314825
      vertex -3.8637033051562732 5.25 -1.035276180410083
    endloop
  endfacet
  facet normal 0 -1 0
    outer loop
      vertex -3.8637033051562732 5.25 -1.035276180410083
      vertex -1.6420739046914161 5.25 -0.43999237667428526
      vertex -3.9657794454952415 5.25 -0.5221047688802063
    endloop
  endfacet
  facet normal 0 -1 0
    outer loop
      vertex -3.9657794454952415 5.25 -0.5221047688802063
      vertex -1.7 5.25 0
      vertex -4 5.25 0
    endloop
  endfacet
  facet normal 0 -1 0
    outer loop
      vertex -3.8637033051562732 5.25 -1.035276180410083
      vertex -1.3487006784950997 5.25 -1.034894429314825
      vertex -1.4722431864335457 5.25 -0.85
    endloop
  endfacet
  facet normal 0 -1 0
    outer loop
      vertex -3.695518130045147 5.25 -1.5307337294603591
      vertex -1.034894429314825 5.25 -1.3487006784950997
      vertex -1.2020815280171309 5.25 -1.2020815280171309
    endloop
  endfacet
  facet normal 0 -1 0
    outer loop
      vertex -3.695518130045147 5.25 -1.5307337294603591
      vertex -1.2020815280171309 5.25 -1.2020815280171309
      vertex -1.3487006784950997 5.25 -1.034894429314825
    endloop
  endfacet
  facet normal 0 -1 0
    outer loop
      vertex -3.695518130045147 5.25 -1.5307337294603591
      vertex -0.85 5.25 -1.4722431864335457
      vertex -1.034894429314825 5.25 -1.3487006784950997
    endloop
  endfacet
  facet normal 0 -1 0
    outer loop
      vertex -3.8637033051562732 5.25 -1.035276180410083
      vertex -1.5705952052691874 5.25 -0.6505618350206526
      vertex -1.6420739046914161 5.25 -0.43999237667428526
    endloop
  endfacet
  facet normal 0 -1 0
    outer loop
      vertex -3.8637033051562732 5.25 -1.035276180410083
      vertex -1.4722431864335457 5.25 -0.85
      vertex -1.5705952052691874 5.25 -0.6505618350206526
    endloop
  endfacet
  facet normal 0 -1 0
    outer loop
      vertex -3.9657794454952415 5.25 -0.5221047688802063
      vertex -1.6420739046914161 5.25 -0.43999237667428526
      vertex -1.6854562643354776 5.25 -0.22189452677408766
    endloop
  endfacet
  facet normal 0 -1 0
    outer loop
      vertex -3.9657794454952415 5.25 -0.5221047688802063
      vertex -1.6854562643354776 5.25 -0.22189452677408766
      vertex -1.7 5.25 0
    endloop
  endfacet
  facet normal 0 -1 0
    outer loop
      vertex -4 5.25 0
      vertex -1.7 5.25 0
      vertex -1.6854562643354776 5.25 0.22189452677408766
    endloop
  endfacet
  facet normal 0 -1 0
    outer loop
      vertex -4 5.25 0
      vertex -1.6854562643354776 5.25 0.22189452677408766
      vertex -1.6420739046914161 5.25 0.43999237667428526
    endloop
  endfacet
  facet normal 0 -1 0
    outer loop
      vertex -4 5.25 0
      vertex -1.6420739046914161 5.25 0.43999237667428526
      vertex -1.5705952052691874 5.25 0.6505618350206526
    endloop
  endfacet
  facet normal 0 -1 0
    outer loop
      vertex -4 5.25 0
      vertex -1.5705952052691874 5.25 0.6505618350206526
      vertex -1.4722431864335457 5.25 0.85
    endloop
  endfacet
  facet normal -0.6593458151000686 4.269435086286079e-19 -0.7518398074789777
    outer loop
      vertex -2.8284271247461903 5.25 -2.8284271247461903
      vertex -2.4350457160348826 14.75 -3.1734133611649407
      vertex -2.4350457160348826 5.25 -3.1734133611649407
    endloop
  endfacet
  facet normal -0.8314696123025453 0 -0.5555702330196017
    outer loop
      vertex -3.4641016151377544 5.25 -2
      vertex -3.4641016151377544 14.75 -2
      vertex -3.1734133611649407 5.25 -2.4350457160348826
    endloop
  endfacet
  facet normal -0.8968727415326881 0 -0.44228869021900147
    outer loop
      vertex -3.695518130045147 5.25 -1.5307337294603591
      vertex -3.695518130045147 14.75 -1.5307337294603591
      vertex -3.4641016151377544 5.25 -2
    endloop
  endfacet
  facet normal -0.7518398074789777 4.269435086286079e-19 -0.6593458151000686
    outer loop
      vertex -2.8284271247461903 5.25 -2.8284271247461903
      vertex -3.1734133611649407 5.25 -2.4350457160348826
      vertex -3.1734133611649407 14.75 -2.4350457160348826
    endloop
  endfacet
  facet normal -0.5555702330196017 0 -0.8314696123025453
    outer loop
      vertex -2 5.25 -3.4641016151377544
      vertex -2.4350457160348826 5.25 -3.1734133611649407
      vertex -2 14.75 -3.4641016151377544
    endloop
  endfacet
  facet normal -0.44228869021900147 -2.504624174647419e-19 -0.8968727415326881
    outer loop
      vertex -2 5.25 -3.4641016151377544
      vertex -1.5307337294603591 14.75 -3.695518130045147
      vertex -1.5307337294603591 5.25 -3.695518130045147
    endloop
  endfacet
  facet normal -0.32143946530316175 1.0410655468555025e-18 -0.9469301294951055
    outer loop
      vertex -1.5307337294603591 5.25 -3.695518130045147
      vertex -1.035276180410083 14.75 -3.8637033051562732
      vertex -1.035276180410083 5.25 -3.8637033051562732
    endloop
  endfacet
  facet normal -0.9469301294951055 1.0410655468555025e-18 -0.32143946530316175
    outer loop
      vertex -3.695518130045147 5.25 -1.5307337294603591
      vertex -3.8637033051562732 5.25 -1.035276180410083
      vertex -3.8637033051562732 14.75 -1.035276180410083
    endloop
  endfacet
  facet normal -0.9807852804032305 -9.433935088767862e-20 -0.19509032201612786
    outer loop
      vertex -3.8637033051562732 5.25 -1.035276180410083
      vertex -3.9657794454952415 5.25 -0.5221047688802063
      vertex -3.9657794454952415 14.75 -0.5221047688802063
    endloop
  endfacet
  facet normal -0.9978589232386035 2.1887107583561427e-19 -0.0654031292301433
    outer loop
      vertex -3.9657794454952415 5.25 -0.5221047688802063
      vertex -4 5.25 0
      vertex -4 14.75 0
    endloop
  endfacet
  facet normal -0.9978589232386035 -2.1887107583561427e-19 0.0654031292301433
    outer loop
      vertex -4 5.25 0
      vertex -3.9657794454952415 5.25 0.5221047688802063
      vertex -3.9657794454952415 14.75 0.5221047688802063
    endloop
  endfacet
  facet normal -0.9807852804032305 9.433935088767862e-20 0.19509032201612786
    outer loop
      vertex -3.9657794454952415 5.25 0.5221047688802063
      vertex -3.8637033051562732 5.25 1.035276180410083
      vertex -3.8637033051562732 14.75 1.035276180410083
    endloop
  endfacet
  facet normal 0 -1 0
    outer loop
      vertex -1.5307337294603591 5.25 -3.695518130045147
      vertex -1.035276180410083 5.25 -3.8637033051562732
      vertex 1.5307337294603591 5.25 -3.695518130045147
    endloop
  endfacet
  facet normal 0 -1 0
    outer loop
      vertex -2 5.25 -3.4641016151377544
      vertex -1.5307337294603591 5.25 -3.695518130045147
      vertex 2 5.25 -3.4641016151377544
    endloop
  endfacet
  facet normal 0 -1 0
    outer loop
      vertex -2 5.25 -3.4641016151377544
      vertex 2.4350457160348826 5.25 -3.1734133611649407
      vertex -2.4350457160348826 5.25 -3.1734133611649407
    endloop
  endfacet
  facet normal 0 -1 0
    outer loop
      vertex -2.8284271247461903 5.25 -2.8284271247461903
      vertex -2.4350457160348826 5.25 -3.1734133611649407
      vertex 2.8284271247461903 5.25 -2.8284271247461903
    endloop
  endfacet
  facet normal 0 -1 0
    outer loop
      vertex -1.035276180410083 5.25 -3.8637033051562732
      vertex -0.5221047688802063 5.25 -3.9657794454952415
      vertex 1.035276180410083 5.25 -3.8637033051562732
    endloop
  endfacet
  facet normal 0 -1 0
    outer loop
      vertex -0.5221047688802063 5.25 -3.9657794454952415
      vertex 0 5.25 -4
      vertex 0.5221047688802063 5.25 -3.9657794454952415
    endloop
  endfacet
  facet normal 0 -1 0
    outer loop
      vertex -0.5221047688802063 5.25 -3.9657794454952415
      vertex 0.5221047688802063 5.25 -3.9657794454952415
      vertex 1.035276180410083 5.25 -3.8637033051562732
    endloop
  endfacet
  facet normal 0 -1 0
    outer loop
      vertex -2.8284271247461903 5.25 -2.8284271247461903
      vertex 3.1734133611649407 5.25 -2.4350457160348826
      vertex -3.1734133611649407 5.25 -2.4350457160348826
    endloop
  endfacet
  facet normal 0 -1 0
    outer loop
      vertex -3.4641016151377544 5.25 -2
      vertex 3.695518130045147 5.25 -1.5307337294603591
      vertex 0.22189452677408766 5.25 -1.6854562643354776
    endloop
  endfacet
  facet normal 0 -1 0
    outer loop
      vertex -1.035276180410083 5.25 -3.8637033051562732
      vertex 1.035276180410083 5.25 -3.8637033051562732
      vertex 1.5307337294603591 5.25 -3.695518130045147
    endloop
  endfacet
  facet normal 0 -1 0
    outer loop
      vertex -1.5307337294603591 5.25 -3.695518130045147
      vertex 1.5307337294603591 5.25 -3.695518130045147
      vertex 2 5.25 -3.4641016151377544
    endloop
  endfacet
  facet normal 0 -1 0
    outer loop
      vertex -2 5.25 -3.4641016151377544
      vertex 2 5.25 -3.4641016151377544
      vertex 2.4350457160348826 5.25 -3.1734133611649407
    endloop
  endfacet
  facet normal 0 -1 0
    outer loop
      vertex -2.4350457160348826 5.25 -3.1734133611649407
      vertex 2.4350457160348826 5.25 -3.1734133611649407
      vertex 2.8284271247461903 5.25 -2.8284271247461903
    endloop
  endfacet
  facet normal 0 -1 0
    outer loop
      vertex -2.8284271247461903 5.25 -2.8284271247461903
      vertex 2.8284271247461903 5.25 -2.8284271247461903
      vertex 3.1734133611649407 5.25 -2.4350457160348826
    endloop
  endfacet
  facet normal 0 -1 0
    outer loop
      vertex -3.1734133611649407 5.25 -2.4350457160348826
      vertex 3.1734133611649407 5.25 -2.4350457160348826
      vertex 3.4641016151377544 5.25 -2
    endloop
  endfacet
  facet normal 0 -1 0
    outer loop
      vertex -3.4641016151377544 5.25 -2
      vertex 3.4641016151377544 5.25 -2
      vertex 3.695518130045147 5.25 -1.5307337294603591
    endloop
  endfacet
  facet normal 0 -1 0
    outer loop
      vertex 3.695518130045147 5.25 -1.5307337294603591
      vertex 0.43999237667428526 5.25 -1.6420739046914161
      vertex 0.22189452677408766 5.25 -1.6854562643354776
    endloop
  endfacet
  facet normal 0 -1 0
    outer loop
      vertex 3.695518130045147 5.25 -1.5307337294603591
      vertex 0.6505618350206526 5.25 -1.5705952052691874
      vertex 0.43999237667428526 5.25 -1.6420739046914161
    endloop
  endfacet
  facet normal 0 -1 0
    outer loop
      vertex 3.695518130045147 5.25 -1.5307337294603591
      vertex 0.85 5.25 -1.4722431864335457
      vertex 0.6505618350206526 5.25 -1.5705952052691874
    endloop
  endfacet
  facet normal 0 -1 0
    outer loop
      vertex 3.695518130045147 5.25 -1.5307337294603591
      vertex 1.034894429314825 5.25 -1.3487006784950997
      vertex 0.85 5.25 -1.4722431864335457
    endloop
  endfacet
  facet normal -0.19509032201612786 -9.433935088767862e-20 -0.9807852804032305
    outer loop
      vertex -1.035276180410083 5.25 -3.8637033051562732
      vertex -0.5221047688802063 14.75 -3.9657794454952415
      vertex -0.5221047688802063 5.25 -3.9657794454952415
    endloop
  endfacet
  facet normal -0.0654031292301433 2.1887107583561427e-19 -0.9978589232386035
    outer loop
      vertex -0.5221047688802063 5.25 -3.9657794454952415
      vertex 0 14.75 -4
      vertex 0 5.25 -4
    endloop
  endfacet
  facet normal 0.0654031292301433 -2.1887107583561427e-19 -0.9978589232386035
    outer loop
      vertex 0 5.25 -4
      vertex 0.5221047688802063 14.75 -3.9657794454952415
      vertex 0.5221047688802063 5.25 -3.9657794454952415
    endloop
  endfacet
  facet normal 0.19509032201612786 9.433935088767862e-20 -0.9807852804032305
    outer loop
      vertex 0.5221047688802063 5.25 -3.9657794454952415
      vertex 1.035276180410083 14.75 -3.8637033051562732
      vertex 1.035276180410083 5.25 -3.8637033051562732
    endloop
  endfacet
  facet normal 0.32143946530316175 -1.0410655468555025e-18 -0.9469301294951055
    outer loop
      vertex 1.035276180410083 5.25 -3.8637033051562732
      vertex 1.5307337294603591 14.75 -3.695518130045147
      vertex 1.5307337294603591 5.25 -3.695518130045147
    endloop
  endfacet
  facet normal 0.44228869021900147 2.504624174647419e-19 -0.8968727415326881
    outer loop
      vertex 1.5307337294603591 5.25 -3.695518130045147
      vertex 2 14.75 -3.4641016151377544
      vertex 2 5.25 -3.4641016151377544
    endloop
  endfacet
  facet normal 0 -1 0
    outer loop
      vertex -4 5.25 0
      vertex 0 5.25 4
      vertex -3.9657794454952415 5.25 0.5221047688802063
    endloop
  endfacet
  facet normal 0 -1 0
    outer loop
      vertex -3.9657794454952415 5.25 0.5221047688802063
      vertex 0 5.25 4
      vertex -3.8637033051562732 5.25 1.035276180410083
    endloop
  endfacet
  facet normal 0 -1 0
    outer loop
      vertex -3.8637033051562732 5.25 1.035276180410083
      vertex 0 5.25 4
      vertex -3.695518130045147 5.25 1.5307337294603591
    endloop
  endfacet
  facet normal 0 -1 0
    outer loop
      vertex -4 5.25 0
      vertex -1.4722431864335457 5.25 0.85
      vertex 0 5.25 4
    endloop
  endfacet
  facet normal 0 -1 0
    outer loop
      vertex -3.695518130045147 5.25 1.5307337294603591
      vertex 0 5.25 4
      vertex -3.4641016151377544 5.25 2
    endloop
  endfacet
  facet normal 0 -1 0
    outer loop
      vertex -3.4641016151377544 5.25 2
      vertex 0 5.25 4
      vertex -3.1734133611649407 5.25 2.4350457160348826
    endloop
  endfacet
  facet normal 0 -1 0
    outer loop
      vertex -3.1734133611649407 5.25 2.4350457160348826
      vertex 0 5.25 4
      vertex -2.8284271247461903 5.25 2.8284271247461903
    endloop
  endfacet
  facet normal 0 -1 0
    outer loop
      vertex -2.8284271247461903 5.25 2.8284271247461903
      vertex 0 5.25 4
      vertex -2.4350457160348826 5.25 3.1734133611649407
    endloop
  endfacet
  facet normal 0 -1 0
    outer loop
      vertex -2.4350457160348826 5.25 3.1734133611649407
      vertex 0 5.25 4
      vertex -2 5.25 3.4641016151377544
    endloop
  endfacet
  facet normal 0 -1 0
    outer loop
      vertex -2 5.25 3.4641016151377544
      vertex 0 5.25 4
      vertex -1.5307337294603591 5.25 3.695518130045147
    endloop
  endfacet
  facet normal -0.9469301294951055 -1.0410655468555025e-18 0.32143946530316175
    outer loop
      vertex -3.8637033051562732 5.25 1.035276180410083
      vertex -3.695518130045147 5.25 1.5307337294603591
      vertex -3.695518130045147 14.75 1.5307337294603591
    endloop
  endfacet
  facet normal -0.8968727415326881 2.504624174647419e-19 0.44228869021900147
    outer loop
      vertex -3.695518130045147 5.25 1.5307337294603591
      vertex -3.4641016151377544 5.25 2
      vertex -3.4641016151377544 14.75 2
    endloop
  endfacet
  facet normal -0.8314696123025453 -2.4473316626424424e-18 0.5555702330196017
    outer loop
      vertex -3.4641016151377544 5.25 2
      vertex -3.1734133611649407 5.25 2.4350457160348826
      vertex -3.1734133611649407 14.75 2.4350457160348826
    endloop
  endfacet
  facet normal -0.7518398074789777 -4.269435086286079e-19 0.6593458151000686
    outer loop
      vertex -3.1734133611649407 5.25 2.4350457160348826
      vertex -2.8284271247461903 5.25 2.8284271247461903
      vertex -2.8284271247461903 14.75 2.8284271247461903
    endloop
  endfacet
  facet normal -0.6593458151000686 0 0.7518398074789777
    outer loop
      vertex -2.8284271247461903 5.25 2.8284271247461903
      vertex -2.4350457160348826 5.25 3.1734133611649407
      vertex -2.8284271247461903 14.75 2.8284271247461903
    endloop
  endfacet
  facet normal -0.5555702330196017 0 0.8314696123025453
    outer loop
      vertex -2.4350457160348826 5.25 3.1734133611649407
      vertex -2 5.25 3.4641016151377544
      vertex -2.4350457160348826 14.75 3.1734133611649407
    endloop
  endfacet
  facet normal -0.44228869021900147 0 0.8968727415326881
    outer loop
      vertex -2 5.25 3.4641016151377544
      vertex -1.5307337294603591 5.25 3.695518130045147
      vertex -2 14.75 3.4641016151377544
    endloop
  endfacet
  facet normal -0.32143946530316175 0 0.9469301294951055
    outer loop
      vertex -1.5307337294603591 5.25 3.695518130045147
      vertex -1.035276180410083 5.25 3.8637033051562732
      vertex -1.5307337294603591 14.75 3.695518130045147
    endloop
  endfacet
  facet normal 0 -1 0
    outer loop
      vertex 0 5.25 4
      vertex -1.4722431864335457 5.25 0.85
      vertex -1.3487006784950997 5.25 1.034894429314825
    endloop
  endfacet
  facet normal 0 -1 0
    outer loop
      vertex 0 5.25 4
      vertex -1.3487006784950997 5.25 1.034894429314825
      vertex -1.2020815280171309 5.25 1.2020815280171309
    endloop
  endfacet
  facet normal 0 -1 0
    outer loop
      vertex 0 5.25 4
      vertex -1.2020815280171309 5.25 1.2020815280171309
      vertex -1.034894429314825 5.25 1.3487006784950997
    endloop
  endfacet
  facet normal 0 -1 0
    outer loop
      vertex 0 5.25 4
      vertex -1.034894429314825 5.25 1.3487006784950997
      vertex -0.85 5.25 1.4722431864335457
    endloop
  endfacet
  facet normal 0 -1 0
    outer loop
      vertex 0 5.25 4
      vertex -0.85 5.25 1.4722431864335457
      vertex -0.6505618350206526 5.25 1.5705952052691874
    endloop
  endfacet
  facet normal 0 -1 0
    outer loop
      vertex 0 5.25 4
      vertex -0.6505618350206526 5.25 1.5705952052691874
      vertex -0.43999237667428526 5.25 1.6420739046914161
    endloop
  endfacet
  facet normal 0 -1 0
    outer loop
      vertex 0 5.25 4
      vertex -0.43999237667428526 5.25 1.6420739046914161
      vertex -0.22189452677408766 5.25 1.6854562643354776
    endloop
  endfacet
  facet normal 0 -1 0
    outer loop
      vertex 0 5.25 4
      vertex -0.22189452677408766 5.25 1.6854562643354776
      vertex 0 5.25 1.7
    endloop
  endfacet
  facet normal 0 -1 0
    outer loop
      vertex -1.5307337294603591 5.25 3.695518130045147
      vertex 0 5.25 4
      vertex -1.035276180410083 5.25 3.8637033051562732
    endloop
  endfacet
  facet normal 0 -1 0
    outer loop
      vertex -1.035276180410083 5.25 3.8637033051562732
      vertex 0 5.25 4
      vertex -0.5221047688802063 5.25 3.9657794454952415
    endloop
  endfacet
  facet normal -0.19509032201612786 0 0.9807852804032305
    outer loop
      vertex -1.035276180410083 5.25 3.8637033051562732
      vertex -0.5221047688802063 5.25 3.9657794454952415
      vertex -1.035276180410083 14.75 3.8637033051562732
    endloop
  endfacet
  facet normal -0.0654031292301433 0 0.9978589232386035
    outer loop
      vertex -0.5221047688802063 5.25 3.9657794454952415
      vertex 0 5.25 4
      vertex -0.5221047688802063 14.75 3.9657794454952415
    endloop
  endfacet
  facet normal -0.6593458151000686 0 -0.7518398074789777
    outer loop
      vertex -2.8284271247461903 5.25 -2.8284271247461903
      vertex -2.8284271247461903 14.75 -2.8284271247461903
      vertex -2.4350457160348826 14.75 -3.1734133611649407
    endloop
  endfacet
  facet normal -0.8314696123025453 0 -0.5555702330196017
    outer loop
      vertex -3.1734133611649407 5.25 -2.4350457160348826
      vertex -3.4641016151377544 14.75 -2
      vertex -3.1734133611649407 14.75 -2.4350457160348826
    endloop
  endfacet
  facet normal -0.8968727415326881 0 -0.44228869021900147
    outer loop
      vertex -3.4641016151377544 5.25 -2
      vertex -3.695518130045147 14.75 -1.5307337294603591
      vertex -3.4641016151377544 14.75 -2
    endloop
  endfacet
  facet normal -0.7518398074789777 0 -0.6593458151000686
    outer loop
      vertex -2.8284271247461903 5.25 -2.8284271247461903
      vertex -3.1734133611649407 14.75 -2.4350457160348826
      vertex -2.8284271247461903 14.75 -2.8284271247461903
    endloop
  endfacet
  facet normal -0.44228869021900147 0 -0.8968727415326881
    outer loop
      vertex -2 5.25 -3.4641016151377544
      vertex -2 14.75 -3.4641016151377544
      vertex -1.5307337294603591 14.75 -3.695518130045147
    endloop
  endfacet
  facet normal -0.5555702330196017 0 -0.8314696123025453
    outer loop
      vertex -2.4350457160348826 5.25 -3.1734133611649407
      vertex -2.4350457160348826 14.75 -3.1734133611649407
      vertex -2 14.75 -3.4641016151377544
    endloop
  endfacet
  facet normal -0.32143946530316175 0 -0.9469301294951055
    outer loop
      vertex -1.5307337294603591 5.25 -3.695518130045147
      vertex -1.5307337294603591 14.75 -3.695518130045147
      vertex -1.035276180410083 14.75 -3.8637033051562732
    endloop
  endfacet
  facet normal 0 1 0
    outer loop
      vertex -2.8284271247461903 14.75 -2.8284271247461903
      vertex -3.1734133611649407 14.75 -2.4350457160348826
      vertex 2.8284271247461903 14.75 -2.8284271247461903
    endloop
  endfacet
  facet normal 0 1 0
    outer loop
      vertex -3.4641016151377544 14.75 -2
      vertex 3.1734133611649407 14.75 -2.4350457160348826
      vertex -3.1734133611649407 14.75 -2.4350457160348826
    endloop
  endfacet
  facet normal 0 1 0
    outer loop
      vertex -3.695518130045147 14.75 -1.5307337294603591
      vertex -0.85 14.75 -1.4722431864335457
      vertex -0.6505618350206526 14.75 -1.5705952052691874
    endloop
  endfacet
  facet normal 0 1 0
    outer loop
      vertex -3.695518130045147 14.75 -1.5307337294603591
      vertex -0.6505618350206526 14.75 -1.5705952052691874
      vertex -0.43999237667428526 14.75 -1.6420739046914161
    endloop
  endfacet
  facet normal 0 1 0
    outer loop
      vertex -3.695518130045147 14.75 -1.5307337294603591
      vertex -0.43999237667428526 14.75 -1.6420739046914161
      vertex -0.22189452677408766 14.75 -1.6854562643354776
    endloop
  endfacet
  facet normal 0 1 0
    outer loop
      vertex -3.695518130045147 14.75 -1.5307337294603591
      vertex 3.4641016151377544 14.75 -2
      vertex -3.4641016151377544 14.75 -2
    endloop
  endfacet
  facet normal 0 1 0
    outer loop
      vertex -3.695518130045147 14.75 -1.5307337294603591
      vertex -0.22189452677408766 14.75 -1.6854562643354776
      vertex 0 14.75 -1.7
    endloop
  endfacet
  facet normal -0.9469301294951055 0 -0.32143946530316175
    outer loop
      vertex -3.695518130045147 5.25 -1.5307337294603591
      vertex -3.8637033051562732 14.75 -1.035276180410083
      vertex -3.695518130045147 14.75 -1.5307337294603591
    endloop
  endfacet
  facet normal -0.9807852804032305 0 -0.19509032201612786
    outer loop
      vertex -3.8637033051562732 5.25 -1.035276180410083
      vertex -3.9657794454952415 14.75 -0.5221047688802063
      vertex -3.8637033051562732 14.75 -1.035276180410083
    endloop
  endfacet
  facet normal -0.9978589232386035 0 -0.0654031292301433
    outer loop
      vertex -3.9657794454952415 5.25 -0.5221047688802063
      vertex -4 14.75 0
      vertex -3.9657794454952415 14.75 -0.5221047688802063
    endloop
  endfacet
  facet normal -0.9978589232386035 0 0.0654031292301433
    outer loop
      vertex -4 5.25 0
      vertex -3.9657794454952415 14.75 0.5221047688802063
      vertex -4 14.75 0
    endloop
  endfacet
  facet normal -0.9807852804032305 0 0.19509032201612786
    outer loop
      vertex -3.9657794454952415 5.25 0.5221047688802063
      vertex -3.8637033051562732 14.75 1.035276180410083
      vertex -3.9657794454952415 14.75 0.5221047688802063
    endloop
  endfacet
  facet normal 0 1 0
    outer loop
      vertex -3.695518130045147 14.75 -1.5307337294603591
      vertex -3.8637033051562732 14.75 -1.035276180410083
      vertex -1.034894429314825 14.75 -1.3487006784950997
    endloop
  endfacet
  facet normal 0 1 0
    outer loop
      vertex -3.8637033051562732 14.75 -1.035276180410083
      vertex -3.9657794454952415 14.75 -0.5221047688802063
      vertex -1.4722431864335457 14.75 -0.85
    endloop
  endfacet
  facet normal 0 1 0
    outer loop
      vertex -3.9657794454952415 14.75 -0.5221047688802063
      vertex -4 14.75 0
      vertex -1.6854562643354776 14.75 -0.22189452677408766
    endloop
  endfacet
  facet normal 0 1 0
    outer loop
      vertex -4 14.75 0
      vertex -3.9657794454952415 14.75 0.5221047688802063
      vertex -1.7 14.75 0
    endloop
  endfacet
  facet normal 0 1 0
    outer loop
      vertex -3.9657794454952415 14.75 0.5221047688802063
      vertex -3.8637033051562732 14.75 1.035276180410083
      vertex -1.6420739046914161 14.75 0.43999237667428526
    endloop
  endfacet
  facet normal 0 1 0
    outer loop
      vertex -3.8637033051562732 14.75 -1.035276180410083
      vertex -1.3487006784950997 14.75 -1.034894429314825
      vertex -1.2020815280171309 14.75 -1.2020815280171309
    endloop
  endfacet
  facet normal 0 1 0
    outer loop
      vertex -3.8637033051562732 14.75 -1.035276180410083
      vertex -1.4722431864335457 14.75 -0.85
      vertex -1.3487006784950997 14.75 -1.034894429314825
    endloop
  endfacet
  facet normal 0 1 0
    outer loop
      vertex -3.8637033051562732 14.75 -1.035276180410083
      vertex -1.2020815280171309 14.75 -1.2020815280171309
      vertex -1.034894429314825 14.75 -1.3487006784950997
    endloop
  endfacet
  facet normal 0 1 0
    outer loop
      vertex -3.695518130045147 14.75 -1.5307337294603591
      vertex -1.034894429314825 14.75 -1.3487006784950997
      vertex -0.85 14.75 -1.4722431864335457
    endloop
  endfacet
  facet normal 0 1 0
    outer loop
      vertex -3.9657794454952415 14.75 -0.5221047688802063
      vertex -1.5705952052691874 14.75 -0.6505618350206526
      vertex -1.4722431864335457 14.75 -0.85
    endloop
  endfacet
  facet normal 0 1 0
    outer loop
      vertex -3.9657794454952415 14.75 -0.5221047688802063
      vertex -1.6420739046914161 14.75 -0.43999237667428526
      vertex -1.5705952052691874 14.75 -0.6505618350206526
    endloop
  endfacet
  facet normal 0 1 0
    outer loop
      vertex -3.9657794454952415 14.75 -0.5221047688802063
      vertex -1.6854562643354776 14.75 -0.22189452677408766
      vertex -1.6420739046914161 14.75 -0.43999237667428526
    endloop
  endfacet
  facet normal 0 1 0
    outer loop
      vertex -4 14.75 0
      vertex -1.7 14.75 0
      vertex -1.6854562643354776 14.75 -0.22189452677408766
    endloop
  endfacet
  facet normal 0 1 0
    outer loop
      vertex -3.9657794454952415 14.75 0.5221047688802063
      vertex -1.6854562643354776 14.75 0.22189452677408766
      vertex -1.7 14.75 0
    endloop
  endfacet
  facet normal 0 1 0
    outer loop
      vertex -3.9657794454952415 14.75 0.5221047688802063
      vertex -1.6420739046914161 14.75 0.43999237667428526
      vertex -1.6854562643354776 14.75 0.22189452677408766
    endloop
  endfacet
  facet normal 0 1 0
    outer loop
      vertex -3.695518130045147 14.75 1.5307337294603591
      vertex -1.5705952052691874 14.75 0.6505618350206526
      vertex -1.6420739046914161 14.75 0.43999237667428526
    endloop
  endfacet
  facet normal -0.19509032201612786 0 -0.9807852804032305
    outer loop
      vertex -1.035276180410083 5.25 -3.8637033051562732
      vertex -1.035276180410083 14.75 -3.8637033051562732
      vertex -0.5221047688802063 14.75 -3.9657794454952415
    endloop
  endfacet
  facet normal -0.0654031292301433 0 -0.9978589232386035
    outer loop
      vertex -0.5221047688802063 5.25 -3.9657794454952415
      vertex -0.5221047688802063 14.75 -3.9657794454952415
      vertex 0 14.75 -4
    endloop
  endfacet
  facet normal 0.0654031292301433 0 -0.9978589232386035
    outer loop
      vertex 0 5.25 -4
      vertex 0 14.75 -4
      vertex 0.5221047688802063 14.75 -3.9657794454952415
    endloop
  endfacet
  facet normal 0 1 0
    outer loop
      vertex -2 14.75 -3.4641016151377544
      vertex 1.5307337294603591 14.75 -3.695518130045147
      vertex -1.5307337294603591 14.75 -3.695518130045147
    endloop
  endfacet
  facet normal 0 1 0
    outer loop
      vertex -1.5307337294603591 14.75 -3.695518130045147
      vertex 1.035276180410083 14.75 -3.8637033051562732
      vertex -1.035276180410083 14.75 -3.8637033051562732
    endloop
  endfacet
  facet normal 0 1 0
    outer loop
      vertex -1.035276180410083 14.75 -3.8637033051562732
      vertex 0.5221047688802063 14.75 -3.9657794454952415
      vertex -0.5221047688802063 14.75 -3.9657794454952415
    endloop
  endfacet
  facet normal 0 1 0
    outer loop
      vertex -2 14.75 -3.4641016151377544
      vertex -2.4350457160348826 14.75 -3.1734133611649407
      vertex 2 14.75 -3.4641016151377544
    endloop
  endfacet
  facet normal 0 1 0
    outer loop
      vertex -2.8284271247461903 14.75 -2.8284271247461903
      vertex 2.4350457160348826 14.75 -3.1734133611649407
      vertex -2.4350457160348826 14.75 -3.1734133611649407
    endloop
  endfacet
  facet normal 0 1 0
    outer loop
      vertex -0.5221047688802063 14.75 -3.9657794454952415
      vertex 0.5221047688802063 14.75 -3.9657794454952415
      vertex 0 14.75 -4
    endloop
  endfacet
  facet normal 0 1 0
    outer loop
      vertex -1.035276180410083 14.75 -3.8637033051562732
      vertex 1.035276180410083 14.75 -3.8637033051562732
      vertex 0.5221047688802063 14.75 -3.9657794454952415
    endloop
  endfacet
  facet normal 0 1 0
    outer loop
      vertex -1.5307337294603591 14.75 -3.695518130045147
      vertex 1.5307337294603591 14.75 -3.695518130045147
      vertex 1.035276180410083 14.75 -3.8637033051562732
    endloop
  endfacet
  facet normal 0 1 0
    outer loop
      vertex -3.695518130045147 14.75 -1.5307337294603591
      vertex 0 14.75 -1.7
      vertex 3.4641016151377544 14.75 -2
    endloop
  endfacet
  facet normal 0.19509032201612786 0 -0.9807852804032305
    outer loop
      vertex 0.5221047688802063 5.25 -3.9657794454952415
      vertex 0.5221047688802063 14.75 -3.9657794454952415
      vertex 1.035276180410083 14.75 -3.8637033051562732
    endloop
  endfacet
  facet normal 0.32143946530316175 0 -0.9469301294951055
    outer loop
      vertex 1.035276180410083 5.25 -3.8637033051562732
      vertex 1.035276180410083 14.75 -3.8637033051562732
      vertex 1.5307337294603591 14.75 -3.695518130045147
    endloop
  endfacet
  facet normal 0.44228869021900147 0 -0.8968727415326881
    outer loop
      vertex 1.5307337294603591 5.25 -3.695518130045147
      vertex 1.5307337294603591 14.75 -3.695518130045147
      vertex 2 14.75 -3.4641016151377544
    endloop
  endfacet
  facet normal 0 1 0
    outer loop
      vertex -2 14.75 -3.4641016151377544
      vertex 2 14.75 -3.4641016151377544
      vertex 1.5307337294603591 14.75 -3.695518130045147
    endloop
  endfacet
  facet normal 0 1 0
    outer loop
      vertex -2.4350457160348826 14.75 -3.1734133611649407
      vertex 2.4350457160348826 14.75 -3.1734133611649407
      vertex 2 14.75 -3.4641016151377544
    endloop
  endfacet
  facet normal 0 1 0
    outer loop
      vertex -2.8284271247461903 14.75 -2.8284271247461903
      vertex 2.8284271247461903 14.75 -2.8284271247461903
      vertex 2.4350457160348826 14.75 -3.1734133611649407
    endloop
  endfacet
  facet normal 0 1 0
    outer loop
      vertex -3.1734133611649407 14.75 -2.4350457160348826
      vertex 3.1734133611649407 14.75 -2.4350457160348826
      vertex 2.8284271247461903 14.75 -2.8284271247461903
    endloop
  endfacet
  facet normal 0 1 0
    outer loop
      vertex -3.4641016151377544 14.75 -2
      vertex 3.4641016151377544 14.75 -2
      vertex 3.1734133611649407 14.75 -2.4350457160348826
    endloop
  endfacet
  facet normal 0 1 0
    outer loop
      vertex 3.4641016151377544 14.75 -2
      vertex 0 14.75 -1.7
      vertex 0.22189452677408766 14.75 -1.6854562643354776
    endloop
  endfacet
  facet normal 0 1 0
    outer loop
      vertex 3.4641016151377544 14.75 -2
      vertex 0.22189452677408766 14.75 -1.6854562643354776
      vertex 0.43999237667428526 14.75 -1.6420739046914161
    endloop
  endfacet
  facet normal 0 1 0
    outer loop
      vertex 3.4641016151377544 14.75 -2
      vertex 0.43999237667428526 14.75 -1.6420739046914161
      vertex 0.6505618350206526 14.75 -1.5705952052691874
    endloop
  endfacet
  facet normal 0 1 0
    outer loop
      vertex 3.4641016151377544 14.75 -2
      vertex 0.6505618350206526 14.75 -1.5705952052691874
      vertex 0.85 14.75 -1.4722431864335457
    endloop
  endfacet
  facet normal 0 1 0
    outer loop
      vertex 3.695518130045147 14.75 -1.5307337294603591
      vertex 0.85 14.75 -1.4722431864335457
      vertex 1.034894429314825 14.75 -1.3487006784950997
    endloop
  endfacet
  facet normal 0 1 0
    outer loop
      vertex 3.695518130045147 14.75 -1.5307337294603591
      vertex 1.034894429314825 14.75 -1.3487006784950997
      vertex 1.2020815280171309 14.75 -1.2020815280171309
    endloop
  endfacet
  facet normal -0.9469301294951055 0 0.32143946530316175
    outer loop
      vertex -3.8637033051562732 5.25 1.035276180410083
      vertex -3.695518130045147 14.75 1.5307337294603591
      vertex -3.8637033051562732 14.75 1.035276180410083
    endloop
  endfacet
  facet normal -0.8968727415326881 0 0.44228869021900147
    outer loop
      vertex -3.695518130045147 5.25 1.5307337294603591
      vertex -3.4641016151377544 14.75 2
      vertex -3.695518130045147 14.75 1.5307337294603591
    endloop
  endfacet
  facet normal -0.8314696123025453 0 0.5555702330196017
    outer loop
      vertex -3.4641016151377544 5.25 2
      vertex -3.1734133611649407 14.75 2.4350457160348826
      vertex -3.4641016151377544 14.75 2
    endloop
  endfacet
  facet normal -0.7518398074789777 0 0.6593458151000686
    outer loop
      vertex -3.1734133611649407 5.25 2.4350457160348826
      vertex -2.8284271247461903 14.75 2.8284271247461903
      vertex -3.1734133611649407 14.75 2.4350457160348826
    endloop
  endfacet
  facet normal -0.6593458151000686 0 0.7518398074789777
    outer loop
      vertex -2.4350457160348826 5.25 3.1734133611649407
      vertex -2.4350457160348826 14.75 3.1734133611649407
      vertex -2.8284271247461903 14.75 2.8284271247461903
    endloop
  endfacet
  facet normal 0 1 0
    outer loop
      vertex -3.8637033051562732 14.75 1.035276180410083
      vertex -3.695518130045147 14.75 1.5307337294603591
      vertex -1.6420739046914161 14.75 0.43999237667428526
    endloop
  endfacet
  facet normal 0 1 0
    outer loop
      vertex -3.695518130045147 14.75 1.5307337294603591
      vertex -3.4641016151377544 14.75 2
      vertex -1.4722431864335457 14.75 0.85
    endloop
  endfacet
  facet normal 0 1 0
    outer loop
      vertex -3.4641016151377544 14.75 2
      vertex -3.1734133611649407 14.75 2.4350457160348826
      vertex -1.4722431864335457 14.75 0.85
    endloop
  endfacet
  facet normal -0.5555702330196017 0 0.8314696123025453
    outer loop
      vertex -2 5.25 3.4641016151377544
      vertex -2 14.75 3.4641016151377544
      vertex -2.4350457160348826 14.75 3.1734133611649407
    endloop
  endfacet
  facet normal 0 1 0
    outer loop
      vertex -3.695518130045147 14.75 1.5307337294603591
      vertex -1.4722431864335457 14.75 0.85
      vertex -1.5705952052691874 14.75 0.6505618350206526
    endloop
  endfacet
  facet normal 0 1 0
    outer loop
      vertex -3.1734133611649407 14.75 2.4350457160348826
      vertex -1.3487006784950997 14.75 1.034894429314825
      vertex -1.4722431864335457 14.75 0.85
    endloop
  endfacet
  facet normal 0 1 0
    outer loop
      vertex -3.1734133611649407 14.75 2.4350457160348826
      vertex -1.2020815280171309 14.75 1.2020815280171309
      vertex -1.3487006784950997 14.75 1.034894429314825
    endloop
  endfacet
  facet normal 0 1 0
    outer loop
      vertex -3.1734133611649407 14.75 2.4350457160348826
      vertex -2.8284271247461903 14.75 2.8284271247461903
      vertex -1.2020815280171309 14.75 1.2020815280171309
    endloop
  endfacet
  facet normal 0 1 0
    outer loop
      vertex -2.4350457160348826 14.75 3.1734133611649407
      vertex -1.034894429314825 14.75 1.3487006784950997
      vertex -1.2020815280171309 14.75 1.2020815280171309
    endloop
  endfacet
  facet normal 0 1 0
    outer loop
      vertex -2.4350457160348826 14.75 3.1734133611649407
      vertex -0.85 14.75 1.4722431864335457
      vertex -1.034894429314825 14.75 1.3487006784950997
    endloop
  endfacet
  facet normal 0 1 0
    outer loop
      vertex -2 14.75 3.4641016151377544
      vertex -0.6505618350206527 14.75 1.5705952052691874
      vertex -0.85 14.75 1.4722431864335457
    endloop
  endfacet
  facet normal 0 1 0
    outer loop
      vertex -2.8284271247461903 14.75 2.8284271247461903
      vertex -2.4350457160348826 14.75 3.1734133611649407
      vertex -1.2020815280171309 14.75 1.2020815280171309
    endloop
  endfacet
  facet normal 0 1 0
    outer loop
      vertex -2.4350457160348826 14.75 3.1734133611649407
      vertex -2 14.75 3.4641016151377544
      vertex -0.85 14.75 1.4722431864335457
    endloop
  endfacet
  facet normal 0 1 0
    outer loop
      vertex -2 14.75 3.4641016151377544
      vertex -1.5307337294603591 14.75 3.695518130045147
      vertex -0.6505618350206527 14.75 1.5705952052691874
    endloop
  endfacet
  facet normal 0 1 0
    outer loop
      vertex -1.5307337294603591 14.75 3.695518130045147
      vertex -1.035276180410083 14.75 3.8637033051562732
      vertex -0.43999237667428526 14.75 1.6420739046914161
    endloop
  endfacet
  facet normal -0.44228869021900147 0 0.8968727415326881
    outer loop
      vertex -1.5307337294603591 5.25 3.695518130045147
      vertex -1.5307337294603591 14.75 3.695518130045147
      vertex -2 14.75 3.4641016151377544
    endloop
  endfacet
  facet normal -0.32143946530316175 0 0.9469301294951055
    outer loop
      vertex -1.035276180410083 5.25 3.8637033051562732
      vertex -1.035276180410083 14.75 3.8637033051562732
      vertex -1.5307337294603591 14.75 3.695518130045147
    endloop
  endfacet
  facet normal 0 1 0
    outer loop
      vertex -1.5307337294603591 14.75 3.695518130045147
      vertex -0.43999237667428526 14.75 1.6420739046914161
      vertex -0.6505618350206527 14.75 1.5705952052691874
    endloop
  endfacet
  facet normal 0 1 0
    outer loop
      vertex -0.5221047688802063 14.75 3.9657794454952415
      vertex -0.22189452677408766 14.75 1.6854562643354776
      vertex -0.43999237667428526 14.75 1.6420739046914161
    endloop
  endfacet
  facet normal 0 1 0
    outer loop
      vertex -1.035276180410083 14.75 3.8637033051562732
      vertex -0.5221047688802063 14.75 3.9657794454952415
      vertex -0.43999237667428526 14.75 1.6420739046914161
    endloop
  endfacet
  facet normal 0 1 0
    outer loop
      vertex -0.5221047688802063 14.75 3.9657794454952415
      vertex 0 14.75 1.7
      vertex -0.22189452677408766 14.75 1.6854562643354776
    endloop
  endfacet
  facet normal 0 1 0
    outer loop
      vertex -0.5221047688802063 14.75 3.9657794454952415
      vertex 0 14.75 4
      vertex 0 14.75 1.7
    endloop
  endfacet
  facet normal -0.19509032201612786 0 0.9807852804032305
    outer loop
      vertex -0.5221047688802063 5.25 3.9657794454952415
      vertex -0.5221047688802063 14.75 3.9657794454952415
      vertex -1.035276180410083 14.75 3.8637033051562732
    endloop
  endfacet
  facet normal -0.0654031292301433 0 0.9978589232386035
    outer loop
      vertex 0 5.25 4
      vertex 0 14.75 4
      vertex -0.5221047688802063 14.75 3.9657794454952415
    endloop
  endfacet
  facet normal 0 -1 0
    outer loop
      vertex 3.8637033051562732 5.25 -1.035276180410083
      vertex 1.2020815280171309 5.25 -1.2020815280171309
      vertex 1.034894429314825 5.25 -1.3487006784950997
    endloop
  endfacet
  facet normal 0 -1 0
    outer loop
      vertex 3.8637033051562732 5.25 -1.035276180410083
      vertex 1.3487006784950997 5.25 -1.034894429314825
      vertex 1.2020815280171309 5.25 -1.2020815280171309
    endloop
  endfacet
  facet normal 0 -1 0
    outer loop
      vertex 3.8637033051562732 5.25 -1.035276180410083
      vertex 1.4722431864335457 5.25 -0.85
      vertex 1.3487006784950997 5.25 -1.034894429314825
    endloop
  endfacet
  facet normal 0 -1 0
    outer loop
      vertex 3.9657794454952415 5.25 -0.5221047688802063
      vertex 1.5705952052691874 5.25 -0.6505618350206526
      vertex 1.4722431864335457 5.25 -0.85
    endloop
  endfacet
  facet normal 0 -1 0
    outer loop
      vertex 3.9657794454952415 5.25 -0.5221047688802063
      vertex 1.6420739046914161 5.25 -0.43999237667428526
      vertex 1.5705952052691874 5.25 -0.6505618350206526
    endloop
  endfacet
  facet normal 0 -1 0
    outer loop
      vertex 3.9657794454952415 5.25 -0.5221047688802063
      vertex 1.6854562643354776 5.25 -0.22189452677408766
      vertex 1.6420739046914161 5.25 -0.43999237667428526
    endloop
  endfacet
  facet normal 0 -1 0
    outer loop
      vertex 3.695518130045147 5.25 -1.5307337294603591
      vertex 3.8637033051562732 5.25 -1.035276180410083
      vertex 1.034894429314825 5.25 -1.3487006784950997
    endloop
  endfacet
  facet normal 0 -1 0
    outer loop
      vertex 3.8637033051562732 5.25 -1.035276180410083
      vertex 3.9657794454952415 5.25 -0.5221047688802063
      vertex 1.4722431864335457 5.25 -0.85
    endloop
  endfacet
  facet normal 0 -1 0
    outer loop
      vertex 4 5.25 0
      vertex 1.7 5.25 0
      vertex 1.6854562643354776 5.25 -0.22189452677408766
    endloop
  endfacet
  facet normal 0 -1 0
    outer loop
      vertex 3.9657794454952415 5.25 -0.5221047688802063
      vertex 4 5.25 0
      vertex 1.6854562643354776 5.25 -0.22189452677408766
    endloop
  endfacet
  facet normal 0.5555702330196017 -2.4473316626424424e-18 -0.8314696123025453
    outer loop
      vertex 2 5.25 -3.4641016151377544
      vertex 2.4350457160348826 14.75 -3.1734133611649407
      vertex 2.4350457160348826 5.25 -3.1734133611649407
    endloop
  endfacet
  facet normal 0.6593458151000686 -4.269435086286079e-19 -0.7518398074789777
    outer loop
      vertex 2.4350457160348826 5.25 -3.1734133611649407
      vertex 2.8284271247461903 14.75 -2.8284271247461903
      vertex 2.8284271247461903 5.25 -2.8284271247461903
    endloop
  endfacet
  facet normal 0.7518398074789777 0 -0.6593458151000686
    outer loop
      vertex 2.8284271247461903 5.25 -2.8284271247461903
      vertex 2.8284271247461903 14.75 -2.8284271247461903
      vertex 3.1734133611649407 5.25 -2.4350457160348826
    endloop
  endfacet
  facet normal 0.8314696123025453 0 -0.5555702330196017
    outer loop
      vertex 3.1734133611649407 5.25 -2.4350457160348826
      vertex 3.1734133611649407 14.75 -2.4350457160348826
      vertex 3.4641016151377544 5.25 -2
    endloop
  endfacet
  facet normal 0.8968727415326881 0 -0.44228869021900147
    outer loop
      vertex 3.4641016151377544 5.25 -2
      vertex 3.4641016151377544 14.75 -2
      vertex 3.695518130045147 5.25 -1.5307337294603591
    endloop
  endfacet
  facet normal 0.9469301294951055 0 -0.32143946530316175
    outer loop
      vertex 3.695518130045147 5.25 -1.5307337294603591
      vertex 3.695518130045147 14.75 -1.5307337294603591
      vertex 3.8637033051562732 5.25 -1.035276180410083
    endloop
  endfacet
  facet normal 0.9807852804032305 0 -0.19509032201612786
    outer loop
      vertex 3.8637033051562732 5.25 -1.035276180410083
      vertex 3.8637033051562732 14.75 -1.035276180410083
      vertex 3.9657794454952415 5.25 -0.5221047688802063
    endloop
  endfacet
  facet normal 0.9978589232386035 0 -0.0654031292301433
    outer loop
      vertex 3.9657794454952415 5.25 -0.5221047688802063
      vertex 3.9657794454952415 14.75 -0.5221047688802063
      vertex 4 5.25 0
    endloop
  endfacet
  facet normal 0.5555702330196017 0 -0.8314696123025453
    outer loop
      vertex 2 5.25 -3.4641016151377544
      vertex 2 14.75 -3.4641016151377544
      vertex 2.4350457160348826 14.75 -3.1734133611649407
    endloop
  endfacet
  facet normal 0.6593458151000686 0 -0.7518398074789777
    outer loop
      vertex 2.4350457160348826 5.25 -3.1734133611649407
      vertex 2.4350457160348826 14.75 -3.1734133611649407
      vertex 2.8284271247461903 14.75 -2.8284271247461903
    endloop
  endfacet
  facet normal 0.7518398074789777 0 -0.6593458151000686
    outer loop
      vertex 3.1734133611649407 5.25 -2.4350457160348826
      vertex 2.8284271247461903 14.75 -2.8284271247461903
      vertex 3.1734133611649407 14.75 -2.4350457160348826
    endloop
  endfacet
  facet normal 0.8314696123025453 0 -0.5555702330196017
    outer loop
      vertex 3.4641016151377544 5.25 -2
      vertex 3.1734133611649407 14.75 -2.4350457160348826
      vertex 3.4641016151377544 14.75 -2
    endloop
  endfacet
  facet normal 0 1 0
    outer loop
      vertex 3.4641016151377544 14.75 -2
      vertex 0.85 14.75 -1.4722431864335457
      vertex 3.695518130045147 14.75 -1.5307337294603591
    endloop
  endfacet
  facet normal 0.8968727415326881 0 -0.44228869021900147
    outer loop
      vertex 3.695518130045147 5.25 -1.5307337294603591
      vertex 3.4641016151377544 14.75 -2
      vertex 3.695518130045147 14.75 -1.5307337294603591
    endloop
  endfacet
  facet normal 0 1 0
    outer loop
      vertex 3.695518130045147 14.75 -1.5307337294603591
      vertex 1.2020815280171309 14.75 -1.2020815280171309
      vertex 1.3487006784950997 14.75 -1.034894429314825
    endloop
  endfacet
  facet normal 0 1 0
    outer loop
      vertex 3.8637033051562732 14.75 -1.035276180410083
      vertex 1.3487006784950997 14.75 -1.034894429314825
      vertex 1.4722431864335457 14.75 -0.85
    endloop
  endfacet
  facet normal 0 1 0
    outer loop
      vertex 3.8637033051562732 14.75 -1.035276180410083
      vertex 1.4722431864335457 14.75 -0.85
      vertex 1.5705952052691874 14.75 -0.6505618350206526
    endloop
  endfacet
  facet normal 0 1 0
    outer loop
      vertex 3.8637033051562732 14.75 -1.035276180410083
      vertex 1.5705952052691874 14.75 -0.6505618350206526
      vertex 1.6420739046914161 14.75 -0.43999237667428526
    endloop
  endfacet
  facet normal 0 1 0
    outer loop
      vertex 3.9657794454952415 14.75 -0.5221047688802063
      vertex 1.6420739046914161 14.75 -0.43999237667428526
      vertex 1.6854562643354776 14.75 -0.22189452677408766
    endloop
  endfacet
  facet normal 0 1 0
    outer loop
      vertex 3.695518130045147 14.75 -1.5307337294603591
      vertex 1.3487006784950997 14.75 -1.034894429314825
      vertex 3.8637033051562732 14.75 -1.035276180410083
    endloop
  endfacet
  facet normal 0 1 0
    outer loop
      vertex 3.8637033051562732 14.75 -1.035276180410083
      vertex 1.6420739046914161 14.75 -0.43999237667428526
      vertex 3.9657794454952415 14.75 -0.5221047688802063
    endloop
  endfacet
  facet normal 0 1 0
    outer loop
      vertex 3.9657794454952415 14.75 -0.5221047688802063
      vertex 1.6854562643354776 14.75 -0.22189452677408766
      vertex 1.7 14.75 0
    endloop
  endfacet
  facet normal 0 1 0
    outer loop
      vertex 3.9657794454952415 14.75 -0.5221047688802063
      vertex 1.7 14.75 0
      vertex 4 14.75 0
    endloop
  endfacet
  facet normal 0.9469301294951055 0 -0.32143946530316175
    outer loop
      vertex 3.8637033051562732 5.25 -1.035276180410083
      vertex 3.695518130045147 14.75 -1.5307337294603591
      vertex 3.8637033051562732 14.75 -1.035276180410083
    endloop
  endfacet
  facet normal 0.9807852804032305 0 -0.19509032201612786
    outer loop
      vertex 3.9657794454952415 5.25 -0.5221047688802063
      vertex 3.8637033051562732 14.75 -1.035276180410083
      vertex 3.9657794454952415 14.75 -0.5221047688802063
    endloop
  endfacet
  facet normal 0.9978589232386035 0 -0.0654031292301433
    outer loop
      vertex 4 5.25 0
      vertex 3.9657794454952415 14.75 -0.5221047688802063
      vertex 4 14.75 0
    endloop
  endfacet
  facet normal 0 -1 0
    outer loop
      vertex -3.695518130045147 25.25 -1.5307337294603591
      vertex -3.4641016151377544 25.25 -2
      vertex -0.85 25.25 -1.4722431864335457
    endloop
  endfacet
  facet normal 0 -1 0
    outer loop
      vertex -3.4641016151377544 25.25 -2
      vertex -3.1734133611649407 25.25 -2.4350457160348826
      vertex 3.4641016151377544 25.25 -2
    endloop
  endfacet
  facet normal 0 -1 0
    outer loop
      vertex -3.4641016151377544 25.25 -2
      vertex -0.6505618350206526 25.25 -1.5705952052691874
      vertex -0.85 25.25 -1.4722431864335457
    endloop
  endfacet
  facet normal 0 -1 0
    outer loop
      vertex -3.4641016151377544 25.25 -2
      vertex -0.43999237667428526 25.25 -1.6420739046914161
      vertex -0.6505618350206526 25.25 -1.5705952052691874
    endloop
  endfacet
  facet normal 0 -1 0
    outer loop
      vertex -3.4641016151377544 25.25 -2
      vertex -0.22189452677408766 25.25 -1.6854562643354776
      vertex -0.43999237667428526 25.25 -1.6420739046914161
    endloop
  endfacet
  facet normal 0 -1 0
    outer loop
      vertex -3.4641016151377544 25.25 -2
      vertex 0 25.25 -1.7
      vertex -0.22189452677408766 25.25 -1.6854562643354776
    endloop
  endfacet
  facet normal 0 -1 0
    outer loop
      vertex -3.4641016151377544 25.25 -2
      vertex 0.22189452677408766 25.25 -1.6854562643354776
      vertex 0 25.25 -1.7
    endloop
  endfacet
  facet normal 0 -1 0
    outer loop
      vertex -3.695518130045147 25.25 -1.5307337294603591
      vertex -1.3487006784950997 25.25 -1.034894429314825
      vertex -3.8637033051562732 25.25 -1.035276180410083
    endloop
  endfacet
  facet normal 0 -1 0
    outer loop
      vertex -3.8637033051562732 25.25 -1.035276180410083
      vertex -1.6420739046914161 25.25 -0.43999237667428526
      vertex -3.9657794454952415 25.25 -0.5221047688802063
    endloop
  endfacet
  facet normal 0 -1 0
    outer loop
      vertex -3.9657794454952415 25.25 -0.5221047688802063
      vertex -1.7 25.25 0
      vertex -4 25.25 0
    endloop
  endfacet
  facet normal 0 -1 0
    outer loop
      vertex -3.8637033051562732 25.25 -1.035276180410083
      vertex -1.3487006784950997 25.25 -1.034894429314825
      vertex -1.4722431864335457 25.25 -0.85
    endloop
  endfacet
  facet normal 0 -1 0
    outer loop
      vertex -3.695518130045147 25.25 -1.5307337294603591
      vertex -1.034894429314825 25.25 -1.3487006784950997
      vertex -1.2020815280171309 25.25 -1.2020815280171309
    endloop
  endfacet
  facet normal 0 -1 0
    outer loop
      vertex -3.695518130045147 25.25 -1.5307337294603591
      vertex -1.2020815280171309 25.25 -1.2020815280171309
      vertex -1.3487006784950997 25.25 -1.034894429314825
    endloop
  endfacet
  facet normal 0 -1 0
    outer loop
      vertex -3.695518130045147 25.25 -1.5307337294603591
      vertex -0.85 25.25 -1.4722431864335457
      vertex -1.034894429314825 25.25 -1.3487006784950997
    endloop
  endfacet
  facet normal 0 -1 0
    outer loop
      vertex -3.8637033051562732 25.25 -1.035276180410083
      vertex -1.5705952052691874 25.25 -0.6505618350206526
      vertex -1.6420739046914161 25.25 -0.43999237667428526
    endloop
  endfacet
  facet normal 0 -1 0
    outer loop
      vertex -3.8637033051562732 25.25 -1.035276180410083
      vertex -1.4722431864335457 25.25 -0.85
      vertex -1.5705952052691874 25.25 -0.6505618350206526
    endloop
  endfacet
  facet normal 0 -1 0
    outer loop
      vertex -3.9657794454952415 25.25 -0.5221047688802063
      vertex -1.6420739046914161 25.25 -0.43999237667428526
      vertex -1.6854562643354776 25.25 -0.22189452677408766
    endloop
  endfacet
  facet normal 0 -1 0
    outer loop
      vertex -3.9657794454952415 25.25 -0.5221047688802063
      vertex -1.6854562643354776 25.25 -0.22189452677408766
      vertex -1.7 25.25 0
    endloop
  endfacet
  facet normal 0 -1 0
    outer loop
      vertex -4 25.25 0
      vertex -1.7 25.25 0
      vertex -1.6854562643354776 25.25 0.22189452677408766
    endloop
  endfacet
  facet normal 0 -1 0
    outer loop
      vertex -4 25.25 0
      vertex -1.6854562643354776 25.25 0.22189452677408766
      vertex -1.6420739046914161 25.25 0.43999237667428526
    endloop
  endfacet
  facet normal 0 -1 0
    outer loop
      vertex -4 25.25 0
      vertex -1.6420739046914161 25.25 0.43999237667428526
      vertex -1.5705952052691874 25.25 0.6505618350206526
    endloop
  endfacet
  facet normal 0 -1 0
    outer loop
      vertex -4 25.25 0
      vertex -1.5705952052691874 25.25 0.6505618350206526
      vertex -1.4722431864335457 25.25 0.85
    endloop
  endfacet
  facet normal -0.6593458151000686 4.6353866651106e-19 -0.7518398074789777
    outer loop
      vertex -2.8284271247461903 25.25 -2.8284271247461903
      vertex -2.4350457160348826 34 -3.1734133611649407
      vertex -2.4350457160348826 25.25 -3.1734133611649407
    endloop
  endfacet
  facet normal -0.8314696123025455 2.6571029480117953e-18 -0.5555702330196018
    outer loop
      vertex -3.4641016151377544 25.25 -2
      vertex -3.1734133611649407 34 -2.4350457160348826
      vertex -3.1734133611649407 25.25 -2.4350457160348826
    endloop
  endfacet
  facet normal -0.8968727415326883 -2.7193062467600557e-19 -0.4422886902190016
    outer loop
      vertex -3.695518130045147 25.25 -1.5307337294603591
      vertex -3.4641016151377544 34 -2
      vertex -3.4641016151377544 25.25 -2
    endloop
  endfacet
  facet normal -0.7518398074789777 0 -0.6593458151000686
    outer loop
      vertex -2.8284271247461903 25.25 -2.8284271247461903
      vertex -3.1734133611649407 25.25 -2.4350457160348826
      vertex -2.8284271247461903 34 -2.8284271247461903
    endloop
  endfacet
  facet normal -0.6593458151000686 0 -0.7518398074789777
    outer loop
      vertex -2.8284271247461903 25.25 -2.8284271247461903
      vertex -2.8284271247461903 34 -2.8284271247461903
      vertex -2.4350457160348826 34 -3.1734133611649407
    endloop
  endfacet
  facet normal -0.8314696123025455 0 -0.5555702330196018
    outer loop
      vertex -3.4641016151377544 25.25 -2
      vertex -3.4641016151377544 34 -2
      vertex -3.1734133611649407 34 -2.4350457160348826
    endloop
  endfacet
  facet normal -0.8968727415326883 0 -0.4422886902190016
    outer loop
      vertex -3.695518130045147 25.25 -1.5307337294603591
      vertex -3.695518130045147 34 -1.5307337294603591
      vertex -3.4641016151377544 34 -2
    endloop
  endfacet
  facet normal -0.7518398074789777 0 -0.6593458151000686
    outer loop
      vertex -3.1734133611649407 25.25 -2.4350457160348826
      vertex -3.1734133611649407 34 -2.4350457160348826
      vertex -2.8284271247461903 34 -2.8284271247461903
    endloop
  endfacet
  facet normal -0.5555702330196018 0 -0.8314696123025455
    outer loop
      vertex -2 25.25 -3.4641016151377544
      vertex -2.4350457160348826 25.25 -3.1734133611649407
      vertex -2 34 -3.4641016151377544
    endloop
  endfacet
  facet normal -0.4422886902190016 -2.7193062467600557e-19 -0.8968727415326883
    outer loop
      vertex -2 25.25 -3.4641016151377544
      vertex -1.5307337294603591 34 -3.695518130045147
      vertex -1.5307337294603591 25.25 -3.695518130045147
    endloop
  endfacet
  facet normal -0.32143946530316175 1.1302997365859742e-18 -0.9469301294951056
    outer loop
      vertex -1.5307337294603591 25.25 -3.695518130045147
      vertex -1.035276180410083 34 -3.8637033051562732
      vertex -1.035276180410083 25.25 -3.8637033051562732
    endloop
  endfacet
  facet normal -0.4422886902190016 0 -0.8968727415326883
    outer loop
      vertex -2 25.25 -3.4641016151377544
      vertex -2 34 -3.4641016151377544
      vertex -1.5307337294603591 34 -3.695518130045147
    endloop
  endfacet
  facet normal -0.5555702330196018 0 -0.8314696123025455
    outer loop
      vertex -2.4350457160348826 25.25 -3.1734133611649407
      vertex -2.4350457160348826 34 -3.1734133611649407
      vertex -2 34 -3.4641016151377544
    endloop
  endfacet
  facet normal -0.32143946530316175 0 -0.9469301294951056
    outer loop
      vertex -1.5307337294603591 25.25 -3.695518130045147
      vertex -1.5307337294603591 34 -3.695518130045147
      vertex -1.035276180410083 34 -3.8637033051562732
    endloop
  endfacet
  facet normal -0.9469301294951056 0 -0.32143946530316175
    outer loop
      vertex -3.695518130045147 25.25 -1.5307337294603591
      vertex -3.8637033051562732 25.25 -1.035276180410083
      vertex -3.695518130045147 34 -1.5307337294603591
    endloop
  endfacet
  facet normal -0.9807852804032304 0 -0.19509032201612783
    outer loop
      vertex -3.8637033051562732 25.25 -1.035276180410083
      vertex -3.9657794454952415 25.25 -0.5221047688802063
      vertex -3.8637033051562732 34 -1.035276180410083
    endloop
  endfacet
  facet normal -0.9978589232386034 0 -0.06540312923014328
    outer loop
      vertex -3.9657794454952415 25.25 -0.5221047688802063
      vertex -4 25.25 0
      vertex -3.9657794454952415 34 -0.5221047688802063
    endloop
  endfacet
  facet normal -0.9978589232386034 0 0.06540312923014328
    outer loop
      vertex -4 25.25 0
      vertex -3.9657794454952415 25.25 0.5221047688802063
      vertex -4 34 0
    endloop
  endfacet
  facet normal -0.9807852804032304 0 0.19509032201612783
    outer loop
      vertex -3.9657794454952415 25.25 0.5221047688802063
      vertex -3.8637033051562732 25.25 1.035276180410083
      vertex -3.9657794454952415 34 0.5221047688802063
    endloop
  endfacet
  facet normal -0.9469301294951056 0 -0.32143946530316175
    outer loop
      vertex -3.8637033051562732 25.25 -1.035276180410083
      vertex -3.8637033051562732 34 -1.035276180410083
      vertex -3.695518130045147 34 -1.5307337294603591
    endloop
  endfacet
  facet normal -0.9807852804032304 0 -0.19509032201612783
    outer loop
      vertex -3.9657794454952415 25.25 -0.5221047688802063
      vertex -3.9657794454952415 34 -0.5221047688802063
      vertex -3.8637033051562732 34 -1.035276180410083
    endloop
  endfacet
  facet normal -0.9978589232386034 0 -0.06540312923014328
    outer loop
      vertex -4 25.25 0
      vertex -4 34 0
      vertex -3.9657794454952415 34 -0.5221047688802063
    endloop
  endfacet
  facet normal -0.9978589232386034 0 0.06540312923014328
    outer loop
      vertex -3.9657794454952415 25.25 0.5221047688802063
      vertex -3.9657794454952415 34 0.5221047688802063
      vertex -4 34 0
    endloop
  endfacet
  facet normal -0.9807852804032304 0 0.19509032201612783
    outer loop
      vertex -3.8637033051562732 25.25 1.035276180410083
      vertex -3.8637033051562732 34 1.035276180410083
      vertex -3.9657794454952415 34 0.5221047688802063
    endloop
  endfacet
  facet normal 0 -1 0
    outer loop
      vertex -1.5307337294603591 25.25 -3.695518130045147
      vertex -1.035276180410083 25.25 -3.8637033051562732
      vertex 1.5307337294603591 25.25 -3.695518130045147
    endloop
  endfacet
  facet normal 0 -1 0
    outer loop
      vertex -2 25.25 -3.4641016151377544
      vertex -1.5307337294603591 25.25 -3.695518130045147
      vertex 2 25.25 -3.4641016151377544
    endloop
  endfacet
  facet normal 0 -1 0
    outer loop
      vertex -2 25.25 -3.4641016151377544
      vertex 2.4350457160348826 25.25 -3.1734133611649407
      vertex -2.4350457160348826 25.25 -3.1734133611649407
    endloop
  endfacet
  facet normal 0 -1 0
    outer loop
      vertex -2.8284271247461903 25.25 -2.8284271247461903
      vertex -2.4350457160348826 25.25 -3.1734133611649407
      vertex 2.8284271247461903 25.25 -2.8284271247461903
    endloop
  endfacet
  facet normal 0 -1 0
    outer loop
      vertex -1.035276180410083 25.25 -3.8637033051562732
      vertex -0.5221047688802063 25.25 -3.9657794454952415
      vertex 1.035276180410083 25.25 -3.8637033051562732
    endloop
  endfacet
  facet normal 0 -1 0
    outer loop
      vertex -0.5221047688802063 25.25 -3.9657794454952415
      vertex 0 25.25 -4
      vertex 0.5221047688802063 25.25 -3.9657794454952415
    endloop
  endfacet
  facet normal 0 -1 0
    outer loop
      vertex -0.5221047688802063 25.25 -3.9657794454952415
      vertex 0.5221047688802063 25.25 -3.9657794454952415
      vertex 1.035276180410083 25.25 -3.8637033051562732
    endloop
  endfacet
  facet normal 0 -1 0
    outer loop
      vertex -2.8284271247461903 25.25 -2.8284271247461903
      vertex 3.1734133611649407 25.25 -2.4350457160348826
      vertex -3.1734133611649407 25.25 -2.4350457160348826
    endloop
  endfacet
  facet normal 0 -1 0
    outer loop
      vertex -3.4641016151377544 25.25 -2
      vertex 3.695518130045147 25.25 -1.5307337294603591
      vertex 0.22189452677408766 25.25 -1.6854562643354776
    endloop
  endfacet
  facet normal 0 -1 0
    outer loop
      vertex -1.035276180410083 25.25 -3.8637033051562732
      vertex 1.035276180410083 25.25 -3.8637033051562732
      vertex 1.5307337294603591 25.25 -3.695518130045147
    endloop
  endfacet
  facet normal 0 -1 0
    outer loop
      vertex -1.5307337294603591 25.25 -3.695518130045147
      vertex 1.5307337294603591 25.25 -3.695518130045147
      vertex 2 25.25 -3.4641016151377544
    endloop
  endfacet
  facet normal 0 -1 0
    outer loop
      vertex -2 25.25 -3.4641016151377544
      vertex 2 25.25 -3.4641016151377544
      vertex 2.4350457160348826 25.25 -3.1734133611649407
    endloop
  endfacet
  facet normal 0 -1 0
    outer loop
      vertex -2.4350457160348826 25.25 -3.1734133611649407
      vertex 2.4350457160348826 25.25 -3.1734133611649407
      vertex 2.8284271247461903 25.25 -2.8284271247461903
    endloop
  endfacet
  facet normal 0 -1 0
    outer loop
      vertex -2.8284271247461903 25.25 -2.8284271247461903
      vertex 2.8284271247461903 25.25 -2.8284271247461903
      vertex 3.1734133611649407 25.25 -2.4350457160348826
    endloop
  endfacet
  facet normal 0 -1 0
    outer loop
      vertex -3.1734133611649407 25.25 -2.4350457160348826
      vertex 3.1734133611649407 25.25 -2.4350457160348826
      vertex 3.4641016151377544 25.25 -2
    endloop
  endfacet
  facet normal 0 -1 0
    outer loop
      vertex -3.4641016151377544 25.25 -2
      vertex 3.4641016151377544 25.25 -2
      vertex 3.695518130045147 25.25 -1.5307337294603591
    endloop
  endfacet
  facet normal 0 -1 0
    outer loop
      vertex 3.695518130045147 25.25 -1.5307337294603591
      vertex 0.43999237667428526 25.25 -1.6420739046914161
      vertex 0.22189452677408766 25.25 -1.6854562643354776
    endloop
  endfacet
  facet normal 0 -1 0
    outer loop
      vertex 3.695518130045147 25.25 -1.5307337294603591
      vertex 0.6505618350206526 25.25 -1.5705952052691874
      vertex 0.43999237667428526 25.25 -1.6420739046914161
    endloop
  endfacet
  facet normal 0 -1 0
    outer loop
      vertex 3.695518130045147 25.25 -1.5307337294603591
      vertex 0.85 25.25 -1.4722431864335457
      vertex 0.6505618350206526 25.25 -1.5705952052691874
    endloop
  endfacet
  facet normal 0 -1 0
    outer loop
      vertex 3.695518130045147 25.25 -1.5307337294603591
      vertex 1.034894429314825 25.25 -1.3487006784950997
      vertex 0.85 25.25 -1.4722431864335457
    endloop
  endfacet
  facet normal -0.19509032201612783 -1.0242558096376533e-19 -0.9807852804032304
    outer loop
      vertex -1.035276180410083 25.25 -3.8637033051562732
      vertex -0.5221047688802063 34 -3.9657794454952415
      vertex -0.5221047688802063 25.25 -3.9657794454952415
    endloop
  endfacet
  facet normal -0.06540312923014328 2.3763145376438112e-19 -0.9978589232386034
    outer loop
      vertex -0.5221047688802063 25.25 -3.9657794454952415
      vertex 0 34 -4
      vertex 0 25.25 -4
    endloop
  endfacet
  facet normal 0.06540312923014328 -2.3763145376438112e-19 -0.9978589232386034
    outer loop
      vertex 0 25.25 -4
      vertex 0.5221047688802063 34 -3.9657794454952415
      vertex 0.5221047688802063 25.25 -3.9657794454952415
    endloop
  endfacet
  facet normal -0.19509032201612783 0 -0.9807852804032304
    outer loop
      vertex -1.035276180410083 25.25 -3.8637033051562732
      vertex -1.035276180410083 34 -3.8637033051562732
      vertex -0.5221047688802063 34 -3.9657794454952415
    endloop
  endfacet
  facet normal -0.06540312923014328 0 -0.9978589232386034
    outer loop
      vertex -0.5221047688802063 25.25 -3.9657794454952415
      vertex -0.5221047688802063 34 -3.9657794454952415
      vertex 0 34 -4
    endloop
  endfacet
  facet normal 0.06540312923014328 0 -0.9978589232386034
    outer loop
      vertex 0 25.25 -4
      vertex 0 34 -4
      vertex 0.5221047688802063 34 -3.9657794454952415
    endloop
  endfacet
  facet normal 0.19509032201612783 1.0242558096376533e-19 -0.9807852804032304
    outer loop
      vertex 0.5221047688802063 25.25 -3.9657794454952415
      vertex 1.035276180410083 34 -3.8637033051562732
      vertex 1.035276180410083 25.25 -3.8637033051562732
    endloop
  endfacet
  facet normal 0.32143946530316175 -1.1302997365859742e-18 -0.9469301294951056
    outer loop
      vertex 1.035276180410083 25.25 -3.8637033051562732
      vertex 1.5307337294603591 34 -3.695518130045147
      vertex 1.5307337294603591 25.25 -3.695518130045147
    endloop
  endfacet
  facet normal 0.4422886902190016 2.7193062467600557e-19 -0.8968727415326883
    outer loop
      vertex 1.5307337294603591 25.25 -3.695518130045147
      vertex 2 34 -3.4641016151377544
      vertex 2 25.25 -3.4641016151377544
    endloop
  endfacet
  facet normal 0.19509032201612783 0 -0.9807852804032304
    outer loop
      vertex 0.5221047688802063 25.25 -3.9657794454952415
      vertex 0.5221047688802063 34 -3.9657794454952415
      vertex 1.035276180410083 34 -3.8637033051562732
    endloop
  endfacet
  facet normal 0.32143946530316175 0 -0.9469301294951056
    outer loop
      vertex 1.035276180410083 25.25 -3.8637033051562732
      vertex 1.035276180410083 34 -3.8637033051562732
      vertex 1.5307337294603591 34 -3.695518130045147
    endloop
  endfacet
  facet normal 0.4422886902190016 0 -0.8968727415326883
    outer loop
      vertex 1.5307337294603591 25.25 -3.695518130045147
      vertex 1.5307337294603591 34 -3.695518130045147
      vertex 2 34 -3.4641016151377544
    endloop
  endfacet
  facet normal 0 -1 0
    outer loop
      vertex -4 25.25 0
      vertex 0 25.25 4
      vertex -3.9657794454952415 25.25 0.5221047688802063
    endloop
  endfacet
  facet normal 0 -1 0
    outer loop
      vertex -3.9657794454952415 25.25 0.5221047688802063
      vertex 0 25.25 4
      vertex -3.8637033051562732 25.25 1.035276180410083
    endloop
  endfacet
  facet normal 0 -1 0
    outer loop
      vertex -3.8637033051562732 25.25 1.035276180410083
      vertex 0 25.25 4
      vertex -3.695518130045147 25.25 1.5307337294603591
    endloop
  endfacet
  facet normal 0 -1 0
    outer loop
      vertex -4 25.25 0
      vertex -1.4722431864335457 25.25 0.85
      vertex 0 25.25 4
    endloop
  endfacet
  facet normal 0 -1 0
    outer loop
      vertex -3.695518130045147 25.25 1.5307337294603591
      vertex 0 25.25 4
      vertex -3.4641016151377544 25.25 2
    endloop
  endfacet
  facet normal 0 -1 0
    outer loop
      vertex -3.4641016151377544 25.25 2
      vertex 0 25.25 4
      vertex -3.1734133611649407 25.25 2.4350457160348826
    endloop
  endfacet
  facet normal 0 -1 0
    outer loop
      vertex -3.1734133611649407 25.25 2.4350457160348826
      vertex 0 25.25 4
      vertex -2.8284271247461903 25.25 2.8284271247461903
    endloop
  endfacet
  facet normal 0 -1 0
    outer loop
      vertex -2.8284271247461903 25.25 2.8284271247461903
      vertex 0 25.25 4
      vertex -2.4350457160348826 25.25 3.1734133611649407
    endloop
  endfacet
  facet normal 0 -1 0
    outer loop
      vertex -2.4350457160348826 25.25 3.1734133611649407
      vertex 0 25.25 4
      vertex -2 25.25 3.4641016151377544
    endloop
  endfacet
  facet normal 0 -1 0
    outer loop
      vertex -2 25.25 3.4641016151377544
      vertex 0 25.25 4
      vertex -1.5307337294603591 25.25 3.695518130045147
    endloop
  endfacet
  facet normal -0.9469301294951056 0 0.32143946530316175
    outer loop
      vertex -3.8637033051562732 25.25 1.035276180410083
      vertex -3.695518130045147 25.25 1.5307337294603591
      vertex -3.8637033051562732 34 1.035276180410083
    endloop
  endfacet
  facet normal -0.8968727415326883 0 0.4422886902190016
    outer loop
      vertex -3.695518130045147 25.25 1.5307337294603591
      vertex -3.4641016151377544 25.25 2
      vertex -3.695518130045147 34 1.5307337294603591
    endloop
  endfacet
  facet normal -0.8314696123025455 0 0.5555702330196018
    outer loop
      vertex -3.4641016151377544 25.25 2
      vertex -3.1734133611649407 25.25 2.4350457160348826
      vertex -3.4641016151377544 34 2
    endloop
  endfacet
  facet normal -0.7518398074789777 0 0.6593458151000686
    outer loop
      vertex -3.1734133611649407 25.25 2.4350457160348826
      vertex -2.8284271247461903 25.25 2.8284271247461903
      vertex -3.1734133611649407 34 2.4350457160348826
    endloop
  endfacet
  facet normal -0.6593458151000686 0 0.7518398074789777
    outer loop
      vertex -2.8284271247461903 25.25 2.8284271247461903
      vertex -2.4350457160348826 25.25 3.1734133611649407
      vertex -2.8284271247461903 34 2.8284271247461903
    endloop
  endfacet
  facet normal -0.9469301294951056 0 0.32143946530316175
    outer loop
      vertex -3.695518130045147 25.25 1.5307337294603591
      vertex -3.695518130045147 34 1.5307337294603591
      vertex -3.8637033051562732 34 1.035276180410083
    endloop
  endfacet
  facet normal -0.8968727415326883 0 0.4422886902190016
    outer loop
      vertex -3.4641016151377544 25.25 2
      vertex -3.4641016151377544 34 2
      vertex -3.695518130045147 34 1.5307337294603591
    endloop
  endfacet
  facet normal -0.8314696123025455 0 0.5555702330196018
    outer loop
      vertex -3.1734133611649407 25.25 2.4350457160348826
      vertex -3.1734133611649407 34 2.4350457160348826
      vertex -3.4641016151377544 34 2
    endloop
  endfacet
  facet normal -0.7518398074789777 0 0.6593458151000686
    outer loop
      vertex -2.8284271247461903 25.25 2.8284271247461903
      vertex -2.8284271247461903 34 2.8284271247461903
      vertex -3.1734133611649407 34 2.4350457160348826
    endloop
  endfacet
  facet normal -0.6593458151000686 0 0.7518398074789777
    outer loop
      vertex -2.4350457160348826 25.25 3.1734133611649407
      vertex -2.4350457160348826 34 3.1734133611649407
      vertex -2.8284271247461903 34 2.8284271247461903
    endloop
  endfacet
  facet normal -0.5555702330196018 0 0.8314696123025455
    outer loop
      vertex -2.4350457160348826 25.25 3.1734133611649407
      vertex -2 25.25 3.4641016151377544
      vertex -2.4350457160348826 34 3.1734133611649407
    endloop
  endfacet
  facet normal -0.5555702330196018 0 0.8314696123025455
    outer loop
      vertex -2 25.25 3.4641016151377544
      vertex -2 34 3.4641016151377544
      vertex -2.4350457160348826 34 3.1734133611649407
    endloop
  endfacet
  facet normal -0.4422886902190016 0 0.8968727415326883
    outer loop
      vertex -2 25.25 3.4641016151377544
      vertex -1.5307337294603591 25.25 3.695518130045147
      vertex -2 34 3.4641016151377544
    endloop
  endfacet
  facet normal -0.32143946530316175 0 0.9469301294951056
    outer loop
      vertex -1.5307337294603591 25.25 3.695518130045147
      vertex -1.035276180410083 25.25 3.8637033051562732
      vertex -1.5307337294603591 34 3.695518130045147
    endloop
  endfacet
  facet normal -0.4422886902190016 0 0.8968727415326883
    outer loop
      vertex -1.5307337294603591 25.25 3.695518130045147
      vertex -1.5307337294603591 34 3.695518130045147
      vertex -2 34 3.4641016151377544
    endloop
  endfacet
  facet normal -0.32143946530316175 0 0.9469301294951056
    outer loop
      vertex -1.035276180410083 25.25 3.8637033051562732
      vertex -1.035276180410083 34 3.8637033051562732
      vertex -1.5307337294603591 34 3.695518130045147
    endloop
  endfacet
  facet normal 0 -1 0
    outer loop
      vertex 0 25.25 4
      vertex -1.4722431864335457 25.25 0.85
      vertex -1.3487006784950997 25.25 1.034894429314825
    endloop
  endfacet
  facet normal 0 -1 0
    outer loop
      vertex 0 25.25 4
      vertex -1.3487006784950997 25.25 1.034894429314825
      vertex -1.2020815280171309 25.25 1.2020815280171309
    endloop
  endfacet
  facet normal 0 -1 0
    outer loop
      vertex 0 25.25 4
      vertex -1.2020815280171309 25.25 1.2020815280171309
      vertex -1.034894429314825 25.25 1.3487006784950997
    endloop
  endfacet
  facet normal 0 -1 0
    outer loop
      vertex 0 25.25 4
      vertex -1.034894429314825 25.25 1.3487006784950997
      vertex -0.85 25.25 1.4722431864335457
    endloop
  endfacet
  facet normal 0 -1 0
    outer loop
      vertex 0 25.25 4
      vertex -0.85 25.25 1.4722431864335457
      vertex -0.6505618350206526 25.25 1.5705952052691874
    endloop
  endfacet
  facet normal 0 -1 0
    outer loop
      vertex 0 25.25 4
      vertex -0.6505618350206526 25.25 1.5705952052691874
      vertex -0.43999237667428526 25.25 1.6420739046914161
    endloop
  endfacet
  facet normal 0 -1 0
    outer loop
      vertex 0 25.25 4
      vertex -0.43999237667428526 25.25 1.6420739046914161
      vertex -0.22189452677408766 25.25 1.6854562643354776
    endloop
  endfacet
  facet normal 0 -1 0
    outer loop
      vertex 0 25.25 4
      vertex -0.22189452677408766 25.25 1.6854562643354776
      vertex 0 25.25 1.7
    endloop
  endfacet
  facet normal 0 -1 0
    outer loop
      vertex -1.5307337294603591 25.25 3.695518130045147
      vertex 0 25.25 4
      vertex -1.035276180410083 25.25 3.8637033051562732
    endloop
  endfacet
  facet normal 0 -1 0
    outer loop
      vertex -1.035276180410083 25.25 3.8637033051562732
      vertex 0 25.25 4
      vertex -0.5221047688802063 25.25 3.9657794454952415
    endloop
  endfacet
  facet normal -0.19509032201612783 0 0.9807852804032304
    outer loop
      vertex -1.035276180410083 25.25 3.8637033051562732
      vertex -0.5221047688802063 25.25 3.9657794454952415
      vertex -1.035276180410083 34 3.8637033051562732
    endloop
  endfacet
  facet normal -0.06540312923014328 0 0.9978589232386034
    outer loop
      vertex -0.5221047688802063 25.25 3.9657794454952415
      vertex 0 25.25 4
      vertex -0.5221047688802063 34 3.9657794454952415
    endloop
  endfacet
  facet normal -0.19509032201612783 0 0.9807852804032304
    outer loop
      vertex -0.5221047688802063 25.25 3.9657794454952415
      vertex -0.5221047688802063 34 3.9657794454952415
      vertex -1.035276180410083 34 3.8637033051562732
    endloop
  endfacet
  facet normal -0.06540312923014328 0 0.9978589232386034
    outer loop
      vertex 0 25.25 4
      vertex 0 34 4
      vertex -0.5221047688802063 34 3.9657794454952415
    endloop
  endfacet
  facet normal 0 -1 0
    outer loop
      vertex 3.8637033051562732 25.25 -1.035276180410083
      vertex 1.2020815280171309 25.25 -1.2020815280171309
      vertex 1.034894429314825 25.25 -1.3487006784950997
    endloop
  endfacet
  facet normal 0 -1 0
    outer loop
      vertex 3.8637033051562732 25.25 -1.035276180410083
      vertex 1.3487006784950997 25.25 -1.034894429314825
      vertex 1.2020815280171309 25.25 -1.2020815280171309
    endloop
  endfacet
  facet normal 0 -1 0
    outer loop
      vertex 3.8637033051562732 25.25 -1.035276180410083
      vertex 1.4722431864335457 25.25 -0.85
      vertex 1.3487006784950997 25.25 -1.034894429314825
    endloop
  endfacet
  facet normal 0 -1 0
    outer loop
      vertex 3.9657794454952415 25.25 -0.5221047688802063
      vertex 1.5705952052691874 25.25 -0.6505618350206526
      vertex 1.4722431864335457 25.25 -0.85
    endloop
  endfacet
  facet normal 0 -1 0
    outer loop
      vertex 3.9657794454952415 25.25 -0.5221047688802063
      vertex 1.6420739046914161 25.25 -0.43999237667428526
      vertex 1.5705952052691874 25.25 -0.6505618350206526
    endloop
  endfacet
  facet normal 0 -1 0
    outer loop
      vertex 3.9657794454952415 25.25 -0.5221047688802063
      vertex 1.6854562643354776 25.25 -0.22189452677408766
      vertex 1.6420739046914161 25.25 -0.43999237667428526
    endloop
  endfacet
  facet normal 0 -1 0
    outer loop
      vertex 3.695518130045147 25.25 -1.5307337294603591
      vertex 3.8637033051562732 25.25 -1.035276180410083
      vertex 1.034894429314825 25.25 -1.3487006784950997
    endloop
  endfacet
  facet normal 0 -1 0
    outer loop
      vertex 3.8637033051562732 25.25 -1.035276180410083
      vertex 3.9657794454952415 25.25 -0.5221047688802063
      vertex 1.4722431864335457 25.25 -0.85
    endloop
  endfacet
  facet normal 0 -1 0
    outer loop
      vertex 4 25.25 0
      vertex 1.7 25.25 0
      vertex 1.6854562643354776 25.25 -0.22189452677408766
    endloop
  endfacet
  facet normal 0 -1 0
    outer loop
      vertex 3.9657794454952415 25.25 -0.5221047688802063
      vertex 4 25.25 0
      vertex 1.6854562643354776 25.25 -0.22189452677408766
    endloop
  endfacet
  facet normal 0.5555702330196018 -2.6571029480117953e-18 -0.8314696123025455
    outer loop
      vertex 2 25.25 -3.4641016151377544
      vertex 2.4350457160348826 34 -3.1734133611649407
      vertex 2.4350457160348826 25.25 -3.1734133611649407
    endloop
  endfacet
  facet normal 0.6593458151000686 -4.6353866651106e-19 -0.7518398074789777
    outer loop
      vertex 2.4350457160348826 25.25 -3.1734133611649407
      vertex 2.8284271247461903 34 -2.8284271247461903
      vertex 2.8284271247461903 25.25 -2.8284271247461903
    endloop
  endfacet
  facet normal 0.7518398074789777 -4.6353866651106e-19 -0.6593458151000686
    outer loop
      vertex 2.8284271247461903 25.25 -2.8284271247461903
      vertex 3.1734133611649407 34 -2.4350457160348826
      vertex 3.1734133611649407 25.25 -2.4350457160348826
    endloop
  endfacet
  facet normal 0.8314696123025455 -2.6571029480117953e-18 -0.5555702330196018
    outer loop
      vertex 3.1734133611649407 25.25 -2.4350457160348826
      vertex 3.4641016151377544 34 -2
      vertex 3.4641016151377544 25.25 -2
    endloop
  endfacet
  facet normal 0.5555702330196018 0 -0.8314696123025455
    outer loop
      vertex 2 25.25 -3.4641016151377544
      vertex 2 34 -3.4641016151377544
      vertex 2.4350457160348826 34 -3.1734133611649407
    endloop
  endfacet
  facet normal 0.6593458151000686 0 -0.7518398074789777
    outer loop
      vertex 2.4350457160348826 25.25 -3.1734133611649407
      vertex 2.4350457160348826 34 -3.1734133611649407
      vertex 2.8284271247461903 34 -2.8284271247461903
    endloop
  endfacet
  facet normal 0.7518398074789777 0 -0.6593458151000686
    outer loop
      vertex 2.8284271247461903 25.25 -2.8284271247461903
      vertex 2.8284271247461903 34 -2.8284271247461903
      vertex 3.1734133611649407 34 -2.4350457160348826
    endloop
  endfacet
  facet normal 0.8314696123025455 0 -0.5555702330196018
    outer loop
      vertex 3.1734133611649407 25.25 -2.4350457160348826
      vertex 3.1734133611649407 34 -2.4350457160348826
      vertex 3.4641016151377544 34 -2
    endloop
  endfacet
  facet normal 0.8968727415326883 2.7193062467600557e-19 -0.4422886902190016
    outer loop
      vertex 3.4641016151377544 25.25 -2
      vertex 3.695518130045147 34 -1.5307337294603591
      vertex 3.695518130045147 25.25 -1.5307337294603591
    endloop
  endfacet
  facet normal 0.8968727415326883 0 -0.4422886902190016
    outer loop
      vertex 3.4641016151377544 25.25 -2
      vertex 3.4641016151377544 34 -2
      vertex 3.695518130045147 34 -1.5307337294603591
    endloop
  endfacet
  facet normal 0.9469301294951056 -1.1302997365859742e-18 -0.32143946530316175
    outer loop
      vertex 3.695518130045147 25.25 -1.5307337294603591
      vertex 3.8637033051562732 34 -1.035276180410083
      vertex 3.8637033051562732 25.25 -1.035276180410083
    endloop
  endfacet
  facet normal 0.9807852804032304 1.0242558096376533e-19 -0.19509032201612783
    outer loop
      vertex 3.8637033051562732 25.25 -1.035276180410083
      vertex 3.9657794454952415 34 -0.5221047688802063
      vertex 3.9657794454952415 25.25 -0.5221047688802063
    endloop
  endfacet
  facet normal 0.9978589232386034 -2.3763145376438112e-19 -0.06540312923014328
    outer loop
      vertex 3.9657794454952415 25.25 -0.5221047688802063
      vertex 4 34 0
      vertex 4 25.25 0
    endloop
  endfacet
  facet normal 0.9469301294951056 0 -0.32143946530316175
    outer loop
      vertex 3.695518130045147 25.25 -1.5307337294603591
      vertex 3.695518130045147 34 -1.5307337294603591
      vertex 3.8637033051562732 34 -1.035276180410083
    endloop
  endfacet
  facet normal 0.9807852804032304 0 -0.19509032201612783
    outer loop
      vertex 3.8637033051562732 25.25 -1.035276180410083
      vertex 3.8637033051562732 34 -1.035276180410083
      vertex 3.9657794454952415 34 -0.5221047688802063
    endloop
  endfacet
  facet normal 0.9978589232386034 0 -0.06540312923014328
    outer loop
      vertex 3.9657794454952415 25.25 -0.5221047688802063
      vertex 3.9657794454952415 34 -0.5221047688802063
      vertex 4 34 0
    endloop
  endfacet
  facet normal 0 -1 0
    outer loop
      vertex -20.697888586296504 35 -26.974013569901995
      vertex -22.69292988184752 35 -25.076524989657443
      vertex -22.766239457086503 35 -25.160118539008597
    endloop
  endfacet
  facet normal -0.6593458151000682 -4.0953791129325e-18 -0.751839807478978
    outer loop
      vertex -20.697888586296504 35 -26.974013569901995
      vertex -22.766239457086503 35 -25.160118539008597
      vertex -22.766239457086503 42 -25.160118539008597
    endloop
  endfacet
  facet normal 0 1 0
    outer loop
      vertex -20.697888586296504 42 -26.974013569901995
      vertex -22.766239457086503 42 -25.160118539008597
      vertex -22.69292988184752 42 -25.076524989657443
    endloop
  endfacet
  facet normal 0 -1 0
    outer loop
      vertex -30.19514464618124 35 -15.478580804148633
      vertex -30.095425563691567 35 -15.429404794730813
      vertex -31.298987271700234 35 -13.199280078341923
    endloop
  endfacet
  facet normal 0 -1 0
    outer loop
      vertex -29.8848561053452 35 -15.357926095308583
      vertex -31.099549106720886 35 -13.10092805950628
      vertex -30.095425563691567 35 -15.429404794730813
    endloop
  endfacet
  facet normal 0 -1 0
    outer loop
      vertex -29.666758255445 35 -15.314543735664522
      vertex -30.914654677406062 35 -12.977385551567835
      vertex -29.8848561053452 35 -15.357926095308583
    endloop
  endfacet
  facet normal 0 -1 0
    outer loop
      vertex -29.444863728670914 35 -15.3
      vertex -30.747467578703755 35 -12.830766401089866
      vertex -29.666758255445 35 -15.314543735664522
    endloop
  endfacet
  facet normal 0 -1 0
    outer loop
      vertex -30.600848428225788 35 -12.66357930238756
      vertex -29.444863728670914 35 -15.3
      vertex -29.222969201896827 35 -15.314543735664522
    endloop
  endfacet
  facet normal -0.8968727415326886 3.02617081683645e-18 -0.4422886902190007
    outer loop
      vertex -31.31627705798969 42 -13.205149169932717
      vertex -30.19514464618124 42 -15.478580804148633
      vertex -30.19514464618124 35 -15.478580804148633
    endloop
  endfacet
  facet normal 0 1 0
    outer loop
      vertex -30.19514464618124 42 -15.478580804148633
      vertex -31.298987271700234 42 -13.199280078341923
      vertex -30.095425563691567 42 -15.429404794730813
    endloop
  endfacet
  facet normal 0 1 0
    outer loop
      vertex -31.099549106720886 42 -13.10092805950628
      vertex -29.8848561053452 42 -15.357926095308583
      vertex -30.095425563691567 42 -15.429404794730813
    endloop
  endfacet
  facet normal 0 1 0
    outer loop
      vertex -31.099549106720886 42 -13.10092805950628
      vertex -28.79430189365026 42 -15.429404794730813
      vertex -29.004871351996627 42 -15.357926095308583
    endloop
  endfacet
  facet normal 0 1 0
    outer loop
      vertex -31.099549106720886 42 -13.10092805950628
      vertex -29.666758255445 42 -15.314543735664522
      vertex -29.8848561053452 42 -15.357926095308583
    endloop
  endfacet
  facet normal 0 1 0
    outer loop
      vertex -31.099549106720886 42 -13.10092805950628
      vertex -29.444863728670914 42 -15.3
      vertex -29.666758255445 42 -15.314543735664522
    endloop
  endfacet
  facet normal 0 1 0
    outer loop
      vertex -31.099549106720886 42 -13.10092805950628
      vertex -29.222969201896827 42 -15.314543735664522
      vertex -29.444863728670914 42 -15.3
    endloop
  endfacet
  facet normal 0 1 0
    outer loop
      vertex -31.099549106720886 42 -13.10092805950628
      vertex -29.004871351996627 42 -15.357926095308583
      vertex -29.222969201896827 42 -15.314543735664522
    endloop
  endfacet
  facet normal 0 1 0
    outer loop
      vertex -31.099549106720886 42 -13.10092805950628
      vertex -28.594863728670912 42 -15.527756813566455
      vertex -28.79430189365026 42 -15.429404794730813
    endloop
  endfacet
  facet normal 0 -1 0
    outer loop
      vertex -26.974013569901995 35 -20.697888586296504
      vertex -25.160118539008597 35 -22.766239457086503
      vertex -25.076524989657443 35 -22.69292988184752
    endloop
  endfacet
  facet normal 0 -1 0
    outer loop
      vertex -26.974013569901995 35 -20.697888586296504
      vertex -25.076524989657443 35 -22.69292988184752
      vertex -24.89163056034262 35 -22.569387373909073
    endloop
  endfacet
  facet normal 0 -1 0
    outer loop
      vertex -26.974013569901995 35 -20.697888586296504
      vertex -28.40996929935609 35 -18.3487006784951
      vertex -28.5024165140135 35 -18.410471932464322
    endloop
  endfacet
  facet normal 0 -1 0
    outer loop
      vertex -26.974013569901995 35 -20.697888586296504
      vertex -28.24278220065378 35 -18.202081528017132
      vertex -28.40996929935609 35 -18.3487006784951
    endloop
  endfacet
  facet normal -0.8314696123025457 -2.710692634462219e-16 -0.5555702330196016
    outer loop
      vertex -26.974013569901995 35 -20.697888586296504
      vertex -28.5024165140135 35 -18.410471932464322
      vertex -28.5024165140135 42 -18.410471932464326
    endloop
  endfacet
  facet normal -0.751839807478978 0 -0.6593458151000682
    outer loop
      vertex -26.974013569901995 35 -20.697888586296504
      vertex -26.974013569901995 42 -20.697888586296504
      vertex -25.160118539008597 35 -22.766239457086503
    endloop
  endfacet
  facet normal -0.751839807478978 -4.0953791129325e-18 -0.6593458151000682
    outer loop
      vertex -26.974013569901995 42 -20.697888586296504
      vertex -25.160118539008597 42 -22.766239457086503
      vertex -25.160118539008597 35 -22.766239457086503
    endloop
  endfacet
  facet normal 0 1 0
    outer loop
      vertex -26.974013569901995 42 -20.697888586296504
      vertex -25.076524989657443 42 -22.69292988184752
      vertex -25.160118539008597 42 -22.766239457086503
    endloop
  endfacet
  facet normal 0 1 0
    outer loop
      vertex -26.974013569901995 42 -20.697888586296504
      vertex -24.89163056034262 42 -22.569387373909073
      vertex -25.076524989657443 42 -22.69292988184752
    endloop
  endfacet
  facet normal 0 1 0
    outer loop
      vertex -26.974013569901995 42 -20.697888586296504
      vertex -24.69219239536327 42 -22.471035355073433
      vertex -24.89163056034262 42 -22.569387373909073
    endloop
  endfacet
  facet normal 0 1 0
    outer loop
      vertex -26.974013569901995 42 -20.697888586296504
      vertex -24.481622937016905 42 -22.399556655651203
      vertex -24.69219239536327 42 -22.471035355073433
    endloop
  endfacet
  facet normal 0 1 0
    outer loop
      vertex -26.974013569901995 42 -20.697888586296504
      vertex -24.263525087116705 42 -22.35617429600714
      vertex -24.481622937016905 42 -22.399556655651203
    endloop
  endfacet
  facet normal 0 1 0
    outer loop
      vertex -26.974013569901995 42 -20.697888586296504
      vertex -24.041630560342618 42 -22.34163056034262
      vertex -24.263525087116705 42 -22.35617429600714
    endloop
  endfacet
  facet normal -0.8314696123025451 0 -0.5555702330196022
    outer loop
      vertex -26.974013569901995 35 -20.697888586296504
      vertex -28.5024165140135 42 -18.410471932464326
      vertex -26.974013569901995 42 -20.697888586296504
    endloop
  endfacet
  facet normal 0 1 0
    outer loop
      vertex -26.974013569901995 42 -20.697888586296504
      vertex -28.5024165140135 42 -18.410471932464326
      vertex -28.40996929935609 42 -18.3487006784951
    endloop
  endfacet
  facet normal 0 1 0
    outer loop
      vertex -26.974013569901995 42 -20.697888586296504
      vertex -28.40996929935609 42 -18.3487006784951
      vertex -28.24278220065378 42 -18.202081528017132
    endloop
  endfacet
  facet normal 0 1 0
    outer loop
      vertex -26.974013569901995 42 -20.697888586296504
      vertex -23.60163818366833 42 -22.399556655651203
      vertex -23.81973603356853 42 -22.35617429600714
    endloop
  endfacet
  facet normal 0 1 0
    outer loop
      vertex -26.974013569901995 42 -20.697888586296504
      vertex -23.391068725321965 42 -22.471035355073433
      vertex -23.60163818366833 42 -22.399556655651203
    endloop
  endfacet
  facet normal 0 1 0
    outer loop
      vertex -26.974013569901995 42 -20.697888586296504
      vertex -23.81973603356853 42 -22.35617429600714
      vertex -24.041630560342618 42 -22.34163056034262
    endloop
  endfacet
  facet normal 0 1 0
    outer loop
      vertex -26.974013569901995 42 -20.697888586296504
      vertex -28.24278220065378 42 -18.202081528017132
      vertex -28.096163050175814 42 -18.034894429314825
    endloop
  endfacet
  facet normal 0 1 0
    outer loop
      vertex -26.974013569901995 42 -20.697888586296504
      vertex -28.096163050175814 42 -18.034894429314825
      vertex -27.97262054223737 42 -17.849999999999998
    endloop
  endfacet
  facet normal -0.555570233019602 1.083255477826e-17 -0.8314696123025453
    outer loop
      vertex -17 42 -29.444863728670914
      vertex -20.697888586296504 35 -26.974013569901995
      vertex -20.697888586296504 42 -26.974013569901995
    endloop
  endfacet
  facet normal -0.6593458151000682 0 -0.751839807478978
    outer loop
      vertex -20.697888586296504 35 -26.974013569901995
      vertex -22.766239457086503 42 -25.160118539008597
      vertex -20.697888586296504 42 -26.974013569901995
    endloop
  endfacet
  facet normal 0 1 0
    outer loop
      vertex -20.697888586296504 42 -26.974013569901995
      vertex -22.69292988184752 42 -25.076524989657443
      vertex -22.569387373909073 42 -24.89163056034262
    endloop
  endfacet
  facet normal 0 1 0
    outer loop
      vertex -20.697888586296504 42 -26.974013569901995
      vertex -22.569387373909073 42 -24.89163056034262
      vertex -22.471035355073433 42 -24.69219239536327
    endloop
  endfacet
  facet normal -0.555570233019602 0 -0.8314696123025453
    outer loop
      vertex -17 35 -29.444863728670914
      vertex -20.697888586296504 35 -26.974013569901995
      vertex -17 42 -29.444863728670914
    endloop
  endfacet
  facet normal 0 1 0
    outer loop
      vertex -26.974013569901995 42 -20.697888586296504
      vertex -27.97262054223737 42 -17.849999999999998
      vertex 0 42 -34
    endloop
  endfacet
  facet normal 0 1 0
    outer loop
      vertex -26.974013569901995 42 -20.697888586296504
      vertex 0 42 -34
      vertex -23.391068725321965 42 -22.471035355073433
    endloop
  endfacet
  facet normal -0.44228869021900097 -1.085364691117981e-17 -0.8968727415326884
    outer loop
      vertex -17 35 -29.444863728670914
      vertex -13.011236700413052 42 -31.411904105383748
      vertex -13.011236700413052 35 -31.411904105383748
    endloop
  endfacet
  facet normal -0.44228869021900097 0 -0.8968727415326884
    outer loop
      vertex -17 35 -29.444863728670914
      vertex -17 42 -29.444863728670914
      vertex -13.011236700413052 42 -31.411904105383748
    endloop
  endfacet
  facet normal -0.32143946530316186 -1.0617523877115738e-18 -0.9469301294951056
    outer loop
      vertex -13.011236700413052 35 -31.411904105383748
      vertex -8.799847533485705 42 -32.84147809382832
      vertex -8.799847533485705 35 -32.84147809382832
    endloop
  endfacet
  facet normal -0.32143946530316186 0 -0.9469301294951056
    outer loop
      vertex -13.011236700413052 35 -31.411904105383748
      vertex -13.011236700413052 42 -31.411904105383748
      vertex -8.799847533485705 42 -32.84147809382832
    endloop
  endfacet
  facet normal 0 1 0
    outer loop
      vertex -17 42 -29.444863728670914
      vertex 0 42 -34
      vertex -13.011236700413052 42 -31.411904105383748
    endloop
  endfacet
  facet normal 0 1 0
    outer loop
      vertex -17 42 -29.444863728670914
      vertex -20.697888586296504 42 -26.974013569901995
      vertex 0 42 -34
    endloop
  endfacet
  facet normal 0 1 0
    outer loop
      vertex 0 42 -34
      vertex -22.839549032325486 42 -22.839549032325486
      vertex -23.006736131027793 42 -22.69292988184752
    endloop
  endfacet
  facet normal 0 1 0
    outer loop
      vertex 0 42 -34
      vertex -22.471035355073433 42 -24.69219239536327
      vertex -22.399556655651203 42 -24.481622937016905
    endloop
  endfacet
  facet normal 0 1 0
    outer loop
      vertex 0 42 -34
      vertex -22.399556655651203 42 -24.481622937016905
      vertex -22.35617429600714 42 -24.263525087116705
    endloop
  endfacet
  facet normal 0 1 0
    outer loop
      vertex 0 42 -34
      vertex -22.35617429600714 42 -24.263525087116705
      vertex -22.34163056034262 42 -24.041630560342618
    endloop
  endfacet
  facet normal 0 1 0
    outer loop
      vertex 0 42 -34
      vertex -22.34163056034262 42 -24.041630560342618
      vertex -22.35617429600714 42 -23.81973603356853
    endloop
  endfacet
  facet normal 0 1 0
    outer loop
      vertex 0 42 -34
      vertex -22.35617429600714 42 -23.81973603356853
      vertex -22.399556655651203 42 -23.60163818366833
    endloop
  endfacet
  facet normal 0 1 0
    outer loop
      vertex 0 42 -34
      vertex -22.399556655651203 42 -23.60163818366833
      vertex -22.471035355073433 42 -23.391068725321965
    endloop
  endfacet
  facet normal 0 1 0
    outer loop
      vertex 0 42 -34
      vertex -22.471035355073433 42 -23.391068725321965
      vertex -22.569387373909073 42 -23.191630560342617
    endloop
  endfacet
  facet normal 0 1 0
    outer loop
      vertex 0 42 -34
      vertex -22.569387373909073 42 -23.191630560342617
      vertex -22.69292988184752 42 -23.006736131027793
    endloop
  endfacet
  facet normal 0 1 0
    outer loop
      vertex 0 42 -34
      vertex -22.69292988184752 42 -23.006736131027793
      vertex -22.839549032325486 42 -22.839549032325486
    endloop
  endfacet
  facet normal 0 1 0
    outer loop
      vertex -20.697888586296504 42 -26.974013569901995
      vertex -22.471035355073433 42 -24.69219239536327
      vertex 0 42 -34
    endloop
  endfacet
  facet normal 0 1 0
    outer loop
      vertex 0 42 -34
      vertex -23.191630560342617 42 -22.569387373909073
      vertex -23.391068725321965 42 -22.471035355073433
    endloop
  endfacet
  facet normal 0 1 0
    outer loop
      vertex 0 42 -34
      vertex -23.006736131027793 42 -22.69292988184752
      vertex -23.191630560342617 42 -22.569387373909073
    endloop
  endfacet
  facet normal 0 1 0
    outer loop
      vertex 0 42 -34
      vertex -28.40996929935609 42 -15.6512993215049
      vertex -28.594863728670912 42 -15.527756813566455
    endloop
  endfacet
  facet normal 0 1 0
    outer loop
      vertex 0 42 -34
      vertex -31.099549106720886 42 -13.10092805950628
      vertex -30.914654677406062 42 -12.977385551567835
    endloop
  endfacet
  facet normal 0 1 0
    outer loop
      vertex 0 42 -34
      vertex -30.914654677406062 42 -12.977385551567835
      vertex -30.747467578703755 42 -12.830766401089866
    endloop
  endfacet
  facet normal 0 1 0
    outer loop
      vertex 0 42 -34
      vertex -28.594863728670912 42 -15.527756813566455
      vertex -31.099549106720886 42 -13.10092805950628
    endloop
  endfacet
  facet normal 0 1 0
    outer loop
      vertex 0 42 -34
      vertex -30.747467578703755 42 -12.830766401089866
      vertex -30.600848428225788 42 -12.66357930238756
    endloop
  endfacet
  facet normal 0 1 0
    outer loop
      vertex 0 42 -34
      vertex -30.600848428225788 42 -12.66357930238756
      vertex -30.477305920287343 42 -12.478684873072735
    endloop
  endfacet
  facet normal 0 1 0
    outer loop
      vertex 0 42 -34
      vertex -30.477305920287343 42 -12.478684873072735
      vertex -30.378953901451702 42 -12.279246708093389
    endloop
  endfacet
  facet normal 0 1 0
    outer loop
      vertex 0 42 -34
      vertex -30.378953901451702 42 -12.279246708093389
      vertex -30.307475202029472 42 -12.06867724974702
    endloop
  endfacet
  facet normal 0 1 0
    outer loop
      vertex 0 42 -34
      vertex -30.307475202029472 42 -12.06867724974702
      vertex -30.26409284238541 42 -11.850579399846824
    endloop
  endfacet
  facet normal 0 1 0
    outer loop
      vertex 0 42 -34
      vertex -30.26409284238541 42 -11.850579399846824
      vertex -30.249549106720888 42 -11.628684873072736
    endloop
  endfacet
  facet normal 0 1 0
    outer loop
      vertex 0 42 -34
      vertex -30.249549106720888 42 -11.628684873072736
      vertex -30.26409284238541 42 -11.406790346298648
    endloop
  endfacet
  facet normal 0 1 0
    outer loop
      vertex 0 42 -34
      vertex -27.97262054223737 42 -17.849999999999998
      vertex -27.874268523401724 42 -17.650561835020653
    endloop
  endfacet
  facet normal 0 1 0
    outer loop
      vertex 0 42 -34
      vertex -27.874268523401724 42 -17.650561835020653
      vertex -27.8027898239795 42 -17.439992376674287
    endloop
  endfacet
  facet normal 0 1 0
    outer loop
      vertex 0 42 -34
      vertex -27.8027898239795 42 -17.439992376674287
      vertex -27.759407464335435 42 -17.221894526774086
    endloop
  endfacet
  facet normal 0 1 0
    outer loop
      vertex 0 42 -34
      vertex -27.759407464335435 42 -17.221894526774086
      vertex -27.744863728670914 42 -17
    endloop
  endfacet
  facet normal 0 1 0
    outer loop
      vertex 0 42 -34
      vertex -27.744863728670914 42 -17
      vertex -27.759407464335435 42 -16.778105473225914
    endloop
  endfacet
  facet normal 0 1 0
    outer loop
      vertex 0 42 -34
      vertex -27.759407464335435 42 -16.778105473225914
      vertex -27.8027898239795 42 -16.560007623325713
    endloop
  endfacet
  facet normal 0 1 0
    outer loop
      vertex 0 42 -34
      vertex -27.8027898239795 42 -16.560007623325713
      vertex -27.874268523401724 42 -16.349438164979347
    endloop
  endfacet
  facet normal 0 1 0
    outer loop
      vertex 0 42 -34
      vertex -27.874268523401724 42 -16.349438164979347
      vertex -27.97262054223737 42 -16.15
    endloop
  endfacet
  facet normal 0 1 0
    outer loop
      vertex 0 42 -34
      vertex -28.24278220065378 42 -15.79791847198287
      vertex -28.40996929935609 42 -15.6512993215049
    endloop
  endfacet
  facet normal 0 1 0
    outer loop
      vertex 0 42 -34
      vertex -27.97262054223737 42 -16.15
      vertex -28.096163050175814 42 -15.965105570685175
    endloop
  endfacet
  facet normal 0 1 0
    outer loop
      vertex 0 42 -34
      vertex -28.096163050175814 42 -15.965105570685175
      vertex -28.24278220065378 42 -15.79791847198287
    endloop
  endfacet
  facet normal 0 -1 0
    outer loop
      vertex -26.974013569901995 35 -20.697888586296504
      vertex -24.89163056034262 35 -22.569387373909073
      vertex -5.54327719506772 35 -2.2961005941905386
    endloop
  endfacet
  facet normal 0 1 0
    outer loop
      vertex 0 42 -34
      vertex -30.747467578703755 42 -10.426603345055605
      vertex -30.914654677406062 42 -10.279984194577636
    endloop
  endfacet
  facet normal 0 1 0
    outer loop
      vertex -32.84147809382832 42 -8.799847533485705
      vertex 0 42 -34
      vertex -30.914654677406062 42 -10.279984194577636
    endloop
  endfacet
  facet normal 0 1 0
    outer loop
      vertex -32.84147809382832 42 -8.799847533485705
      vertex -32.63346360241507 42 -7.376281227109177
      vertex 0 42 -34
    endloop
  endfacet
  facet normal 0 1 0
    outer loop
      vertex 0 42 -34
      vertex -30.26409284238541 42 -11.406790346298648
      vertex -30.307475202029472 42 -11.18869249639845
    endloop
  endfacet
  facet normal 0 1 0
    outer loop
      vertex 0 42 -34
      vertex -30.307475202029472 42 -11.18869249639845
      vertex -30.378953901451702 42 -10.978123038052082
    endloop
  endfacet
  facet normal 0 1 0
    outer loop
      vertex 0 42 -34
      vertex -30.477305920287343 42 -10.778684873072736
      vertex -30.600848428225788 42 -10.59379044375791
    endloop
  endfacet
  facet normal 0 1 0
    outer loop
      vertex 0 42 -34
      vertex -30.378953901451702 42 -10.978123038052082
      vertex -30.477305920287343 42 -10.778684873072736
    endloop
  endfacet
  facet normal 0 1 0
    outer loop
      vertex 0 42 -34
      vertex -30.600848428225788 42 -10.59379044375791
      vertex -30.747467578703755 42 -10.426603345055605
    endloop
  endfacet
  facet normal 0 1 0
    outer loop
      vertex 0 42 -34
      vertex -32.63346360241507 42 -7.376281227109177
      vertex -32.448569173100246 42 -7.252738719170731
    endloop
  endfacet
  facet normal 0 1 0
    outer loop
      vertex 0 42 -34
      vertex -32.448569173100246 42 -7.252738719170731
      vertex -32.28138207439794 42 -7.106119568692763
    endloop
  endfacet
  facet normal 0 1 0
    outer loop
      vertex 0 42 -34
      vertex -32.28138207439794 42 -7.106119568692763
      vertex -32.13476292391997 42 -6.938932469990457
    endloop
  endfacet
  facet normal 0 1 0
    outer loop
      vertex 0 42 -34
      vertex -32.13476292391997 42 -6.938932469990457
      vertex -32.011220415981526 42 -6.754038040675631
    endloop
  endfacet
  facet normal 0 1 0
    outer loop
      vertex 0 42 -34
      vertex -32.011220415981526 42 -6.754038040675631
      vertex -31.912868397145886 42 -6.554599875696284
    endloop
  endfacet
  facet normal 0 1 0
    outer loop
      vertex 0 42 -34
      vertex -31.912868397145886 42 -6.554599875696284
      vertex -31.841389697723656 42 -6.3440304173499165
    endloop
  endfacet
  facet normal 0 1 0
    outer loop
      vertex 0 42 -34
      vertex -31.841389697723656 42 -6.3440304173499165
      vertex -31.798007338079593 42 -6.125932567449719
    endloop
  endfacet
  facet normal 0 1 0
    outer loop
      vertex 0 42 -34
      vertex -31.798007338079593 42 -6.125932567449719
      vertex -31.783463602415072 42 -5.904038040675632
    endloop
  endfacet
  facet normal 0 1 0
    outer loop
      vertex 0 42 -34
      vertex -31.841389697723656 42 -5.464045664001347
      vertex -31.912868397145886 42 -5.253476205654979
    endloop
  endfacet
  facet normal 0 1 0
    outer loop
      vertex 0 42 -34
      vertex -32.011220415981526 42 -5.054038040675632
      vertex -32.13476292391997 42 -4.869143611360807
    endloop
  endfacet
  facet normal 0 1 0
    outer loop
      vertex 0 42 -34
      vertex -31.912868397145886 42 -5.253476205654979
      vertex -32.011220415981526 42 -5.054038040675632
    endloop
  endfacet
  facet normal 0 1 0
    outer loop
      vertex 0 42 -34
      vertex -32.13476292391997 42 -4.869143611360807
      vertex -32.28138207439794 42 -4.701956512658501
    endloop
  endfacet
  facet normal 0 1 0
    outer loop
      vertex 0 42 -34
      vertex -31.783463602415072 42 -5.904038040675632
      vertex -31.798007338079593 42 -5.682143513901544
    endloop
  endfacet
  facet normal 0 1 0
    outer loop
      vertex 0 42 -34
      vertex -31.798007338079593 42 -5.682143513901544
      vertex -31.841389697723656 42 -5.464045664001347
    endloop
  endfacet
  facet normal 0 -1 0
    outer loop
      vertex -20.697888586296504 35 -26.974013569901995
      vertex -4.760120041747411 35 -3.652568574052324
      vertex -22.69292988184752 35 -25.076524989657443
    endloop
  endfacet
  facet normal 0 -1 0
    outer loop
      vertex -4.760120041747411 35 -3.652568574052324
      vertex -22.569387373909073 35 -24.89163056034262
      vertex -22.69292988184752 35 -25.076524989657443
    endloop
  endfacet
  facet normal 0 -1 0
    outer loop
      vertex -4.760120041747411 35 -3.652568574052324
      vertex -22.471035355073433 35 -24.69219239536327
      vertex -22.569387373909073 35 -24.89163056034262
    endloop
  endfacet
  facet normal 0 -1 0
    outer loop
      vertex -4.760120041747411 35 -3.652568574052324
      vertex -22.399556655651203 35 -24.481622937016905
      vertex -22.471035355073433 35 -24.69219239536327
    endloop
  endfacet
  facet normal 0 -1 0
    outer loop
      vertex -4.760120041747411 35 -3.652568574052324
      vertex -22.35617429600714 35 -24.263525087116705
      vertex -22.399556655651203 35 -24.481622937016905
    endloop
  endfacet
  facet normal 0 -1 0
    outer loop
      vertex -4.760120041747411 35 -3.652568574052324
      vertex -22.34163056034262 35 -24.041630560342618
      vertex -22.35617429600714 35 -24.263525087116705
    endloop
  endfacet
  facet normal 0 -1 0
    outer loop
      vertex -4.760120041747411 35 -3.652568574052324
      vertex -22.35617429600714 35 -23.81973603356853
      vertex -22.34163056034262 35 -24.041630560342618
    endloop
  endfacet
  facet normal 0 -1 0
    outer loop
      vertex -4.760120041747411 35 -3.652568574052324
      vertex -22.399556655651203 35 -23.60163818366833
      vertex -22.35617429600714 35 -23.81973603356853
    endloop
  endfacet
  facet normal 0 -1 0
    outer loop
      vertex -4.760120041747411 35 -3.652568574052324
      vertex -22.471035355073433 35 -23.391068725321965
      vertex -22.399556655651203 35 -23.60163818366833
    endloop
  endfacet
  facet normal 0 -1 0
    outer loop
      vertex -4.760120041747411 35 -3.652568574052324
      vertex -22.569387373909073 35 -23.191630560342617
      vertex -22.471035355073433 35 -23.391068725321965
    endloop
  endfacet
  facet normal 0 -1 0
    outer loop
      vertex -4.760120041747411 35 -3.652568574052324
      vertex -22.69292988184752 35 -23.006736131027793
      vertex -22.569387373909073 35 -23.191630560342617
    endloop
  endfacet
  facet normal 0 -1 0
    outer loop
      vertex -5.54327719506772 35 -2.2961005941905386
      vertex -24.89163056034262 35 -22.569387373909073
      vertex -24.69219239536327 35 -22.471035355073433
    endloop
  endfacet
  facet normal 0 -1 0
    outer loop
      vertex -5.54327719506772 35 -2.2961005941905386
      vertex -24.69219239536327 35 -22.471035355073433
      vertex -24.481622937016905 35 -22.399556655651203
    endloop
  endfacet
  facet normal 0 -1 0
    outer loop
      vertex -5.54327719506772 35 -2.2961005941905386
      vertex -24.481622937016905 35 -22.399556655651203
      vertex -24.263525087116705 35 -22.35617429600714
    endloop
  endfacet
  facet normal 0 -1 0
    outer loop
      vertex -5.54327719506772 35 -2.2961005941905386
      vertex -24.263525087116705 35 -22.35617429600714
      vertex -24.041630560342618 35 -22.34163056034262
    endloop
  endfacet
  facet normal 0 -1 0
    outer loop
      vertex -5.54327719506772 35 -2.2961005941905386
      vertex -24.041630560342618 35 -22.34163056034262
      vertex -23.81973603356853 35 -22.35617429600714
    endloop
  endfacet
  facet normal 0 -1 0
    outer loop
      vertex -5.54327719506772 35 -2.2961005941905386
      vertex -23.60163818366833 35 -22.399556655651203
      vertex -23.391068725321965 35 -22.471035355073433
    endloop
  endfacet
  facet normal 0 -1 0
    outer loop
      vertex -5.54327719506772 35 -2.2961005941905386
      vertex -23.81973603356853 35 -22.35617429600714
      vertex -23.60163818366833 35 -22.399556655651203
    endloop
  endfacet
  facet normal 0 -1 0
    outer loop
      vertex -5.54327719506772 35 -2.2961005941905386
      vertex -23.006736131027793 35 -22.69292988184752
      vertex -22.839549032325486 35 -22.839549032325486
    endloop
  endfacet
  facet normal 0 -1 0
    outer loop
      vertex -4.760120041747411 35 -3.652568574052324
      vertex -22.839549032325486 35 -22.839549032325486
      vertex -22.69292988184752 35 -23.006736131027793
    endloop
  endfacet
  facet normal 0 -1 0
    outer loop
      vertex -5.54327719506772 35 -2.2961005941905386
      vertex -23.391068725321965 35 -22.471035355073433
      vertex -23.191630560342617 35 -22.569387373909073
    endloop
  endfacet
  facet normal 0 -1 0
    outer loop
      vertex -5.54327719506772 35 -2.2961005941905386
      vertex -23.191630560342617 35 -22.569387373909073
      vertex -23.006736131027793 35 -22.69292988184752
    endloop
  endfacet
  facet normal 0 -1 0
    outer loop
      vertex -17 35 -29.444863728670914
      vertex -4.242640687119286 35 -4.242640687119286
      vertex -20.697888586296504 35 -26.974013569901995
    endloop
  endfacet
  facet normal 0 -1 0
    outer loop
      vertex -17 35 -29.444863728670914
      vertex -13.011236700413052 35 -31.411904105383748
      vertex -3.652568574052324 35 -4.760120041747411
    endloop
  endfacet
  facet normal 0 -1 0
    outer loop
      vertex -32.84147809382832 35 -8.799847533485705
      vertex -32.43355459609409 35 -10.001551406932801
      vertex -32.38954148339517 35 -9.986610968381319
    endloop
  endfacet
  facet normal -0.946930129495106 0 -0.32143946530316087
    outer loop
      vertex -32.84147809382832 35 -8.799847533485705
      vertex -32.84147809382832 42 -8.799847533485705
      vertex -32.43355459609409 35 -10.001551406932801
    endloop
  endfacet
  facet normal 0 -1 0
    outer loop
      vertex -32.84147809382832 35 -8.799847533485705
      vertex -32.38954148339517 35 -9.986610968381319
      vertex -32.171443633494974 35 -9.943228608737257
    endloop
  endfacet
  facet normal -0.946930129495106 3.024790771498315e-19 -0.32143946530316087
    outer loop
      vertex -32.84147809382832 42 -8.799847533485705
      vertex -32.43355459609409 42 -10.001551406932801
      vertex -32.43355459609409 35 -10.001551406932801
    endloop
  endfacet
  facet normal 0 1 0
    outer loop
      vertex -32.84147809382832 42 -8.799847533485705
      vertex -32.38954148339517 42 -9.986610968381319
      vertex -32.43355459609409 42 -10.001551406932801
    endloop
  endfacet
  facet normal 0 1 0
    outer loop
      vertex -32.84147809382832 42 -8.799847533485705
      vertex -32.171443633494974 42 -9.943228608737257
      vertex -32.38954148339517 42 -9.986610968381319
    endloop
  endfacet
  facet normal 0 1 0
    outer loop
      vertex -32.84147809382832 42 -8.799847533485705
      vertex -31.949549106720887 42 -9.928684873072736
      vertex -32.171443633494974 42 -9.943228608737257
    endloop
  endfacet
  facet normal 0 1 0
    outer loop
      vertex -32.84147809382832 42 -8.799847533485705
      vertex -31.7276545799468 42 -9.943228608737257
      vertex -31.949549106720887 42 -9.928684873072736
    endloop
  endfacet
  facet normal 0 1 0
    outer loop
      vertex -32.84147809382832 42 -8.799847533485705
      vertex -31.5095567300466 42 -9.986610968381319
      vertex -31.7276545799468 42 -9.943228608737257
    endloop
  endfacet
  facet normal 0 1 0
    outer loop
      vertex -32.84147809382832 42 -8.799847533485705
      vertex -31.298987271700234 42 -10.058089667803548
      vertex -31.5095567300466 42 -9.986610968381319
    endloop
  endfacet
  facet normal 0 1 0
    outer loop
      vertex -32.84147809382832 42 -8.799847533485705
      vertex -31.099549106720886 42 -10.156441686639191
      vertex -31.298987271700234 42 -10.058089667803548
    endloop
  endfacet
  facet normal 0 1 0
    outer loop
      vertex -32.84147809382832 42 -8.799847533485705
      vertex -30.914654677406062 42 -10.279984194577636
      vertex -31.099549106720886 42 -10.156441686639191
    endloop
  endfacet
  facet normal 0 -1 0
    outer loop
      vertex -30.19514464618124 35 -15.478580804148633
      vertex -31.298987271700234 35 -13.199280078341923
      vertex -31.31627705798969 35 -13.205149169932717
    endloop
  endfacet
  facet normal 0 -1 0
    outer loop
      vertex -31.298987271700234 35 -13.199280078341923
      vertex -30.095425563691567 35 -15.429404794730813
      vertex -31.099549106720886 35 -13.10092805950628
    endloop
  endfacet
  facet normal 0 -1 0
    outer loop
      vertex -31.099549106720886 35 -13.10092805950628
      vertex -29.8848561053452 35 -15.357926095308583
      vertex -30.914654677406062 35 -12.977385551567835
    endloop
  endfacet
  facet normal 0 -1 0
    outer loop
      vertex -30.914654677406062 35 -12.977385551567835
      vertex -29.666758255445 35 -15.314543735664522
      vertex -30.747467578703755 35 -12.830766401089866
    endloop
  endfacet
  facet normal 0 -1 0
    outer loop
      vertex -30.747467578703755 35 -12.830766401089866
      vertex -29.444863728670914 35 -15.3
      vertex -30.600848428225788 35 -12.66357930238756
    endloop
  endfacet
  facet normal -0.8968727415326886 0 -0.4422886902190007
    outer loop
      vertex -31.31627705798969 35 -13.205149169932717
      vertex -31.31627705798969 42 -13.205149169932717
      vertex -30.19514464618124 35 -15.478580804148633
    endloop
  endfacet
  facet normal 0 1 0
    outer loop
      vertex -31.31627705798969 42 -13.205149169932717
      vertex -31.298987271700234 42 -13.199280078341923
      vertex -30.19514464618124 42 -15.478580804148633
    endloop
  endfacet
  facet normal 0 1 0
    outer loop
      vertex -31.099549106720886 42 -13.10092805950628
      vertex -30.095425563691567 42 -15.429404794730813
      vertex -31.298987271700234 42 -13.199280078341923
    endloop
  endfacet
  facet normal 0 -1 0
    outer loop
      vertex -32.84147809382832 35 -8.799847533485705
      vertex -33.04347122574079 35 -7.5461119453670475
      vertex -33.08905791871342 35 -7.555179702387243
    endloop
  endfacet
  facet normal -0.9807852804032304 4.371902056532035e-19 -0.19509032201612928
    outer loop
      vertex -32.84147809382832 35 -8.799847533485705
      vertex -33.08905791871342 35 -7.555179702387243
      vertex -33.08905791871342 42 -7.555179702387243
    endloop
  endfacet
  facet normal -0.9807852804032304 0 -0.19509032201612928
    outer loop
      vertex -32.84147809382832 35 -8.799847533485705
      vertex -33.08905791871342 42 -7.555179702387243
      vertex -32.84147809382832 42 -8.799847533485705
    endloop
  endfacet
  facet normal 0 1 0
    outer loop
      vertex -32.84147809382832 42 -8.799847533485705
      vertex -33.08905791871342 42 -7.555179702387243
      vertex -33.04347122574079 42 -7.5461119453670475
    endloop
  endfacet
  facet normal 0 1 0
    outer loop
      vertex -32.84147809382832 42 -8.799847533485705
      vertex -33.04347122574079 42 -7.5461119453670475
      vertex -32.83290176739442 42 -7.474633245944819
    endloop
  endfacet
  facet normal 0 1 0
    outer loop
      vertex -32.84147809382832 42 -8.799847533485705
      vertex -32.83290176739442 42 -7.474633245944819
      vertex -32.63346360241507 42 -7.376281227109177
    endloop
  endfacet
  facet normal 0 1 0
    outer loop
      vertex -34 42 0
      vertex 0 42 -34
      vertex -32.28138207439794 42 -4.701956512658501
    endloop
  endfacet
  facet normal 0 -1 0
    outer loop
      vertex -6 35 0
      vertex -30.477305920287343 35 -12.478684873072735
      vertex -30.600848428225788 35 -12.66357930238756
    endloop
  endfacet
  facet normal 0 -1 0
    outer loop
      vertex -6 35 0
      vertex -30.378953901451702 35 -12.279246708093389
      vertex -30.477305920287343 35 -12.478684873072735
    endloop
  endfacet
  facet normal 0 -1 0
    outer loop
      vertex -6 35 0
      vertex -30.307475202029472 35 -12.06867724974702
      vertex -30.378953901451702 35 -12.279246708093389
    endloop
  endfacet
  facet normal 0 -1 0
    outer loop
      vertex -6 35 0
      vertex -30.26409284238541 35 -11.850579399846824
      vertex -30.307475202029472 35 -12.06867724974702
    endloop
  endfacet
  facet normal 0 -1 0
    outer loop
      vertex -6 35 0
      vertex -30.249549106720888 35 -11.628684873072736
      vertex -30.26409284238541 35 -11.850579399846824
    endloop
  endfacet
  facet normal 0 -1 0
    outer loop
      vertex -6 35 0
      vertex -32.171443633494974 35 -9.943228608737257
      vertex -31.949549106720887 35 -9.928684873072736
    endloop
  endfacet
  facet normal 0 -1 0
    outer loop
      vertex -6 35 0
      vertex -31.949549106720887 35 -9.928684873072736
      vertex -31.7276545799468 35 -9.943228608737257
    endloop
  endfacet
  facet normal 0 -1 0
    outer loop
      vertex -6 35 0
      vertex -31.7276545799468 35 -9.943228608737257
      vertex -31.5095567300466 35 -9.986610968381319
    endloop
  endfacet
  facet normal 0 -1 0
    outer loop
      vertex -6 35 0
      vertex -31.5095567300466 35 -9.986610968381319
      vertex -31.298987271700234 35 -10.058089667803548
    endloop
  endfacet
  facet normal 0 -1 0
    outer loop
      vertex -6 35 0
      vertex -31.298987271700234 35 -10.058089667803548
      vertex -31.099549106720886 35 -10.156441686639191
    endloop
  endfacet
  facet normal 0 -1 0
    outer loop
      vertex -6 35 0
      vertex -30.307475202029472 35 -11.18869249639845
      vertex -30.26409284238541 35 -11.406790346298648
    endloop
  endfacet
  facet normal 0 -1 0
    outer loop
      vertex -6 35 0
      vertex -30.26409284238541 35 -11.406790346298648
      vertex -30.249549106720888 35 -11.628684873072736
    endloop
  endfacet
  facet normal 0 -1 0
    outer loop
      vertex -6 35 0
      vertex -30.378953901451702 35 -10.978123038052082
      vertex -30.307475202029472 35 -11.18869249639845
    endloop
  endfacet
  facet normal 0 -1 0
    outer loop
      vertex -6 35 0
      vertex -30.477305920287343 35 -10.778684873072736
      vertex -30.378953901451702 35 -10.978123038052082
    endloop
  endfacet
  facet normal 0 -1 0
    outer loop
      vertex -6 35 0
      vertex -30.747467578703755 35 -10.426603345055605
      vertex -30.600848428225788 35 -10.59379044375791
    endloop
  endfacet
  facet normal 0 -1 0
    outer loop
      vertex -6 35 0
      vertex -30.914654677406062 35 -10.279984194577636
      vertex -30.747467578703755 35 -10.426603345055605
    endloop
  endfacet
  facet normal 0 -1 0
    outer loop
      vertex -6 35 0
      vertex -31.099549106720886 35 -10.156441686639191
      vertex -30.914654677406062 35 -10.279984194577636
    endloop
  endfacet
  facet normal 0 -1 0
    outer loop
      vertex -6 35 0
      vertex -30.600848428225788 35 -10.59379044375791
      vertex -30.477305920287343 35 -10.778684873072736
    endloop
  endfacet
  facet normal 0 -1 0
    outer loop
      vertex -32.84147809382832 35 -8.799847533485705
      vertex -32.171443633494974 35 -9.943228608737257
      vertex -6 35 0
    endloop
  endfacet
  facet normal 0 -1 0
    outer loop
      vertex -32.84147809382832 35 -8.799847533485705
      vertex -5.79555495773441 35 1.5529142706151244
      vertex -33.04347122574079 35 -7.5461119453670475
    endloop
  endfacet
  facet normal 0 -1 0
    outer loop
      vertex -5.79555495773441 35 1.5529142706151244
      vertex -32.83290176739442 35 -7.474633245944819
      vertex -33.04347122574079 35 -7.5461119453670475
    endloop
  endfacet
  facet normal 0 -1 0
    outer loop
      vertex -5.79555495773441 35 1.5529142706151244
      vertex -32.63346360241507 35 -7.376281227109177
      vertex -32.83290176739442 35 -7.474633245944819
    endloop
  endfacet
  facet normal 0 -1 0
    outer loop
      vertex -5.79555495773441 35 1.5529142706151244
      vertex -32.448569173100246 35 -7.252738719170731
      vertex -32.63346360241507 35 -7.376281227109177
    endloop
  endfacet
  facet normal 0 -1 0
    outer loop
      vertex -5.79555495773441 35 1.5529142706151244
      vertex -32.28138207439794 35 -7.106119568692763
      vertex -32.448569173100246 35 -7.252738719170731
    endloop
  endfacet
  facet normal 0 -1 0
    outer loop
      vertex -5.79555495773441 35 1.5529142706151244
      vertex -32.13476292391997 35 -6.938932469990457
      vertex -32.28138207439794 35 -7.106119568692763
    endloop
  endfacet
  facet normal 0 -1 0
    outer loop
      vertex -5.79555495773441 35 1.5529142706151244
      vertex -32.011220415981526 35 -6.754038040675631
      vertex -32.13476292391997 35 -6.938932469990457
    endloop
  endfacet
  facet normal 0 -1 0
    outer loop
      vertex -34 35 0
      vertex -33.72326606913723 35 -4.222143887070118
      vertex -33.70535812918916 35 -4.218581776340154
    endloop
  endfacet
  facet normal 0 -1 0
    outer loop
      vertex -34 35 0
      vertex -33.70535812918916 35 -4.218581776340154
      vertex -33.48346360241507 35 -4.2040380406756315
    endloop
  endfacet
  facet normal -0.9978589232386036 0 -0.0654031292301437
    outer loop
      vertex -34 35 0
      vertex -34 42 0
      vertex -33.72326606913723 35 -4.222143887070118
    endloop
  endfacet
  facet normal -0.9978589232386036 -3.1116457661000695e-18 -0.0654031292301437
    outer loop
      vertex -34 42 0
      vertex -33.72326606913723 42 -4.222143887070118
      vertex -33.72326606913723 35 -4.222143887070118
    endloop
  endfacet
  facet normal 0 1 0
    outer loop
      vertex -34 42 0
      vertex -33.70535812918916 42 -4.218581776340154
      vertex -33.72326606913723 42 -4.222143887070118
    endloop
  endfacet
  facet normal 0 1 0
    outer loop
      vertex -34 42 0
      vertex -33.48346360241507 42 -4.2040380406756315
      vertex -33.70535812918916 42 -4.218581776340154
    endloop
  endfacet
  facet normal 0 1 0
    outer loop
      vertex -34 42 0
      vertex -33.261569075640985 42 -4.218581776340154
      vertex -33.48346360241507 42 -4.2040380406756315
    endloop
  endfacet
  facet normal 0 1 0
    outer loop
      vertex -34 42 0
      vertex -33.04347122574079 42 -4.261964135984216
      vertex -33.261569075640985 42 -4.218581776340154
    endloop
  endfacet
  facet normal 0 1 0
    outer loop
      vertex -34 42 0
      vertex -32.83290176739442 42 -4.333442835406444
      vertex -33.04347122574079 42 -4.261964135984216
    endloop
  endfacet
  facet normal 0 1 0
    outer loop
      vertex -34 42 0
      vertex -32.28138207439794 42 -4.701956512658501
      vertex -32.448569173100246 42 -4.555337362180532
    endloop
  endfacet
  facet normal 0 1 0
    outer loop
      vertex -34 42 0
      vertex -32.63346360241507 42 -4.431794854242086
      vertex -32.83290176739442 42 -4.333442835406444
    endloop
  endfacet
  facet normal 0 1 0
    outer loop
      vertex -34 42 0
      vertex -32.448569173100246 42 -4.555337362180532
      vertex -32.63346360241507 42 -4.431794854242086
    endloop
  endfacet
  facet normal -0.9978589232386034 0 0.06540312923014449
    outer loop
      vertex -34 35 0
      vertex -33.80336961155428 35 3
      vertex -33.80336961155428 42 3
    endloop
  endfacet
  facet normal -0.9978589232386034 0 0.06540312923014449
    outer loop
      vertex -34 35 0
      vertex -33.80336961155428 42 3
      vertex -34 42 0
    endloop
  endfacet
  facet normal 0 -1 0
    outer loop
      vertex -5.79555495773441 35 1.5529142706151244
      vertex -32.63346360241507 35 -4.431794854242086
      vertex -32.448569173100246 35 -4.555337362180532
    endloop
  endfacet
  facet normal 0 -1 0
    outer loop
      vertex -5.79555495773441 35 1.5529142706151244
      vertex -32.448569173100246 35 -4.555337362180532
      vertex -32.28138207439794 35 -4.701956512658501
    endloop
  endfacet
  facet normal 0 -1 0
    outer loop
      vertex -5.79555495773441 35 1.5529142706151244
      vertex -32.83290176739442 35 -4.333442835406444
      vertex -32.63346360241507 35 -4.431794854242086
    endloop
  endfacet
  facet normal 0 -1 0
    outer loop
      vertex -5.54327719506772 35 2.2961005941905386
      vertex -33.48346360241507 35 -4.2040380406756315
      vertex -33.261569075640985 35 -4.218581776340154
    endloop
  endfacet
  facet normal 0 -1 0
    outer loop
      vertex -5.54327719506772 35 2.2961005941905386
      vertex -33.261569075640985 35 -4.218581776340154
      vertex -33.04347122574079 35 -4.261964135984216
    endloop
  endfacet
  facet normal 0 -1 0
    outer loop
      vertex -5.54327719506772 35 2.2961005941905386
      vertex -33.04347122574079 35 -4.261964135984216
      vertex -32.83290176739442 35 -4.333442835406444
    endloop
  endfacet
  facet normal 0 -1 0
    outer loop
      vertex -5.79555495773441 35 1.5529142706151244
      vertex -31.912868397145886 35 -6.554599875696284
      vertex -32.011220415981526 35 -6.754038040675631
    endloop
  endfacet
  facet normal 0 -1 0
    outer loop
      vertex -5.79555495773441 35 1.5529142706151244
      vertex -31.841389697723656 35 -6.3440304173499165
      vertex -31.912868397145886 35 -6.554599875696284
    endloop
  endfacet
  facet normal 0 -1 0
    outer loop
      vertex -5.79555495773441 35 1.5529142706151244
      vertex -31.798007338079593 35 -6.125932567449719
      vertex -31.841389697723656 35 -6.3440304173499165
    endloop
  endfacet
  facet normal 0 -1 0
    outer loop
      vertex -5.79555495773441 35 1.5529142706151244
      vertex -31.783463602415072 35 -5.904038040675632
      vertex -31.798007338079593 35 -6.125932567449719
    endloop
  endfacet
  facet normal 0 -1 0
    outer loop
      vertex -5.79555495773441 35 1.5529142706151244
      vertex -31.798007338079593 35 -5.682143513901544
      vertex -31.783463602415072 35 -5.904038040675632
    endloop
  endfacet
  facet normal 0 -1 0
    outer loop
      vertex -5.79555495773441 35 1.5529142706151244
      vertex -31.841389697723656 35 -5.464045664001347
      vertex -31.798007338079593 35 -5.682143513901544
    endloop
  endfacet
  facet normal 0 -1 0
    outer loop
      vertex -5.79555495773441 35 1.5529142706151244
      vertex -32.13476292391997 35 -4.869143611360807
      vertex -32.011220415981526 35 -5.054038040675632
    endloop
  endfacet
  facet normal 0 -1 0
    outer loop
      vertex -5.79555495773441 35 1.5529142706151244
      vertex -32.011220415981526 35 -5.054038040675632
      vertex -31.912868397145886 35 -5.253476205654979
    endloop
  endfacet
  facet normal 0 -1 0
    outer loop
      vertex -5.79555495773441 35 1.5529142706151244
      vertex -31.912868397145886 35 -5.253476205654979
      vertex -31.841389697723656 35 -5.464045664001347
    endloop
  endfacet
  facet normal 0 -1 0
    outer loop
      vertex -5.79555495773441 35 1.5529142706151244
      vertex -32.28138207439794 35 -4.701956512658501
      vertex -32.13476292391997 35 -4.869143611360807
    endloop
  endfacet
  facet normal 0 -1 0
    outer loop
      vertex -34 35 0
      vertex -33.48346360241507 35 -4.2040380406756315
      vertex -5.54327719506772 35 2.2961005941905386
    endloop
  endfacet
  facet normal 0 -1 0
    outer loop
      vertex -34 35 0
      vertex -5.196152422706632 35 3
      vertex -33.80336961155428 35 3
    endloop
  endfacet
  facet normal 0 1 0
    outer loop
      vertex -34 42 0
      vertex -33.80336961155428 42 3
      vertex -5.54327719506772 42 2.2961005941905386
    endloop
  endfacet
  facet normal 0 -1 0
    outer loop
      vertex -5.79555495773441 35 -1.5529142706151244
      vertex -28.096163050175814 35 -18.034894429314825
      vertex -28.24278220065378 35 -18.202081528017132
    endloop
  endfacet
  facet normal 0 -1 0
    outer loop
      vertex -5.79555495773441 35 -1.5529142706151244
      vertex -27.97262054223737 35 -17.85
      vertex -28.096163050175814 35 -18.034894429314825
    endloop
  endfacet
  facet normal 0 -1 0
    outer loop
      vertex -5.79555495773441 35 -1.5529142706151244
      vertex -27.874268523401724 35 -17.650561835020653
      vertex -27.97262054223737 35 -17.85
    endloop
  endfacet
  facet normal 0 -1 0
    outer loop
      vertex -26.974013569901995 35 -20.697888586296504
      vertex -5.79555495773441 35 -1.5529142706151244
      vertex -28.24278220065378 35 -18.202081528017132
    endloop
  endfacet
  facet normal 0 -1 0
    outer loop
      vertex -5.79555495773441 35 -1.5529142706151244
      vertex -27.8027898239795 35 -17.439992376674287
      vertex -27.874268523401724 35 -17.650561835020653
    endloop
  endfacet
  facet normal 0 -1 0
    outer loop
      vertex -5.79555495773441 35 -1.5529142706151244
      vertex -27.759407464335435 35 -17.221894526774086
      vertex -27.8027898239795 35 -17.439992376674287
    endloop
  endfacet
  facet normal 0 -1 0
    outer loop
      vertex -5.79555495773441 35 -1.5529142706151244
      vertex -27.744863728670914 35 -17
      vertex -27.759407464335435 35 -17.221894526774086
    endloop
  endfacet
  facet normal 0 -1 0
    outer loop
      vertex -5.79555495773441 35 -1.5529142706151244
      vertex -27.759407464335435 35 -16.778105473225914
      vertex -27.744863728670914 35 -17
    endloop
  endfacet
  facet normal 0 -1 0
    outer loop
      vertex -5.79555495773441 35 -1.5529142706151244
      vertex -27.8027898239795 35 -16.560007623325713
      vertex -27.759407464335435 35 -16.778105473225914
    endloop
  endfacet
  facet normal 0 -1 0
    outer loop
      vertex -5.948669168242862 35 -0.7831571533203094
      vertex -29.222969201896827 35 -15.314543735664522
      vertex -29.004871351996627 35 -15.357926095308583
    endloop
  endfacet
  facet normal 0 -1 0
    outer loop
      vertex -5.79555495773441 35 -1.5529142706151244
      vertex -27.97262054223737 35 -16.15
      vertex -27.874268523401724 35 -16.349438164979347
    endloop
  endfacet
  facet normal 0 -1 0
    outer loop
      vertex -5.948669168242862 35 -0.7831571533203094
      vertex -28.096163050175814 35 -15.965105570685175
      vertex -27.97262054223737 35 -16.15
    endloop
  endfacet
  facet normal 0 -1 0
    outer loop
      vertex -5.948669168242862 35 -0.7831571533203094
      vertex -28.79430189365026 35 -15.429404794730813
      vertex -28.594863728670912 35 -15.527756813566455
    endloop
  endfacet
  facet normal 0 -1 0
    outer loop
      vertex -5.948669168242862 35 -0.7831571533203094
      vertex -28.594863728670912 35 -15.527756813566455
      vertex -28.40996929935609 35 -15.6512993215049
    endloop
  endfacet
  facet normal 0 -1 0
    outer loop
      vertex -5.948669168242862 35 -0.7831571533203094
      vertex -29.004871351996627 35 -15.357926095308583
      vertex -28.79430189365026 35 -15.429404794730813
    endloop
  endfacet
  facet normal 0 -1 0
    outer loop
      vertex -5.948669168242862 35 -0.7831571533203094
      vertex -28.40996929935609 35 -15.6512993215049
      vertex -28.24278220065378 35 -15.79791847198287
    endloop
  endfacet
  facet normal 0 -1 0
    outer loop
      vertex -5.948669168242862 35 -0.7831571533203094
      vertex -28.24278220065378 35 -15.79791847198287
      vertex -28.096163050175814 35 -15.965105570685175
    endloop
  endfacet
  facet normal 0 -1 0
    outer loop
      vertex -5.948669168242862 35 -0.7831571533203094
      vertex -30.600848428225788 35 -12.66357930238756
      vertex -29.222969201896827 35 -15.314543735664522
    endloop
  endfacet
  facet normal 0 -1 0
    outer loop
      vertex -5.79555495773441 35 -1.5529142706151244
      vertex -27.874268523401724 35 -16.349438164979347
      vertex -27.8027898239795 35 -16.560007623325713
    endloop
  endfacet
  facet normal 0 1 0
    outer loop
      vertex -34 42 0
      vertex -5.54327719506772 42 -2.2961005941905386
      vertex 0 42 -34
    endloop
  endfacet
  facet normal 0 -1 0
    outer loop
      vertex -4.760120041747411 35 -3.652568574052324
      vertex -5.196152422706632 35 -3
      vertex -22.839549032325486 35 -22.839549032325486
    endloop
  endfacet
  facet normal 0 -1 0
    outer loop
      vertex -5.54327719506772 35 -2.2961005941905386
      vertex -22.839549032325486 35 -22.839549032325486
      vertex -5.196152422706632 35 -3
    endloop
  endfacet
  facet normal 0 -1 0
    outer loop
      vertex -5.79555495773441 35 -1.5529142706151244
      vertex -5.948669168242862 35 -0.7831571533203094
      vertex -27.97262054223737 35 -16.15
    endloop
  endfacet
  facet normal 0 -1 0
    outer loop
      vertex -5.948669168242862 35 -0.7831571533203094
      vertex -6 35 0
      vertex -30.600848428225788 35 -12.66357930238756
    endloop
  endfacet
  facet normal 0 -1 0
    outer loop
      vertex -26.974013569901995 35 -20.697888586296504
      vertex -5.54327719506772 35 -2.2961005941905386
      vertex -5.79555495773441 35 -1.5529142706151244
    endloop
  endfacet
  facet normal 0 -1 0
    outer loop
      vertex -32.84147809382832 35 -8.799847533485705
      vertex -6 35 0
      vertex -5.948669168242862 35 0.7831571533203094
    endloop
  endfacet
  facet normal 0 -1 0
    outer loop
      vertex -32.84147809382832 35 -8.799847533485705
      vertex -5.948669168242862 35 0.7831571533203094
      vertex -5.79555495773441 35 1.5529142706151244
    endloop
  endfacet
  facet normal 0 -1 0
    outer loop
      vertex -5.79555495773441 35 1.5529142706151244
      vertex -5.54327719506772 35 2.2961005941905386
      vertex -32.83290176739442 35 -4.333442835406444
    endloop
  endfacet
  facet normal 0 1 0
    outer loop
      vertex -34 42 0
      vertex -6 42 0
      vertex -5.948669168242862 42 -0.7831571533203094
    endloop
  endfacet
  facet normal 0 1 0
    outer loop
      vertex -34 42 0
      vertex -5.79555495773441 42 -1.5529142706151244
      vertex -5.54327719506772 42 -2.2961005941905386
    endloop
  endfacet
  facet normal 0 1 0
    outer loop
      vertex -34 42 0
      vertex -5.948669168242862 42 -0.7831571533203094
      vertex -5.79555495773441 42 -1.5529142706151244
    endloop
  endfacet
  facet normal 0 1 0
    outer loop
      vertex -34 42 0
      vertex -5.948669168242862 42 0.7831571533203094
      vertex -6 42 0
    endloop
  endfacet
  facet normal 0 1 0
    outer loop
      vertex -34 42 0
      vertex -5.79555495773441 42 1.5529142706151244
      vertex -5.948669168242862 42 0.7831571533203094
    endloop
  endfacet
  facet normal 0 -1 0
    outer loop
      vertex -34 35 0
      vertex -5.54327719506772 35 2.2961005941905386
      vertex -5.196152422706632 35 3
    endloop
  endfacet
  facet normal 0 1 0
    outer loop
      vertex -34 42 0
      vertex -5.54327719506772 42 2.2961005941905386
      vertex -5.79555495773441 42 1.5529142706151244
    endloop
  endfacet
  facet normal 0 1 0
    outer loop
      vertex -33.80336961155428 42 3
      vertex -5.196152422706632 42 3
      vertex -5.54327719506772 42 2.2961005941905386
    endloop
  endfacet
  facet normal -0.19509032201612758 0 -0.9807852804032305
    outer loop
      vertex -8.799847533485705 35 -32.84147809382832
      vertex -8.799847533485705 42 -32.84147809382832
      vertex -4.4378905354817535 42 -33.70912528670955
    endloop
  endfacet
  facet normal 0 1 0
    outer loop
      vertex -13.011236700413052 42 -31.411904105383748
      vertex 0 42 -34
      vertex -8.799847533485705 42 -32.84147809382832
    endloop
  endfacet
  facet normal -0.19509032201612758 2.481015956453325e-19 -0.9807852804032305
    outer loop
      vertex -8.799847533485705 35 -32.84147809382832
      vertex -4.4378905354817535 42 -33.70912528670955
      vertex -4.4378905354817535 35 -33.70912528670955
    endloop
  endfacet
  facet normal 0 1 0
    outer loop
      vertex -8.799847533485705 42 -32.84147809382832
      vertex 0 42 -34
      vertex -4.4378905354817535 42 -33.70912528670955
    endloop
  endfacet
  facet normal 0 -1 0
    outer loop
      vertex -8.799847533485705 35 -32.84147809382832
      vertex -4.4378905354817535 35 -33.70912528670955
      vertex -1.5529142706151244 35 -5.79555495773441
    endloop
  endfacet
  facet normal -0.06540312923014384 2.494194255041193e-18 -0.9978589232386034
    outer loop
      vertex -4.4378905354817535 35 -33.70912528670955
      vertex 0 42 -34
      vertex 0 35 -34
    endloop
  endfacet
  facet normal -0.06540312923014384 0 -0.9978589232386034
    outer loop
      vertex -4.4378905354817535 35 -33.70912528670955
      vertex -4.4378905354817535 42 -33.70912528670955
      vertex 0 42 -34
    endloop
  endfacet
  facet normal 0 -1 0
    outer loop
      vertex -4.4378905354817535 35 -33.70912528670955
      vertex 0 35 -34
      vertex 0 35 -6
    endloop
  endfacet
  facet normal 0 -1 0
    outer loop
      vertex -13.011236700413052 35 -31.411904105383748
      vertex -8.799847533485705 35 -32.84147809382832
      vertex -2.2961005941905386 35 -5.54327719506772
    endloop
  endfacet
  facet normal 0 -1 0
    outer loop
      vertex -13.011236700413052 35 -31.411904105383748
      vertex -2.2961005941905386 35 -5.54327719506772
      vertex -3 35 -5.196152422706632
    endloop
  endfacet
  facet normal 0 -1 0
    outer loop
      vertex -8.799847533485705 35 -32.84147809382832
      vertex -1.5529142706151244 35 -5.79555495773441
      vertex -2.2961005941905386 35 -5.54327719506772
    endloop
  endfacet
  facet normal 0 -1 0
    outer loop
      vertex -4.4378905354817535 35 -33.70912528670955
      vertex -0.7831571533203094 35 -5.948669168242862
      vertex -1.5529142706151244 35 -5.79555495773441
    endloop
  endfacet
  facet normal 0 -1 0
    outer loop
      vertex -4.4378905354817535 35 -33.70912528670955
      vertex 0 35 -6
      vertex -0.7831571533203094 35 -5.948669168242862
    endloop
  endfacet
  facet normal 0 1 0
    outer loop
      vertex 0 42 -34
      vertex -4.242640687119286 42 -4.242640687119286
      vertex -3.652568574052324 42 -4.760120041747411
    endloop
  endfacet
  facet normal 0 1 0
    outer loop
      vertex 0 42 -34
      vertex -3.652568574052324 42 -4.760120041747411
      vertex -3 42 -5.196152422706632
    endloop
  endfacet
  facet normal 0 1 0
    outer loop
      vertex 0 42 -34
      vertex -3 42 -5.196152422706632
      vertex -2.2961005941905386 42 -5.54327719506772
    endloop
  endfacet
  facet normal 0 1 0
    outer loop
      vertex 0 42 -34
      vertex -2.2961005941905386 42 -5.54327719506772
      vertex -1.5529142706151244 42 -5.79555495773441
    endloop
  endfacet
  facet normal 0 1 0
    outer loop
      vertex 0 42 -34
      vertex -0.7831571533203094 42 -5.948669168242862
      vertex 0 42 -6
    endloop
  endfacet
  facet normal 0 1 0
    outer loop
      vertex 0 42 -34
      vertex -1.5529142706151244 42 -5.79555495773441
      vertex -0.7831571533203094 42 -5.948669168242862
    endloop
  endfacet
  facet normal 0 -1 0
    outer loop
      vertex -20.697888586296504 35 -26.974013569901995
      vertex -4.242640687119286 35 -4.242640687119286
      vertex -4.760120041747411 35 -3.652568574052324
    endloop
  endfacet
  facet normal 0 -1 0
    outer loop
      vertex -17 35 -29.444863728670914
      vertex -3.652568574052324 35 -4.760120041747411
      vertex -4.242640687119286 35 -4.242640687119286
    endloop
  endfacet
  facet normal 0 -1 0
    outer loop
      vertex -13.011236700413052 35 -31.411904105383748
      vertex -3 35 -5.196152422706632
      vertex -3.652568574052324 35 -4.760120041747411
    endloop
  endfacet
  facet normal 0 1 0
    outer loop
      vertex 0 42 -34
      vertex -5.196152422706632 42 -3
      vertex -4.760120041747411 42 -3.652568574052324
    endloop
  endfacet
  facet normal 0 1 0
    outer loop
      vertex 0 42 -34
      vertex -5.54327719506772 42 -2.2961005941905386
      vertex -5.196152422706632 42 -3
    endloop
  endfacet
  facet normal 0 1 0
    outer loop
      vertex 0 42 -34
      vertex -4.760120041747411 42 -3.652568574052324
      vertex -4.242640687119286 42 -4.242640687119286
    endloop
  endfacet
  facet normal 0 0 1
    outer loop
      vertex -33.80336961155428 35 3
      vertex -5.196152422706632 42 3
      vertex -33.80336961155428 42 3
    endloop
  endfacet
  facet normal 0 0 1
    outer loop
      vertex -33.80336961155428 35 3
      vertex -5.196152422706632 35 3
      vertex -5.196152422706632 42 3
    endloop
  endfacet
  facet normal 1 0 0
    outer loop
      vertex 0 35 -34
      vertex 0 42 -34
      vertex 0 35 -6
    endloop
  endfacet
  facet normal 1 0 0
    outer loop
      vertex 0 42 -34
      vertex 0 42 -6
      vertex 0 35 -6
    endloop
  endfacet
  facet normal -0.6593458151000686 0 -0.7518398074789777
    outer loop
      vertex -4.242640687119286 34 -4.242640687119286
      vertex -4.242640687119286 35 -4.242640687119286
      vertex -3.652568574052324 34 -4.760120041747411
    endloop
  endfacet
  facet normal -0.7518398074789777 0 -0.6593458151000686
    outer loop
      vertex -4.242640687119286 34 -4.242640687119286
      vertex -4.760120041747411 35 -3.652568574052324
      vertex -4.242640687119286 35 -4.242640687119286
    endloop
  endfacet
  facet normal -0.4422886902190006 0 -0.8968727415326888
    outer loop
      vertex -3 34 -5.196152422706632
      vertex -3 35 -5.196152422706632
      vertex -2.2961005941905386 34 -5.54327719506772
    endloop
  endfacet
  facet normal -0.4422886902190006 -7.590700569098907e-18 -0.8968727415326888
    outer loop
      vertex -3 35 -5.196152422706632
      vertex -2.2961005941905386 35 -5.54327719506772
      vertex -2.2961005941905386 34 -5.54327719506772
    endloop
  endfacet
  facet normal -0.555570233019602 0 -0.8314696123025455
    outer loop
      vertex -3.652568574052324 34 -4.760120041747411
      vertex -3.652568574052324 35 -4.760120041747411
      vertex -3 34 -5.196152422706632
    endloop
  endfacet
  facet normal -0.6593458151000686 -1.5503107294726945e-17 -0.7518398074789777
    outer loop
      vertex -4.242640687119286 35 -4.242640687119286
      vertex -3.652568574052324 35 -4.760120041747411
      vertex -3.652568574052324 34 -4.760120041747411
    endloop
  endfacet
  facet normal -0.555570233019602 2.6033291291177113e-17 -0.8314696123025455
    outer loop
      vertex -3.652568574052324 35 -4.760120041747411
      vertex -3 35 -5.196152422706632
      vertex -3 34 -5.196152422706632
    endloop
  endfacet
  facet normal -0.32143946530316264 0 -0.9469301294951054
    outer loop
      vertex -2.2961005941905386 34 -5.54327719506772
      vertex -2.2961005941905386 35 -5.54327719506772
      vertex -1.5529142706151244 34 -5.79555495773441
    endloop
  endfacet
  facet normal -0.32143946530316264 1.65199349466641e-17 -0.9469301294951054
    outer loop
      vertex -2.2961005941905386 35 -5.54327719506772
      vertex -1.5529142706151244 35 -5.79555495773441
      vertex -1.5529142706151244 34 -5.79555495773441
    endloop
  endfacet
  facet normal -0.1950903220161273 0 -0.9807852804032305
    outer loop
      vertex -1.5529142706151244 34 -5.79555495773441
      vertex -1.5529142706151244 35 -5.79555495773441
      vertex -0.7831571533203094 34 -5.948669168242862
    endloop
  endfacet
  facet normal -0.1950903220161273 -3.426828166452864e-18 -0.9807852804032305
    outer loop
      vertex -1.5529142706151244 35 -5.79555495773441
      vertex -0.7831571533203094 35 -5.948669168242862
      vertex -0.7831571533203094 34 -5.948669168242862
    endloop
  endfacet
  facet normal 0 -1 0
    outer loop
      vertex -4.242640687119286 34 -4.242640687119286
      vertex -0.5221047688802063 34 -3.9657794454952415
      vertex -1.035276180410083 34 -3.8637033051562732
    endloop
  endfacet
  facet normal 0 -1 0
    outer loop
      vertex -4.242640687119286 34 -4.242640687119286
      vertex 0 34 -4
      vertex -0.5221047688802063 34 -3.9657794454952415
    endloop
  endfacet
  facet normal 0 -1 0
    outer loop
      vertex -4.242640687119286 34 -4.242640687119286
      vertex -3.652568574052324 34 -4.760120041747411
      vertex 4.242640687119286 34 -4.242640687119286
    endloop
  endfacet
  facet normal 0 1 0
    outer loop
      vertex -3.652568574052324 42 -4.760120041747411
      vertex 3 42 -5.196152422706632
      vertex -3 42 -5.196152422706632
    endloop
  endfacet
  facet normal 0 1 0
    outer loop
      vertex -4.242640687119286 42 -4.242640687119286
      vertex 3.652568574052324 42 -4.760120041747411
      vertex -3.652568574052324 42 -4.760120041747411
    endloop
  endfacet
  facet normal 0 1 0
    outer loop
      vertex -4.242640687119286 42 -4.242640687119286
      vertex -4.760120041747411 42 -3.652568574052324
      vertex 4.242640687119286 42 -4.242640687119286
    endloop
  endfacet
  facet normal -0.06540312923014358 0 -0.9978589232386035
    outer loop
      vertex -0.7831571533203094 34 -5.948669168242862
      vertex -0.7831571533203094 35 -5.948669168242862
      vertex 0 34 -6
    endloop
  endfacet
  facet normal 0 -1 0
    outer loop
      vertex -3 34 -5.196152422706632
      vertex -2.2961005941905386 34 -5.54327719506772
      vertex 3 34 -5.196152422706632
    endloop
  endfacet
  facet normal 0 -1 0
    outer loop
      vertex -2.2961005941905386 34 -5.54327719506772
      vertex -1.5529142706151244 34 -5.79555495773441
      vertex 2.2961005941905386 34 -5.54327719506772
    endloop
  endfacet
  facet normal 0 -1 0
    outer loop
      vertex -1.5529142706151244 34 -5.79555495773441
      vertex -0.7831571533203094 34 -5.948669168242862
      vertex 1.5529142706151244 34 -5.79555495773441
    endloop
  endfacet
  facet normal -0.06540312923014358 2.579344986167171e-18 -0.9978589232386035
    outer loop
      vertex -0.7831571533203094 35 -5.948669168242862
      vertex 0 35 -6
      vertex 0 34 -6
    endloop
  endfacet
  facet normal 0 -1 0
    outer loop
      vertex -0.7831571533203094 34 -5.948669168242862
      vertex 0 34 -6
      vertex 0.7831571533203094 34 -5.948669168242862
    endloop
  endfacet
  facet normal 0 -1 0
    outer loop
      vertex -3.652568574052324 34 -4.760120041747411
      vertex -3 34 -5.196152422706632
      vertex 3.652568574052324 34 -4.760120041747411
    endloop
  endfacet
  facet normal 0 -1 0
    outer loop
      vertex -4.242640687119286 34 -4.242640687119286
      vertex 4.242640687119286 34 -4.242640687119286
      vertex 0 34 -4
    endloop
  endfacet
  facet normal 0.06540312923014358 0 -0.9978589232386035
    outer loop
      vertex 0 34 -6
      vertex 0 35 -6
      vertex 0.7831571533203094 42 -5.948669168242862
    endloop
  endfacet
  facet normal 0 -1 0
    outer loop
      vertex -0.7831571533203094 34 -5.948669168242862
      vertex 0.7831571533203094 34 -5.948669168242862
      vertex 1.5529142706151244 34 -5.79555495773441
    endloop
  endfacet
  facet normal 0 -1 0
    outer loop
      vertex -1.5529142706151244 34 -5.79555495773441
      vertex 1.5529142706151244 34 -5.79555495773441
      vertex 2.2961005941905386 34 -5.54327719506772
    endloop
  endfacet
  facet normal 0 -1 0
    outer loop
      vertex -2.2961005941905386 34 -5.54327719506772
      vertex 2.2961005941905386 34 -5.54327719506772
      vertex 3 34 -5.196152422706632
    endloop
  endfacet
  facet normal 0 -1 0
    outer loop
      vertex -3 34 -5.196152422706632
      vertex 3 34 -5.196152422706632
      vertex 3.652568574052324 34 -4.760120041747411
    endloop
  endfacet
  facet normal 0 -1 0
    outer loop
      vertex -3.652568574052324 34 -4.760120041747411
      vertex 3.652568574052324 34 -4.760120041747411
      vertex 4.242640687119286 34 -4.242640687119286
    endloop
  endfacet
  facet normal 0 -1 0
    outer loop
      vertex 0 34 -4
      vertex 4.242640687119286 34 -4.242640687119286
      vertex 0.5221047688802063 34 -3.9657794454952415
    endloop
  endfacet
  facet normal 0 -1 0
    outer loop
      vertex 0.5221047688802063 34 -3.9657794454952415
      vertex 4.242640687119286 34 -4.242640687119286
      vertex 1.035276180410083 34 -3.8637033051562732
    endloop
  endfacet
  facet normal 0.06540312923014358 -3.2241812327089637e-19 -0.9978589232386035
    outer loop
      vertex 0 34 -6
      vertex 0.7831571533203094 42 -5.948669168242862
      vertex 0.7831571533203094 34 -5.948669168242862
    endloop
  endfacet
  facet normal 0.1950903220161273 4.28353520806608e-19 -0.9807852804032305
    outer loop
      vertex 0.7831571533203094 34 -5.948669168242862
      vertex 1.5529142706151244 42 -5.79555495773441
      vertex 1.5529142706151244 34 -5.79555495773441
    endloop
  endfacet
  facet normal 0.06540312923014358 0 -0.9978589232386035
    outer loop
      vertex 0 35 -6
      vertex 0 42 -6
      vertex 0.7831571533203094 42 -5.948669168242862
    endloop
  endfacet
  facet normal 0 1 0
    outer loop
      vertex -1.5529142706151244 42 -5.79555495773441
      vertex 0.7831571533203094 42 -5.948669168242862
      vertex -0.7831571533203094 42 -5.948669168242862
    endloop
  endfacet
  facet normal 0 1 0
    outer loop
      vertex -2.2961005941905386 42 -5.54327719506772
      vertex 1.5529142706151244 42 -5.79555495773441
      vertex -1.5529142706151244 42 -5.79555495773441
    endloop
  endfacet
  facet normal 0 1 0
    outer loop
      vertex -3 42 -5.196152422706632
      vertex 2.2961005941905386 42 -5.54327719506772
      vertex -2.2961005941905386 42 -5.54327719506772
    endloop
  endfacet
  facet normal 0 1 0
    outer loop
      vertex -0.7831571533203094 42 -5.948669168242862
      vertex 0.7831571533203094 42 -5.948669168242862
      vertex 0 42 -6
    endloop
  endfacet
  facet normal 0 1 0
    outer loop
      vertex -1.5529142706151244 42 -5.79555495773441
      vertex 1.5529142706151244 42 -5.79555495773441
      vertex 0.7831571533203094 42 -5.948669168242862
    endloop
  endfacet
  facet normal 0.1950903220161273 0 -0.9807852804032305
    outer loop
      vertex 0.7831571533203094 34 -5.948669168242862
      vertex 0.7831571533203094 42 -5.948669168242862
      vertex 1.5529142706151244 42 -5.79555495773441
    endloop
  endfacet
  facet normal 0.32143946530316264 0 -0.9469301294951054
    outer loop
      vertex 1.5529142706151244 34 -5.79555495773441
      vertex 1.5529142706151244 42 -5.79555495773441
      vertex 2.2961005941905386 42 -5.54327719506772
    endloop
  endfacet
  facet normal 0 1 0
    outer loop
      vertex -2.2961005941905386 42 -5.54327719506772
      vertex 2.2961005941905386 42 -5.54327719506772
      vertex 1.5529142706151244 42 -5.79555495773441
    endloop
  endfacet
  facet normal 0 1 0
    outer loop
      vertex -3 42 -5.196152422706632
      vertex 3 42 -5.196152422706632
      vertex 2.2961005941905386 42 -5.54327719506772
    endloop
  endfacet
  facet normal 0 1 0
    outer loop
      vertex -3.652568574052324 42 -4.760120041747411
      vertex 3.652568574052324 42 -4.760120041747411
      vertex 3 42 -5.196152422706632
    endloop
  endfacet
  facet normal 0 1 0
    outer loop
      vertex -4.242640687119286 42 -4.242640687119286
      vertex 4.242640687119286 42 -4.242640687119286
      vertex 3.652568574052324 42 -4.760120041747411
    endloop
  endfacet
  facet normal -0.9469301294951054 1.65199349466641e-17 -0.32143946530316264
    outer loop
      vertex -5.54327719506772 34 -2.2961005941905386
      vertex -5.79555495773441 34 -1.5529142706151244
      vertex -5.79555495773441 35 -1.5529142706151244
    endloop
  endfacet
  facet normal -0.9469301294951054 0 -0.32143946530316264
    outer loop
      vertex -5.54327719506772 34 -2.2961005941905386
      vertex -5.79555495773441 35 -1.5529142706151244
      vertex -5.54327719506772 35 -2.2961005941905386
    endloop
  endfacet
  facet normal -0.8314696123025455 2.6033291291177113e-17 -0.555570233019602
    outer loop
      vertex -4.760120041747411 34 -3.652568574052324
      vertex -5.196152422706632 34 -3
      vertex -5.196152422706632 35 -3
    endloop
  endfacet
  facet normal -0.8314696123025455 0 -0.555570233019602
    outer loop
      vertex -4.760120041747411 34 -3.652568574052324
      vertex -5.196152422706632 35 -3
      vertex -4.760120041747411 35 -3.652568574052324
    endloop
  endfacet
  facet normal -0.8968727415326888 -7.590700569098907e-18 -0.4422886902190006
    outer loop
      vertex -5.54327719506772 35 -2.2961005941905386
      vertex -5.196152422706632 35 -3
      vertex -5.196152422706632 34 -3
    endloop
  endfacet
  facet normal -0.7518398074789777 -1.5503107294726945e-17 -0.6593458151000686
    outer loop
      vertex -4.242640687119286 34 -4.242640687119286
      vertex -4.760120041747411 34 -3.652568574052324
      vertex -4.760120041747411 35 -3.652568574052324
    endloop
  endfacet
  facet normal 0 -1 0
    outer loop
      vertex -4.760120041747411 34 -3.652568574052324
      vertex -2.4350457160348826 34 -3.1734133611649407
      vertex -5.196152422706632 34 -3
    endloop
  endfacet
  facet normal -0.8968727415326888 0 -0.4422886902190006
    outer loop
      vertex -5.54327719506772 34 -2.2961005941905386
      vertex -5.54327719506772 35 -2.2961005941905386
      vertex -5.196152422706632 34 -3
    endloop
  endfacet
  facet normal 0 -1 0
    outer loop
      vertex -5.54327719506772 34 -2.2961005941905386
      vertex -3.4641016151377544 34 -2
      vertex -5.79555495773441 34 -1.5529142706151244
    endloop
  endfacet
  facet normal 0 -1 0
    outer loop
      vertex -5.54327719506772 34 -2.2961005941905386
      vertex -5.196152422706632 34 -3
      vertex -3.1734133611649407 34 -2.4350457160348826
    endloop
  endfacet
  facet normal 0 -1 0
    outer loop
      vertex -5.54327719506772 34 -2.2961005941905386
      vertex -3.1734133611649407 34 -2.4350457160348826
      vertex -3.4641016151377544 34 -2
    endloop
  endfacet
  facet normal 0 -1 0
    outer loop
      vertex -5.79555495773441 34 -1.5529142706151244
      vertex -3.4641016151377544 34 -2
      vertex -3.695518130045147 34 -1.5307337294603591
    endloop
  endfacet
  facet normal -0.9807852804032305 -3.426828166452864e-18 -0.1950903220161273
    outer loop
      vertex -5.79555495773441 34 -1.5529142706151244
      vertex -5.948669168242862 34 -0.7831571533203094
      vertex -5.948669168242862 35 -0.7831571533203094
    endloop
  endfacet
  facet normal -0.9978589232386035 2.579344986167171e-18 -0.06540312923014358
    outer loop
      vertex -5.948669168242862 34 -0.7831571533203094
      vertex -6 34 0
      vertex -6 35 0
    endloop
  endfacet
  facet normal -0.9807852804032305 0 -0.1950903220161273
    outer loop
      vertex -5.79555495773441 34 -1.5529142706151244
      vertex -5.948669168242862 35 -0.7831571533203094
      vertex -5.79555495773441 35 -1.5529142706151244
    endloop
  endfacet
  facet normal -0.9978589232386035 0 -0.06540312923014358
    outer loop
      vertex -5.948669168242862 34 -0.7831571533203094
      vertex -6 35 0
      vertex -5.948669168242862 35 -0.7831571533203094
    endloop
  endfacet
  facet normal -0.9978589232386035 -2.579344986167171e-18 0.06540312923014358
    outer loop
      vertex -6 34 0
      vertex -5.948669168242862 34 0.7831571533203094
      vertex -5.948669168242862 35 0.7831571533203094
    endloop
  endfacet
  facet normal -0.9978589232386035 0 0.06540312923014358
    outer loop
      vertex -6 34 0
      vertex -5.948669168242862 35 0.7831571533203094
      vertex -6 35 0
    endloop
  endfacet
  facet normal 0 -1 0
    outer loop
      vertex -5.79555495773441 34 -1.5529142706151244
      vertex -3.8637033051562732 34 -1.035276180410083
      vertex -5.948669168242862 34 -0.7831571533203094
    endloop
  endfacet
  facet normal 0 -1 0
    outer loop
      vertex -5.948669168242862 34 -0.7831571533203094
      vertex -4 34 0
      vertex -6 34 0
    endloop
  endfacet
  facet normal 0 -1 0
    outer loop
      vertex -5.79555495773441 34 -1.5529142706151244
      vertex -3.695518130045147 34 -1.5307337294603591
      vertex -3.8637033051562732 34 -1.035276180410083
    endloop
  endfacet
  facet normal 0 -1 0
    outer loop
      vertex -5.948669168242862 34 -0.7831571533203094
      vertex -3.8637033051562732 34 -1.035276180410083
      vertex -3.9657794454952415 34 -0.5221047688802063
    endloop
  endfacet
  facet normal 0 -1 0
    outer loop
      vertex -5.948669168242862 34 -0.7831571533203094
      vertex -3.9657794454952415 34 -0.5221047688802063
      vertex -4 34 0
    endloop
  endfacet
  facet normal 0 -1 0
    outer loop
      vertex -6 34 0
      vertex -4 34 0
      vertex -5.948669168242862 34 0.7831571533203094
    endloop
  endfacet
  facet normal 0 -1 0
    outer loop
      vertex -5.948669168242862 34 0.7831571533203094
      vertex -3.9657794454952415 34 0.5221047688802063
      vertex -5.79555495773441 34 1.5529142706151244
    endloop
  endfacet
  facet normal 0 -1 0
    outer loop
      vertex -5.948669168242862 34 0.7831571533203094
      vertex -4 34 0
      vertex -3.9657794454952415 34 0.5221047688802063
    endloop
  endfacet
  facet normal 0 1 0
    outer loop
      vertex -5.79555495773441 42 -1.5529142706151244
      vertex -5.948669168242862 42 -0.7831571533203094
      vertex -1.2020815280171309 42 -1.2020815280171309
    endloop
  endfacet
  facet normal 0 1 0
    outer loop
      vertex -5.948669168242862 42 -0.7831571533203094
      vertex -6 42 0
      vertex -1.6420739046914161 42 -0.43999237667428526
    endloop
  endfacet
  facet normal -0.9807852804032305 3.426828166452864e-18 0.1950903220161273
    outer loop
      vertex -5.948669168242862 34 0.7831571533203094
      vertex -5.79555495773441 34 1.5529142706151244
      vertex -5.79555495773441 35 1.5529142706151244
    endloop
  endfacet
  facet normal -0.9469301294951054 -1.65199349466641e-17 0.32143946530316264
    outer loop
      vertex -5.79555495773441 34 1.5529142706151244
      vertex -5.54327719506772 34 2.2961005941905386
      vertex -5.54327719506772 35 2.2961005941905386
    endloop
  endfacet
  facet normal -0.9807852804032305 0 0.1950903220161273
    outer loop
      vertex -5.948669168242862 34 0.7831571533203094
      vertex -5.79555495773441 35 1.5529142706151244
      vertex -5.948669168242862 35 0.7831571533203094
    endloop
  endfacet
  facet normal -0.9469301294951054 0 0.32143946530316264
    outer loop
      vertex -5.79555495773441 34 1.5529142706151244
      vertex -5.54327719506772 35 2.2961005941905386
      vertex -5.79555495773441 35 1.5529142706151244
    endloop
  endfacet
  facet normal 0 -1 0
    outer loop
      vertex -5.79555495773441 34 1.5529142706151244
      vertex -3.695518130045147 34 1.5307337294603591
      vertex -5.54327719506772 34 2.2961005941905386
    endloop
  endfacet
  facet normal 0 -1 0
    outer loop
      vertex -5.79555495773441 34 1.5529142706151244
      vertex -3.9657794454952415 34 0.5221047688802063
      vertex -3.8637033051562732 34 1.035276180410083
    endloop
  endfacet
  facet normal 0 -1 0
    outer loop
      vertex -5.79555495773441 34 1.5529142706151244
      vertex -3.8637033051562732 34 1.035276180410083
      vertex -3.695518130045147 34 1.5307337294603591
    endloop
  endfacet
  facet normal 0 -1 0
    outer loop
      vertex -5.54327719506772 34 2.2961005941905386
      vertex -3.695518130045147 34 1.5307337294603591
      vertex -3.4641016151377544 34 2
    endloop
  endfacet
  facet normal 0 -1 0
    outer loop
      vertex -5.54327719506772 34 2.2961005941905386
      vertex -3.4641016151377544 34 2
      vertex -3.1734133611649407 34 2.4350457160348826
    endloop
  endfacet
  facet normal -0.8968727415326888 7.590700569098907e-18 0.4422886902190006
    outer loop
      vertex -5.54327719506772 34 2.2961005941905386
      vertex -5.196152422706632 34 3
      vertex -5.196152422706632 35 3
    endloop
  endfacet
  facet normal -0.8968727415326888 0 0.4422886902190006
    outer loop
      vertex -5.54327719506772 34 2.2961005941905386
      vertex -5.196152422706632 35 3
      vertex -5.54327719506772 35 2.2961005941905386
    endloop
  endfacet
  facet normal 0 -1 0
    outer loop
      vertex -5.54327719506772 34 2.2961005941905386
      vertex -3.1734133611649407 34 2.4350457160348826
      vertex -5.196152422706632 34 3
    endloop
  endfacet
  facet normal 0 -1 0
    outer loop
      vertex -5.196152422706632 34 3
      vertex -2.4350457160348826 34 3.1734133611649407
      vertex -4.760120041747411 34 3.652568574052324
    endloop
  endfacet
  facet normal -0.8314696123025455 -3.254161411397139e-18 0.555570233019602
    outer loop
      vertex -5.196152422706632 34 3
      vertex -4.760120041747411 34 3.652568574052324
      vertex -4.760120041747411 42 3.652568574052324
    endloop
  endfacet
  facet normal -0.8314696123025455 0 0.555570233019602
    outer loop
      vertex -5.196152422706632 34 3
      vertex -4.760120041747411 42 3.652568574052324
      vertex -5.196152422706632 35 3
    endloop
  endfacet
  facet normal -0.7518398074789777 1.937888411840868e-18 0.6593458151000686
    outer loop
      vertex -4.760120041747411 34 3.652568574052324
      vertex -4.242640687119286 34 4.242640687119286
      vertex -4.242640687119286 42 4.242640687119286
    endloop
  endfacet
  facet normal -0.6593458151000686 0 0.7518398074789777
    outer loop
      vertex -4.242640687119286 34 4.242640687119286
      vertex -3.652568574052324 34 4.760120041747411
      vertex -4.242640687119286 42 4.242640687119286
    endloop
  endfacet
  facet normal -0.8314696123025455 0 0.555570233019602
    outer loop
      vertex -5.196152422706632 35 3
      vertex -4.760120041747411 42 3.652568574052324
      vertex -5.196152422706632 42 3
    endloop
  endfacet
  facet normal -0.7518398074789777 0 0.6593458151000686
    outer loop
      vertex -4.760120041747411 34 3.652568574052324
      vertex -4.242640687119286 42 4.242640687119286
      vertex -4.760120041747411 42 3.652568574052324
    endloop
  endfacet
  facet normal 0 -1 0
    outer loop
      vertex -4.242640687119286 34 -4.242640687119286
      vertex -1.5307337294603591 34 -3.695518130045147
      vertex -4.760120041747411 34 -3.652568574052324
    endloop
  endfacet
  facet normal 0 -1 0
    outer loop
      vertex -5.196152422706632 34 -3
      vertex -2.8284271247461903 34 -2.8284271247461903
      vertex -3.1734133611649407 34 -2.4350457160348826
    endloop
  endfacet
  facet normal 0 -1 0
    outer loop
      vertex -5.196152422706632 34 -3
      vertex -2.4350457160348826 34 -3.1734133611649407
      vertex -2.8284271247461903 34 -2.8284271247461903
    endloop
  endfacet
  facet normal 0 -1 0
    outer loop
      vertex -4.760120041747411 34 -3.652568574052324
      vertex -2 34 -3.4641016151377544
      vertex -2.4350457160348826 34 -3.1734133611649407
    endloop
  endfacet
  facet normal 0 -1 0
    outer loop
      vertex -4.760120041747411 34 -3.652568574052324
      vertex -1.5307337294603591 34 -3.695518130045147
      vertex -2 34 -3.4641016151377544
    endloop
  endfacet
  facet normal 0 -1 0
    outer loop
      vertex -4.242640687119286 34 -4.242640687119286
      vertex -1.035276180410083 34 -3.8637033051562732
      vertex -1.5307337294603591 34 -3.695518130045147
    endloop
  endfacet
  facet normal 0 1 0
    outer loop
      vertex -5.54327719506772 42 -2.2961005941905386
      vertex 5.196152422706632 42 -3
      vertex -5.196152422706632 42 -3
    endloop
  endfacet
  facet normal 0 1 0
    outer loop
      vertex -4.760120041747411 42 -3.652568574052324
      vertex -5.196152422706632 42 -3
      vertex 4.760120041747411 42 -3.652568574052324
    endloop
  endfacet
  facet normal 0 1 0
    outer loop
      vertex -5.79555495773441 42 -1.5529142706151244
      vertex -0.85 42 -1.4722431864335457
      vertex -0.6505618350206526 42 -1.5705952052691874
    endloop
  endfacet
  facet normal 0 1 0
    outer loop
      vertex -5.79555495773441 42 -1.5529142706151244
      vertex -0.6505618350206526 42 -1.5705952052691874
      vertex -0.43999237667428526 42 -1.6420739046914161
    endloop
  endfacet
  facet normal 0 1 0
    outer loop
      vertex -5.79555495773441 42 -1.5529142706151244
      vertex -0.43999237667428526 42 -1.6420739046914161
      vertex -0.22189452677408766 42 -1.6854562643354776
    endloop
  endfacet
  facet normal 0 1 0
    outer loop
      vertex -5.54327719506772 42 -2.2961005941905386
      vertex -5.79555495773441 42 -1.5529142706151244
      vertex 5.54327719506772 42 -2.2961005941905386
    endloop
  endfacet
  facet normal 0 1 0
    outer loop
      vertex -5.79555495773441 42 -1.5529142706151244
      vertex -0.22189452677408766 42 -1.6854562643354776
      vertex 0 42 -1.7
    endloop
  endfacet
  facet normal 0 1 0
    outer loop
      vertex -5.948669168242862 42 -0.7831571533203094
      vertex -1.4722431864335457 42 -0.85
      vertex -1.3487006784950997 42 -1.034894429314825
    endloop
  endfacet
  facet normal 0 1 0
    outer loop
      vertex -5.79555495773441 42 -1.5529142706151244
      vertex -1.2020815280171309 42 -1.2020815280171309
      vertex -1.034894429314825 42 -1.3487006784950997
    endloop
  endfacet
  facet normal 0 1 0
    outer loop
      vertex -5.79555495773441 42 -1.5529142706151244
      vertex -1.034894429314825 42 -1.3487006784950997
      vertex -0.85 42 -1.4722431864335457
    endloop
  endfacet
  facet normal 0 1 0
    outer loop
      vertex -5.948669168242862 42 -0.7831571533203094
      vertex -1.3487006784950997 42 -1.034894429314825
      vertex -1.2020815280171309 42 -1.2020815280171309
    endloop
  endfacet
  facet normal 0 1 0
    outer loop
      vertex -5.948669168242862 42 -0.7831571533203094
      vertex -1.5705952052691874 42 -0.6505618350206526
      vertex -1.4722431864335457 42 -0.85
    endloop
  endfacet
  facet normal 0 1 0
    outer loop
      vertex -5.948669168242862 42 -0.7831571533203094
      vertex -1.6420739046914161 42 -0.43999237667428526
      vertex -1.5705952052691874 42 -0.6505618350206526
    endloop
  endfacet
  facet normal 0 1 0
    outer loop
      vertex -6 42 0
      vertex -1.6854562643354776 42 -0.22189452677408766
      vertex -1.6420739046914161 42 -0.43999237667428526
    endloop
  endfacet
  facet normal 0 1 0
    outer loop
      vertex -6 42 0
      vertex -1.7 42 0
      vertex -1.6854562643354776 42 -0.22189452677408766
    endloop
  endfacet
  facet normal 0 1 0
    outer loop
      vertex -6 42 0
      vertex -1.6854562643354776 42 0.22189452677408766
      vertex -1.7 42 0
    endloop
  endfacet
  facet normal 0 1 0
    outer loop
      vertex -6 42 0
      vertex -1.6420739046914161 42 0.43999237667428526
      vertex -1.6854562643354776 42 0.22189452677408766
    endloop
  endfacet
  facet normal 0 1 0
    outer loop
      vertex -6 42 0
      vertex -1.5705952052691874 42 0.6505618350206526
      vertex -1.6420739046914161 42 0.43999237667428526
    endloop
  endfacet
  facet normal 0 1 0
    outer loop
      vertex -5.79555495773441 42 -1.5529142706151244
      vertex 0 42 -1.7
      vertex 5.54327719506772 42 -2.2961005941905386
    endloop
  endfacet
  facet normal 0 1 0
    outer loop
      vertex -4.760120041747411 42 -3.652568574052324
      vertex 4.760120041747411 42 -3.652568574052324
      vertex 4.242640687119286 42 -4.242640687119286
    endloop
  endfacet
  facet normal 0 1 0
    outer loop
      vertex -5.196152422706632 42 -3
      vertex 5.196152422706632 42 -3
      vertex 4.760120041747411 42 -3.652568574052324
    endloop
  endfacet
  facet normal 0 1 0
    outer loop
      vertex -5.54327719506772 42 -2.2961005941905386
      vertex 5.54327719506772 42 -2.2961005941905386
      vertex 5.196152422706632 42 -3
    endloop
  endfacet
  facet normal 0 1 0
    outer loop
      vertex 5.54327719506772 42 -2.2961005941905386
      vertex 0 42 -1.7
      vertex 0.22189452677408766 42 -1.6854562643354776
    endloop
  endfacet
  facet normal 0 -1 0
    outer loop
      vertex -5.196152422706632 34 3
      vertex -3.1734133611649407 34 2.4350457160348826
      vertex -2.8284271247461903 34 2.8284271247461903
    endloop
  endfacet
  facet normal 0 -1 0
    outer loop
      vertex -5.196152422706632 34 3
      vertex -2.8284271247461903 34 2.8284271247461903
      vertex -2.4350457160348826 34 3.1734133611649407
    endloop
  endfacet
  facet normal 0 -1 0
    outer loop
      vertex -4.760120041747411 34 3.652568574052324
      vertex -2.4350457160348826 34 3.1734133611649407
      vertex -2 34 3.4641016151377544
    endloop
  endfacet
  facet normal 0 -1 0
    outer loop
      vertex -4.760120041747411 34 3.652568574052324
      vertex -1.035276180410083 34 3.8637033051562732
      vertex -4.242640687119286 34 4.242640687119286
    endloop
  endfacet
  facet normal 0 -1 0
    outer loop
      vertex -4.760120041747411 34 3.652568574052324
      vertex -2 34 3.4641016151377544
      vertex -1.5307337294603591 34 3.695518130045147
    endloop
  endfacet
  facet normal 0 -1 0
    outer loop
      vertex -4.242640687119286 34 4.242640687119286
      vertex 0 34 4
      vertex -3.652568574052324 34 4.760120041747411
    endloop
  endfacet
  facet normal -0.555570233019602 0 0.8314696123025455
    outer loop
      vertex -3.652568574052324 34 4.760120041747411
      vertex -3 34 5.196152422706632
      vertex -3.652568574052324 42 4.760120041747411
    endloop
  endfacet
  facet normal -0.4422886902190006 0 0.8968727415326888
    outer loop
      vertex -3 34 5.196152422706632
      vertex -2.2961005941905386 34 5.54327719506772
      vertex -3 42 5.196152422706632
    endloop
  endfacet
  facet normal 0 -1 0
    outer loop
      vertex -4.760120041747411 34 3.652568574052324
      vertex -1.5307337294603591 34 3.695518130045147
      vertex -1.035276180410083 34 3.8637033051562732
    endloop
  endfacet
  facet normal 0 -1 0
    outer loop
      vertex -4.242640687119286 34 4.242640687119286
      vertex -1.035276180410083 34 3.8637033051562732
      vertex -0.5221047688802063 34 3.9657794454952415
    endloop
  endfacet
  facet normal 0 -1 0
    outer loop
      vertex -3.652568574052324 34 4.760120041747411
      vertex 0 34 4
      vertex -3 34 5.196152422706632
    endloop
  endfacet
  facet normal 0 -1 0
    outer loop
      vertex -4.242640687119286 34 4.242640687119286
      vertex -0.5221047688802063 34 3.9657794454952415
      vertex 0 34 4
    endloop
  endfacet
  facet normal 0 -1 0
    outer loop
      vertex -3 34 5.196152422706632
      vertex 0 34 4
      vertex -2.2961005941905386 34 5.54327719506772
    endloop
  endfacet
  facet normal 0 -1 0
    outer loop
      vertex -2.2961005941905386 34 5.54327719506772
      vertex 0 34 4
      vertex -1.5529142706151244 34 5.79555495773441
    endloop
  endfacet
  facet normal -0.32143946530316264 0 0.9469301294951054
    outer loop
      vertex -2.2961005941905386 34 5.54327719506772
      vertex -1.5529142706151244 34 5.79555495773441
      vertex -2.2961005941905386 42 5.54327719506772
    endloop
  endfacet
  facet normal -0.1950903220161273 0 0.9807852804032305
    outer loop
      vertex -1.5529142706151244 34 5.79555495773441
      vertex -0.7831571533203094 34 5.948669168242862
      vertex -1.5529142706151244 42 5.79555495773441
    endloop
  endfacet
  facet normal 0 1 0
    outer loop
      vertex -6 42 0
      vertex 0 42 6
      vertex -1.5705952052691874 42 0.6505618350206526
    endloop
  endfacet
  facet normal 0 1 0
    outer loop
      vertex -6 42 0
      vertex -5.948669168242862 42 0.7831571533203094
      vertex 0 42 6
    endloop
  endfacet
  facet normal 0 1 0
    outer loop
      vertex -5.948669168242862 42 0.7831571533203094
      vertex -5.79555495773441 42 1.5529142706151244
      vertex 0 42 6
    endloop
  endfacet
  facet normal 0 1 0
    outer loop
      vertex -5.79555495773441 42 1.5529142706151244
      vertex -5.54327719506772 42 2.2961005941905386
      vertex 0 42 6
    endloop
  endfacet
  facet normal 0 1 0
    outer loop
      vertex 0 42 6
      vertex -1.4722431864335457 42 0.85
      vertex -1.5705952052691874 42 0.6505618350206526
    endloop
  endfacet
  facet normal -0.6593458151000686 1.937888411840868e-18 0.7518398074789777
    outer loop
      vertex -4.242640687119286 42 4.242640687119286
      vertex -3.652568574052324 34 4.760120041747411
      vertex -3.652568574052324 42 4.760120041747411
    endloop
  endfacet
  facet normal -0.555570233019602 0 0.8314696123025455
    outer loop
      vertex -3 34 5.196152422706632
      vertex -3 42 5.196152422706632
      vertex -3.652568574052324 42 4.760120041747411
    endloop
  endfacet
  facet normal -0.4422886902190006 0 0.8968727415326888
    outer loop
      vertex -2.2961005941905386 34 5.54327719506772
      vertex -2.2961005941905386 42 5.54327719506772
      vertex -3 42 5.196152422706632
    endloop
  endfacet
  facet normal 0 1 0
    outer loop
      vertex -5.54327719506772 42 2.2961005941905386
      vertex -5.196152422706632 42 3
      vertex 0 42 6
    endloop
  endfacet
  facet normal 0 1 0
    outer loop
      vertex -5.196152422706632 42 3
      vertex -4.760120041747411 42 3.652568574052324
      vertex 0 42 6
    endloop
  endfacet
  facet normal 0 1 0
    outer loop
      vertex -4.760120041747411 42 3.652568574052324
      vertex -4.242640687119286 42 4.242640687119286
      vertex 0 42 6
    endloop
  endfacet
  facet normal 0 1 0
    outer loop
      vertex -4.242640687119286 42 4.242640687119286
      vertex -3.652568574052324 42 4.760120041747411
      vertex 0 42 6
    endloop
  endfacet
  facet normal -0.32143946530316264 0 0.9469301294951054
    outer loop
      vertex -1.5529142706151244 34 5.79555495773441
      vertex -1.5529142706151244 42 5.79555495773441
      vertex -2.2961005941905386 42 5.54327719506772
    endloop
  endfacet
  facet normal -0.1950903220161273 4.28353520806608e-19 0.9807852804032305
    outer loop
      vertex -1.5529142706151244 42 5.79555495773441
      vertex -0.7831571533203094 34 5.948669168242862
      vertex -0.7831571533203094 42 5.948669168242862
    endloop
  endfacet
  facet normal 0 1 0
    outer loop
      vertex -3.652568574052324 42 4.760120041747411
      vertex -3 42 5.196152422706632
      vertex 0 42 6
    endloop
  endfacet
  facet normal 0 1 0
    outer loop
      vertex -3 42 5.196152422706632
      vertex -2.2961005941905386 42 5.54327719506772
      vertex 0 42 6
    endloop
  endfacet
  facet normal 0 1 0
    outer loop
      vertex -2.2961005941905386 42 5.54327719506772
      vertex -1.5529142706151244 42 5.79555495773441
      vertex 0 42 6
    endloop
  endfacet
  facet normal 0 -1 0
    outer loop
      vertex -1.5529142706151244 34 5.79555495773441
      vertex 0 34 4
      vertex -0.7831571533203094 34 5.948669168242862
    endloop
  endfacet
  facet normal 0 -1 0
    outer loop
      vertex 0 34 4
      vertex 0 34 6
      vertex -0.7831571533203094 34 5.948669168242862
    endloop
  endfacet
  facet normal -0.06540312923014358 0 0.9978589232386035
    outer loop
      vertex -0.7831571533203094 34 5.948669168242862
      vertex 0 34 6
      vertex -0.7831571533203094 42 5.948669168242862
    endloop
  endfacet
  facet normal 0 1 0
    outer loop
      vertex 0 42 6
      vertex -1.3487006784950997 42 1.034894429314825
      vertex -1.4722431864335457 42 0.85
    endloop
  endfacet
  facet normal 0 1 0
    outer loop
      vertex 0 42 6
      vertex -1.2020815280171309 42 1.2020815280171309
      vertex -1.3487006784950997 42 1.034894429314825
    endloop
  endfacet
  facet normal 0 1 0
    outer loop
      vertex 0 42 6
      vertex -1.034894429314825 42 1.3487006784950997
      vertex -1.2020815280171309 42 1.2020815280171309
    endloop
  endfacet
  facet normal 0 1 0
    outer loop
      vertex 0 42 6
      vertex -0.85 42 1.4722431864335457
      vertex -1.034894429314825 42 1.3487006784950997
    endloop
  endfacet
  facet normal 0 1 0
    outer loop
      vertex 0 42 6
      vertex -0.6505618350206526 42 1.5705952052691874
      vertex -0.85 42 1.4722431864335457
    endloop
  endfacet
  facet normal 0 1 0
    outer loop
      vertex 0 42 6
      vertex -0.43999237667428526 42 1.6420739046914161
      vertex -0.6505618350206526 42 1.5705952052691874
    endloop
  endfacet
  facet normal 0 1 0
    outer loop
      vertex 0 42 6
      vertex -0.22189452677408766 42 1.6854562643354776
      vertex -0.43999237667428526 42 1.6420739046914161
    endloop
  endfacet
  facet normal 0 1 0
    outer loop
      vertex 0 42 6
      vertex 0 42 1.7
      vertex -0.22189452677408766 42 1.6854562643354776
    endloop
  endfacet
  facet normal -0.06540312923014358 0 0.9978589232386035
    outer loop
      vertex 0 34 6
      vertex 0 42 6
      vertex -0.7831571533203094 42 5.948669168242862
    endloop
  endfacet
  facet normal 0 1 0
    outer loop
      vertex -1.5529142706151244 42 5.79555495773441
      vertex -0.7831571533203094 42 5.948669168242862
      vertex 0 42 6
    endloop
  endfacet
  facet normal 0.32143946530316264 -2.0649918683330127e-18 -0.9469301294951054
    outer loop
      vertex 1.5529142706151244 34 -5.79555495773441
      vertex 2.2961005941905386 42 -5.54327719506772
      vertex 2.2961005941905386 34 -5.54327719506772
    endloop
  endfacet
  facet normal 0.4422886902190006 9.488375711373634e-19 -0.8968727415326888
    outer loop
      vertex 2.2961005941905386 34 -5.54327719506772
      vertex 3 42 -5.196152422706632
      vertex 3 34 -5.196152422706632
    endloop
  endfacet
  facet normal 0.555570233019602 -3.254161411397139e-18 -0.8314696123025455
    outer loop
      vertex 3 34 -5.196152422706632
      vertex 3.652568574052324 42 -4.760120041747411
      vertex 3.652568574052324 34 -4.760120041747411
    endloop
  endfacet
  facet normal 0.6593458151000686 1.937888411840868e-18 -0.7518398074789777
    outer loop
      vertex 3.652568574052324 34 -4.760120041747411
      vertex 4.242640687119286 42 -4.242640687119286
      vertex 4.242640687119286 34 -4.242640687119286
    endloop
  endfacet
  facet normal 0.7518398074789777 0 -0.6593458151000686
    outer loop
      vertex 4.242640687119286 34 -4.242640687119286
      vertex 4.242640687119286 42 -4.242640687119286
      vertex 4.760120041747411 34 -3.652568574052324
    endloop
  endfacet
  facet normal 0.4422886902190006 0 -0.8968727415326888
    outer loop
      vertex 2.2961005941905386 34 -5.54327719506772
      vertex 2.2961005941905386 42 -5.54327719506772
      vertex 3 42 -5.196152422706632
    endloop
  endfacet
  facet normal 0.555570233019602 0 -0.8314696123025455
    outer loop
      vertex 3 34 -5.196152422706632
      vertex 3 42 -5.196152422706632
      vertex 3.652568574052324 42 -4.760120041747411
    endloop
  endfacet
  facet normal 0.6593458151000686 0 -0.7518398074789777
    outer loop
      vertex 3.652568574052324 34 -4.760120041747411
      vertex 3.652568574052324 42 -4.760120041747411
      vertex 4.242640687119286 42 -4.242640687119286
    endloop
  endfacet
  facet normal 0 -1 0
    outer loop
      vertex 1.035276180410083 34 -3.8637033051562732
      vertex 4.760120041747411 34 -3.652568574052324
      vertex 1.5307337294603591 34 -3.695518130045147
    endloop
  endfacet
  facet normal 0 -1 0
    outer loop
      vertex 1.5307337294603591 34 -3.695518130045147
      vertex 4.760120041747411 34 -3.652568574052324
      vertex 2 34 -3.4641016151377544
    endloop
  endfacet
  facet normal 0 -1 0
    outer loop
      vertex 2 34 -3.4641016151377544
      vertex 4.760120041747411 34 -3.652568574052324
      vertex 2.4350457160348826 34 -3.1734133611649407
    endloop
  endfacet
  facet normal 0 -1 0
    outer loop
      vertex 1.035276180410083 34 -3.8637033051562732
      vertex 4.242640687119286 34 -4.242640687119286
      vertex 4.760120041747411 34 -3.652568574052324
    endloop
  endfacet
  facet normal 0 -1 0
    outer loop
      vertex 2.4350457160348826 34 -3.1734133611649407
      vertex 5.196152422706632 34 -3
      vertex 2.8284271247461903 34 -2.8284271247461903
    endloop
  endfacet
  facet normal 0 -1 0
    outer loop
      vertex 2.8284271247461903 34 -2.8284271247461903
      vertex 5.196152422706632 34 -3
      vertex 3.1734133611649407 34 -2.4350457160348826
    endloop
  endfacet
  facet normal 0 -1 0
    outer loop
      vertex 2.4350457160348826 34 -3.1734133611649407
      vertex 4.760120041747411 34 -3.652568574052324
      vertex 5.196152422706632 34 -3
    endloop
  endfacet
  facet normal 0 -1 0
    outer loop
      vertex 3.1734133611649407 34 -2.4350457160348826
      vertex 5.54327719506772 34 -2.2961005941905386
      vertex 3.4641016151377544 34 -2
    endloop
  endfacet
  facet normal 0 -1 0
    outer loop
      vertex 3.4641016151377544 34 -2
      vertex 5.54327719506772 34 -2.2961005941905386
      vertex 3.695518130045147 34 -1.5307337294603591
    endloop
  endfacet
  facet normal 0 -1 0
    outer loop
      vertex 3.1734133611649407 34 -2.4350457160348826
      vertex 5.196152422706632 34 -3
      vertex 5.54327719506772 34 -2.2961005941905386
    endloop
  endfacet
  facet normal 0.8314696123025455 0 -0.555570233019602
    outer loop
      vertex 4.760120041747411 34 -3.652568574052324
      vertex 4.760120041747411 42 -3.652568574052324
      vertex 5.196152422706632 34 -3
    endloop
  endfacet
  facet normal 0 -1 0
    outer loop
      vertex 3.695518130045147 34 -1.5307337294603591
      vertex 5.79555495773441 34 -1.5529142706151244
      vertex 3.8637033051562732 34 -1.035276180410083
    endloop
  endfacet
  facet normal 0 -1 0
    outer loop
      vertex 3.8637033051562732 34 -1.035276180410083
      vertex 5.79555495773441 34 -1.5529142706151244
      vertex 3.9657794454952415 34 -0.5221047688802063
    endloop
  endfacet
  facet normal 0 -1 0
    outer loop
      vertex 3.9657794454952415 34 -0.5221047688802063
      vertex 5.948669168242862 34 -0.7831571533203094
      vertex 4 34 0
    endloop
  endfacet
  facet normal 0 1 0
    outer loop
      vertex 5.54327719506772 42 -2.2961005941905386
      vertex 0.22189452677408766 42 -1.6854562643354776
      vertex 0.43999237667428526 42 -1.6420739046914161
    endloop
  endfacet
  facet normal 0 1 0
    outer loop
      vertex 5.54327719506772 42 -2.2961005941905386
      vertex 0.43999237667428526 42 -1.6420739046914161
      vertex 0.6505618350206526 42 -1.5705952052691874
    endloop
  endfacet
  facet normal 0 1 0
    outer loop
      vertex 5.54327719506772 42 -2.2961005941905386
      vertex 0.6505618350206526 42 -1.5705952052691874
      vertex 0.85 42 -1.4722431864335457
    endloop
  endfacet
  facet normal 0.7518398074789777 1.937888411840868e-18 -0.6593458151000686
    outer loop
      vertex 4.242640687119286 42 -4.242640687119286
      vertex 4.760120041747411 42 -3.652568574052324
      vertex 4.760120041747411 34 -3.652568574052324
    endloop
  endfacet
  facet normal 0 1 0
    outer loop
      vertex 5.54327719506772 42 -2.2961005941905386
      vertex 0.85 42 -1.4722431864335457
      vertex 5.79555495773441 42 -1.5529142706151244
    endloop
  endfacet
  facet normal 0 1 0
    outer loop
      vertex 5.79555495773441 42 -1.5529142706151244
      vertex 0.85 42 -1.4722431864335457
      vertex 1.034894429314825 42 -1.3487006784950997
    endloop
  endfacet
  facet normal 0 1 0
    outer loop
      vertex 5.79555495773441 42 -1.5529142706151244
      vertex 1.034894429314825 42 -1.3487006784950997
      vertex 1.2020815280171309 42 -1.2020815280171309
    endloop
  endfacet
  facet normal 0 1 0
    outer loop
      vertex 5.79555495773441 42 -1.5529142706151244
      vertex 1.2020815280171309 42 -1.2020815280171309
      vertex 1.3487006784950997 42 -1.034894429314825
    endloop
  endfacet
  facet normal 0 1 0
    outer loop
      vertex 5.79555495773441 42 -1.5529142706151244
      vertex 1.3487006784950997 42 -1.034894429314825
      vertex 1.4722431864335457 42 -0.85
    endloop
  endfacet
  facet normal 0 1 0
    outer loop
      vertex 5.79555495773441 42 -1.5529142706151244
      vertex 1.4722431864335457 42 -0.85
      vertex 1.5705952052691874 42 -0.6505618350206526
    endloop
  endfacet
  facet normal 0 1 0
    outer loop
      vertex 5.948669168242862 42 -0.7831571533203094
      vertex 1.5705952052691874 42 -0.6505618350206526
      vertex 1.6420739046914161 42 -0.43999237667428526
    endloop
  endfacet
  facet normal 0 1 0
    outer loop
      vertex 5.948669168242862 42 -0.7831571533203094
      vertex 1.6420739046914161 42 -0.43999237667428526
      vertex 1.6854562643354776 42 -0.22189452677408766
    endloop
  endfacet
  facet normal 0 1 0
    outer loop
      vertex 5.948669168242862 42 -0.7831571533203094
      vertex 1.6854562643354776 42 -0.22189452677408766
      vertex 1.7 42 0
    endloop
  endfacet
  facet normal 0 1 0
    outer loop
      vertex 5.79555495773441 42 -1.5529142706151244
      vertex 1.5705952052691874 42 -0.6505618350206526
      vertex 5.948669168242862 42 -0.7831571533203094
    endloop
  endfacet
  facet normal 0 1 0
    outer loop
      vertex 5.948669168242862 42 -0.7831571533203094
      vertex 1.7 42 0
      vertex 6 42 0
    endloop
  endfacet
  facet normal 0.896872741532689 -1.0759572107718489e-16 -0.44228869021899975
    outer loop
      vertex 5.196152422706632 34 -3
      vertex 5.314543735664523 37.06810547322591 -2.75992616638327
      vertex 5.357926095308584 36.850007623325716 -2.6719554434401602
    endloop
  endfacet
  facet normal 0 -1 0
    outer loop
      vertex 3.695518130045147 34 -1.5307337294603591
      vertex 5.54327719506772 34 -2.2961005941905386
      vertex 5.79555495773441 34 -1.5529142706151244
    endloop
  endfacet
  facet normal 0.8968727415326885 6.626599708609634e-17 -0.44228869021900097
    outer loop
      vertex 5.196152422706632 34 -3
      vertex 5.357926095308584 36.850007623325716 -2.6719554434401602
      vertex 5.429404794730813 36.639438164979346 -2.5270109794967976
    endloop
  endfacet
  facet normal 0.8968727415326887 -3.985908053763866e-17 -0.4422886902190006
    outer loop
      vertex 5.196152422706632 34 -3
      vertex 5.429404794730813 36.639438164979346 -2.5270109794967976
      vertex 5.54327719506772 34 -2.2961005941905386
    endloop
  endfacet
  facet normal 0.8968727415326893 0 -0.44228869021899925
    outer loop
      vertex 5.54327719506772 34 -2.2961005941905386
      vertex 5.527756813566454 36.44 -2.32757281451745
      vertex 5.54327719506772 36.416772107606434 -2.2961005941905386
    endloop
  endfacet
  facet normal 0.8968727415326887 -1.8283338988918732e-17 -0.4422886902190003
    outer loop
      vertex 5.54327719506772 34 -2.2961005941905386
      vertex 5.429404794730813 36.639438164979346 -2.5270109794967976
      vertex 5.527756813566454 36.44 -2.32757281451745
    endloop
  endfacet
  facet normal 0.9469301294951054 0 -0.32143946530316253
    outer loop
      vertex 5.54327719506772 34 -2.2961005941905386
      vertex 5.54327719506772 36.416772107606434 -2.2961005941905386
      vertex 5.651299321504901 36.255105570685174 -1.977877671317571
    endloop
  endfacet
  facet normal 0.9469301294951052 -7.901955384518843e-18 -0.3214394653031626
    outer loop
      vertex 5.54327719506772 34 -2.2961005941905386
      vertex 5.79555495773441 36.0906135434565 -1.5529142706151244
      vertex 5.79555495773441 34 -1.5529142706151244
    endloop
  endfacet
  facet normal 0.9469301294951052 8.030039627995036e-18 -0.3214394653031626
    outer loop
      vertex 5.54327719506772 34 -2.2961005941905386
      vertex 5.651299321504901 36.255105570685174 -1.977877671317571
      vertex 5.79555495773441 36.0906135434565 -1.5529142706151244
    endloop
  endfacet
  facet normal 0.9807852804032308 0 -0.1950903220161268
    outer loop
      vertex 5.79555495773441 34 -1.5529142706151244
      vertex 5.79555495773441 36.0906135434565 -1.5529142706151244
      vertex 5.797918471982869 36.08791847198287 -1.5410320820936452
    endloop
  endfacet
  facet normal 0.8968727415326881 5.740387830668751e-17 -0.44228869021900147
    outer loop
      vertex 5.196152422706632 34 -3
      vertex 5.3 37.29 -2.7894179448664786
      vertex 5.314543735664523 37.06810547322591 -2.75992616638327
    endloop
  endfacet
  facet normal 0.8968727415326886 0 -0.44228869021900075
    outer loop
      vertex 5.196152422706632 34 -3
      vertex 5.196152422706632 42 -3
      vertex 5.3 37.29 -2.7894179448664786
    endloop
  endfacet
  facet normal 0 -1 0
    outer loop
      vertex 3.9657794454952415 34 -0.5221047688802063
      vertex 5.79555495773441 34 -1.5529142706151244
      vertex 5.948669168242862 34 -0.7831571533203094
    endloop
  endfacet
  facet normal 0 -1 0
    outer loop
      vertex 4 34 0
      vertex 5.948669168242862 34 -0.7831571533203094
      vertex 6 34 0
    endloop
  endfacet
  facet normal 0.9807852804032307 1.752213648281923e-18 -0.19509032201612733
    outer loop
      vertex 5.79555495773441 34 -1.5529142706151244
      vertex 5.948669168242862 35.95571365958308 -0.7831571533203094
      vertex 5.948669168242862 34 -0.7831571533203094
    endloop
  endfacet
  facet normal 0.9807852804032307 3.331589343242779e-18 -0.19509032201612736
    outer loop
      vertex 5.79555495773441 34 -1.5529142706151244
      vertex 5.797918471982869 36.08791847198287 -1.5410320820936452
      vertex 5.948669168242862 35.95571365958308 -0.7831571533203094
    endloop
  endfacet
  facet normal 0.9978589232386036 -1.344821182893183e-18 -0.06540312923014359
    outer loop
      vertex 5.948669168242862 34 -0.7831571533203094
      vertex 6 35.91798360925435 0
      vertex 6 34 0
    endloop
  endfacet
  facet normal 0.9978589232386035 2.5079971690823055e-18 -0.06540312923014359
    outer loop
      vertex 5.948669168242862 34 -0.7831571533203094
      vertex 5.965105570685175 35.9412993215049 -0.5323861116888091
      vertex 6 35.91798360925435 0
    endloop
  endfacet
  facet normal 0.9978589232386035 0 -0.06540312923014356
    outer loop
      vertex 5.948669168242862 34 -0.7831571533203094
      vertex 5.948669168242862 35.95571365958308 -0.7831571533203094
      vertex 5.965105570685175 35.9412993215049 -0.5323861116888091
    endloop
  endfacet
  facet normal 0.8314696123025455 -3.254161411397139e-18 -0.555570233019602
    outer loop
      vertex 4.760120041747411 42 -3.652568574052324
      vertex 5.196152422706632 42 -3
      vertex 5.196152422706632 34 -3
    endloop
  endfacet
  facet normal 0.8968727415326881 -4.482625077553426e-17 -0.44228869021900147
    outer loop
      vertex 5.196152422706632 42 -3
      vertex 5.314543735664523 37.511894526774086 -2.75992616638327
      vertex 5.3 37.29 -2.7894179448664786
    endloop
  endfacet
  facet normal 0.896872741532689 7.760623712658388e-17 -0.4422886902189998
    outer loop
      vertex 5.196152422706632 42 -3
      vertex 5.357926095308584 37.72999237667428 -2.6719554434401602
      vertex 5.314543735664523 37.511894526774086 -2.75992616638327
    endloop
  endfacet
  facet normal 0.8968727415326885 -6.112847439626141e-17 -0.4422886902190011
    outer loop
      vertex 5.196152422706632 42 -3
      vertex 5.429404794730813 37.94056183502065 -2.5270109794967976
      vertex 5.357926095308584 37.72999237667428 -2.6719554434401602
    endloop
  endfacet
  facet normal 0.8968727415326888 5.767098733889492e-17 -0.44228869021900047
    outer loop
      vertex 5.196152422706632 42 -3
      vertex 5.527756813566454 38.14 -2.32757281451745
      vertex 5.429404794730813 37.94056183502065 -2.5270109794967976
    endloop
  endfacet
  facet normal 0.8968727415326891 2.504856570926012e-16 -0.44228869021899925
    outer loop
      vertex 5.196152422706632 42 -3
      vertex 5.54327719506772 38.163227892393564 -2.2961005941905386
      vertex 5.527756813566454 38.14 -2.32757281451745
    endloop
  endfacet
  facet normal 0.9469301294951054 0 -0.3214394653031626
    outer loop
      vertex 5.54327719506772 42 -2.2961005941905386
      vertex 5.651299321504901 38.324894429314824 -1.977877671317571
      vertex 5.54327719506772 38.163227892393564 -2.2961005941905386
    endloop
  endfacet
  facet normal 0.9469301294951054 -1.111261818466982e-17 -0.32143946530316264
    outer loop
      vertex 5.54327719506772 42 -2.2961005941905386
      vertex 5.79555495773441 38.4893864565435 -1.5529142706151244
      vertex 5.651299321504901 38.324894429314824 -1.977877671317571
    endloop
  endfacet
  facet normal 0.8968727415326886 1.9784079836407987e-18 -0.4422886902190005
    outer loop
      vertex 5.196152422706632 42 -3
      vertex 5.54327719506772 42 -2.2961005941905386
      vertex 5.54327719506772 38.163227892393564 -2.2961005941905386
    endloop
  endfacet
  facet normal 0.9469301294951054 -4.705711620538787e-18 -0.32143946530316264
    outer loop
      vertex 5.54327719506772 42 -2.2961005941905386
      vertex 5.79555495773441 42 -1.5529142706151244
      vertex 5.79555495773441 38.4893864565435 -1.5529142706151244
    endloop
  endfacet
  facet normal 0.9807852804032308 0 -0.19509032201612678
    outer loop
      vertex 5.79555495773441 42 -1.5529142706151244
      vertex 5.797918471982869 38.49208152801713 -1.5410320820936452
      vertex 5.79555495773441 38.4893864565435 -1.5529142706151244
    endloop
  endfacet
  facet normal 0.9807852804032307 -1.9868815416589717e-18 -0.19509032201612733
    outer loop
      vertex 5.79555495773441 42 -1.5529142706151244
      vertex 5.948669168242862 38.624286340416916 -0.7831571533203094
      vertex 5.797918471982869 38.49208152801713 -1.5410320820936452
    endloop
  endfacet
  facet normal 0.9978589232386036 0 -0.06540312923014358
    outer loop
      vertex 5.948669168242862 42 -0.7831571533203094
      vertex 5.965105570685175 38.6387006784951 -0.5323861116888091
      vertex 5.948669168242862 38.624286340416916 -0.7831571533203094
    endloop
  endfacet
  facet normal 0.9807852804032307 1.0151418372600042e-18 -0.1950903220161273
    outer loop
      vertex 5.79555495773441 42 -1.5529142706151244
      vertex 5.948669168242862 42 -0.7831571533203094
      vertex 5.948669168242862 38.624286340416916 -0.7831571533203094
    endloop
  endfacet
  facet normal 0.9978589232386035 -1.2796685923936102e-18 -0.06540312923014358
    outer loop
      vertex 5.948669168242862 42 -0.7831571533203094
      vertex 6 42 0
      vertex 5.965105570685175 38.6387006784951 -0.5323861116888091
    endloop
  endfacet
  facet normal 0.9978589232386034 0 -0.06540312923014358
    outer loop
      vertex 6 42 0
      vertex 6 38.66201639074565 0
      vertex 5.965105570685175 38.6387006784951 -0.5323861116888091
    endloop
  endfacet
  facet normal -0.1950903220161187 0 0.9807852804032324
    outer loop
      vertex -33.08905791871342 35 -7.555179702387243
      vertex -33.04347122574079 35 -7.5461119453670475
      vertex -33.08905791871342 42 -7.555179702387243
    endloop
  endfacet
  facet normal -0.32143946530315726 0 0.9469301294951071
    outer loop
      vertex -32.83290176739442 42 -7.474633245944819
      vertex -33.04347122574079 35 -7.5461119453670475
      vertex -32.83290176739442 35 -7.474633245944819
    endloop
  endfacet
  facet normal -0.4422886902189996 0 0.8968727415326891
    outer loop
      vertex -32.63346360241507 42 -7.376281227109177
      vertex -32.83290176739442 35 -7.474633245944819
      vertex -32.63346360241507 35 -7.376281227109177
    endloop
  endfacet
  facet normal -0.555570233019607 0 0.831469612302542
    outer loop
      vertex -32.448569173100246 42 -7.252738719170731
      vertex -32.63346360241507 35 -7.376281227109177
      vertex -32.448569173100246 35 -7.252738719170731
    endloop
  endfacet
  facet normal -0.6593458151000638 0 0.7518398074789817
    outer loop
      vertex -32.28138207439794 42 -7.106119568692763
      vertex -32.448569173100246 35 -7.252738719170731
      vertex -32.28138207439794 35 -7.106119568692763
    endloop
  endfacet
  facet normal -0.751839807478982 0 0.6593458151000636
    outer loop
      vertex -32.13476292391997 42 -6.938932469990457
      vertex -32.28138207439794 35 -7.106119568692763
      vertex -32.13476292391997 35 -6.938932469990457
    endloop
  endfacet
  facet normal -0.8314696123025463 0 0.5555702330196005
    outer loop
      vertex -32.011220415981526 42 -6.754038040675631
      vertex -32.13476292391997 35 -6.938932469990457
      vertex -32.011220415981526 35 -6.754038040675631
    endloop
  endfacet
  facet normal -0.89687274153269 0 0.44228869021899797
    outer loop
      vertex -31.912868397145886 42 -6.554599875696284
      vertex -32.011220415981526 35 -6.754038040675631
      vertex -31.912868397145886 35 -6.554599875696284
    endloop
  endfacet
  facet normal 0.19509032201609164 -2.8613123707128516e-21 -0.9807852804032376
    outer loop
      vertex -33.72326606913723 35 -4.222143887070118
      vertex -33.70535812918916 42 -4.218581776340154
      vertex -33.70535812918916 35 -4.218581776340154
    endloop
  endfacet
  facet normal 0.06540312923014581 0 -0.9978589232386033
    outer loop
      vertex -33.70535812918916 42 -4.218581776340154
      vertex -33.48346360241507 35 -4.2040380406756315
      vertex -33.70535812918916 35 -4.218581776340154
    endloop
  endfacet
  facet normal -0.06540312923014581 0 -0.9978589232386033
    outer loop
      vertex -33.48346360241507 42 -4.2040380406756315
      vertex -33.261569075640985 35 -4.218581776340154
      vertex -33.48346360241507 35 -4.2040380406756315
    endloop
  endfacet
  facet normal -0.1950903220161284 0 -0.9807852804032304
    outer loop
      vertex -33.261569075640985 42 -4.218581776340154
      vertex -33.04347122574079 35 -4.261964135984216
      vertex -33.261569075640985 35 -4.218581776340154
    endloop
  endfacet
  facet normal -0.32143946530315726 3.1647175635802903e-19 -0.9469301294951071
    outer loop
      vertex -32.83290176739442 35 -4.333442835406444
      vertex -33.04347122574079 35 -4.261964135984216
      vertex -33.04347122574079 42 -4.261964135984216
    endloop
  endfacet
  facet normal -0.4422886902189996 0 -0.8968727415326891
    outer loop
      vertex -32.83290176739442 42 -4.333442835406444
      vertex -32.63346360241507 35 -4.431794854242086
      vertex -32.83290176739442 35 -4.333442835406444
    endloop
  endfacet
  facet normal -0.555570233019607 0 -0.831469612302542
    outer loop
      vertex -32.63346360241507 42 -4.431794854242086
      vertex -32.448569173100246 35 -4.555337362180532
      vertex -32.63346360241507 35 -4.431794854242086
    endloop
  endfacet
  facet normal -0.9469301294951047 0 0.3214394653031645
    outer loop
      vertex -31.841389697723656 42 -6.3440304173499165
      vertex -31.912868397145886 35 -6.554599875696284
      vertex -31.841389697723656 35 -6.3440304173499165
    endloop
  endfacet
  facet normal -0.9807852804032291 0 0.1950903220161353
    outer loop
      vertex -31.798007338079593 42 -6.125932567449719
      vertex -31.841389697723656 35 -6.3440304173499165
      vertex -31.798007338079593 35 -6.125932567449719
    endloop
  endfacet
  facet normal -0.9978589232386039 0 0.06540312923013761
    outer loop
      vertex -31.783463602415072 42 -5.904038040675632
      vertex -31.798007338079593 35 -6.125932567449719
      vertex -31.783463602415072 35 -5.904038040675632
    endloop
  endfacet
  facet normal -0.9978589232386039 0 -0.06540312923013761
    outer loop
      vertex -31.798007338079593 42 -5.682143513901544
      vertex -31.783463602415072 35 -5.904038040675632
      vertex -31.798007338079593 35 -5.682143513901544
    endloop
  endfacet
  facet normal -0.9807852804032291 0 -0.1950903220161353
    outer loop
      vertex -31.841389697723656 42 -5.464045664001347
      vertex -31.798007338079593 35 -5.682143513901544
      vertex -31.841389697723656 35 -5.464045664001347
    endloop
  endfacet
  facet normal -0.9469301294951047 0 -0.3214394653031645
    outer loop
      vertex -31.912868397145886 42 -5.253476205654979
      vertex -31.841389697723656 35 -5.464045664001347
      vertex -31.912868397145886 35 -5.253476205654979
    endloop
  endfacet
  facet normal -0.751839807478982 -1.1054400453729507e-18 -0.6593458151000636
    outer loop
      vertex -32.13476292391997 35 -4.869143611360807
      vertex -32.28138207439794 35 -4.701956512658501
      vertex -32.28138207439794 42 -4.701956512658501
    endloop
  endfacet
  facet normal -0.89687274153269 0 -0.44228869021899797
    outer loop
      vertex -32.011220415981526 42 -5.054038040675632
      vertex -31.912868397145886 35 -5.253476205654979
      vertex -32.011220415981526 35 -5.054038040675632
    endloop
  endfacet
  facet normal -0.8314696123025463 0 -0.5555702330196005
    outer loop
      vertex -32.13476292391997 42 -4.869143611360807
      vertex -32.011220415981526 35 -5.054038040675632
      vertex -32.13476292391997 35 -4.869143611360807
    endloop
  endfacet
  facet normal -0.6593458151000638 0 -0.7518398074789817
    outer loop
      vertex -32.448569173100246 42 -4.555337362180532
      vertex -32.28138207439794 35 -4.701956512658501
      vertex -32.448569173100246 35 -4.555337362180532
    endloop
  endfacet
  facet normal -0.1950903220161187 -4.408246936011152e-20 0.9807852804032324
    outer loop
      vertex -33.08905791871342 42 -7.555179702387243
      vertex -33.04347122574079 35 -7.5461119453670475
      vertex -33.04347122574079 42 -7.5461119453670475
    endloop
  endfacet
  facet normal -0.32143946530315726 -3.1647175635802903e-19 0.9469301294951071
    outer loop
      vertex -32.83290176739442 42 -7.474633245944819
      vertex -33.04347122574079 42 -7.5461119453670475
      vertex -33.04347122574079 35 -7.5461119453670475
    endloop
  endfacet
  facet normal -0.4422886902189996 -4.819178034888248e-19 0.8968727415326891
    outer loop
      vertex -32.63346360241507 42 -7.376281227109177
      vertex -32.83290176739442 42 -7.474633245944819
      vertex -32.83290176739442 35 -7.474633245944819
    endloop
  endfacet
  facet normal -0.555570233019607 -8.282678286586717e-19 0.831469612302542
    outer loop
      vertex -32.448569173100246 42 -7.252738719170731
      vertex -32.63346360241507 42 -7.376281227109177
      vertex -32.63346360241507 35 -7.376281227109177
    endloop
  endfacet
  facet normal -0.6593458151000638 0 0.7518398074789817
    outer loop
      vertex -32.448569173100246 42 -7.252738719170731
      vertex -32.448569173100246 35 -7.252738719170731
      vertex -32.28138207439794 42 -7.106119568692763
    endloop
  endfacet
  facet normal -0.751839807478982 0 0.6593458151000636
    outer loop
      vertex -32.28138207439794 42 -7.106119568692763
      vertex -32.28138207439794 35 -7.106119568692763
      vertex -32.13476292391997 42 -6.938932469990457
    endloop
  endfacet
  facet normal -0.8314696123025463 0 0.5555702330196005
    outer loop
      vertex -32.13476292391997 42 -6.938932469990457
      vertex -32.13476292391997 35 -6.938932469990457
      vertex -32.011220415981526 42 -6.754038040675631
    endloop
  endfacet
  facet normal -0.89687274153269 0 0.44228869021899797
    outer loop
      vertex -32.011220415981526 42 -6.754038040675631
      vertex -32.011220415981526 35 -6.754038040675631
      vertex -31.912868397145886 42 -6.554599875696284
    endloop
  endfacet
  facet normal 0.19509032201609164 0 -0.9807852804032376
    outer loop
      vertex -33.72326606913723 42 -4.222143887070118
      vertex -33.70535812918916 42 -4.218581776340154
      vertex -33.72326606913723 35 -4.222143887070118
    endloop
  endfacet
  facet normal 0.06540312923014581 1.3911019638653698e-19 -0.9978589232386033
    outer loop
      vertex -33.70535812918916 42 -4.218581776340154
      vertex -33.48346360241507 42 -4.2040380406756315
      vertex -33.48346360241507 35 -4.2040380406756315
    endloop
  endfacet
  facet normal -0.06540312923014581 -1.3911019638653698e-19 -0.9978589232386033
    outer loop
      vertex -33.48346360241507 42 -4.2040380406756315
      vertex -33.261569075640985 42 -4.218581776340154
      vertex -33.261569075640985 35 -4.218581776340154
    endloop
  endfacet
  facet normal -0.1950903220161284 4.1622792156653913e-19 -0.9807852804032304
    outer loop
      vertex -33.261569075640985 42 -4.218581776340154
      vertex -33.04347122574079 42 -4.261964135984216
      vertex -33.04347122574079 35 -4.261964135984216
    endloop
  endfacet
  facet normal -0.32143946530315726 3.1647175635802903e-19 -0.9469301294951071
    outer loop
      vertex -33.04347122574079 42 -4.261964135984216
      vertex -32.83290176739442 42 -4.333442835406444
      vertex -32.83290176739442 35 -4.333442835406444
    endloop
  endfacet
  facet normal -0.4422886902189996 4.819178034888248e-19 -0.8968727415326891
    outer loop
      vertex -32.83290176739442 42 -4.333442835406444
      vertex -32.63346360241507 42 -4.431794854242086
      vertex -32.63346360241507 35 -4.431794854242086
    endloop
  endfacet
  facet normal -0.555570233019607 8.282678286586717e-19 -0.831469612302542
    outer loop
      vertex -32.63346360241507 42 -4.431794854242086
      vertex -32.448569173100246 42 -4.555337362180532
      vertex -32.448569173100246 35 -4.555337362180532
    endloop
  endfacet
  facet normal -0.9469301294951047 0 0.3214394653031645
    outer loop
      vertex -31.912868397145886 42 -6.554599875696284
      vertex -31.912868397145886 35 -6.554599875696284
      vertex -31.841389697723656 42 -6.3440304173499165
    endloop
  endfacet
  facet normal -0.9807852804032291 0 0.1950903220161353
    outer loop
      vertex -31.841389697723656 42 -6.3440304173499165
      vertex -31.841389697723656 35 -6.3440304173499165
      vertex -31.798007338079593 42 -6.125932567449719
    endloop
  endfacet
  facet normal -0.9978589232386039 1.1280645683451637e-19 0.06540312923013761
    outer loop
      vertex -31.783463602415072 42 -5.904038040675632
      vertex -31.798007338079593 42 -6.125932567449719
      vertex -31.798007338079593 35 -6.125932567449719
    endloop
  endfacet
  facet normal -0.9978589232386039 0 -0.06540312923013761
    outer loop
      vertex -31.783463602415072 42 -5.904038040675632
      vertex -31.783463602415072 35 -5.904038040675632
      vertex -31.798007338079593 42 -5.682143513901544
    endloop
  endfacet
  facet normal -0.9807852804032291 0 -0.1950903220161353
    outer loop
      vertex -31.798007338079593 42 -5.682143513901544
      vertex -31.798007338079593 35 -5.682143513901544
      vertex -31.841389697723656 42 -5.464045664001347
    endloop
  endfacet
  facet normal -0.9469301294951047 0 -0.3214394653031645
    outer loop
      vertex -31.841389697723656 42 -5.464045664001347
      vertex -31.841389697723656 35 -5.464045664001347
      vertex -31.912868397145886 42 -5.253476205654979
    endloop
  endfacet
  facet normal -0.6593458151000638 3.780963896886751e-19 -0.7518398074789817
    outer loop
      vertex -32.448569173100246 42 -4.555337362180532
      vertex -32.28138207439794 42 -4.701956512658501
      vertex -32.28138207439794 35 -4.701956512658501
    endloop
  endfacet
  facet normal -0.751839807478982 0 -0.6593458151000636
    outer loop
      vertex -32.13476292391997 42 -4.869143611360807
      vertex -32.13476292391997 35 -4.869143611360807
      vertex -32.28138207439794 42 -4.701956512658501
    endloop
  endfacet
  facet normal -0.89687274153269 0 -0.44228869021899797
    outer loop
      vertex -31.912868397145886 42 -5.253476205654979
      vertex -31.912868397145886 35 -5.253476205654979
      vertex -32.011220415981526 42 -5.054038040675632
    endloop
  endfacet
  facet normal -0.8314696123025463 0 -0.5555702330196005
    outer loop
      vertex -32.011220415981526 42 -5.054038040675632
      vertex -32.011220415981526 35 -5.054038040675632
      vertex -32.13476292391997 42 -4.869143611360807
    endloop
  endfacet
  facet normal -0.32143946530318895 0 0.9469301294950964
    outer loop
      vertex -31.31627705798969 35 -13.205149169932717
      vertex -31.298987271700234 35 -13.199280078341923
      vertex -31.31627705798969 42 -13.205149169932717
    endloop
  endfacet
  facet normal -0.4422886902190028 0 0.8968727415326876
    outer loop
      vertex -31.099549106720886 42 -13.10092805950628
      vertex -31.298987271700234 35 -13.199280078341923
      vertex -31.099549106720886 35 -13.10092805950628
    endloop
  endfacet
  facet normal 0.32143946530316686 1.0191205783144908e-20 -0.9469301294951039
    outer loop
      vertex -32.43355459609409 35 -10.001551406932801
      vertex -32.38954148339517 42 -9.986610968381319
      vertex -32.38954148339517 35 -9.986610968381319
    endloop
  endfacet
  facet normal 0.1950903220161284 0 -0.9807852804032304
    outer loop
      vertex -32.38954148339517 35 -9.986610968381319
      vertex -32.38954148339517 42 -9.986610968381319
      vertex -32.171443633494974 35 -9.943228608737257
    endloop
  endfacet
  facet normal 0.06540312923013786 0 -0.9978589232386038
    outer loop
      vertex -32.171443633494974 42 -9.943228608737257
      vertex -31.949549106720887 35 -9.928684873072736
      vertex -32.171443633494974 35 -9.943228608737257
    endloop
  endfacet
  facet normal -0.06540312923013786 0 -0.9978589232386038
    outer loop
      vertex -31.949549106720887 42 -9.928684873072736
      vertex -31.7276545799468 35 -9.943228608737257
      vertex -31.949549106720887 35 -9.928684873072736
    endloop
  endfacet
  facet normal -0.1950903220161253 0 -0.980785280403231
    outer loop
      vertex -31.7276545799468 42 -9.943228608737257
      vertex -31.5095567300466 35 -9.986610968381319
      vertex -31.7276545799468 35 -9.943228608737257
    endloop
  endfacet
  facet normal -0.3214394653031657 0 -0.9469301294951042
    outer loop
      vertex -31.5095567300466 42 -9.986610968381319
      vertex -31.298987271700234 35 -10.058089667803548
      vertex -31.5095567300466 35 -9.986610968381319
    endloop
  endfacet
  facet normal -0.4422886902190028 0 -0.8968727415326876
    outer loop
      vertex -31.298987271700234 42 -10.058089667803548
      vertex -31.099549106720886 35 -10.156441686639191
      vertex -31.298987271700234 35 -10.058089667803548
    endloop
  endfacet
  facet normal -0.5555702330196043 0 -0.8314696123025439
    outer loop
      vertex -31.099549106720886 42 -10.156441686639191
      vertex -30.914654677406062 35 -10.279984194577636
      vertex -31.099549106720886 35 -10.156441686639191
    endloop
  endfacet
  facet normal -0.32143946530318895 4.914133933266334e-20 0.9469301294950964
    outer loop
      vertex -31.31627705798969 42 -13.205149169932717
      vertex -31.298987271700234 35 -13.199280078341923
      vertex -31.298987271700234 42 -13.199280078341923
    endloop
  endfacet
  facet normal -0.4422886902190028 -3.5672164439851316e-19 0.8968727415326876
    outer loop
      vertex -31.099549106720886 42 -13.10092805950628
      vertex -31.298987271700234 42 -13.199280078341923
      vertex -31.298987271700234 35 -13.199280078341923
    endloop
  endfacet
  facet normal -0.5555702330196043 6.584467201449703e-19 0.8314696123025439
    outer loop
      vertex -30.914654677406062 42 -12.977385551567835
      vertex -31.099549106720886 42 -13.10092805950628
      vertex -31.099549106720886 35 -13.10092805950628
    endloop
  endfacet
  facet normal 0.32143946530316686 0 -0.9469301294951039
    outer loop
      vertex -32.43355459609409 42 -10.001551406932801
      vertex -32.38954148339517 42 -9.986610968381319
      vertex -32.43355459609409 35 -10.001551406932801
    endloop
  endfacet
  facet normal 0.1950903220161284 -4.1622792156653913e-19 -0.9807852804032304
    outer loop
      vertex -32.38954148339517 42 -9.986610968381319
      vertex -32.171443633494974 42 -9.943228608737257
      vertex -32.171443633494974 35 -9.943228608737257
    endloop
  endfacet
  facet normal -0.06540312923013786 1.0606041153885789e-19 -0.9978589232386038
    outer loop
      vertex -31.949549106720887 42 -9.928684873072736
      vertex -31.7276545799468 42 -9.943228608737257
      vertex -31.7276545799468 35 -9.943228608737257
    endloop
  endfacet
  facet normal 0.06540312923013786 -1.0606041153885789e-19 -0.9978589232386038
    outer loop
      vertex -32.171443633494974 42 -9.943228608737257
      vertex -31.949549106720887 42 -9.928684873072736
      vertex -31.949549106720887 35 -9.928684873072736
    endloop
  endfacet
  facet normal -0.1950903220161253 -5.277794375122897e-19 -0.980785280403231
    outer loop
      vertex -31.7276545799468 42 -9.943228608737257
      vertex -31.5095567300466 42 -9.986610968381319
      vertex -31.5095567300466 35 -9.986610968381319
    endloop
  endfacet
  facet normal -0.3214394653031657 -1.551418498399396e-19 -0.9469301294951042
    outer loop
      vertex -31.5095567300466 42 -9.986610968381319
      vertex -31.298987271700234 42 -10.058089667803548
      vertex -31.298987271700234 35 -10.058089667803548
    endloop
  endfacet
  facet normal -0.4422886902190028 3.5672164439851316e-19 -0.8968727415326876
    outer loop
      vertex -31.298987271700234 42 -10.058089667803548
      vertex -31.099549106720886 42 -10.156441686639191
      vertex -31.099549106720886 35 -10.156441686639191
    endloop
  endfacet
  facet normal -0.5555702330196043 0 0.8314696123025439
    outer loop
      vertex -30.914654677406062 42 -12.977385551567835
      vertex -31.099549106720886 35 -13.10092805950628
      vertex -30.914654677406062 35 -12.977385551567835
    endloop
  endfacet
  facet normal -0.6593458151000662 0 0.7518398074789798
    outer loop
      vertex -30.747467578703755 42 -12.830766401089866
      vertex -30.914654677406062 35 -12.977385551567835
      vertex -30.747467578703755 35 -12.830766401089866
    endloop
  endfacet
  facet normal -0.7518398074789802 -8.589666819535429e-20 0.6593458151000655
    outer loop
      vertex -30.747467578703755 35 -12.830766401089866
      vertex -30.600848428225788 35 -12.66357930238756
      vertex -30.600848428225788 42 -12.66357930238756
    endloop
  endfacet
  facet normal -0.8314696123025463 0 0.5555702330196005
    outer loop
      vertex -30.477305920287343 42 -12.478684873072735
      vertex -30.600848428225788 35 -12.66357930238756
      vertex -30.477305920287343 35 -12.478684873072735
    endloop
  endfacet
  facet normal -0.8968727415326893 0 0.4422886902189996
    outer loop
      vertex -30.378953901451702 42 -12.279246708093389
      vertex -30.477305920287343 35 -12.478684873072735
      vertex -30.378953901451702 35 -12.279246708093389
    endloop
  endfacet
  facet normal -0.946930129495105 0 0.32143946530316325
    outer loop
      vertex -30.307475202029472 42 -12.06867724974702
      vertex -30.378953901451702 35 -12.279246708093389
      vertex -30.307475202029472 35 -12.06867724974702
    endloop
  endfacet
  facet normal -0.9807852804032289 0 0.19509032201613605
    outer loop
      vertex -30.26409284238541 42 -11.850579399846824
      vertex -30.307475202029472 35 -12.06867724974702
      vertex -30.26409284238541 35 -11.850579399846824
    endloop
  endfacet
  facet normal -0.9978589232386038 0 0.06540312923013733
    outer loop
      vertex -30.249549106720888 42 -11.628684873072736
      vertex -30.26409284238541 35 -11.850579399846824
      vertex -30.249549106720888 35 -11.628684873072736
    endloop
  endfacet
  facet normal -0.9978589232386038 0 -0.06540312923013733
    outer loop
      vertex -30.26409284238541 42 -11.406790346298648
      vertex -30.249549106720888 35 -11.628684873072736
      vertex -30.26409284238541 35 -11.406790346298648
    endloop
  endfacet
  facet normal -0.9807852804032289 0 -0.19509032201613605
    outer loop
      vertex -30.307475202029472 42 -11.18869249639845
      vertex -30.26409284238541 35 -11.406790346298648
      vertex -30.307475202029472 35 -11.18869249639845
    endloop
  endfacet
  facet normal -0.946930129495105 0 -0.32143946530316325
    outer loop
      vertex -30.378953901451702 42 -10.978123038052082
      vertex -30.307475202029472 35 -11.18869249639845
      vertex -30.378953901451702 35 -10.978123038052082
    endloop
  endfacet
  facet normal -0.6593458151000662 0 -0.7518398074789798
    outer loop
      vertex -30.914654677406062 42 -10.279984194577636
      vertex -30.747467578703755 35 -10.426603345055605
      vertex -30.914654677406062 35 -10.279984194577636
    endloop
  endfacet
  facet normal -0.7518398074789802 0 -0.6593458151000655
    outer loop
      vertex -30.747467578703755 42 -10.426603345055605
      vertex -30.600848428225788 35 -10.59379044375791
      vertex -30.747467578703755 35 -10.426603345055605
    endloop
  endfacet
  facet normal -0.8968727415326893 0 -0.4422886902189996
    outer loop
      vertex -30.477305920287343 42 -10.778684873072736
      vertex -30.378953901451702 35 -10.978123038052082
      vertex -30.477305920287343 35 -10.778684873072736
    endloop
  endfacet
  facet normal -0.8314696123025463 0 -0.5555702330196005
    outer loop
      vertex -30.600848428225788 42 -10.59379044375791
      vertex -30.477305920287343 35 -10.778684873072736
      vertex -30.600848428225788 35 -10.59379044375791
    endloop
  endfacet
  facet normal -0.6593458151000662 -8.24099395088922e-19 0.7518398074789798
    outer loop
      vertex -30.747467578703755 42 -12.830766401089866
      vertex -30.914654677406062 42 -12.977385551567835
      vertex -30.914654677406062 35 -12.977385551567835
    endloop
  endfacet
  facet normal -0.7518398074789802 0 0.6593458151000655
    outer loop
      vertex -30.747467578703755 42 -12.830766401089866
      vertex -30.747467578703755 35 -12.830766401089866
      vertex -30.600848428225788 42 -12.66357930238756
    endloop
  endfacet
  facet normal -0.8314696123025463 0 0.5555702330196005
    outer loop
      vertex -30.600848428225788 42 -12.66357930238756
      vertex -30.600848428225788 35 -12.66357930238756
      vertex -30.477305920287343 42 -12.478684873072735
    endloop
  endfacet
  facet normal -0.8968727415326893 0 0.4422886902189996
    outer loop
      vertex -30.477305920287343 42 -12.478684873072735
      vertex -30.477305920287343 35 -12.478684873072735
      vertex -30.378953901451702 42 -12.279246708093389
    endloop
  endfacet
  facet normal -0.946930129495105 0 0.32143946530316325
    outer loop
      vertex -30.378953901451702 42 -12.279246708093389
      vertex -30.378953901451702 35 -12.279246708093389
      vertex -30.307475202029472 42 -12.06867724974702
    endloop
  endfacet
  facet normal -0.9807852804032289 0 0.19509032201613605
    outer loop
      vertex -30.307475202029472 42 -12.06867724974702
      vertex -30.307475202029472 35 -12.06867724974702
      vertex -30.26409284238541 42 -11.850579399846824
    endloop
  endfacet
  facet normal -0.9978589232386038 0 0.06540312923013733
    outer loop
      vertex -30.26409284238541 42 -11.850579399846824
      vertex -30.26409284238541 35 -11.850579399846824
      vertex -30.249549106720888 42 -11.628684873072736
    endloop
  endfacet
  facet normal -0.9978589232386038 0 -0.06540312923013733
    outer loop
      vertex -30.249549106720888 42 -11.628684873072736
      vertex -30.249549106720888 35 -11.628684873072736
      vertex -30.26409284238541 42 -11.406790346298648
    endloop
  endfacet
  facet normal -0.9807852804032289 0 -0.19509032201613605
    outer loop
      vertex -30.26409284238541 42 -11.406790346298648
      vertex -30.26409284238541 35 -11.406790346298648
      vertex -30.307475202029472 42 -11.18869249639845
    endloop
  endfacet
  facet normal -0.946930129495105 0 -0.32143946530316325
    outer loop
      vertex -30.307475202029472 42 -11.18869249639845
      vertex -30.307475202029472 35 -11.18869249639845
      vertex -30.378953901451702 42 -10.978123038052082
    endloop
  endfacet
  facet normal -0.8968727415326893 0 -0.4422886902189996
    outer loop
      vertex -30.378953901451702 42 -10.978123038052082
      vertex -30.378953901451702 35 -10.978123038052082
      vertex -30.477305920287343 42 -10.778684873072736
    endloop
  endfacet
  facet normal -0.7518398074789802 0 -0.6593458151000655
    outer loop
      vertex -30.600848428225788 42 -10.59379044375791
      vertex -30.600848428225788 35 -10.59379044375791
      vertex -30.747467578703755 42 -10.426603345055605
    endloop
  endfacet
  facet normal -0.6593458151000662 8.24099395088922e-19 -0.7518398074789798
    outer loop
      vertex -30.914654677406062 42 -10.279984194577636
      vertex -30.747467578703755 42 -10.426603345055605
      vertex -30.747467578703755 35 -10.426603345055605
    endloop
  endfacet
  facet normal -0.8314696123025463 0 -0.5555702330196005
    outer loop
      vertex -30.477305920287343 42 -10.778684873072736
      vertex -30.477305920287343 35 -10.778684873072736
      vertex -30.600848428225788 42 -10.59379044375791
    endloop
  endfacet
  facet normal -0.5555702330196043 -6.584467201449703e-19 -0.8314696123025439
    outer loop
      vertex -31.099549106720886 42 -10.156441686639191
      vertex -30.914654677406062 42 -10.279984194577636
      vertex -30.914654677406062 35 -10.279984194577636
    endloop
  endfacet
  facet normal -0.5555702330196043 4.219962093048853e-16 0.8314696123025439
    outer loop
      vertex -28.5024165140135 35 -18.410471932464322
      vertex -28.40996929935609 35 -18.3487006784951
      vertex -28.5024165140135 42 -18.410471932464326
    endloop
  endfacet
  facet normal -0.6593458151000616 0 0.7518398074789837
    outer loop
      vertex -28.24278220065378 42 -18.202081528017132
      vertex -28.40996929935609 35 -18.3487006784951
      vertex -28.24278220065378 35 -18.202081528017132
    endloop
  endfacet
  facet normal -0.7518398074789837 0 0.6593458151000616
    outer loop
      vertex -28.096163050175814 42 -18.034894429314825
      vertex -28.24278220065378 35 -18.202081528017132
      vertex -28.096163050175814 35 -18.034894429314825
    endloop
  endfacet
  facet normal -0.8314696123025439 -2.819688523404471e-16 0.5555702330196043
    outer loop
      vertex -27.97262054223737 42 -17.849999999999998
      vertex -28.096163050175814 35 -18.034894429314825
      vertex -27.97262054223737 35 -17.85
    endloop
  endfacet
  facet normal 0.4422886902189964 -3.035569812895685e-19 -0.8968727415326908
    outer loop
      vertex -30.19514464618124 35 -15.478580804148633
      vertex -30.095425563691567 42 -15.429404794730813
      vertex -30.095425563691567 35 -15.429404794730813
    endloop
  endfacet
  facet normal 0.3214394653031657 0 -0.9469301294951042
    outer loop
      vertex -30.095425563691567 42 -15.429404794730813
      vertex -29.8848561053452 35 -15.357926095308583
      vertex -30.095425563691567 35 -15.429404794730813
    endloop
  endfacet
  facet normal 0.1950903220161253 0 -0.980785280403231
    outer loop
      vertex -29.8848561053452 42 -15.357926095308583
      vertex -29.666758255445 35 -15.314543735664522
      vertex -29.8848561053452 35 -15.357926095308583
    endloop
  endfacet
  facet normal 0.06540312923013786 0 -0.9978589232386038
    outer loop
      vertex -29.666758255445 42 -15.314543735664522
      vertex -29.444863728670914 35 -15.3
      vertex -29.666758255445 35 -15.314543735664522
    endloop
  endfacet
  facet normal -0.06540312923013786 0 -0.9978589232386038
    outer loop
      vertex -29.444863728670914 42 -15.3
      vertex -29.222969201896827 35 -15.314543735664522
      vertex -29.444863728670914 35 -15.3
    endloop
  endfacet
  facet normal -0.1950903220161253 0 -0.980785280403231
    outer loop
      vertex -29.222969201896827 42 -15.314543735664522
      vertex -29.004871351996627 35 -15.357926095308583
      vertex -29.222969201896827 35 -15.314543735664522
    endloop
  endfacet
  facet normal -0.3214394653031657 0 -0.9469301294951042
    outer loop
      vertex -29.004871351996627 42 -15.357926095308583
      vertex -28.79430189365026 35 -15.429404794730813
      vertex -29.004871351996627 35 -15.357926095308583
    endloop
  endfacet
  facet normal -0.8314696123025439 0 -0.5555702330196043
    outer loop
      vertex -28.096163050175814 42 -15.965105570685175
      vertex -27.97262054223737 35 -16.15
      vertex -28.096163050175814 35 -15.965105570685175
    endloop
  endfacet
  facet normal -0.5555702330196043 0 -0.8314696123025439
    outer loop
      vertex -28.594863728670912 42 -15.527756813566455
      vertex -28.40996929935609 35 -15.6512993215049
      vertex -28.594863728670912 35 -15.527756813566455
    endloop
  endfacet
  facet normal -0.4422886902190028 0 -0.8968727415326876
    outer loop
      vertex -28.79430189365026 42 -15.429404794730813
      vertex -28.594863728670912 35 -15.527756813566455
      vertex -28.79430189365026 35 -15.429404794730813
    endloop
  endfacet
  facet normal -0.7518398074789802 0 -0.6593458151000655
    outer loop
      vertex -28.24278220065378 42 -15.79791847198287
      vertex -28.096163050175814 35 -15.965105570685175
      vertex -28.24278220065378 35 -15.79791847198287
    endloop
  endfacet
  facet normal -0.6593458151000662 0 -0.7518398074789798
    outer loop
      vertex -28.40996929935609 42 -15.6512993215049
      vertex -28.24278220065378 35 -15.79791847198287
      vertex -28.40996929935609 35 -15.6512993215049
    endloop
  endfacet
  facet normal -0.5555702330196264 -4.5459477067872624e-20 0.8314696123025291
    outer loop
      vertex -28.5024165140135 42 -18.410471932464326
      vertex -28.40996929935609 35 -18.3487006784951
      vertex -28.40996929935609 42 -18.3487006784951
    endloop
  endfacet
  facet normal -0.6593458151000616 6.790661571157406e-20 0.7518398074789837
    outer loop
      vertex -28.24278220065378 42 -18.202081528017132
      vertex -28.40996929935609 42 -18.3487006784951
      vertex -28.40996929935609 35 -18.3487006784951
    endloop
  endfacet
  facet normal -0.7518398074789837 0 0.6593458151000616
    outer loop
      vertex -28.24278220065378 42 -18.202081528017132
      vertex -28.24278220065378 35 -18.202081528017132
      vertex -28.096163050175814 42 -18.034894429314825
    endloop
  endfacet
  facet normal -0.8314696123025488 0 0.5555702330195968
    outer loop
      vertex -28.096163050175814 42 -18.034894429314825
      vertex -28.096163050175814 35 -18.034894429314825
      vertex -27.97262054223737 42 -17.849999999999998
    endloop
  endfacet
  facet normal 0.4422886902189964 0 -0.8968727415326908
    outer loop
      vertex -30.19514464618124 42 -15.478580804148633
      vertex -30.095425563691567 42 -15.429404794730813
      vertex -30.19514464618124 35 -15.478580804148633
    endloop
  endfacet
  facet normal 0.3214394653031657 1.551418498399396e-19 -0.9469301294951042
    outer loop
      vertex -30.095425563691567 42 -15.429404794730813
      vertex -29.8848561053452 42 -15.357926095308583
      vertex -29.8848561053452 35 -15.357926095308583
    endloop
  endfacet
  facet normal 0.1950903220161253 5.277794375122897e-19 -0.980785280403231
    outer loop
      vertex -29.8848561053452 42 -15.357926095308583
      vertex -29.666758255445 42 -15.314543735664522
      vertex -29.666758255445 35 -15.314543735664522
    endloop
  endfacet
  facet normal 0.06540312923013786 -1.0606041153885789e-19 -0.9978589232386038
    outer loop
      vertex -29.666758255445 42 -15.314543735664522
      vertex -29.444863728670914 42 -15.3
      vertex -29.444863728670914 35 -15.3
    endloop
  endfacet
  facet normal -0.06540312923013786 1.0606041153885789e-19 -0.9978589232386038
    outer loop
      vertex -29.444863728670914 42 -15.3
      vertex -29.222969201896827 42 -15.314543735664522
      vertex -29.222969201896827 35 -15.314543735664522
    endloop
  endfacet
  facet normal -0.1950903220161253 -5.277794375122897e-19 -0.980785280403231
    outer loop
      vertex -29.222969201896827 42 -15.314543735664522
      vertex -29.004871351996627 42 -15.357926095308583
      vertex -29.004871351996627 35 -15.357926095308583
    endloop
  endfacet
  facet normal -0.3214394653031657 -1.551418498399396e-19 -0.9469301294951042
    outer loop
      vertex -29.004871351996627 42 -15.357926095308583
      vertex -28.79430189365026 42 -15.429404794730813
      vertex -28.79430189365026 35 -15.429404794730813
    endloop
  endfacet
  facet normal -0.8314696123025439 0 -0.5555702330196043
    outer loop
      vertex -27.97262054223737 42 -16.15
      vertex -27.97262054223737 35 -16.15
      vertex -28.096163050175814 42 -15.965105570685175
    endloop
  endfacet
  facet normal -0.7518398074789802 0 -0.6593458151000655
    outer loop
      vertex -28.096163050175814 42 -15.965105570685175
      vertex -28.096163050175814 35 -15.965105570685175
      vertex -28.24278220065378 42 -15.79791847198287
    endloop
  endfacet
  facet normal -0.5555702330196043 -6.584467201449703e-19 -0.8314696123025439
    outer loop
      vertex -28.594863728670912 42 -15.527756813566455
      vertex -28.40996929935609 42 -15.6512993215049
      vertex -28.40996929935609 35 -15.6512993215049
    endloop
  endfacet
  facet normal -0.4422886902190028 3.5672164439851316e-19 -0.8968727415326876
    outer loop
      vertex -28.79430189365026 42 -15.429404794730813
      vertex -28.594863728670912 42 -15.527756813566455
      vertex -28.594863728670912 35 -15.527756813566455
    endloop
  endfacet
  facet normal -0.6593458151000662 8.24099395088922e-19 -0.7518398074789798
    outer loop
      vertex -28.40996929935609 42 -15.6512993215049
      vertex -28.24278220065378 42 -15.79791847198287
      vertex -28.24278220065378 35 -15.79791847198287
    endloop
  endfacet
  facet normal -0.8968727415326843 0 0.4422886902190092
    outer loop
      vertex -27.874268523401724 42 -17.650561835020653
      vertex -27.97262054223737 35 -17.85
      vertex -27.874268523401724 35 -17.650561835020653
    endloop
  endfacet
  facet normal -0.9469301294951091 0 0.3214394653031514
    outer loop
      vertex -27.8027898239795 42 -17.439992376674287
      vertex -27.874268523401724 35 -17.650561835020653
      vertex -27.8027898239795 35 -17.439992376674287
    endloop
  endfacet
  facet normal -0.9807852804032294 0 0.195090322016133
    outer loop
      vertex -27.759407464335435 42 -17.221894526774086
      vertex -27.8027898239795 35 -17.439992376674287
      vertex -27.759407464335435 35 -17.221894526774086
    endloop
  endfacet
  facet normal -0.9978589232386038 -1.0606041153885789e-19 0.06540312923013786
    outer loop
      vertex -27.759407464335435 35 -17.221894526774086
      vertex -27.744863728670914 35 -17
      vertex -27.744863728670914 42 -17
    endloop
  endfacet
  facet normal -0.9978589232386038 0 -0.06540312923013786
    outer loop
      vertex -27.759407464335435 42 -16.778105473225914
      vertex -27.744863728670914 35 -17
      vertex -27.759407464335435 35 -16.778105473225914
    endloop
  endfacet
  facet normal -0.9807852804032294 0 -0.195090322016133
    outer loop
      vertex -27.8027898239795 42 -16.560007623325713
      vertex -27.759407464335435 35 -16.778105473225914
      vertex -27.8027898239795 35 -16.560007623325713
    endloop
  endfacet
  facet normal -0.9469301294951091 0 -0.3214394653031514
    outer loop
      vertex -27.874268523401724 42 -16.349438164979347
      vertex -27.8027898239795 35 -16.560007623325713
      vertex -27.874268523401724 35 -16.349438164979347
    endloop
  endfacet
  facet normal -0.8968727415326843 0 -0.4422886902190092
    outer loop
      vertex -27.97262054223737 42 -16.15
      vertex -27.874268523401724 35 -16.349438164979347
      vertex -27.97262054223737 35 -16.15
    endloop
  endfacet
  facet normal -0.8968727415326813 -2.2447501138855056e-16 0.44228869021901557
    outer loop
      vertex -27.97262054223737 42 -17.849999999999998
      vertex -27.97262054223737 35 -17.85
      vertex -27.874268523401724 42 -17.650561835020653
    endloop
  endfacet
  facet normal -0.9469301294951091 0 0.3214394653031514
    outer loop
      vertex -27.874268523401724 42 -17.650561835020653
      vertex -27.874268523401724 35 -17.650561835020653
      vertex -27.8027898239795 42 -17.439992376674287
    endloop
  endfacet
  facet normal -0.9807852804032294 0 0.195090322016133
    outer loop
      vertex -27.8027898239795 42 -17.439992376674287
      vertex -27.8027898239795 35 -17.439992376674287
      vertex -27.759407464335435 42 -17.221894526774086
    endloop
  endfacet
  facet normal -0.9978589232386038 0 0.06540312923013786
    outer loop
      vertex -27.759407464335435 42 -17.221894526774086
      vertex -27.759407464335435 35 -17.221894526774086
      vertex -27.744863728670914 42 -17
    endloop
  endfacet
  facet normal -0.9978589232386038 0 -0.06540312923013786
    outer loop
      vertex -27.744863728670914 42 -17
      vertex -27.744863728670914 35 -17
      vertex -27.759407464335435 42 -16.778105473225914
    endloop
  endfacet
  facet normal -0.9807852804032294 0 -0.195090322016133
    outer loop
      vertex -27.759407464335435 42 -16.778105473225914
      vertex -27.759407464335435 35 -16.778105473225914
      vertex -27.8027898239795 42 -16.560007623325713
    endloop
  endfacet
  facet normal -0.9469301294951091 0 -0.3214394653031514
    outer loop
      vertex -27.8027898239795 42 -16.560007623325713
      vertex -27.8027898239795 35 -16.560007623325713
      vertex -27.874268523401724 42 -16.349438164979347
    endloop
  endfacet
  facet normal -0.8968727415326843 0 -0.4422886902190092
    outer loop
      vertex -27.874268523401724 42 -16.349438164979347
      vertex -27.874268523401724 35 -16.349438164979347
      vertex -27.97262054223737 42 -16.15
    endloop
  endfacet
  facet normal -0.7518398074789837 3.395330785578703e-20 0.6593458151000616
    outer loop
      vertex -22.69292988184752 35 -25.076524989657443
      vertex -22.766239457086503 42 -25.160118539008597
      vertex -22.766239457086503 35 -25.160118539008597
    endloop
  endfacet
  facet normal -0.8314696123025439 0 0.5555702330196043
    outer loop
      vertex -22.569387373909073 42 -24.89163056034262
      vertex -22.69292988184752 35 -25.076524989657443
      vertex -22.569387373909073 35 -24.89163056034262
    endloop
  endfacet
  facet normal -0.8968727415326908 0 0.4422886902189964
    outer loop
      vertex -22.471035355073433 42 -24.69219239536327
      vertex -22.569387373909073 35 -24.89163056034262
      vertex -22.471035355073433 35 -24.69219239536327
    endloop
  endfacet
  facet normal -0.9469301294951042 0 0.3214394653031657
    outer loop
      vertex -22.399556655651203 42 -24.481622937016905
      vertex -22.471035355073433 35 -24.69219239536327
      vertex -22.399556655651203 35 -24.481622937016905
    endloop
  endfacet
  facet normal -0.9807852804032294 0 0.195090322016133
    outer loop
      vertex -22.35617429600714 42 -24.263525087116705
      vertex -22.399556655651203 35 -24.481622937016905
      vertex -22.35617429600714 35 -24.263525087116705
    endloop
  endfacet
  facet normal -0.9978589232386038 0 0.06540312923013786
    outer loop
      vertex -22.34163056034262 42 -24.041630560342618
      vertex -22.35617429600714 35 -24.263525087116705
      vertex -22.34163056034262 35 -24.041630560342618
    endloop
  endfacet
  facet normal -0.7518398074789837 0 0.6593458151000616
    outer loop
      vertex -22.69292988184752 42 -25.076524989657443
      vertex -22.766239457086503 42 -25.160118539008597
      vertex -22.69292988184752 35 -25.076524989657443
    endloop
  endfacet
  facet normal -0.8314696123025439 0 0.5555702330196043
    outer loop
      vertex -22.69292988184752 42 -25.076524989657443
      vertex -22.69292988184752 35 -25.076524989657443
      vertex -22.569387373909073 42 -24.89163056034262
    endloop
  endfacet
  facet normal -0.8968727415326908 0 0.4422886902189964
    outer loop
      vertex -22.569387373909073 42 -24.89163056034262
      vertex -22.569387373909073 35 -24.89163056034262
      vertex -22.471035355073433 42 -24.69219239536327
    endloop
  endfacet
  facet normal -0.9469301294951042 0 0.3214394653031657
    outer loop
      vertex -22.471035355073433 42 -24.69219239536327
      vertex -22.471035355073433 35 -24.69219239536327
      vertex -22.399556655651203 42 -24.481622937016905
    endloop
  endfacet
  facet normal -0.9807852804032294 0 0.195090322016133
    outer loop
      vertex -22.399556655651203 42 -24.481622937016905
      vertex -22.399556655651203 35 -24.481622937016905
      vertex -22.35617429600714 42 -24.263525087116705
    endloop
  endfacet
  facet normal -0.9978589232386038 0 0.06540312923013786
    outer loop
      vertex -22.35617429600714 42 -24.263525087116705
      vertex -22.35617429600714 35 -24.263525087116705
      vertex -22.34163056034262 42 -24.041630560342618
    endloop
  endfacet
  facet normal 0.6593458151000616 3.395330785578703e-20 -0.7518398074789837
    outer loop
      vertex -25.160118539008597 35 -22.766239457086503
      vertex -25.076524989657443 42 -22.69292988184752
      vertex -25.076524989657443 35 -22.69292988184752
    endloop
  endfacet
  facet normal 0.5555702330196043 0 -0.8314696123025439
    outer loop
      vertex -25.076524989657443 42 -22.69292988184752
      vertex -24.89163056034262 35 -22.569387373909073
      vertex -25.076524989657443 35 -22.69292988184752
    endloop
  endfacet
  facet normal 0.6593458151000616 0 -0.7518398074789837
    outer loop
      vertex -25.160118539008597 42 -22.766239457086503
      vertex -25.076524989657443 42 -22.69292988184752
      vertex -25.160118539008597 35 -22.766239457086503
    endloop
  endfacet
  facet normal 0.4422886902189964 0 -0.8968727415326908
    outer loop
      vertex -24.89163056034262 42 -22.569387373909073
      vertex -24.69219239536327 35 -22.471035355073433
      vertex -24.89163056034262 35 -22.569387373909073
    endloop
  endfacet
  facet normal 0.3214394653031657 0 -0.9469301294951042
    outer loop
      vertex -24.69219239536327 42 -22.471035355073433
      vertex -24.481622937016905 35 -22.399556655651203
      vertex -24.69219239536327 35 -22.471035355073433
    endloop
  endfacet
  facet normal 0.195090322016133 0 -0.9807852804032294
    outer loop
      vertex -24.481622937016905 42 -22.399556655651203
      vertex -24.263525087116705 35 -22.35617429600714
      vertex -24.481622937016905 35 -22.399556655651203
    endloop
  endfacet
  facet normal 0.06540312923013786 0 -0.9978589232386038
    outer loop
      vertex -24.263525087116705 42 -22.35617429600714
      vertex -24.041630560342618 35 -22.34163056034262
      vertex -24.263525087116705 35 -22.35617429600714
    endloop
  endfacet
  facet normal -0.06540312923013786 0 -0.9978589232386038
    outer loop
      vertex -24.041630560342618 35 -22.34163056034262
      vertex -24.041630560342618 42 -22.34163056034262
      vertex -23.81973603356853 35 -22.35617429600714
    endloop
  endfacet
  facet normal -0.195090322016133 0 -0.9807852804032294
    outer loop
      vertex -23.81973603356853 35 -22.35617429600714
      vertex -23.81973603356853 42 -22.35617429600714
      vertex -23.60163818366833 35 -22.399556655651203
    endloop
  endfacet
  facet normal -0.3214394653031657 0 -0.9469301294951042
    outer loop
      vertex -23.60163818366833 42 -22.399556655651203
      vertex -23.391068725321965 35 -22.471035355073433
      vertex -23.60163818366833 35 -22.399556655651203
    endloop
  endfacet
  facet normal -0.7518398074789837 0 -0.6593458151000616
    outer loop
      vertex -22.839549032325486 42 -22.839549032325486
      vertex -22.69292988184752 35 -23.006736131027793
      vertex -22.839549032325486 35 -22.839549032325486
    endloop
  endfacet
  facet normal -0.9807852804032294 0 -0.195090322016133
    outer loop
      vertex -22.399556655651203 42 -23.60163818366833
      vertex -22.35617429600714 35 -23.81973603356853
      vertex -22.399556655651203 35 -23.60163818366833
    endloop
  endfacet
  facet normal -0.9469301294951042 0 -0.3214394653031657
    outer loop
      vertex -22.471035355073433 42 -23.391068725321965
      vertex -22.399556655651203 35 -23.60163818366833
      vertex -22.471035355073433 35 -23.391068725321965
    endloop
  endfacet
  facet normal -0.9978589232386038 0 -0.06540312923013786
    outer loop
      vertex -22.35617429600714 42 -23.81973603356853
      vertex -22.34163056034262 35 -24.041630560342618
      vertex -22.35617429600714 35 -23.81973603356853
    endloop
  endfacet
  facet normal -0.8314696123025439 0 -0.5555702330196043
    outer loop
      vertex -22.69292988184752 42 -23.006736131027793
      vertex -22.569387373909073 35 -23.191630560342617
      vertex -22.69292988184752 35 -23.006736131027793
    endloop
  endfacet
  facet normal -0.8968727415326908 0 -0.4422886902189964
    outer loop
      vertex -22.569387373909073 42 -23.191630560342617
      vertex -22.471035355073433 35 -23.391068725321965
      vertex -22.569387373909073 35 -23.191630560342617
    endloop
  endfacet
  facet normal -0.4422886902189964 0 -0.8968727415326908
    outer loop
      vertex -23.391068725321965 42 -22.471035355073433
      vertex -23.191630560342617 35 -22.569387373909073
      vertex -23.391068725321965 35 -22.471035355073433
    endloop
  endfacet
  facet normal -0.5555702330196043 0 -0.8314696123025439
    outer loop
      vertex -23.191630560342617 42 -22.569387373909073
      vertex -23.006736131027793 35 -22.69292988184752
      vertex -23.191630560342617 35 -22.569387373909073
    endloop
  endfacet
  facet normal -0.6593458151000616 -6.790661571157406e-20 -0.7518398074789837
    outer loop
      vertex -22.839549032325486 35 -22.839549032325486
      vertex -23.006736131027793 35 -22.69292988184752
      vertex -23.006736131027793 42 -22.69292988184752
    endloop
  endfacet
  facet normal 0.5555702330196043 6.584467201449703e-19 -0.8314696123025439
    outer loop
      vertex -25.076524989657443 42 -22.69292988184752
      vertex -24.89163056034262 42 -22.569387373909073
      vertex -24.89163056034262 35 -22.569387373909073
    endloop
  endfacet
  facet normal 0.4422886902189964 -6.07113962579137e-19 -0.8968727415326908
    outer loop
      vertex -24.89163056034262 42 -22.569387373909073
      vertex -24.69219239536327 42 -22.471035355073433
      vertex -24.69219239536327 35 -22.471035355073433
    endloop
  endfacet
  facet normal 0.3214394653031657 1.551418498399396e-19 -0.9469301294951042
    outer loop
      vertex -24.69219239536327 42 -22.471035355073433
      vertex -24.481622937016905 42 -22.399556655651203
      vertex -24.481622937016905 35 -22.399556655651203
    endloop
  endfacet
  facet normal 0.195090322016133 -2.164422002978876e-19 -0.9807852804032294
    outer loop
      vertex -24.481622937016905 42 -22.399556655651203
      vertex -24.263525087116705 42 -22.35617429600714
      vertex -24.263525087116705 35 -22.35617429600714
    endloop
  endfacet
  facet normal 0.06540312923013786 -1.0606041153885789e-19 -0.9978589232386038
    outer loop
      vertex -24.263525087116705 42 -22.35617429600714
      vertex -24.041630560342618 42 -22.34163056034262
      vertex -24.041630560342618 35 -22.34163056034262
    endloop
  endfacet
  facet normal -0.06540312923013786 1.0606041153885789e-19 -0.9978589232386038
    outer loop
      vertex -24.041630560342618 42 -22.34163056034262
      vertex -23.81973603356853 42 -22.35617429600714
      vertex -23.81973603356853 35 -22.35617429600714
    endloop
  endfacet
  facet normal -0.195090322016133 2.164422002978876e-19 -0.9807852804032294
    outer loop
      vertex -23.81973603356853 42 -22.35617429600714
      vertex -23.60163818366833 42 -22.399556655651203
      vertex -23.60163818366833 35 -22.399556655651203
    endloop
  endfacet
  facet normal -0.6593458151000616 -6.790661571157406e-20 -0.7518398074789837
    outer loop
      vertex -23.006736131027793 42 -22.69292988184752
      vertex -22.839549032325486 42 -22.839549032325486
      vertex -22.839549032325486 35 -22.839549032325486
    endloop
  endfacet
  facet normal -0.9469301294951042 0 -0.3214394653031657
    outer loop
      vertex -22.399556655651203 42 -23.60163818366833
      vertex -22.399556655651203 35 -23.60163818366833
      vertex -22.471035355073433 42 -23.391068725321965
    endloop
  endfacet
  facet normal -0.9978589232386038 0 -0.06540312923013786
    outer loop
      vertex -22.34163056034262 42 -24.041630560342618
      vertex -22.34163056034262 35 -24.041630560342618
      vertex -22.35617429600714 42 -23.81973603356853
    endloop
  endfacet
  facet normal -0.9807852804032294 0 -0.195090322016133
    outer loop
      vertex -22.35617429600714 42 -23.81973603356853
      vertex -22.35617429600714 35 -23.81973603356853
      vertex -22.399556655651203 42 -23.60163818366833
    endloop
  endfacet
  facet normal -0.8314696123025439 0 -0.5555702330196043
    outer loop
      vertex -22.569387373909073 42 -23.191630560342617
      vertex -22.569387373909073 35 -23.191630560342617
      vertex -22.69292988184752 42 -23.006736131027793
    endloop
  endfacet
  facet normal -0.8968727415326908 0 -0.4422886902189964
    outer loop
      vertex -22.471035355073433 42 -23.391068725321965
      vertex -22.471035355073433 35 -23.391068725321965
      vertex -22.569387373909073 42 -23.191630560342617
    endloop
  endfacet
  facet normal -0.7518398074789837 0 -0.6593458151000616
    outer loop
      vertex -22.69292988184752 42 -23.006736131027793
      vertex -22.69292988184752 35 -23.006736131027793
      vertex -22.839549032325486 42 -22.839549032325486
    endloop
  endfacet
  facet normal -0.3214394653031657 -1.551418498399396e-19 -0.9469301294951042
    outer loop
      vertex -23.60163818366833 42 -22.399556655651203
      vertex -23.391068725321965 42 -22.471035355073433
      vertex -23.391068725321965 35 -22.471035355073433
    endloop
  endfacet
  facet normal -0.4422886902189964 6.07113962579137e-19 -0.8968727415326908
    outer loop
      vertex -23.391068725321965 42 -22.471035355073433
      vertex -23.191630560342617 42 -22.569387373909073
      vertex -23.191630560342617 35 -22.569387373909073
    endloop
  endfacet
  facet normal -0.5555702330196043 -6.584467201449703e-19 -0.8314696123025439
    outer loop
      vertex -23.191630560342617 42 -22.569387373909073
      vertex -23.006736131027793 42 -22.69292988184752
      vertex -23.006736131027793 35 -22.69292988184752
    endloop
  endfacet
  facet normal 0.4422886902189979 0.8968727415326899 0
    outer loop
      vertex 6.15 -38.762243186433544 2.4000000000000004
      vertex 6.349438164979348 -38.860595205269185 0
      vertex 6.15 -38.762243186433544 0
    endloop
  endfacet
  facet normal 0.3214394653031645 0.9469301294951046 0
    outer loop
      vertex 6.349438164979348 -38.860595205269185 2.4000000000000004
      vertex 6.560007623325715 -38.932073904691414 0
      vertex 6.349438164979348 -38.860595205269185 0
    endloop
  endfacet
  facet normal 0.19509032201613535 0.9807852804032291 0
    outer loop
      vertex 6.560007623325715 -38.932073904691414 2.4000000000000004
      vertex 6.778105473225913 -38.97545626433548 0
      vertex 6.560007623325715 -38.932073904691414 0
    endloop
  endfacet
  facet normal 0.0654031292301535 0.9978589232386027 0
    outer loop
      vertex 6.778105473225913 -38.97545626433548 2.4000000000000004
      vertex 7 -38.99 0
      vertex 6.778105473225913 -38.97545626433548 0
    endloop
  endfacet
  facet normal -0.0654031292301535 0.9978589232386027 0
    outer loop
      vertex 7 -38.99 2.4000000000000004
      vertex 7.221894526774087 -38.97545626433548 0
      vertex 7 -38.99 0
    endloop
  endfacet
  facet normal -0.19509032201613535 0.9807852804032291 0
    outer loop
      vertex 7.221894526774087 -38.97545626433548 2.4000000000000004
      vertex 7.439992376674285 -38.932073904691414 0
      vertex 7.221894526774087 -38.97545626433548 0
    endloop
  endfacet
  facet normal -0.3214394653031645 0.9469301294951046 0
    outer loop
      vertex 7.439992376674285 -38.932073904691414 2.4000000000000004
      vertex 7.650561835020652 -38.860595205269185 0
      vertex 7.439992376674285 -38.932073904691414 0
    endloop
  endfacet
  facet normal -0.4422886902189979 0.8968727415326899 0
    outer loop
      vertex 7.650561835020652 -38.860595205269185 2.4000000000000004
      vertex 7.85 -38.762243186433544 0
      vertex 7.650561835020652 -38.860595205269185 0
    endloop
  endfacet
  facet normal 0.9807852804032304 0.1950903220161284 0
    outer loop
      vertex 5.314543735664523 -37.511894526774086 2.4000000000000004
      vertex 5.357926095308584 -37.72999237667428 0
      vertex 5.314543735664523 -37.511894526774086 0
    endloop
  endfacet
  facet normal 0.831469612302542 0.5555702330196071 0
    outer loop
      vertex 5.527756813566454 -38.14 2.4000000000000004
      vertex 5.651299321504901 -38.324894429314824 0
      vertex 5.527756813566454 -38.14 0
    endloop
  endfacet
  facet normal 0.7518398074789817 0.659345815100064 0
    outer loop
      vertex 5.651299321504901 -38.324894429314824 2.4000000000000004
      vertex 5.797918471982869 -38.49208152801713 0
      vertex 5.651299321504901 -38.324894429314824 0
    endloop
  endfacet
  facet normal 0.8968727415326893 0.44228869021899964 0
    outer loop
      vertex 5.429404794730813 -37.94056183502065 2.4000000000000004
      vertex 5.527756813566454 -38.14 0
      vertex 5.429404794730813 -37.94056183502065 0
    endloop
  endfacet
  facet normal 0.946930129495107 0.3214394653031572 0
    outer loop
      vertex 5.357926095308584 -37.72999237667428 2.4000000000000004
      vertex 5.429404794730813 -37.94056183502065 0
      vertex 5.357926095308584 -37.72999237667428 0
    endloop
  endfacet
  facet normal 0.9978589232386034 0.06540312923014582 0
    outer loop
      vertex 5.3 -37.29 2.4000000000000004
      vertex 5.314543735664523 -37.511894526774086 0
      vertex 5.3 -37.29 0
    endloop
  endfacet
  facet normal 0.9978589232386034 -0.06540312923014582 0
    outer loop
      vertex 5.314543735664523 -37.06810547322591 2.4000000000000004
      vertex 5.3 -37.29 0
      vertex 5.314543735664523 -37.06810547322591 0
    endloop
  endfacet
  facet normal 0.9807852804032304 -0.1950903220161284 0
    outer loop
      vertex 5.357926095308584 -36.850007623325716 2.4000000000000004
      vertex 5.314543735664523 -37.06810547322591 0
      vertex 5.357926095308584 -36.850007623325716 0
    endloop
  endfacet
  facet normal 0.946930129495107 -0.3214394653031572 0
    outer loop
      vertex 5.429404794730813 -36.639438164979346 2.4000000000000004
      vertex 5.357926095308584 -36.850007623325716 0
      vertex 5.429404794730813 -36.639438164979346 0
    endloop
  endfacet
  facet normal 0.8968727415326893 -0.44228869021899964 0
    outer loop
      vertex 5.527756813566454 -36.44 2.4000000000000004
      vertex 5.429404794730813 -36.639438164979346 0
      vertex 5.527756813566454 -36.44 0
    endloop
  endfacet
  facet normal 0.831469612302542 -0.5555702330196071 0
    outer loop
      vertex 5.651299321504901 -36.255105570685174 2.4000000000000004
      vertex 5.527756813566454 -36.44 0
      vertex 5.651299321504901 -36.255105570685174 0
    endloop
  endfacet
  facet normal 0.7518398074789817 -0.659345815100064 0
    outer loop
      vertex 5.797918471982869 -36.08791847198287 2.4000000000000004
      vertex 5.651299321504901 -36.255105570685174 0
      vertex 5.797918471982869 -36.08791847198287 0
    endloop
  endfacet
  facet normal 0.6593458151000636 0.751839807478982 0
    outer loop
      vertex 5.797918471982869 -38.49208152801713 2.4000000000000004
      vertex 5.965105570685175 -38.6387006784951 0
      vertex 5.797918471982869 -38.49208152801713 0
    endloop
  endfacet
  facet normal 0.5555702330196005 0.8314696123025462 0
    outer loop
      vertex 5.965105570685175 -38.6387006784951 2.4000000000000004
      vertex 6.15 -38.762243186433544 0
      vertex 5.965105570685175 -38.6387006784951 0
    endloop
  endfacet
  facet normal 0.6593458151000636 -0.751839807478982 0
    outer loop
      vertex 5.965105570685175 -35.9412993215049 2.4000000000000004
      vertex 5.797918471982869 -36.08791847198287 0
      vertex 5.965105570685175 -35.9412993215049 0
    endloop
  endfacet
  facet normal 0.5555702330196005 -0.8314696123025462 0
    outer loop
      vertex 6.15 -35.817756813566454 2.4000000000000004
      vertex 5.965105570685175 -35.9412993215049 0
      vertex 6.15 -35.817756813566454 0
    endloop
  endfacet
  facet normal 0.4422886902189979 -0.8968727415326899 0
    outer loop
      vertex 6.349438164979348 -35.71940479473081 2.4000000000000004
      vertex 6.15 -35.817756813566454 0
      vertex 6.349438164979348 -35.71940479473081 0
    endloop
  endfacet
  facet normal 0.3214394653031645 -0.9469301294951046 0
    outer loop
      vertex 6.560007623325715 -35.647926095308584 2.4000000000000004
      vertex 6.349438164979348 -35.71940479473081 0
      vertex 6.560007623325715 -35.647926095308584 0
    endloop
  endfacet
  facet normal -0.5555702330196005 0.8314696123025462 0
    outer loop
      vertex 7.85 -38.762243186433544 2.4000000000000004
      vertex 8.034894429314825 -38.6387006784951 0
      vertex 7.85 -38.762243186433544 0
    endloop
  endfacet
  facet normal 0.19509032201613535 -0.9807852804032291 0
    outer loop
      vertex 6.778105473225913 -35.60454373566452 2.4000000000000004
      vertex 6.560007623325715 -35.647926095308584 0
      vertex 6.778105473225913 -35.60454373566452 0
    endloop
  endfacet
  facet normal 0.0654031292301535 -0.9978589232386027 0
    outer loop
      vertex 7 -35.589999999999996 2.4000000000000004
      vertex 6.778105473225913 -35.60454373566452 0
      vertex 7 -35.589999999999996 0
    endloop
  endfacet
  facet normal -0.0654031292301535 -0.9978589232386027 0
    outer loop
      vertex 7.221894526774087 -35.60454373566452 2.4000000000000004
      vertex 7 -35.589999999999996 0
      vertex 7.221894526774087 -35.60454373566452 0
    endloop
  endfacet
  facet normal -0.19509032201613535 -0.9807852804032291 0
    outer loop
      vertex 7.439992376674285 -35.647926095308584 2.4000000000000004
      vertex 7.221894526774087 -35.60454373566452 0
      vertex 7.439992376674285 -35.647926095308584 0
    endloop
  endfacet
  facet normal -0.3214394653031645 -0.9469301294951046 0
    outer loop
      vertex 7.650561835020652 -35.71940479473081 2.4000000000000004
      vertex 7.439992376674285 -35.647926095308584 0
      vertex 7.650561835020652 -35.71940479473081 0
    endloop
  endfacet
  facet normal -0.4422886902189979 -0.8968727415326899 0
    outer loop
      vertex 7.85 -35.817756813566454 2.4000000000000004
      vertex 7.650561835020652 -35.71940479473081 0
      vertex 7.85 -35.817756813566454 0
    endloop
  endfacet
  facet normal -0.5555702330196005 -0.8314696123025462 0
    outer loop
      vertex 8.034894429314825 -35.9412993215049 2.4000000000000004
      vertex 7.85 -35.817756813566454 0
      vertex 8.034894429314825 -35.9412993215049 0
    endloop
  endfacet
  facet normal 0.4422886902189979 0.8968727415326899 2.9286635845034486e-18
    outer loop
      vertex 6.15 -38.762243186433544 2.4000000000000004
      vertex 6.349438164979348 -38.860595205269185 2.4000000000000004
      vertex 6.349438164979348 -38.860595205269185 0
    endloop
  endfacet
  facet normal 0.3214394653031645 0.9469301294951046 8.5712261547687845e-19
    outer loop
      vertex 6.349438164979348 -38.860595205269185 2.4000000000000004
      vertex 6.560007623325715 -38.932073904691414 2.4000000000000004
      vertex 6.560007623325715 -38.932073904691414 0
    endloop
  endfacet
  facet normal 0.19509032201613535 0.9807852804032291 -5.541297766806082e-19
    outer loop
      vertex 6.560007623325715 -38.932073904691414 2.4000000000000004
      vertex 6.778105473225913 -38.97545626433548 2.4000000000000004
      vertex 6.778105473225913 -38.97545626433548 0
    endloop
  endfacet
  facet normal 0.0654031292301535 0.9978589232386027 -1.3396289923307693e-19
    outer loop
      vertex 6.778105473225913 -38.97545626433548 2.4000000000000004
      vertex 7 -38.99 2.4000000000000004
      vertex 7 -38.99 0
    endloop
  endfacet
  facet normal -0.0654031292301535 0.9978589232386027 1.3396289923307693e-19
    outer loop
      vertex 7 -38.99 2.4000000000000004
      vertex 7.221894526774087 -38.97545626433548 2.4000000000000004
      vertex 7.221894526774087 -38.97545626433548 0
    endloop
  endfacet
  facet normal -0.19509032201613535 0.9807852804032291 5.541297766806082e-19
    outer loop
      vertex 7.221894526774087 -38.97545626433548 2.4000000000000004
      vertex 7.439992376674285 -38.932073904691414 2.4000000000000004
      vertex 7.439992376674285 -38.932073904691414 0
    endloop
  endfacet
  facet normal -0.3214394653031645 0.9469301294951046 -8.5712261547687845e-19
    outer loop
      vertex 7.439992376674285 -38.932073904691414 2.4000000000000004
      vertex 7.650561835020652 -38.860595205269185 2.4000000000000004
      vertex 7.650561835020652 -38.860595205269185 0
    endloop
  endfacet
  facet normal -0.4422886902189979 0.8968727415326899 -2.9286635845034486e-18
    outer loop
      vertex 7.650561835020652 -38.860595205269185 2.4000000000000004
      vertex 7.85 -38.762243186433544 2.4000000000000004
      vertex 7.85 -38.762243186433544 0
    endloop
  endfacet
  facet normal 0.9807852804032304 0.1950903220161284 0
    outer loop
      vertex 5.357926095308584 -37.72999237667428 2.4000000000000004
      vertex 5.357926095308584 -37.72999237667428 0
      vertex 5.314543735664523 -37.511894526774086 2.4000000000000004
    endloop
  endfacet
  facet normal 0.9978589232386034 0.06540312923014582 0
    outer loop
      vertex 5.314543735664523 -37.511894526774086 2.4000000000000004
      vertex 5.314543735664523 -37.511894526774086 0
      vertex 5.3 -37.29 2.4000000000000004
    endloop
  endfacet
  facet normal 0.8968727415326893 0.44228869021899964 1.4055935935090724e-18
    outer loop
      vertex 5.429404794730813 -37.94056183502065 2.4000000000000004
      vertex 5.527756813566454 -38.14 2.4000000000000004
      vertex 5.527756813566454 -38.14 0
    endloop
  endfacet
  facet normal 0.7518398074789817 0.659345815100064 1.102781136591969e-18
    outer loop
      vertex 5.651299321504901 -38.324894429314824 2.4000000000000004
      vertex 5.797918471982869 -38.49208152801713 2.4000000000000004
      vertex 5.797918471982869 -38.49208152801713 0
    endloop
  endfacet
  facet normal 0.831469612302542 0.5555702330196071 2.4157811669211255e-18
    outer loop
      vertex 5.527756813566454 -38.14 2.4000000000000004
      vertex 5.651299321504901 -38.324894429314824 2.4000000000000004
      vertex 5.651299321504901 -38.324894429314824 0
    endloop
  endfacet
  facet normal 0.946930129495107 0.3214394653031572 9.230426227109177e-19
    outer loop
      vertex 5.357926095308584 -37.72999237667428 2.4000000000000004
      vertex 5.429404794730813 -37.94056183502065 2.4000000000000004
      vertex 5.429404794730813 -37.94056183502065 0
    endloop
  endfacet
  facet normal 0.9978589232386034 -0.06540312923014582 0
    outer loop
      vertex 5.3 -37.29 2.4000000000000004
      vertex 5.3 -37.29 0
      vertex 5.314543735664523 -37.06810547322591 2.4000000000000004
    endloop
  endfacet
  facet normal 0.9807852804032304 -0.1950903220161284 0
    outer loop
      vertex 5.314543735664523 -37.06810547322591 2.4000000000000004
      vertex 5.314543735664523 -37.06810547322591 0
      vertex 5.357926095308584 -36.850007623325716 2.4000000000000004
    endloop
  endfacet
  facet normal 0.946930129495107 -0.3214394653031572 0
    outer loop
      vertex 5.357926095308584 -36.850007623325716 2.4000000000000004
      vertex 5.357926095308584 -36.850007623325716 0
      vertex 5.429404794730813 -36.639438164979346 2.4000000000000004
    endloop
  endfacet
  facet normal 0.8968727415326893 -0.44228869021899964 0
    outer loop
      vertex 5.429404794730813 -36.639438164979346 2.4000000000000004
      vertex 5.429404794730813 -36.639438164979346 0
      vertex 5.527756813566454 -36.44 2.4000000000000004
    endloop
  endfacet
  facet normal 0.831469612302542 -0.5555702330196071 0
    outer loop
      vertex 5.527756813566454 -36.44 2.4000000000000004
      vertex 5.527756813566454 -36.44 0
      vertex 5.651299321504901 -36.255105570685174 2.4000000000000004
    endloop
  endfacet
  facet normal 0.7518398074789817 -0.659345815100064 0
    outer loop
      vertex 5.651299321504901 -36.255105570685174 2.4000000000000004
      vertex 5.651299321504901 -36.255105570685174 0
      vertex 5.797918471982869 -36.08791847198287 2.4000000000000004
    endloop
  endfacet
  facet normal 0.6593458151000636 0.751839807478982 -3.224200132337772e-18
    outer loop
      vertex 5.797918471982869 -38.49208152801713 2.4000000000000004
      vertex 5.965105570685175 -38.6387006784951 2.4000000000000004
      vertex 5.965105570685175 -38.6387006784951 0
    endloop
  endfacet
  facet normal 0.5555702330196005 0.8314696123025462 2.9307141392999705e-18
    outer loop
      vertex 5.965105570685175 -38.6387006784951 2.4000000000000004
      vertex 6.15 -38.762243186433544 2.4000000000000004
      vertex 6.15 -38.762243186433544 0
    endloop
  endfacet
  facet normal 0.6593458151000636 -0.751839807478982 0
    outer loop
      vertex 5.797918471982869 -36.08791847198287 2.4000000000000004
      vertex 5.797918471982869 -36.08791847198287 0
      vertex 5.965105570685175 -35.9412993215049 2.4000000000000004
    endloop
  endfacet
  facet normal 0.5555702330196005 -0.8314696123025462 0
    outer loop
      vertex 5.965105570685175 -35.9412993215049 2.4000000000000004
      vertex 5.965105570685175 -35.9412993215049 0
      vertex 6.15 -35.817756813566454 2.4000000000000004
    endloop
  endfacet
  facet normal 0.4422886902189979 -0.8968727415326899 0
    outer loop
      vertex 6.15 -35.817756813566454 2.4000000000000004
      vertex 6.15 -35.817756813566454 0
      vertex 6.349438164979348 -35.71940479473081 2.4000000000000004
    endloop
  endfacet
  facet normal 0.3214394653031645 -0.9469301294951046 0
    outer loop
      vertex 6.349438164979348 -35.71940479473081 2.4000000000000004
      vertex 6.349438164979348 -35.71940479473081 0
      vertex 6.560007623325715 -35.647926095308584 2.4000000000000004
    endloop
  endfacet
  facet normal -0.5555702330196005 0.8314696123025462 -2.9307141392999705e-18
    outer loop
      vertex 7.85 -38.762243186433544 2.4000000000000004
      vertex 8.034894429314825 -38.6387006784951 2.4000000000000004
      vertex 8.034894429314825 -38.6387006784951 0
    endloop
  endfacet
  facet normal 0.19509032201613535 -0.9807852804032291 0
    outer loop
      vertex 6.560007623325715 -35.647926095308584 2.4000000000000004
      vertex 6.560007623325715 -35.647926095308584 0
      vertex 6.778105473225913 -35.60454373566452 2.4000000000000004
    endloop
  endfacet
  facet normal 0.0654031292301535 -0.9978589232386027 0
    outer loop
      vertex 6.778105473225913 -35.60454373566452 2.4000000000000004
      vertex 6.778105473225913 -35.60454373566452 0
      vertex 7 -35.589999999999996 2.4000000000000004
    endloop
  endfacet
  facet normal -0.0654031292301535 -0.9978589232386027 0
    outer loop
      vertex 7 -35.589999999999996 2.4000000000000004
      vertex 7 -35.589999999999996 0
      vertex 7.221894526774087 -35.60454373566452 2.4000000000000004
    endloop
  endfacet
  facet normal -0.19509032201613535 -0.9807852804032291 0
    outer loop
      vertex 7.221894526774087 -35.60454373566452 2.4000000000000004
      vertex 7.221894526774087 -35.60454373566452 0
      vertex 7.439992376674285 -35.647926095308584 2.4000000000000004
    endloop
  endfacet
  facet normal -0.3214394653031645 -0.9469301294951046 0
    outer loop
      vertex 7.439992376674285 -35.647926095308584 2.4000000000000004
      vertex 7.439992376674285 -35.647926095308584 0
      vertex 7.650561835020652 -35.71940479473081 2.4000000000000004
    endloop
  endfacet
  facet normal -0.4422886902189979 -0.8968727415326899 0
    outer loop
      vertex 7.650561835020652 -35.71940479473081 2.4000000000000004
      vertex 7.650561835020652 -35.71940479473081 0
      vertex 7.85 -35.817756813566454 2.4000000000000004
    endloop
  endfacet
  facet normal -0.5555702330196005 -0.8314696123025462 0
    outer loop
      vertex 7.85 -35.817756813566454 2.4000000000000004
      vertex 7.85 -35.817756813566454 0
      vertex 8.034894429314825 -35.9412993215049 2.4000000000000004
    endloop
  endfacet
  facet normal -0.6593458151000657 0.7518398074789804 0
    outer loop
      vertex 8.034894429314825 -38.6387006784951 2.4000000000000004
      vertex 8.20208152801713 -38.49208152801713 0
      vertex 8.034894429314825 -38.6387006784951 0
    endloop
  endfacet
  facet normal -0.7518398074789797 0.6593458151000662 0
    outer loop
      vertex 8.20208152801713 -38.49208152801713 2.4000000000000004
      vertex 8.3487006784951 -38.324894429314824 0
      vertex 8.20208152801713 -38.49208152801713 0
    endloop
  endfacet
  facet normal -0.831469612302544 0.5555702330196043 0
    outer loop
      vertex 8.3487006784951 -38.324894429314824 2.4000000000000004
      vertex 8.472243186433545 -38.14 0
      vertex 8.3487006784951 -38.324894429314824 0
    endloop
  endfacet
  facet normal -0.8968727415326876 0.44228869021900274 0
    outer loop
      vertex 8.472243186433545 -38.14 2.4000000000000004
      vertex 8.570595205269187 -37.94056183502065 0
      vertex 8.472243186433545 -38.14 0
    endloop
  endfacet
  facet normal -0.9469301294951058 0.3214394653031608 0
    outer loop
      vertex 8.570595205269187 -37.94056183502065 2.4000000000000004
      vertex 8.642073904691417 -37.72999237667428 0
      vertex 8.570595205269187 -37.94056183502065 0
    endloop
  endfacet
  facet normal -0.9807852804032304 0.1950903220161284 0
    outer loop
      vertex 8.642073904691417 -37.72999237667428 2.4000000000000004
      vertex 8.685456264335478 -37.511894526774086 0
      vertex 8.642073904691417 -37.72999237667428 0
    endloop
  endfacet
  facet normal -0.9978589232386037 0.06540312923013784 0
    outer loop
      vertex 8.685456264335478 -37.511894526774086 2.4000000000000004
      vertex 8.7 -37.29 0
      vertex 8.685456264335478 -37.511894526774086 0
    endloop
  endfacet
  facet normal -0.6593458151000657 -0.7518398074789804 0
    outer loop
      vertex 8.20208152801713 -36.08791847198287 2.4000000000000004
      vertex 8.034894429314825 -35.9412993215049 0
      vertex 8.20208152801713 -36.08791847198287 0
    endloop
  endfacet
  facet normal -0.7518398074789797 -0.6593458151000662 0
    outer loop
      vertex 8.3487006784951 -36.255105570685174 2.4000000000000004
      vertex 8.20208152801713 -36.08791847198287 0
      vertex 8.3487006784951 -36.255105570685174 0
    endloop
  endfacet
  facet normal -0.9978589232386037 -0.06540312923013784 0
    outer loop
      vertex 8.7 -37.29 2.4000000000000004
      vertex 8.685456264335478 -37.06810547322591 0
      vertex 8.7 -37.29 0
    endloop
  endfacet
  facet normal -0.9469301294951058 -0.3214394653031608 0
    outer loop
      vertex 8.642073904691417 -36.850007623325716 2.4000000000000004
      vertex 8.570595205269187 -36.639438164979346 0
      vertex 8.642073904691417 -36.850007623325716 0
    endloop
  endfacet
  facet normal -0.9807852804032304 -0.1950903220161284 0
    outer loop
      vertex 8.685456264335478 -37.06810547322591 2.4000000000000004
      vertex 8.642073904691417 -36.850007623325716 0
      vertex 8.685456264335478 -37.06810547322591 0
    endloop
  endfacet
  facet normal -0.831469612302544 -0.5555702330196043 0
    outer loop
      vertex 8.472243186433545 -36.44 2.4000000000000004
      vertex 8.3487006784951 -36.255105570685174 0
      vertex 8.472243186433545 -36.44 0
    endloop
  endfacet
  facet normal -0.8968727415326876 -0.44228869021900274 0
    outer loop
      vertex 8.570595205269187 -36.639438164979346 2.4000000000000004
      vertex 8.472243186433545 -36.44 0
      vertex 8.570595205269187 -36.639438164979346 0
    endloop
  endfacet
  facet normal -0.6593458151000657 0.7518398074789804 -2.505319489031167e-19
    outer loop
      vertex 8.034894429314825 -38.6387006784951 2.4000000000000004
      vertex 8.20208152801713 -38.49208152801713 2.4000000000000004
      vertex 8.20208152801713 -38.49208152801713 0
    endloop
  endfacet
  facet normal -0.7518398074789797 0.6593458151000662 -2.403623235676022e-18
    outer loop
      vertex 8.20208152801713 -38.49208152801713 2.4000000000000004
      vertex 8.3487006784951 -38.324894429314824 2.4000000000000004
      vertex 8.3487006784951 -38.324894429314824 0
    endloop
  endfacet
  facet normal -0.831469612302544 0.5555702330196043 1.92046960042283e-18
    outer loop
      vertex 8.3487006784951 -38.324894429314824 2.4000000000000004
      vertex 8.472243186433545 -38.14 2.4000000000000004
      vertex 8.472243186433545 -38.14 0
    endloop
  endfacet
  facet normal -0.8968727415326876 0.44228869021900274 -1.0404381294956632e-18
    outer loop
      vertex 8.472243186433545 -38.14 2.4000000000000004
      vertex 8.570595205269187 -37.94056183502065 2.4000000000000004
      vertex 8.570595205269187 -37.94056183502065 0
    endloop
  endfacet
  facet normal -0.9469301294951058 0.3214394653031608 -1.535546022463698e-18
    outer loop
      vertex 8.570595205269187 -37.94056183502065 2.4000000000000004
      vertex 8.642073904691417 -37.72999237667428 2.4000000000000004
      vertex 8.642073904691417 -37.72999237667428 0
    endloop
  endfacet
  facet normal -0.9807852804032304 0.1950903220161284 -1.2139981045690724e-18
    outer loop
      vertex 8.642073904691417 -37.72999237667428 2.4000000000000004
      vertex 8.685456264335478 -37.511894526774086 2.4000000000000004
      vertex 8.685456264335478 -37.511894526774086 0
    endloop
  endfacet
  facet normal -0.6593458151000657 -0.7518398074789804 0
    outer loop
      vertex 8.034894429314825 -35.9412993215049 2.4000000000000004
      vertex 8.034894429314825 -35.9412993215049 0
      vertex 8.20208152801713 -36.08791847198287 2.4000000000000004
    endloop
  endfacet
  facet normal -0.7518398074789797 -0.6593458151000662 0
    outer loop
      vertex 8.20208152801713 -36.08791847198287 2.4000000000000004
      vertex 8.20208152801713 -36.08791847198287 0
      vertex 8.3487006784951 -36.255105570685174 2.4000000000000004
    endloop
  endfacet
  facet normal -0.9978589232386037 0.06540312923013784 -3.0934286698833546e-19
    outer loop
      vertex 8.685456264335478 -37.511894526774086 2.4000000000000004
      vertex 8.7 -37.29 2.4000000000000004
      vertex 8.7 -37.29 0
    endloop
  endfacet
  facet normal -0.9978589232386037 -0.06540312923013784 3.0934286698833546e-19
    outer loop
      vertex 8.7 -37.29 2.4000000000000004
      vertex 8.685456264335478 -37.06810547322591 2.4000000000000004
      vertex 8.685456264335478 -37.06810547322591 0
    endloop
  endfacet
  facet normal -0.9469301294951058 -0.3214394653031608 0
    outer loop
      vertex 8.570595205269187 -36.639438164979346 2.4000000000000004
      vertex 8.570595205269187 -36.639438164979346 0
      vertex 8.642073904691417 -36.850007623325716 2.4000000000000004
    endloop
  endfacet
  facet normal -0.9807852804032304 -0.1950903220161284 0
    outer loop
      vertex 8.642073904691417 -36.850007623325716 2.4000000000000004
      vertex 8.642073904691417 -36.850007623325716 0
      vertex 8.685456264335478 -37.06810547322591 2.4000000000000004
    endloop
  endfacet
  facet normal -0.8968727415326876 -0.44228869021900274 1.0404381294956632e-18
    outer loop
      vertex 8.570595205269187 -36.639438164979346 2.4000000000000004
      vertex 8.472243186433545 -36.44 2.4000000000000004
      vertex 8.472243186433545 -36.44 0
    endloop
  endfacet
  facet normal -0.831469612302544 -0.5555702330196043 0
    outer loop
      vertex 8.3487006784951 -36.255105570685174 2.4000000000000004
      vertex 8.3487006784951 -36.255105570685174 0
      vertex 8.472243186433545 -36.44 2.4000000000000004
    endloop
  endfacet
  facet normal 0.831469612302661 0.5555702330194289 -1.3640609975778483e-13
    outer loop
      vertex 5.54327719506772 36.416772107606434 -2.2961005941905386
      vertex 5.527756813566454 36.44 -2.32757281451745
      vertex 5.651299321504901 36.255105570685174 -1.977877671317571
    endloop
  endfacet
  facet normal 0.7518398074791345 -0.6593458150998898 -1.1788137696255286e-13
    outer loop
      vertex 5.79555495773441 38.4893864565435 -1.5529142706151244
      vertex 5.797918471982869 38.49208152801713 -1.5410320820936452
      vertex 5.651299321504901 38.324894429314824 -1.977877671317571
    endloop
  endfacet
  facet normal 0.5555702330195901 0.8314696123025533 0
    outer loop
      vertex 5.965105570685175 35.9412993215049 2.4000000000000004
      vertex 6 35.91798360925435 0
      vertex 5.965105570685175 35.9412993215049 -0.5323861116888091
    endloop
  endfacet
  facet normal 0.555570233019603 0.8314696123025448 2.7163708792549737e-16
    outer loop
      vertex 5.965105570685175 35.9412993215049 2.4000000000000004
      vertex 6.15 35.817756813566454 0
      vertex 6 35.91798360925435 0
    endloop
  endfacet
  facet normal 0.4422886902189979 0.8968727415326899 0
    outer loop
      vertex 6.15 35.817756813566454 2.4000000000000004
      vertex 6.349438164979348 35.71940479473081 0
      vertex 6.15 35.817756813566454 0
    endloop
  endfacet
  facet normal 0.3214394653031645 0.9469301294951046 0
    outer loop
      vertex 6.349438164979348 35.71940479473081 2.4000000000000004
      vertex 6.560007623325715 35.647926095308584 0
      vertex 6.349438164979348 35.71940479473081 0
    endloop
  endfacet
  facet normal 0.9807852804032304 0.19509032201612836 0
    outer loop
      vertex 5.314543735664523 37.06810547322591 2.4000000000000004
      vertex 5.357926095308584 36.850007623325716 -2.6719554434401602
      vertex 5.314543735664523 37.06810547322591 -2.75992616638327
    endloop
  endfacet
  facet normal 0.9978589232386034 0.06540312923014582 0
    outer loop
      vertex 5.3 37.29 2.4000000000000004
      vertex 5.314543735664523 37.06810547322591 -2.75992616638327
      vertex 5.3 37.29 -2.7894179448664786
    endloop
  endfacet
  facet normal 0.946930129495107 0.32143946530315726 0
    outer loop
      vertex 5.357926095308584 36.850007623325716 2.4000000000000004
      vertex 5.429404794730813 36.639438164979346 -2.5270109794967976
      vertex 5.357926095308584 36.850007623325716 -2.6719554434401602
    endloop
  endfacet
  facet normal 0.8968727415326891 0.4422886902189996 0
    outer loop
      vertex 5.429404794730813 36.639438164979346 2.4000000000000004
      vertex 5.527756813566454 36.44 -2.32757281451745
      vertex 5.429404794730813 36.639438164979346 -2.5270109794967976
    endloop
  endfacet
  facet normal 0.831469612302542 0.555570233019607 0
    outer loop
      vertex 5.527756813566454 36.44 2.4000000000000004
      vertex 5.651299321504901 36.255105570685174 -1.977877671317571
      vertex 5.527756813566454 36.44 -2.32757281451745
    endloop
  endfacet
  facet normal 0.7518398074789835 0.659345815100062 0
    outer loop
      vertex 5.651299321504901 36.255105570685174 2.4000000000000004
      vertex 5.79555495773441 36.0906135434565 -1.5529142706151244
      vertex 5.651299321504901 36.255105570685174 -1.977877671317571
    endloop
  endfacet
  facet normal 0.9978589232386034 -0.06540312923014581 0
    outer loop
      vertex 5.314543735664523 37.511894526774086 2.4000000000000004
      vertex 5.3 37.29 -2.7894179448664786
      vertex 5.314543735664523 37.511894526774086 -2.75992616638327
    endloop
  endfacet
  facet normal 0.9807852804032304 -0.19509032201612841 0
    outer loop
      vertex 5.357926095308584 37.72999237667428 2.4000000000000004
      vertex 5.314543735664523 37.511894526774086 -2.75992616638327
      vertex 5.357926095308584 37.72999237667428 -2.6719554434401602
    endloop
  endfacet
  facet normal 0.9469301294951072 -0.3214394653031573 0
    outer loop
      vertex 5.429404794730813 37.94056183502065 2.4000000000000004
      vertex 5.357926095308584 37.72999237667428 -2.6719554434401602
      vertex 5.429404794730813 37.94056183502065 -2.5270109794967976
    endloop
  endfacet
  facet normal 0.896872741532689 -0.4422886902189996 0
    outer loop
      vertex 5.527756813566454 38.14 2.4000000000000004
      vertex 5.429404794730813 37.94056183502065 -2.5270109794967976
      vertex 5.527756813566454 38.14 -2.32757281451745
    endloop
  endfacet
  facet normal 0.8314696123025758 -0.5555702330195564 0
    outer loop
      vertex 5.527756813566454 38.14 2.4000000000000004
      vertex 5.527756813566454 38.14 -2.32757281451745
      vertex 5.54327719506772 38.163227892393564 -2.2961005941905386
    endloop
  endfacet
  facet normal 0.8314696123025371 -0.5555702330196143 0
    outer loop
      vertex 5.651299321504901 38.324894429314824 2.4000000000000004
      vertex 5.54327719506772 38.163227892393564 -2.2961005941905386
      vertex 5.651299321504901 38.324894429314824 -1.977877671317571
    endloop
  endfacet
  facet normal 0.7518398074789818 -0.659345815100064 0
    outer loop
      vertex 5.797918471982869 38.49208152801713 2.4000000000000004
      vertex 5.651299321504901 38.324894429314824 -1.977877671317571
      vertex 5.797918471982869 38.49208152801713 -1.5410320820936452
    endloop
  endfacet
  facet normal 0.6593458151001007 -0.7518398074789495 -1.0847758780161696e-14
    outer loop
      vertex 5.948669168242862 38.624286340416916 -0.7831571533203094
      vertex 5.965105570685175 38.6387006784951 -0.5323861116888091
      vertex 5.797918471982869 38.49208152801713 -1.5410320820936452
    endloop
  endfacet
  facet normal 0.7518398074788937 0.6593458151001644 -7.641703869396602e-15
    outer loop
      vertex 5.651299321504901 36.255105570685174 2.4000000000000004
      vertex 5.797918471982869 36.08791847198287 -1.5410320820936452
      vertex 5.79555495773441 36.0906135434565 -1.5529142706151244
    endloop
  endfacet
  facet normal 0.9978589232386034 0.06540312923014581 0
    outer loop
      vertex 5.314543735664523 37.06810547322591 2.4000000000000004
      vertex 5.314543735664523 37.06810547322591 -2.75992616638327
      vertex 5.3 37.29 2.4000000000000004
    endloop
  endfacet
  facet normal 0.9978589232386034 -0.06540312923014582 0
    outer loop
      vertex 5.3 37.29 2.4000000000000004
      vertex 5.3 37.29 -2.7894179448664786
      vertex 5.314543735664523 37.511894526774086 2.4000000000000004
    endloop
  endfacet
  facet normal 0.9807852804032304 0.19509032201612841 5.744520990881511e-19
    outer loop
      vertex 5.314543735664523 37.06810547322591 2.4000000000000004
      vertex 5.357926095308584 36.850007623325716 2.4000000000000004
      vertex 5.357926095308584 36.850007623325716 -2.6719554434401602
    endloop
  endfacet
  facet normal 0.896872741532689 0.4422886902189996 0
    outer loop
      vertex 5.527756813566454 36.44 2.4000000000000004
      vertex 5.527756813566454 36.44 -2.32757281451745
      vertex 5.429404794730813 36.639438164979346 2.4000000000000004
    endloop
  endfacet
  facet normal 0.831469612302542 0.555570233019607 1.3243574251963434e-18
    outer loop
      vertex 5.527756813566454 36.44 2.4000000000000004
      vertex 5.651299321504901 36.255105570685174 2.4000000000000004
      vertex 5.651299321504901 36.255105570685174 -1.977877671317571
    endloop
  endfacet
  facet normal 0.9469301294951072 0.3214394653031573 4.49623981705122e-19
    outer loop
      vertex 5.357926095308584 36.850007623325716 2.4000000000000004
      vertex 5.429404794730813 36.639438164979346 2.4000000000000004
      vertex 5.429404794730813 36.639438164979346 -2.5270109794967976
    endloop
  endfacet
  facet normal 0.9807852804032304 -0.19509032201612836 0
    outer loop
      vertex 5.314543735664523 37.511894526774086 2.4000000000000004
      vertex 5.314543735664523 37.511894526774086 -2.75992616638327
      vertex 5.357926095308584 37.72999237667428 2.4000000000000004
    endloop
  endfacet
  facet normal 0.946930129495107 -0.32143946530315726 0
    outer loop
      vertex 5.357926095308584 37.72999237667428 2.4000000000000004
      vertex 5.357926095308584 37.72999237667428 -2.6719554434401602
      vertex 5.429404794730813 37.94056183502065 2.4000000000000004
    endloop
  endfacet
  facet normal 0.8968727415326891 -0.4422886902189996 0
    outer loop
      vertex 5.429404794730813 37.94056183502065 2.4000000000000004
      vertex 5.429404794730813 37.94056183502065 -2.5270109794967976
      vertex 5.527756813566454 38.14 2.4000000000000004
    endloop
  endfacet
  facet normal 0.8314696123025419 -0.555570233019607 -3.619847829484701e-16
    outer loop
      vertex 5.527756813566454 38.14 2.4000000000000004
      vertex 5.54327719506772 38.163227892393564 -2.2961005941905386
      vertex 5.651299321504901 38.324894429314824 2.4000000000000004
    endloop
  endfacet
  facet normal 0.7518398074789817 -0.6593458151000638 0
    outer loop
      vertex 5.651299321504901 38.324894429314824 2.4000000000000004
      vertex 5.651299321504901 38.324894429314824 -1.977877671317571
      vertex 5.797918471982869 38.49208152801713 2.4000000000000004
    endloop
  endfacet
  facet normal 0.6593458151000698 0.7518398074789766 0
    outer loop
      vertex 5.797918471982869 36.08791847198287 2.4000000000000004
      vertex 5.948669168242862 35.95571365958308 -0.7831571533203094
      vertex 5.797918471982869 36.08791847198287 -1.5410320820936452
    endloop
  endfacet
  facet normal 0.6593458151000334 0.7518398074790085 -3.037625454362841e-15
    outer loop
      vertex 5.797918471982869 36.08791847198287 2.4000000000000004
      vertex 5.965105570685175 35.9412993215049 -0.5323861116888091
      vertex 5.948669168242862 35.95571365958308 -0.7831571533203094
    endloop
  endfacet
  facet normal 0.6593458151000636 -0.7518398074789819 0
    outer loop
      vertex 5.965105570685175 38.6387006784951 2.4000000000000004
      vertex 5.797918471982869 38.49208152801713 -1.5410320820936452
      vertex 5.965105570685175 38.6387006784951 -0.5323861116888091
    endloop
  endfacet
  facet normal 0.5555702330195901 -0.8314696123025533 0
    outer loop
      vertex 5.965105570685175 38.6387006784951 2.4000000000000004
      vertex 5.965105570685175 38.6387006784951 -0.5323861116888091
      vertex 6 38.66201639074565 0
    endloop
  endfacet
  facet normal 0.555570233019603 -0.8314696123025448 0
    outer loop
      vertex 6.15 38.762243186433544 2.4000000000000004
      vertex 6 38.66201639074565 0
      vertex 6.15 38.762243186433544 0
    endloop
  endfacet
  facet normal 0.19509032201613535 0.9807852804032291 0
    outer loop
      vertex 6.560007623325715 35.647926095308584 2.4000000000000004
      vertex 6.778105473225913 35.60454373566452 0
      vertex 6.560007623325715 35.647926095308584 0
    endloop
  endfacet
  facet normal 0.0654031292301535 0.9978589232386027 0
    outer loop
      vertex 6.778105473225913 35.60454373566452 2.4000000000000004
      vertex 7 35.589999999999996 0
      vertex 6.778105473225913 35.60454373566452 0
    endloop
  endfacet
  facet normal -0.0654031292301535 0.9978589232386027 0
    outer loop
      vertex 7 35.589999999999996 2.4000000000000004
      vertex 7.221894526774087 35.60454373566452 0
      vertex 7 35.589999999999996 0
    endloop
  endfacet
  facet normal -0.19509032201613535 0.9807852804032291 0
    outer loop
      vertex 7.221894526774087 35.60454373566452 2.4000000000000004
      vertex 7.439992376674285 35.647926095308584 0
      vertex 7.221894526774087 35.60454373566452 0
    endloop
  endfacet
  facet normal -0.3214394653031645 0.9469301294951046 0
    outer loop
      vertex 7.439992376674285 35.647926095308584 2.4000000000000004
      vertex 7.650561835020652 35.71940479473081 0
      vertex 7.439992376674285 35.647926095308584 0
    endloop
  endfacet
  facet normal -0.4422886902189979 0.8968727415326899 0
    outer loop
      vertex 7.650561835020652 35.71940479473081 2.4000000000000004
      vertex 7.85 35.817756813566454 0
      vertex 7.650561835020652 35.71940479473081 0
    endloop
  endfacet
  facet normal -0.5555702330196005 0.8314696123025462 0
    outer loop
      vertex 7.85 35.817756813566454 2.4000000000000004
      vertex 8.034894429314825 35.9412993215049 0
      vertex 7.85 35.817756813566454 0
    endloop
  endfacet
  facet normal -0.5555702330196005 -0.8314696123025462 0
    outer loop
      vertex 8.034894429314825 38.6387006784951 2.4000000000000004
      vertex 7.85 38.762243186433544 0
      vertex 8.034894429314825 38.6387006784951 0
    endloop
  endfacet
  facet normal 0.4422886902189979 -0.8968727415326899 0
    outer loop
      vertex 6.349438164979348 38.860595205269185 2.4000000000000004
      vertex 6.15 38.762243186433544 0
      vertex 6.349438164979348 38.860595205269185 0
    endloop
  endfacet
  facet normal 0.3214394653031645 -0.9469301294951046 0
    outer loop
      vertex 6.560007623325715 38.932073904691414 2.4000000000000004
      vertex 6.349438164979348 38.860595205269185 0
      vertex 6.560007623325715 38.932073904691414 0
    endloop
  endfacet
  facet normal 0.19509032201613535 -0.9807852804032291 0
    outer loop
      vertex 6.778105473225913 38.97545626433548 2.4000000000000004
      vertex 6.560007623325715 38.932073904691414 0
      vertex 6.778105473225913 38.97545626433548 0
    endloop
  endfacet
  facet normal 0.0654031292301535 -0.9978589232386027 0
    outer loop
      vertex 7 38.99 2.4000000000000004
      vertex 6.778105473225913 38.97545626433548 0
      vertex 7 38.99 0
    endloop
  endfacet
  facet normal -0.0654031292301535 -0.9978589232386027 0
    outer loop
      vertex 7.221894526774087 38.97545626433548 2.4000000000000004
      vertex 7 38.99 0
      vertex 7.221894526774087 38.97545626433548 0
    endloop
  endfacet
  facet normal -0.19509032201613535 -0.9807852804032291 0
    outer loop
      vertex 7.439992376674285 38.932073904691414 2.4000000000000004
      vertex 7.221894526774087 38.97545626433548 0
      vertex 7.439992376674285 38.932073904691414 0
    endloop
  endfacet
  facet normal -0.3214394653031645 -0.9469301294951046 0
    outer loop
      vertex 7.650561835020652 38.860595205269185 2.4000000000000004
      vertex 7.439992376674285 38.932073904691414 0
      vertex 7.650561835020652 38.860595205269185 0
    endloop
  endfacet
  facet normal -0.4422886902189979 -0.8968727415326899 0
    outer loop
      vertex 7.85 38.762243186433544 2.4000000000000004
      vertex 7.650561835020652 38.860595205269185 0
      vertex 7.85 38.762243186433544 0
    endloop
  endfacet
  facet normal 0.5555702330196005 0.8314696123025462 2.9307141392999705e-18
    outer loop
      vertex 5.965105570685175 35.9412993215049 2.4000000000000004
      vertex 6.15 35.817756813566454 2.4000000000000004
      vertex 6.15 35.817756813566454 0
    endloop
  endfacet
  facet normal 0.4422886902189979 0.8968727415326899 2.9286635845034486e-18
    outer loop
      vertex 6.15 35.817756813566454 2.4000000000000004
      vertex 6.349438164979348 35.71940479473081 2.4000000000000004
      vertex 6.349438164979348 35.71940479473081 0
    endloop
  endfacet
  facet normal 0.3214394653031645 0.9469301294951046 8.5712261547687845e-19
    outer loop
      vertex 6.349438164979348 35.71940479473081 2.4000000000000004
      vertex 6.560007623325715 35.647926095308584 2.4000000000000004
      vertex 6.560007623325715 35.647926095308584 0
    endloop
  endfacet
  facet normal 0.7518398074789818 0.659345815100064 6.715689374481567e-19
    outer loop
      vertex 5.651299321504901 36.255105570685174 2.4000000000000004
      vertex 5.797918471982869 36.08791847198287 2.4000000000000004
      vertex 5.797918471982869 36.08791847198287 -1.5410320820936452
    endloop
  endfacet
  facet normal 0.6593458151000636 0.7518398074789819 -2.6388340494336082e-18
    outer loop
      vertex 5.797918471982869 36.08791847198287 2.4000000000000004
      vertex 5.965105570685175 35.9412993215049 2.4000000000000004
      vertex 5.965105570685175 35.9412993215049 -0.5323861116888091
    endloop
  endfacet
  facet normal 0.6593458151000636 -0.751839807478982 0
    outer loop
      vertex 5.797918471982869 38.49208152801713 2.4000000000000004
      vertex 5.797918471982869 38.49208152801713 -1.5410320820936452
      vertex 5.965105570685175 38.6387006784951 2.4000000000000004
    endloop
  endfacet
  facet normal 0.5555702330196005 -0.8314696123025462 2.203693193958043e-16
    outer loop
      vertex 5.965105570685175 38.6387006784951 2.4000000000000004
      vertex 6 38.66201639074565 0
      vertex 6.15 38.762243186433544 2.4000000000000004
    endloop
  endfacet
  facet normal 0.19509032201613535 0.9807852804032291 -5.541297766806082e-19
    outer loop
      vertex 6.560007623325715 35.647926095308584 2.4000000000000004
      vertex 6.778105473225913 35.60454373566452 2.4000000000000004
      vertex 6.778105473225913 35.60454373566452 0
    endloop
  endfacet
  facet normal 0.0654031292301535 0.9978589232386027 -1.3396289923307693e-19
    outer loop
      vertex 6.778105473225913 35.60454373566452 2.4000000000000004
      vertex 7 35.589999999999996 2.4000000000000004
      vertex 7 35.589999999999996 0
    endloop
  endfacet
  facet normal -0.0654031292301535 0.9978589232386027 1.3396289923307693e-19
    outer loop
      vertex 7 35.589999999999996 2.4000000000000004
      vertex 7.221894526774087 35.60454373566452 2.4000000000000004
      vertex 7.221894526774087 35.60454373566452 0
    endloop
  endfacet
  facet normal -0.19509032201613535 0.9807852804032291 5.541297766806082e-19
    outer loop
      vertex 7.221894526774087 35.60454373566452 2.4000000000000004
      vertex 7.439992376674285 35.647926095308584 2.4000000000000004
      vertex 7.439992376674285 35.647926095308584 0
    endloop
  endfacet
  facet normal -0.3214394653031645 0.9469301294951046 -8.5712261547687845e-19
    outer loop
      vertex 7.439992376674285 35.647926095308584 2.4000000000000004
      vertex 7.650561835020652 35.71940479473081 2.4000000000000004
      vertex 7.650561835020652 35.71940479473081 0
    endloop
  endfacet
  facet normal -0.4422886902189979 0.8968727415326899 -2.9286635845034486e-18
    outer loop
      vertex 7.650561835020652 35.71940479473081 2.4000000000000004
      vertex 7.85 35.817756813566454 2.4000000000000004
      vertex 7.85 35.817756813566454 0
    endloop
  endfacet
  facet normal -0.5555702330196005 0.8314696123025462 -2.9307141392999705e-18
    outer loop
      vertex 7.85 35.817756813566454 2.4000000000000004
      vertex 8.034894429314825 35.9412993215049 2.4000000000000004
      vertex 8.034894429314825 35.9412993215049 0
    endloop
  endfacet
  facet normal -0.5555702330196005 -0.8314696123025462 0
    outer loop
      vertex 7.85 38.762243186433544 2.4000000000000004
      vertex 7.85 38.762243186433544 0
      vertex 8.034894429314825 38.6387006784951 2.4000000000000004
    endloop
  endfacet
  facet normal 0.4422886902189979 -0.8968727415326899 0
    outer loop
      vertex 6.15 38.762243186433544 2.4000000000000004
      vertex 6.15 38.762243186433544 0
      vertex 6.349438164979348 38.860595205269185 2.4000000000000004
    endloop
  endfacet
  facet normal 0.3214394653031645 -0.9469301294951046 0
    outer loop
      vertex 6.349438164979348 38.860595205269185 2.4000000000000004
      vertex 6.349438164979348 38.860595205269185 0
      vertex 6.560007623325715 38.932073904691414 2.4000000000000004
    endloop
  endfacet
  facet normal 0.19509032201613535 -0.9807852804032291 0
    outer loop
      vertex 6.560007623325715 38.932073904691414 2.4000000000000004
      vertex 6.560007623325715 38.932073904691414 0
      vertex 6.778105473225913 38.97545626433548 2.4000000000000004
    endloop
  endfacet
  facet normal 0.0654031292301535 -0.9978589232386027 0
    outer loop
      vertex 6.778105473225913 38.97545626433548 2.4000000000000004
      vertex 6.778105473225913 38.97545626433548 0
      vertex 7 38.99 2.4000000000000004
    endloop
  endfacet
  facet normal -0.0654031292301535 -0.9978589232386027 0
    outer loop
      vertex 7 38.99 2.4000000000000004
      vertex 7 38.99 0
      vertex 7.221894526774087 38.97545626433548 2.4000000000000004
    endloop
  endfacet
  facet normal -0.19509032201613535 -0.9807852804032291 0
    outer loop
      vertex 7.221894526774087 38.97545626433548 2.4000000000000004
      vertex 7.221894526774087 38.97545626433548 0
      vertex 7.439992376674285 38.932073904691414 2.4000000000000004
    endloop
  endfacet
  facet normal -0.3214394653031645 -0.9469301294951046 0
    outer loop
      vertex 7.439992376674285 38.932073904691414 2.4000000000000004
      vertex 7.439992376674285 38.932073904691414 0
      vertex 7.650561835020652 38.860595205269185 2.4000000000000004
    endloop
  endfacet
  facet normal -0.4422886902189979 -0.8968727415326899 0
    outer loop
      vertex 7.650561835020652 38.860595205269185 2.4000000000000004
      vertex 7.650561835020652 38.860595205269185 0
      vertex 7.85 38.762243186433544 2.4000000000000004
    endloop
  endfacet
  facet normal -0.6593458151000657 0.7518398074789804 0
    outer loop
      vertex 8.034894429314825 35.9412993215049 2.4000000000000004
      vertex 8.20208152801713 36.08791847198287 0
      vertex 8.034894429314825 35.9412993215049 0
    endloop
  endfacet
  facet normal -0.7518398074789797 0.6593458151000662 0
    outer loop
      vertex 8.20208152801713 36.08791847198287 2.4000000000000004
      vertex 8.3487006784951 36.255105570685174 0
      vertex 8.20208152801713 36.08791847198287 0
    endloop
  endfacet
  facet normal -0.831469612302544 0.5555702330196043 0
    outer loop
      vertex 8.3487006784951 36.255105570685174 2.4000000000000004
      vertex 8.472243186433545 36.44 0
      vertex 8.3487006784951 36.255105570685174 0
    endloop
  endfacet
  facet normal -0.8968727415326876 0.44228869021900274 0
    outer loop
      vertex 8.472243186433545 36.44 2.4000000000000004
      vertex 8.570595205269187 36.639438164979346 0
      vertex 8.472243186433545 36.44 0
    endloop
  endfacet
  facet normal -0.9469301294951058 0.3214394653031608 0
    outer loop
      vertex 8.570595205269187 36.639438164979346 2.4000000000000004
      vertex 8.642073904691417 36.850007623325716 0
      vertex 8.570595205269187 36.639438164979346 0
    endloop
  endfacet
  facet normal -0.9807852804032304 0.1950903220161284 0
    outer loop
      vertex 8.642073904691417 36.850007623325716 2.4000000000000004
      vertex 8.685456264335478 37.06810547322591 0
      vertex 8.642073904691417 36.850007623325716 0
    endloop
  endfacet
  facet normal -0.9978589232386037 0.06540312923013784 0
    outer loop
      vertex 8.685456264335478 37.06810547322591 2.4000000000000004
      vertex 8.7 37.29 0
      vertex 8.685456264335478 37.06810547322591 0
    endloop
  endfacet
  facet normal -0.9978589232386037 -0.06540312923013784 0
    outer loop
      vertex 8.7 37.29 2.4000000000000004
      vertex 8.685456264335478 37.511894526774086 0
      vertex 8.7 37.29 0
    endloop
  endfacet
  facet normal -0.6593458151000657 -0.7518398074789804 0
    outer loop
      vertex 8.20208152801713 38.49208152801713 2.4000000000000004
      vertex 8.034894429314825 38.6387006784951 0
      vertex 8.20208152801713 38.49208152801713 0
    endloop
  endfacet
  facet normal -0.7518398074789797 -0.6593458151000662 0
    outer loop
      vertex 8.3487006784951 38.324894429314824 2.4000000000000004
      vertex 8.20208152801713 38.49208152801713 0
      vertex 8.3487006784951 38.324894429314824 0
    endloop
  endfacet
  facet normal -0.8968727415326876 -0.44228869021900274 0
    outer loop
      vertex 8.570595205269187 37.94056183502065 2.4000000000000004
      vertex 8.472243186433545 38.14 0
      vertex 8.570595205269187 37.94056183502065 0
    endloop
  endfacet
  facet normal -0.9807852804032304 -0.1950903220161284 0
    outer loop
      vertex 8.685456264335478 37.511894526774086 2.4000000000000004
      vertex 8.642073904691417 37.72999237667428 0
      vertex 8.685456264335478 37.511894526774086 0
    endloop
  endfacet
  facet normal -0.9469301294951058 -0.3214394653031608 0
    outer loop
      vertex 8.642073904691417 37.72999237667428 2.4000000000000004
      vertex 8.570595205269187 37.94056183502065 0
      vertex 8.642073904691417 37.72999237667428 0
    endloop
  endfacet
  facet normal -0.831469612302544 -0.5555702330196043 0
    outer loop
      vertex 8.472243186433545 38.14 2.4000000000000004
      vertex 8.3487006784951 38.324894429314824 0
      vertex 8.472243186433545 38.14 0
    endloop
  endfacet
  facet normal -0.6593458151000657 0.7518398074789804 -2.505319489031167e-19
    outer loop
      vertex 8.034894429314825 35.9412993215049 2.4000000000000004
      vertex 8.20208152801713 36.08791847198287 2.4000000000000004
      vertex 8.20208152801713 36.08791847198287 0
    endloop
  endfacet
  facet normal -0.7518398074789797 0.6593458151000662 -2.403623235676022e-18
    outer loop
      vertex 8.20208152801713 36.08791847198287 2.4000000000000004
      vertex 8.3487006784951 36.255105570685174 2.4000000000000004
      vertex 8.3487006784951 36.255105570685174 0
    endloop
  endfacet
  facet normal -0.831469612302544 0.5555702330196043 1.92046960042283e-18
    outer loop
      vertex 8.3487006784951 36.255105570685174 2.4000000000000004
      vertex 8.472243186433545 36.44 2.4000000000000004
      vertex 8.472243186433545 36.44 0
    endloop
  endfacet
  facet normal -0.8968727415326876 0.44228869021900274 -1.0404381294956632e-18
    outer loop
      vertex 8.472243186433545 36.44 2.4000000000000004
      vertex 8.570595205269187 36.639438164979346 2.4000000000000004
      vertex 8.570595205269187 36.639438164979346 0
    endloop
  endfacet
  facet normal -0.9469301294951058 0.3214394653031608 -1.535546022463698e-18
    outer loop
      vertex 8.570595205269187 36.639438164979346 2.4000000000000004
      vertex 8.642073904691417 36.850007623325716 2.4000000000000004
      vertex 8.642073904691417 36.850007623325716 0
    endloop
  endfacet
  facet normal -0.9807852804032304 0.1950903220161284 -1.2139981045690724e-18
    outer loop
      vertex 8.642073904691417 36.850007623325716 2.4000000000000004
      vertex 8.685456264335478 37.06810547322591 2.4000000000000004
      vertex 8.685456264335478 37.06810547322591 0
    endloop
  endfacet
  facet normal -0.9978589232386037 0.06540312923013784 -3.0934286698833546e-19
    outer loop
      vertex 8.685456264335478 37.06810547322591 2.4000000000000004
      vertex 8.7 37.29 2.4000000000000004
      vertex 8.7 37.29 0
    endloop
  endfacet
  facet normal -0.6593458151000657 -0.7518398074789804 2.505319489031167e-19
    outer loop
      vertex 8.20208152801713 38.49208152801713 2.4000000000000004
      vertex 8.034894429314825 38.6387006784951 2.4000000000000004
      vertex 8.034894429314825 38.6387006784951 0
    endloop
  endfacet
  facet normal -0.7518398074789797 -0.6593458151000662 0
    outer loop
      vertex 8.20208152801713 38.49208152801713 2.4000000000000004
      vertex 8.20208152801713 38.49208152801713 0
      vertex 8.3487006784951 38.324894429314824 2.4000000000000004
    endloop
  endfacet
  facet normal -0.9978589232386037 -0.06540312923013784 3.0934286698833546e-19
    outer loop
      vertex 8.7 37.29 2.4000000000000004
      vertex 8.685456264335478 37.511894526774086 2.4000000000000004
      vertex 8.685456264335478 37.511894526774086 0
    endloop
  endfacet
  facet normal -0.9807852804032304 -0.1950903220161284 0
    outer loop
      vertex 8.642073904691417 37.72999237667428 2.4000000000000004
      vertex 8.642073904691417 37.72999237667428 0
      vertex 8.685456264335478 37.511894526774086 2.4000000000000004
    endloop
  endfacet
  facet normal -0.9469301294951058 -0.3214394653031608 0
    outer loop
      vertex 8.570595205269187 37.94056183502065 2.4000000000000004
      vertex 8.570595205269187 37.94056183502065 0
      vertex 8.642073904691417 37.72999237667428 2.4000000000000004
    endloop
  endfacet
  facet normal -0.831469612302544 -0.5555702330196043 0
    outer loop
      vertex 8.3487006784951 38.324894429314824 2.4000000000000004
      vertex 8.3487006784951 38.324894429314824 0
      vertex 8.472243186433545 38.14 2.4000000000000004
    endloop
  endfacet
  facet normal -0.8968727415326876 -0.44228869021900274 0
    outer loop
      vertex 8.472243186433545 38.14 2.4000000000000004
      vertex 8.472243186433545 38.14 0
      vertex 8.570595205269187 37.94056183502065 2.4000000000000004
    endloop
  endfacet
  facet normal 0.83146961230255 0.5555702330195952 0
    outer loop
      vertex 4.315321248268241 -38.839999999999996 2.4000000000000004
      vertex 4.315321248268241 -38.839999999999996 6
      vertex 4.54060464509717 -39.177160429927035 2.4000000000000004
    endloop
  endfacet
  facet normal 0.6593458151000732 0.7518398074789735 -9.314662520346661e-19
    outer loop
      vertex 5.112839570072966 -39.74939535490283 2.4000000000000004
      vertex 4.807968978321703 -39.482031021678296 2.4000000000000004
      vertex 4.807968978321703 -39.482031021678296 6
    endloop
  endfacet
  facet normal 0.7518398074789739 0.6593458151000727 0
    outer loop
      vertex 4.54060464509717 -39.177160429927035 2.4000000000000004
      vertex 4.54060464509717 -39.177160429927035 6
      vertex 4.807968978321703 -39.482031021678296 2.4000000000000004
    endloop
  endfacet
  facet normal 0.83146961230255 0.5555702330195952 0
    outer loop
      vertex 4.54060464509717 -39.177160429927035 2.4000000000000004
      vertex 4.315321248268241 -38.839999999999996 6
      vertex 4.54060464509717 -39.177160429927035 6
    endloop
  endfacet
  facet normal 0.7518398074789739 0.6593458151000727 0
    outer loop
      vertex 4.807968978321703 -39.482031021678296 2.4000000000000004
      vertex 4.54060464509717 -39.177160429927035 6
      vertex 4.807968978321703 -39.482031021678296 6
    endloop
  endfacet
  facet normal 0 0 1
    outer loop
      vertex 4.005629938503889 -38.092339039817816 2.4000000000000004
      vertex 4.005629938503889 -36.48766096018218 2.4000000000000004
      vertex 3.9265209297411876 -37.69463119588216 2.4000000000000004
    endloop
  endfacet
  facet normal 0 0 1
    outer loop
      vertex 4.005629938503889 -38.092339039817816 2.4000000000000004
      vertex 4.135973449215011 -38.476318640331776 2.4000000000000004
      vertex 4.135973449215011 -36.10368135966822 2.4000000000000004
    endloop
  endfacet
  facet normal 0 0 1
    outer loop
      vertex 3.9265209297411876 -37.69463119588216 2.4000000000000004
      vertex 3.9265209297411876 -36.88536880411784 2.4000000000000004
      vertex 3.9 -37.29 2.4000000000000004
    endloop
  endfacet
  facet normal 0 0 1
    outer loop
      vertex 3.9265209297411876 -37.69463119588216 2.4000000000000004
      vertex 4.005629938503889 -36.48766096018218 2.4000000000000004
      vertex 3.9265209297411876 -36.88536880411784 2.4000000000000004
    endloop
  endfacet
  facet normal 0 0 1
    outer loop
      vertex 4.005629938503889 -38.092339039817816 2.4000000000000004
      vertex 4.135973449215011 -36.10368135966822 2.4000000000000004
      vertex 4.005629938503889 -36.48766096018218 2.4000000000000004
    endloop
  endfacet
  facet normal 0 0 1
    outer loop
      vertex 4.135973449215011 -38.476318640331776 2.4000000000000004
      vertex 4.315321248268241 -35.74 2.4000000000000004
      vertex 4.135973449215011 -36.10368135966822 2.4000000000000004
    endloop
  endfacet
  facet normal 0 0 1
    outer loop
      vertex 4.315321248268241 -38.839999999999996 2.4000000000000004
      vertex 4.315321248268241 -35.74 2.4000000000000004
      vertex 4.135973449215011 -38.476318640331776 2.4000000000000004
    endloop
  endfacet
  facet normal 0 0 1
    outer loop
      vertex 4.315321248268241 -38.839999999999996 2.4000000000000004
      vertex 4.54060464509717 -39.177160429927035 2.4000000000000004
      vertex 4.54060464509717 -35.40283957007296 2.4000000000000004
    endloop
  endfacet
  facet normal 0 0 1
    outer loop
      vertex 4.54060464509717 -39.177160429927035 2.4000000000000004
      vertex 4.807968978321703 -39.482031021678296 2.4000000000000004
      vertex 4.807968978321703 -35.0979689783217 2.4000000000000004
    endloop
  endfacet
  facet normal 0 0 1
    outer loop
      vertex 4.315321248268241 -38.839999999999996 2.4000000000000004
      vertex 4.54060464509717 -35.40283957007296 2.4000000000000004
      vertex 4.315321248268241 -35.74 2.4000000000000004
    endloop
  endfacet
  facet normal 0 0 1
    outer loop
      vertex 4.54060464509717 -39.177160429927035 2.4000000000000004
      vertex 4.807968978321703 -35.0979689783217 2.4000000000000004
      vertex 4.54060464509717 -35.40283957007296 2.4000000000000004
    endloop
  endfacet
  facet normal 0 0 1
    outer loop
      vertex 4.807968978321703 -39.482031021678296 2.4000000000000004
      vertex 5.112839570072966 -34.83060464509717 2.4000000000000004
      vertex 4.807968978321703 -35.0979689783217 2.4000000000000004
    endloop
  endfacet
  facet normal 0.9469301294951051 0.3214394653031629 0
    outer loop
      vertex 4.005629938503889 -38.092339039817816 2.4000000000000004
      vertex 4.005629938503889 -38.092339039817816 6
      vertex 4.135973449215011 -38.476318640331776 2.4000000000000004
    endloop
  endfacet
  facet normal 0.896872741532687 0.44228869021900385 -2.6265273435284113e-18
    outer loop
      vertex 4.315321248268241 -38.839999999999996 2.4000000000000004
      vertex 4.135973449215011 -38.476318640331776 2.4000000000000004
      vertex 4.135973449215011 -38.476318640331776 6
    endloop
  endfacet
  facet normal 0.9807852804032304 0.19509032201612872 -1.6397608278528031e-18
    outer loop
      vertex 4.005629938503889 -38.092339039817816 2.4000000000000004
      vertex 3.9265209297411876 -37.69463119588216 2.4000000000000004
      vertex 3.9265209297411876 -37.69463119588216 6
    endloop
  endfacet
  facet normal 0.9978589232386036 0.06540312923014291 3.0486842697255455e-19
    outer loop
      vertex 3.9265209297411876 -37.69463119588216 2.4000000000000004
      vertex 3.9 -37.29 2.4000000000000004
      vertex 3.9 -37.29 6
    endloop
  endfacet
  facet normal 0.9978589232386036 -0.06540312923014291 -3.0486842697255455e-19
    outer loop
      vertex 3.9 -37.29 2.4000000000000004
      vertex 3.9265209297411876 -36.88536880411784 2.4000000000000004
      vertex 3.9265209297411876 -36.88536880411784 6
    endloop
  endfacet
  facet normal 0.9807852804032304 -0.19509032201612872 1.6397608278528031e-18
    outer loop
      vertex 3.9265209297411876 -36.88536880411784 2.4000000000000004
      vertex 4.005629938503889 -36.48766096018218 2.4000000000000004
      vertex 4.005629938503889 -36.48766096018218 6
    endloop
  endfacet
  facet normal 0.9469301294951051 -0.3214394653031629 -8.175787695188822e-19
    outer loop
      vertex 4.005629938503889 -36.48766096018218 2.4000000000000004
      vertex 4.135973449215011 -36.10368135966822 2.4000000000000004
      vertex 4.135973449215011 -36.10368135966822 6
    endloop
  endfacet
  facet normal 0.9469301294951051 0.3214394653031629 0
    outer loop
      vertex 4.135973449215011 -38.476318640331776 2.4000000000000004
      vertex 4.005629938503889 -38.092339039817816 6
      vertex 4.135973449215011 -38.476318640331776 6
    endloop
  endfacet
  facet normal 0.9807852804032304 0.19509032201612872 0
    outer loop
      vertex 4.005629938503889 -38.092339039817816 2.4000000000000004
      vertex 3.9265209297411876 -37.69463119588216 6
      vertex 4.005629938503889 -38.092339039817816 6
    endloop
  endfacet
  facet normal 0.9978589232386036 0.06540312923014291 0
    outer loop
      vertex 3.9265209297411876 -37.69463119588216 2.4000000000000004
      vertex 3.9 -37.29 6
      vertex 3.9265209297411876 -37.69463119588216 6
    endloop
  endfacet
  facet normal 0.9978589232386036 -0.06540312923014291 0
    outer loop
      vertex 3.9 -37.29 2.4000000000000004
      vertex 3.9265209297411876 -36.88536880411784 6
      vertex 3.9 -37.29 6
    endloop
  endfacet
  facet normal 0.9807852804032304 -0.19509032201612872 0
    outer loop
      vertex 3.9265209297411876 -36.88536880411784 2.4000000000000004
      vertex 4.005629938503889 -36.48766096018218 6
      vertex 3.9265209297411876 -36.88536880411784 6
    endloop
  endfacet
  facet normal 0.9469301294951051 -0.3214394653031629 0
    outer loop
      vertex 4.005629938503889 -36.48766096018218 2.4000000000000004
      vertex 4.135973449215011 -36.10368135966822 6
      vertex 4.005629938503889 -36.48766096018218 6
    endloop
  endfacet
  facet normal 0.896872741532687 0.44228869021900385 0
    outer loop
      vertex 4.315321248268241 -38.839999999999996 2.4000000000000004
      vertex 4.135973449215011 -38.476318640331776 6
      vertex 4.315321248268241 -38.839999999999996 6
    endloop
  endfacet
  facet normal 0.896872741532687 -0.44228869021900385 2.6265273435284113e-18
    outer loop
      vertex 4.135973449215011 -36.10368135966822 2.4000000000000004
      vertex 4.315321248268241 -35.74 2.4000000000000004
      vertex 4.315321248268241 -35.74 6
    endloop
  endfacet
  facet normal 0.83146961230255 -0.5555702330195952 4.476713239883213e-18
    outer loop
      vertex 4.315321248268241 -35.74 2.4000000000000004
      vertex 4.54060464509717 -35.40283957007296 2.4000000000000004
      vertex 4.54060464509717 -35.40283957007296 6
    endloop
  endfacet
  facet normal 0.7518398074789739 -0.6593458151000727 2.1758336004813837e-18
    outer loop
      vertex 4.54060464509717 -35.40283957007296 2.4000000000000004
      vertex 4.807968978321703 -35.0979689783217 2.4000000000000004
      vertex 4.807968978321703 -35.0979689783217 6
    endloop
  endfacet
  facet normal 0.896872741532687 -0.44228869021900385 0
    outer loop
      vertex 4.135973449215011 -36.10368135966822 2.4000000000000004
      vertex 4.315321248268241 -35.74 6
      vertex 4.135973449215011 -36.10368135966822 6
    endloop
  endfacet
  facet normal 0.83146961230255 -0.5555702330195952 0
    outer loop
      vertex 4.315321248268241 -35.74 2.4000000000000004
      vertex 4.54060464509717 -35.40283957007296 6
      vertex 4.315321248268241 -35.74 6
    endloop
  endfacet
  facet normal 0.7518398074789739 -0.6593458151000727 0
    outer loop
      vertex 4.54060464509717 -35.40283957007296 2.4000000000000004
      vertex 4.807968978321703 -35.0979689783217 6
      vertex 4.54060464509717 -35.40283957007296 6
    endloop
  endfacet
  facet normal 0.6593458151000732 -0.7518398074789735 0
    outer loop
      vertex 4.807968978321703 -35.0979689783217 2.4000000000000004
      vertex 5.112839570072966 -34.83060464509717 6
      vertex 4.807968978321703 -35.0979689783217 6
    endloop
  endfacet
  facet normal 0 0 1
    outer loop
      vertex 5.112839570072966 -39.74939535490283 2.4000000000000004
      vertex 5.45 -39.97467875173176 2.4000000000000004
      vertex 5.429404794730813 -37.94056183502065 2.4000000000000004
    endloop
  endfacet
  facet normal 0 0 1
    outer loop
      vertex 5.45 -39.97467875173176 2.4000000000000004
      vertex 5.813681359668221 -40.15402655078499 2.4000000000000004
      vertex 5.797918471982869 -38.49208152801713 2.4000000000000004
    endloop
  endfacet
  facet normal 0 0 1
    outer loop
      vertex 5.45 -39.97467875173176 2.4000000000000004
      vertex 5.651299321504901 -38.324894429314824 2.4000000000000004
      vertex 5.527756813566454 -38.14 2.4000000000000004
    endloop
  endfacet
  facet normal 0 0 1
    outer loop
      vertex 5.45 -39.97467875173176 2.4000000000000004
      vertex 5.797918471982869 -38.49208152801713 2.4000000000000004
      vertex 5.651299321504901 -38.324894429314824 2.4000000000000004
    endloop
  endfacet
  facet normal 0 0 1
    outer loop
      vertex 5.813681359668221 -40.15402655078499 2.4000000000000004
      vertex 6.197660960182185 -40.28437006149611 2.4000000000000004
      vertex 6.15 -38.762243186433544 2.4000000000000004
    endloop
  endfacet
  facet normal 0 0 1
    outer loop
      vertex 5.813681359668221 -40.15402655078499 2.4000000000000004
      vertex 5.965105570685175 -38.6387006784951 2.4000000000000004
      vertex 5.797918471982869 -38.49208152801713 2.4000000000000004
    endloop
  endfacet
  facet normal 0 0 1
    outer loop
      vertex 5.813681359668221 -40.15402655078499 2.4000000000000004
      vertex 6.15 -38.762243186433544 2.4000000000000004
      vertex 5.965105570685175 -38.6387006784951 2.4000000000000004
    endloop
  endfacet
  facet normal 0 0 1
    outer loop
      vertex 6.197660960182185 -40.28437006149611 2.4000000000000004
      vertex 6.59536880411784 -40.36347907025881 2.4000000000000004
      vertex 6.560007623325715 -38.932073904691414 2.4000000000000004
    endloop
  endfacet
  facet normal 0 0 1
    outer loop
      vertex 6.197660960182185 -40.28437006149611 2.4000000000000004
      vertex 6.349438164979348 -38.860595205269185 2.4000000000000004
      vertex 6.15 -38.762243186433544 2.4000000000000004
    endloop
  endfacet
  facet normal 0 0 1
    outer loop
      vertex 6.197660960182185 -40.28437006149611 2.4000000000000004
      vertex 6.560007623325715 -38.932073904691414 2.4000000000000004
      vertex 6.349438164979348 -38.860595205269185 2.4000000000000004
    endloop
  endfacet
  facet normal 0 0 1
    outer loop
      vertex 6.59536880411784 -40.36347907025881 2.4000000000000004
      vertex 7 -40.39 2.4000000000000004
      vertex 7 -38.99 2.4000000000000004
    endloop
  endfacet
  facet normal 0 0 1
    outer loop
      vertex 6.560007623325715 -38.932073904691414 2.4000000000000004
      vertex 6.59536880411784 -40.36347907025881 2.4000000000000004
      vertex 6.778105473225913 -38.97545626433548 2.4000000000000004
    endloop
  endfacet
  facet normal 0 0 1
    outer loop
      vertex 6.59536880411784 -40.36347907025881 2.4000000000000004
      vertex 7 -38.99 2.4000000000000004
      vertex 6.778105473225913 -38.97545626433548 2.4000000000000004
    endloop
  endfacet
  facet normal 0 0 1
    outer loop
      vertex 7 -40.39 2.4000000000000004
      vertex 7.40463119588216 -40.36347907025881 2.4000000000000004
      vertex 7 -38.99 2.4000000000000004
    endloop
  endfacet
  facet normal 0 0 1
    outer loop
      vertex 7 -38.99 2.4000000000000004
      vertex 7.40463119588216 -40.36347907025881 2.4000000000000004
      vertex 7.221894526774087 -38.97545626433548 2.4000000000000004
    endloop
  endfacet
  facet normal 0 0 1
    outer loop
      vertex 7.40463119588216 -40.36347907025881 2.4000000000000004
      vertex 7.802339039817815 -40.28437006149611 2.4000000000000004
      vertex 7.439992376674285 -38.932073904691414 2.4000000000000004
    endloop
  endfacet
  facet normal 0 0 1
    outer loop
      vertex 7.221894526774087 -38.97545626433548 2.4000000000000004
      vertex 7.40463119588216 -40.36347907025881 2.4000000000000004
      vertex 7.439992376674285 -38.932073904691414 2.4000000000000004
    endloop
  endfacet
  facet normal 0 0 1
    outer loop
      vertex 7.802339039817815 -40.28437006149611 2.4000000000000004
      vertex 8.186318640331779 -40.15402655078499 2.4000000000000004
      vertex 7.85 -38.762243186433544 2.4000000000000004
    endloop
  endfacet
  facet normal 0 0 1
    outer loop
      vertex 7.439992376674285 -38.932073904691414 2.4000000000000004
      vertex 7.802339039817815 -40.28437006149611 2.4000000000000004
      vertex 7.650561835020652 -38.860595205269185 2.4000000000000004
    endloop
  endfacet
  facet normal 0 0 1
    outer loop
      vertex 7.802339039817815 -40.28437006149611 2.4000000000000004
      vertex 7.85 -38.762243186433544 2.4000000000000004
      vertex 7.650561835020652 -38.860595205269185 2.4000000000000004
    endloop
  endfacet
  facet normal 0.5555702330195972 0.8314696123025487 0
    outer loop
      vertex 5.112839570072966 -39.74939535490283 2.4000000000000004
      vertex 5.112839570072966 -39.74939535490283 6
      vertex 5.45 -39.97467875173176 2.4000000000000004
    endloop
  endfacet
  facet normal 0.4422886902190083 0.8968727415326848 0
    outer loop
      vertex 5.45 -39.97467875173176 2.4000000000000004
      vertex 5.45 -39.97467875173176 6
      vertex 5.813681359668221 -40.15402655078499 2.4000000000000004
    endloop
  endfacet
  facet normal 0.3214394653031583 0.9469301294951068 0
    outer loop
      vertex 5.813681359668221 -40.15402655078499 2.4000000000000004
      vertex 5.813681359668221 -40.15402655078499 6
      vertex 6.197660960182185 -40.28437006149611 2.4000000000000004
    endloop
  endfacet
  facet normal 0.19509032201612597 0.9807852804032309 0
    outer loop
      vertex 6.197660960182185 -40.28437006149611 2.4000000000000004
      vertex 6.197660960182185 -40.28437006149611 6
      vertex 6.59536880411784 -40.36347907025881 2.4000000000000004
    endloop
  endfacet
  facet normal 0.6593458151000732 0.7518398074789735 0
    outer loop
      vertex 5.112839570072966 -39.74939535490283 2.4000000000000004
      vertex 4.807968978321703 -39.482031021678296 6
      vertex 5.112839570072966 -39.74939535490283 6
    endloop
  endfacet
  facet normal 0.5555702330195972 0.8314696123025487 0
    outer loop
      vertex 5.45 -39.97467875173176 2.4000000000000004
      vertex 5.112839570072966 -39.74939535490283 6
      vertex 5.45 -39.97467875173176 6
    endloop
  endfacet
  facet normal 0.4422886902190083 0.8968727415326848 0
    outer loop
      vertex 5.813681359668221 -40.15402655078499 2.4000000000000004
      vertex 5.45 -39.97467875173176 6
      vertex 5.813681359668221 -40.15402655078499 6
    endloop
  endfacet
  facet normal 0.3214394653031583 0.9469301294951068 0
    outer loop
      vertex 6.197660960182185 -40.28437006149611 2.4000000000000004
      vertex 5.813681359668221 -40.15402655078499 6
      vertex 6.197660960182185 -40.28437006149611 6
    endloop
  endfacet
  facet normal 0.19509032201612597 0.9807852804032309 0
    outer loop
      vertex 6.59536880411784 -40.36347907025881 2.4000000000000004
      vertex 6.197660960182185 -40.28437006149611 6
      vertex 6.59536880411784 -40.36347907025881 6
    endloop
  endfacet
  facet normal 0.06540312923014523 0.9978589232386034 0
    outer loop
      vertex 6.59536880411784 -40.36347907025881 2.4000000000000004
      vertex 6.59536880411784 -40.36347907025881 6
      vertex 7 -40.39 2.4000000000000004
    endloop
  endfacet
  facet normal -0.06540312923014523 0.9978589232386034 0
    outer loop
      vertex 7 -40.39 2.4000000000000004
      vertex 7 -40.39 6
      vertex 7.40463119588216 -40.36347907025881 2.4000000000000004
    endloop
  endfacet
  facet normal -0.19509032201612597 0.9807852804032309 0
    outer loop
      vertex 7.40463119588216 -40.36347907025881 2.4000000000000004
      vertex 7.40463119588216 -40.36347907025881 6
      vertex 7.802339039817815 -40.28437006149611 2.4000000000000004
    endloop
  endfacet
  facet normal -0.3214394653031583 0.9469301294951068 0
    outer loop
      vertex 7.802339039817815 -40.28437006149611 2.4000000000000004
      vertex 7.802339039817815 -40.28437006149611 6
      vertex 8.186318640331779 -40.15402655078499 2.4000000000000004
    endloop
  endfacet
  facet normal 0.06540312923014523 0.9978589232386034 0
    outer loop
      vertex 7 -40.39 2.4000000000000004
      vertex 6.59536880411784 -40.36347907025881 6
      vertex 7 -40.39 6
    endloop
  endfacet
  facet normal -0.06540312923014523 0.9978589232386034 0
    outer loop
      vertex 7.40463119588216 -40.36347907025881 2.4000000000000004
      vertex 7 -40.39 6
      vertex 7.40463119588216 -40.36347907025881 6
    endloop
  endfacet
  facet normal -0.19509032201612597 0.9807852804032309 0
    outer loop
      vertex 7.802339039817815 -40.28437006149611 2.4000000000000004
      vertex 7.40463119588216 -40.36347907025881 6
      vertex 7.802339039817815 -40.28437006149611 6
    endloop
  endfacet
  facet normal 0 0 1
    outer loop
      vertex 5.112839570072966 -39.74939535490283 2.4000000000000004
      vertex 5.429404794730813 -37.94056183502065 2.4000000000000004
      vertex 5.357926095308584 -37.72999237667428 2.4000000000000004
    endloop
  endfacet
  facet normal 0 0 1
    outer loop
      vertex 5.112839570072966 -39.74939535490283 2.4000000000000004
      vertex 5.357926095308584 -37.72999237667428 2.4000000000000004
      vertex 5.314543735664523 -37.511894526774086 2.4000000000000004
    endloop
  endfacet
  facet normal 0 0 1
    outer loop
      vertex 5.112839570072966 -39.74939535490283 2.4000000000000004
      vertex 5.314543735664523 -37.511894526774086 2.4000000000000004
      vertex 5.3 -37.29 2.4000000000000004
    endloop
  endfacet
  facet normal 0 0 1
    outer loop
      vertex 5.112839570072966 -39.74939535490283 2.4000000000000004
      vertex 5.112839570072966 -34.83060464509717 2.4000000000000004
      vertex 4.807968978321703 -39.482031021678296 2.4000000000000004
    endloop
  endfacet
  facet normal 0 0 1
    outer loop
      vertex 5.112839570072966 -39.74939535490283 2.4000000000000004
      vertex 5.3 -37.29 2.4000000000000004
      vertex 5.314543735664523 -37.06810547322591 2.4000000000000004
    endloop
  endfacet
  facet normal 0 0 1
    outer loop
      vertex 5.45 -39.97467875173176 2.4000000000000004
      vertex 5.527756813566454 -38.14 2.4000000000000004
      vertex 5.429404794730813 -37.94056183502065 2.4000000000000004
    endloop
  endfacet
  facet normal 0 0 1
    outer loop
      vertex 5.112839570072966 -39.74939535490283 2.4000000000000004
      vertex 5.314543735664523 -37.06810547322591 2.4000000000000004
      vertex 5.45 -34.60532124826824 2.4000000000000004
    endloop
  endfacet
  facet normal 0 0 1
    outer loop
      vertex 5.112839570072966 -39.74939535490283 2.4000000000000004
      vertex 5.45 -34.60532124826824 2.4000000000000004
      vertex 5.112839570072966 -34.83060464509717 2.4000000000000004
    endloop
  endfacet
  facet normal 0 0 1
    outer loop
      vertex 5.314543735664523 -37.06810547322591 2.4000000000000004
      vertex 5.357926095308584 -36.850007623325716 2.4000000000000004
      vertex 5.45 -34.60532124826824 2.4000000000000004
    endloop
  endfacet
  facet normal 0 0 1
    outer loop
      vertex 5.357926095308584 -36.850007623325716 2.4000000000000004
      vertex 5.429404794730813 -36.639438164979346 2.4000000000000004
      vertex 5.45 -34.60532124826824 2.4000000000000004
    endloop
  endfacet
  facet normal 0 0 1
    outer loop
      vertex 5.429404794730813 -36.639438164979346 2.4000000000000004
      vertex 5.527756813566454 -36.44 2.4000000000000004
      vertex 5.45 -34.60532124826824 2.4000000000000004
    endloop
  endfacet
  facet normal 0 0 1
    outer loop
      vertex 5.45 -34.60532124826824 2.4000000000000004
      vertex 5.527756813566454 -36.44 2.4000000000000004
      vertex 5.651299321504901 -36.255105570685174 2.4000000000000004
    endloop
  endfacet
  facet normal 0 0 1
    outer loop
      vertex 5.45 -34.60532124826824 2.4000000000000004
      vertex 5.651299321504901 -36.255105570685174 2.4000000000000004
      vertex 5.797918471982869 -36.08791847198287 2.4000000000000004
    endloop
  endfacet
  facet normal 0 0 1
    outer loop
      vertex 5.45 -34.60532124826824 2.4000000000000004
      vertex 5.797918471982869 -36.08791847198287 2.4000000000000004
      vertex 5.813681359668221 -34.42597344921501 2.4000000000000004
    endloop
  endfacet
  facet normal 0 0 1
    outer loop
      vertex 5.797918471982869 -36.08791847198287 2.4000000000000004
      vertex 5.965105570685175 -35.9412993215049 2.4000000000000004
      vertex 5.813681359668221 -34.42597344921501 2.4000000000000004
    endloop
  endfacet
  facet normal 0 0 1
    outer loop
      vertex 5.813681359668221 -34.42597344921501 2.4000000000000004
      vertex 5.965105570685175 -35.9412993215049 2.4000000000000004
      vertex 6.15 -35.817756813566454 2.4000000000000004
    endloop
  endfacet
  facet normal 0 0 1
    outer loop
      vertex 5.813681359668221 -34.42597344921501 2.4000000000000004
      vertex 6.15 -35.817756813566454 2.4000000000000004
      vertex 6.197660960182185 -34.295629938503886 2.4000000000000004
    endloop
  endfacet
  facet normal 0 0 1
    outer loop
      vertex 6.15 -35.817756813566454 2.4000000000000004
      vertex 6.349438164979348 -35.71940479473081 2.4000000000000004
      vertex 6.197660960182185 -34.295629938503886 2.4000000000000004
    endloop
  endfacet
  facet normal 0 0 1
    outer loop
      vertex 6.349438164979348 -35.71940479473081 2.4000000000000004
      vertex 6.560007623325715 -35.647926095308584 2.4000000000000004
      vertex 6.197660960182185 -34.295629938503886 2.4000000000000004
    endloop
  endfacet
  facet normal 0 0 1
    outer loop
      vertex 6.560007623325715 -35.647926095308584 2.4000000000000004
      vertex 6.59536880411784 -34.216520929741186 2.4000000000000004
      vertex 6.197660960182185 -34.295629938503886 2.4000000000000004
    endloop
  endfacet
  facet normal 0 0 1
    outer loop
      vertex 6.560007623325715 -35.647926095308584 2.4000000000000004
      vertex 6.778105473225913 -35.60454373566452 2.4000000000000004
      vertex 6.59536880411784 -34.216520929741186 2.4000000000000004
    endloop
  endfacet
  facet normal 0 0 1
    outer loop
      vertex 6.778105473225913 -35.60454373566452 2.4000000000000004
      vertex 7 -35.589999999999996 2.4000000000000004
      vertex 6.59536880411784 -34.216520929741186 2.4000000000000004
    endloop
  endfacet
  facet normal 0 0 1
    outer loop
      vertex 7 -35.589999999999996 2.4000000000000004
      vertex 7 -34.19 2.4000000000000004
      vertex 6.59536880411784 -34.216520929741186 2.4000000000000004
    endloop
  endfacet
  facet normal 0 0 1
    outer loop
      vertex 7 -35.589999999999996 2.4000000000000004
      vertex 7.221894526774087 -35.60454373566452 2.4000000000000004
      vertex 7.40463119588216 -34.216520929741186 2.4000000000000004
    endloop
  endfacet
  facet normal 0 0 1
    outer loop
      vertex 7 -35.589999999999996 2.4000000000000004
      vertex 7.40463119588216 -34.216520929741186 2.4000000000000004
      vertex 7 -34.19 2.4000000000000004
    endloop
  endfacet
  facet normal 0 0 1
    outer loop
      vertex 7.221894526774087 -35.60454373566452 2.4000000000000004
      vertex 7.439992376674285 -35.647926095308584 2.4000000000000004
      vertex 7.40463119588216 -34.216520929741186 2.4000000000000004
    endloop
  endfacet
  facet normal 0 0 1
    outer loop
      vertex 7.439992376674285 -35.647926095308584 2.4000000000000004
      vertex 7.802339039817815 -34.295629938503886 2.4000000000000004
      vertex 7.40463119588216 -34.216520929741186 2.4000000000000004
    endloop
  endfacet
  facet normal 0 0 1
    outer loop
      vertex 7.439992376674285 -35.647926095308584 2.4000000000000004
      vertex 7.650561835020652 -35.71940479473081 2.4000000000000004
      vertex 7.802339039817815 -34.295629938503886 2.4000000000000004
    endloop
  endfacet
  facet normal 0 0 1
    outer loop
      vertex 7.650561835020652 -35.71940479473081 2.4000000000000004
      vertex 7.85 -35.817756813566454 2.4000000000000004
      vertex 7.802339039817815 -34.295629938503886 2.4000000000000004
    endloop
  endfacet
  facet normal 0 0 1
    outer loop
      vertex 7.85 -35.817756813566454 2.4000000000000004
      vertex 8.186318640331779 -34.42597344921501 2.4000000000000004
      vertex 7.802339039817815 -34.295629938503886 2.4000000000000004
    endloop
  endfacet
  facet normal 0.6593458151000732 -0.7518398074789735 9.314662520346661e-19
    outer loop
      vertex 4.807968978321703 -35.0979689783217 2.4000000000000004
      vertex 5.112839570072966 -34.83060464509717 2.4000000000000004
      vertex 5.112839570072966 -34.83060464509717 6
    endloop
  endfacet
  facet normal 0.5555702330195972 -0.8314696123025487 2.1264599555320915e-18
    outer loop
      vertex 5.112839570072966 -34.83060464509717 2.4000000000000004
      vertex 5.45 -34.60532124826824 2.4000000000000004
      vertex 5.45 -34.60532124826824 6
    endloop
  endfacet
  facet normal 0.4422886902190083 -0.8968727415326848 -3.979832313965551e-18
    outer loop
      vertex 5.45 -34.60532124826824 2.4000000000000004
      vertex 5.813681359668221 -34.42597344921501 2.4000000000000004
      vertex 5.813681359668221 -34.42597344921501 6
    endloop
  endfacet
  facet normal 0.3214394653031583 -0.9469301294951068 1.970192368688525e-18
    outer loop
      vertex 5.813681359668221 -34.42597344921501 2.4000000000000004
      vertex 6.197660960182185 -34.295629938503886 2.4000000000000004
      vertex 6.197660960182185 -34.295629938503886 6
    endloop
  endfacet
  facet normal 0.19509032201612597 -0.9807852804032309 -6.696857557567411e-19
    outer loop
      vertex 6.197660960182185 -34.295629938503886 2.4000000000000004
      vertex 6.59536880411784 -34.216520929741186 2.4000000000000004
      vertex 6.59536880411784 -34.216520929741186 6
    endloop
  endfacet
  facet normal 0.5555702330195972 -0.8314696123025487 0
    outer loop
      vertex 5.112839570072966 -34.83060464509717 2.4000000000000004
      vertex 5.45 -34.60532124826824 6
      vertex 5.112839570072966 -34.83060464509717 6
    endloop
  endfacet
  facet normal 0.4422886902190083 -0.8968727415326848 0
    outer loop
      vertex 5.45 -34.60532124826824 2.4000000000000004
      vertex 5.813681359668221 -34.42597344921501 6
      vertex 5.45 -34.60532124826824 6
    endloop
  endfacet
  facet normal 0.3214394653031583 -0.9469301294951068 0
    outer loop
      vertex 5.813681359668221 -34.42597344921501 2.4000000000000004
      vertex 6.197660960182185 -34.295629938503886 6
      vertex 5.813681359668221 -34.42597344921501 6
    endloop
  endfacet
  facet normal 0.19509032201612597 -0.9807852804032309 0
    outer loop
      vertex 6.197660960182185 -34.295629938503886 2.4000000000000004
      vertex 6.59536880411784 -34.216520929741186 6
      vertex 6.197660960182185 -34.295629938503886 6
    endloop
  endfacet
  facet normal 0.06540312923014523 -0.9978589232386034 3.991658979781005e-19
    outer loop
      vertex 6.59536880411784 -34.216520929741186 2.4000000000000004
      vertex 7 -34.19 2.4000000000000004
      vertex 7 -34.19 6
    endloop
  endfacet
  facet normal -0.06540312923014523 -0.9978589232386034 -3.991658979781005e-19
    outer loop
      vertex 7 -34.19 2.4000000000000004
      vertex 7.40463119588216 -34.216520929741186 2.4000000000000004
      vertex 7.40463119588216 -34.216520929741186 6
    endloop
  endfacet
  facet normal -0.19509032201612597 -0.9807852804032309 6.696857557567411e-19
    outer loop
      vertex 7.40463119588216 -34.216520929741186 2.4000000000000004
      vertex 7.802339039817815 -34.295629938503886 2.4000000000000004
      vertex 7.802339039817815 -34.295629938503886 6
    endloop
  endfacet
  facet normal 0.06540312923014523 -0.9978589232386034 0
    outer loop
      vertex 6.59536880411784 -34.216520929741186 2.4000000000000004
      vertex 7 -34.19 6
      vertex 6.59536880411784 -34.216520929741186 6
    endloop
  endfacet
  facet normal -0.06540312923014523 -0.9978589232386034 0
    outer loop
      vertex 7 -34.19 2.4000000000000004
      vertex 7.40463119588216 -34.216520929741186 6
      vertex 7 -34.19 6
    endloop
  endfacet
  facet normal -0.19509032201612597 -0.9807852804032309 0
    outer loop
      vertex 7.40463119588216 -34.216520929741186 2.4000000000000004
      vertex 7.802339039817815 -34.295629938503886 6
      vertex 7.40463119588216 -34.216520929741186 6
    endloop
  endfacet
  facet normal -0.3214394653031583 -0.9469301294951068 0
    outer loop
      vertex 7.802339039817815 -34.295629938503886 2.4000000000000004
      vertex 8.186318640331779 -34.42597344921501 6
      vertex 7.802339039817815 -34.295629938503886 6
    endloop
  endfacet
  facet normal 0 0 1
    outer loop
      vertex 8.186318640331779 -40.15402655078499 2.4000000000000004
      vertex 8.55 -39.97467875173176 2.4000000000000004
      vertex 8.20208152801713 -38.49208152801713 2.4000000000000004
    endloop
  endfacet
  facet normal 0 0 1
    outer loop
      vertex 7.85 -38.762243186433544 2.4000000000000004
      vertex 8.186318640331779 -40.15402655078499 2.4000000000000004
      vertex 8.034894429314825 -38.6387006784951 2.4000000000000004
    endloop
  endfacet
  facet normal 0 0 1
    outer loop
      vertex 8.186318640331779 -40.15402655078499 2.4000000000000004
      vertex 8.20208152801713 -38.49208152801713 2.4000000000000004
      vertex 8.034894429314825 -38.6387006784951 2.4000000000000004
    endloop
  endfacet
  facet normal 0 0 1
    outer loop
      vertex 8.55 -39.97467875173176 2.4000000000000004
      vertex 8.3487006784951 -38.324894429314824 2.4000000000000004
      vertex 8.20208152801713 -38.49208152801713 2.4000000000000004
    endloop
  endfacet
  facet normal 0 0 1
    outer loop
      vertex 8.55 -39.97467875173176 2.4000000000000004
      vertex 8.472243186433545 -38.14 2.4000000000000004
      vertex 8.3487006784951 -38.324894429314824 2.4000000000000004
    endloop
  endfacet
  facet normal -0.4422886902190075 0.8968727415326853 0
    outer loop
      vertex 8.186318640331779 -40.15402655078499 2.4000000000000004
      vertex 8.186318640331779 -40.15402655078499 6
      vertex 8.55 -39.97467875173176 2.4000000000000004
    endloop
  endfacet
  facet normal -0.5555702330195982 0.8314696123025479 0
    outer loop
      vertex 8.55 -39.97467875173176 2.4000000000000004
      vertex 8.55 -39.97467875173176 6
      vertex 8.887160429927034 -39.74939535490283 2.4000000000000004
    endloop
  endfacet
  facet normal -0.6593458151000744 0.7518398074789726 0
    outer loop
      vertex 8.887160429927034 -39.74939535490283 2.4000000000000004
      vertex 8.887160429927034 -39.74939535490283 6
      vertex 9.192031021678297 -39.482031021678296 2.4000000000000004
    endloop
  endfacet
  facet normal -0.7518398074789729 0.6593458151000741 0
    outer loop
      vertex 9.192031021678297 -39.482031021678296 2.4000000000000004
      vertex 9.192031021678297 -39.482031021678296 6
      vertex 9.45939535490283 -39.177160429927035 2.4000000000000004
    endloop
  endfacet
  facet normal -0.3214394653031583 0.9469301294951068 0
    outer loop
      vertex 8.186318640331779 -40.15402655078499 2.4000000000000004
      vertex 7.802339039817815 -40.28437006149611 6
      vertex 8.186318640331779 -40.15402655078499 6
    endloop
  endfacet
  facet normal -0.4422886902190075 0.8968727415326853 0
    outer loop
      vertex 8.55 -39.97467875173176 2.4000000000000004
      vertex 8.186318640331779 -40.15402655078499 6
      vertex 8.55 -39.97467875173176 6
    endloop
  endfacet
  facet normal -0.5555702330195982 0.8314696123025479 0
    outer loop
      vertex 8.887160429927034 -39.74939535490283 2.4000000000000004
      vertex 8.55 -39.97467875173176 6
      vertex 8.887160429927034 -39.74939535490283 6
    endloop
  endfacet
  facet normal -0.6593458151000744 0.7518398074789726 0
    outer loop
      vertex 9.192031021678297 -39.482031021678296 2.4000000000000004
      vertex 8.887160429927034 -39.74939535490283 6
      vertex 9.192031021678297 -39.482031021678296 6
    endloop
  endfacet
  facet normal -0.7518398074789729 0.6593458151000741 0
    outer loop
      vertex 9.45939535490283 -39.177160429927035 2.4000000000000004
      vertex 9.192031021678297 -39.482031021678296 6
      vertex 9.45939535490283 -39.177160429927035 6
    endloop
  endfacet
  facet normal -0.83146961230255 0.5555702330195952 0
    outer loop
      vertex 9.45939535490283 -39.177160429927035 2.4000000000000004
      vertex 9.45939535490283 -39.177160429927035 6
      vertex 9.68467875173176 -38.839999999999996 2.4000000000000004
    endloop
  endfacet
  facet normal -0.83146961230255 0.5555702330195952 0
    outer loop
      vertex 9.68467875173176 -38.839999999999996 2.4000000000000004
      vertex 9.45939535490283 -39.177160429927035 6
      vertex 9.68467875173176 -38.839999999999996 6
    endloop
  endfacet
  facet normal 0 0 1
    outer loop
      vertex 8.55 -39.97467875173176 2.4000000000000004
      vertex 8.570595205269187 -37.94056183502065 2.4000000000000004
      vertex 8.472243186433545 -38.14 2.4000000000000004
    endloop
  endfacet
  facet normal 0 0 1
    outer loop
      vertex 8.55 -39.97467875173176 2.4000000000000004
      vertex 8.642073904691417 -37.72999237667428 2.4000000000000004
      vertex 8.570595205269187 -37.94056183502065 2.4000000000000004
    endloop
  endfacet
  facet normal 0 0 1
    outer loop
      vertex 8.55 -39.97467875173176 2.4000000000000004
      vertex 8.685456264335478 -37.511894526774086 2.4000000000000004
      vertex 8.642073904691417 -37.72999237667428 2.4000000000000004
    endloop
  endfacet
  facet normal 0 0 1
    outer loop
      vertex 8.55 -39.97467875173176 2.4000000000000004
      vertex 8.887160429927034 -34.83060464509717 2.4000000000000004
      vertex 8.685456264335478 -37.511894526774086 2.4000000000000004
    endloop
  endfacet
  facet normal 0 0 1
    outer loop
      vertex 8.642073904691417 -36.850007623325716 2.4000000000000004
      vertex 8.685456264335478 -37.06810547322591 2.4000000000000004
      vertex 8.887160429927034 -34.83060464509717 2.4000000000000004
    endloop
  endfacet
  facet normal 0 0 1
    outer loop
      vertex 8.570595205269187 -36.639438164979346 2.4000000000000004
      vertex 8.642073904691417 -36.850007623325716 2.4000000000000004
      vertex 8.887160429927034 -34.83060464509717 2.4000000000000004
    endloop
  endfacet
  facet normal 0 0 1
    outer loop
      vertex 8.55 -39.97467875173176 2.4000000000000004
      vertex 8.887160429927034 -39.74939535490283 2.4000000000000004
      vertex 8.887160429927034 -34.83060464509717 2.4000000000000004
    endloop
  endfacet
  facet normal 0 0 1
    outer loop
      vertex 8.887160429927034 -39.74939535490283 2.4000000000000004
      vertex 9.192031021678297 -39.482031021678296 2.4000000000000004
      vertex 9.192031021678297 -35.0979689783217 2.4000000000000004
    endloop
  endfacet
  facet normal 0 0 1
    outer loop
      vertex 9.192031021678297 -39.482031021678296 2.4000000000000004
      vertex 9.45939535490283 -39.177160429927035 2.4000000000000004
      vertex 9.45939535490283 -35.40283957007296 2.4000000000000004
    endloop
  endfacet
  facet normal 0 0 1
    outer loop
      vertex 8.685456264335478 -37.511894526774086 2.4000000000000004
      vertex 8.887160429927034 -34.83060464509717 2.4000000000000004
      vertex 8.7 -37.29 2.4000000000000004
    endloop
  endfacet
  facet normal 0 0 1
    outer loop
      vertex 8.7 -37.29 2.4000000000000004
      vertex 8.887160429927034 -34.83060464509717 2.4000000000000004
      vertex 8.685456264335478 -37.06810547322591 2.4000000000000004
    endloop
  endfacet
  facet normal 0 0 1
    outer loop
      vertex 8.887160429927034 -39.74939535490283 2.4000000000000004
      vertex 9.192031021678297 -35.0979689783217 2.4000000000000004
      vertex 8.887160429927034 -34.83060464509717 2.4000000000000004
    endloop
  endfacet
  facet normal 0 0 1
    outer loop
      vertex 9.192031021678297 -39.482031021678296 2.4000000000000004
      vertex 9.45939535490283 -35.40283957007296 2.4000000000000004
      vertex 9.192031021678297 -35.0979689783217 2.4000000000000004
    endloop
  endfacet
  facet normal 0 0 1
    outer loop
      vertex 7.85 -35.817756813566454 2.4000000000000004
      vertex 8.034894429314825 -35.9412993215049 2.4000000000000004
      vertex 8.186318640331779 -34.42597344921501 2.4000000000000004
    endloop
  endfacet
  facet normal 0 0 1
    outer loop
      vertex 8.034894429314825 -35.9412993215049 2.4000000000000004
      vertex 8.20208152801713 -36.08791847198287 2.4000000000000004
      vertex 8.186318640331779 -34.42597344921501 2.4000000000000004
    endloop
  endfacet
  facet normal 0 0 1
    outer loop
      vertex 8.20208152801713 -36.08791847198287 2.4000000000000004
      vertex 8.3487006784951 -36.255105570685174 2.4000000000000004
      vertex 8.55 -34.60532124826824 2.4000000000000004
    endloop
  endfacet
  facet normal 0 0 1
    outer loop
      vertex 8.20208152801713 -36.08791847198287 2.4000000000000004
      vertex 8.55 -34.60532124826824 2.4000000000000004
      vertex 8.186318640331779 -34.42597344921501 2.4000000000000004
    endloop
  endfacet
  facet normal 0 0 1
    outer loop
      vertex 8.3487006784951 -36.255105570685174 2.4000000000000004
      vertex 8.472243186433545 -36.44 2.4000000000000004
      vertex 8.55 -34.60532124826824 2.4000000000000004
    endloop
  endfacet
  facet normal 0 0 1
    outer loop
      vertex 8.570595205269187 -36.639438164979346 2.4000000000000004
      vertex 8.55 -34.60532124826824 2.4000000000000004
      vertex 8.472243186433545 -36.44 2.4000000000000004
    endloop
  endfacet
  facet normal 0 0 1
    outer loop
      vertex 8.570595205269187 -36.639438164979346 2.4000000000000004
      vertex 8.887160429927034 -34.83060464509717 2.4000000000000004
      vertex 8.55 -34.60532124826824 2.4000000000000004
    endloop
  endfacet
  facet normal 0 0 1
    outer loop
      vertex 9.45939535490283 -39.177160429927035 2.4000000000000004
      vertex 9.68467875173176 -38.839999999999996 2.4000000000000004
      vertex 9.68467875173176 -35.74 2.4000000000000004
    endloop
  endfacet
  facet normal 0 0 1
    outer loop
      vertex 9.68467875173176 -38.839999999999996 2.4000000000000004
      vertex 9.864026550784988 -38.476318640331776 2.4000000000000004
      vertex 9.864026550784988 -36.10368135966822 2.4000000000000004
    endloop
  endfacet
  facet normal 0 0 1
    outer loop
      vertex 9.864026550784988 -38.476318640331776 2.4000000000000004
      vertex 9.994370061496111 -38.092339039817816 2.4000000000000004
      vertex 9.994370061496111 -36.48766096018218 2.4000000000000004
    endloop
  endfacet
  facet normal 0 0 1
    outer loop
      vertex 9.994370061496111 -38.092339039817816 2.4000000000000004
      vertex 10.073479070258813 -37.69463119588216 2.4000000000000004
      vertex 10.073479070258813 -36.88536880411784 2.4000000000000004
    endloop
  endfacet
  facet normal 0 0 1
    outer loop
      vertex 9.45939535490283 -39.177160429927035 2.4000000000000004
      vertex 9.68467875173176 -35.74 2.4000000000000004
      vertex 9.45939535490283 -35.40283957007296 2.4000000000000004
    endloop
  endfacet
  facet normal 0 0 1
    outer loop
      vertex 9.68467875173176 -38.839999999999996 2.4000000000000004
      vertex 9.864026550784988 -36.10368135966822 2.4000000000000004
      vertex 9.68467875173176 -35.74 2.4000000000000004
    endloop
  endfacet
  facet normal 0 0 1
    outer loop
      vertex 9.994370061496111 -38.092339039817816 2.4000000000000004
      vertex 10.073479070258813 -36.88536880411784 2.4000000000000004
      vertex 9.994370061496111 -36.48766096018218 2.4000000000000004
    endloop
  endfacet
  facet normal 0 0 1
    outer loop
      vertex 9.864026550784988 -38.476318640331776 2.4000000000000004
      vertex 9.994370061496111 -36.48766096018218 2.4000000000000004
      vertex 9.864026550784988 -36.10368135966822 2.4000000000000004
    endloop
  endfacet
  facet normal 0 0 1
    outer loop
      vertex 10.073479070258813 -37.69463119588216 2.4000000000000004
      vertex 10.1 -37.29 2.4000000000000004
      vertex 10.073479070258813 -36.88536880411784 2.4000000000000004
    endloop
  endfacet
  facet normal -0.3214394653031583 -0.9469301294951068 -1.970192368688525e-18
    outer loop
      vertex 7.802339039817815 -34.295629938503886 2.4000000000000004
      vertex 8.186318640331779 -34.42597344921501 2.4000000000000004
      vertex 8.186318640331779 -34.42597344921501 6
    endloop
  endfacet
  facet normal -0.4422886902190075 -0.8968727415326853 0
    outer loop
      vertex 8.55 -34.60532124826824 2.4000000000000004
      vertex 8.55 -34.60532124826824 6
      vertex 8.186318640331779 -34.42597344921501 2.4000000000000004
    endloop
  endfacet
  facet normal -0.5555702330195982 -0.8314696123025479 1.8486261106550083e-18
    outer loop
      vertex 8.55 -34.60532124826824 2.4000000000000004
      vertex 8.887160429927034 -34.83060464509717 2.4000000000000004
      vertex 8.887160429927034 -34.83060464509717 6
    endloop
  endfacet
  facet normal -0.6593458151000744 -0.7518398074789726 1.2678865675813747e-19
    outer loop
      vertex 8.887160429927034 -34.83060464509717 2.4000000000000004
      vertex 9.192031021678297 -35.0979689783217 2.4000000000000004
      vertex 9.192031021678297 -35.0979689783217 6
    endloop
  endfacet
  facet normal -0.7518398074789729 -0.6593458151000741 2.466093901692493e-18
    outer loop
      vertex 9.192031021678297 -35.0979689783217 2.4000000000000004
      vertex 9.45939535490283 -35.40283957007296 2.4000000000000004
      vertex 9.45939535490283 -35.40283957007296 6
    endloop
  endfacet
  facet normal -0.5555702330195982 -0.8314696123025479 0
    outer loop
      vertex 8.55 -34.60532124826824 2.4000000000000004
      vertex 8.887160429927034 -34.83060464509717 6
      vertex 8.55 -34.60532124826824 6
    endloop
  endfacet
  facet normal -0.4422886902190075 -0.8968727415326853 0
    outer loop
      vertex 8.186318640331779 -34.42597344921501 2.4000000000000004
      vertex 8.55 -34.60532124826824 6
      vertex 8.186318640331779 -34.42597344921501 6
    endloop
  endfacet
  facet normal -0.6593458151000744 -0.7518398074789726 0
    outer loop
      vertex 8.887160429927034 -34.83060464509717 2.4000000000000004
      vertex 9.192031021678297 -35.0979689783217 6
      vertex 8.887160429927034 -34.83060464509717 6
    endloop
  endfacet
  facet normal -0.7518398074789729 -0.6593458151000741 0
    outer loop
      vertex 9.192031021678297 -35.0979689783217 2.4000000000000004
      vertex 9.45939535490283 -35.40283957007296 6
      vertex 9.192031021678297 -35.0979689783217 6
    endloop
  endfacet
  facet normal -0.8968727415326879 0.44228869021900213 0
    outer loop
      vertex 9.68467875173176 -38.839999999999996 2.4000000000000004
      vertex 9.68467875173176 -38.839999999999996 6
      vertex 9.864026550784988 -38.476318640331776 2.4000000000000004
    endloop
  endfacet
  facet normal -0.9469301294951046 0.3214394653031649 0
    outer loop
      vertex 9.864026550784988 -38.476318640331776 2.4000000000000004
      vertex 9.864026550784988 -38.476318640331776 6
      vertex 9.994370061496111 -38.092339039817816 2.4000000000000004
    endloop
  endfacet
  facet normal -0.9807852804032301 0.19509032201612977 0
    outer loop
      vertex 9.994370061496111 -38.092339039817816 2.4000000000000004
      vertex 9.994370061496111 -38.092339039817816 6
      vertex 10.073479070258813 -37.69463119588216 2.4000000000000004
    endloop
  endfacet
  facet normal -0.9978589232386037 0.06540312923014073 0
    outer loop
      vertex 10.073479070258813 -37.69463119588216 2.4000000000000004
      vertex 10.073479070258813 -37.69463119588216 6
      vertex 10.1 -37.29 2.4000000000000004
    endloop
  endfacet
  facet normal -0.9807852804032301 -0.19509032201612977 0
    outer loop
      vertex 10.073479070258813 -36.88536880411784 2.4000000000000004
      vertex 10.073479070258813 -36.88536880411784 6
      vertex 9.994370061496111 -36.48766096018218 2.4000000000000004
    endloop
  endfacet
  facet normal -0.9978589232386037 -0.06540312923014073 0
    outer loop
      vertex 10.1 -37.29 2.4000000000000004
      vertex 10.1 -37.29 6
      vertex 10.073479070258813 -36.88536880411784 2.4000000000000004
    endloop
  endfacet
  facet normal -0.9469301294951046 -0.3214394653031649 1.0748490680688576e-19
    outer loop
      vertex 9.864026550784988 -36.10368135966822 2.4000000000000004
      vertex 9.994370061496111 -36.48766096018218 2.4000000000000004
      vertex 9.994370061496111 -36.48766096018218 6
    endloop
  endfacet
  facet normal -0.8968727415326879 0.44228869021900213 0
    outer loop
      vertex 9.864026550784988 -38.476318640331776 2.4000000000000004
      vertex 9.68467875173176 -38.839999999999996 6
      vertex 9.864026550784988 -38.476318640331776 6
    endloop
  endfacet
  facet normal -0.9469301294951046 0.3214394653031649 0
    outer loop
      vertex 9.994370061496111 -38.092339039817816 2.4000000000000004
      vertex 9.864026550784988 -38.476318640331776 6
      vertex 9.994370061496111 -38.092339039817816 6
    endloop
  endfacet
  facet normal -0.9807852804032301 0.19509032201612977 0
    outer loop
      vertex 10.073479070258813 -37.69463119588216 2.4000000000000004
      vertex 9.994370061496111 -38.092339039817816 6
      vertex 10.073479070258813 -37.69463119588216 6
    endloop
  endfacet
  facet normal -0.9978589232386037 0.06540312923014073 0
    outer loop
      vertex 10.1 -37.29 2.4000000000000004
      vertex 10.073479070258813 -37.69463119588216 6
      vertex 10.1 -37.29 6
    endloop
  endfacet
  facet normal -0.9978589232386037 -0.06540312923014073 0
    outer loop
      vertex 10.073479070258813 -36.88536880411784 2.4000000000000004
      vertex 10.1 -37.29 6
      vertex 10.073479070258813 -36.88536880411784 6
    endloop
  endfacet
  facet normal -0.9807852804032301 -0.19509032201612977 0
    outer loop
      vertex 9.994370061496111 -36.48766096018218 2.4000000000000004
      vertex 10.073479070258813 -36.88536880411784 6
      vertex 9.994370061496111 -36.48766096018218 6
    endloop
  endfacet
  facet normal -0.9469301294951046 -0.3214394653031649 0
    outer loop
      vertex 9.864026550784988 -36.10368135966822 2.4000000000000004
      vertex 9.994370061496111 -36.48766096018218 6
      vertex 9.864026550784988 -36.10368135966822 6
    endloop
  endfacet
  facet normal -0.83146961230255 -0.5555702330195952 0
    outer loop
      vertex 9.68467875173176 -35.74 2.4000000000000004
      vertex 9.68467875173176 -35.74 6
      vertex 9.45939535490283 -35.40283957007296 2.4000000000000004
    endloop
  endfacet
  facet normal -0.8968727415326879 -0.44228869021900213 -6.4277595971326194e-21
    outer loop
      vertex 9.68467875173176 -35.74 2.4000000000000004
      vertex 9.864026550784988 -36.10368135966822 2.4000000000000004
      vertex 9.864026550784988 -36.10368135966822 6
    endloop
  endfacet
  facet normal -0.83146961230255 -0.5555702330195952 0
    outer loop
      vertex 9.45939535490283 -35.40283957007296 2.4000000000000004
      vertex 9.68467875173176 -35.74 6
      vertex 9.45939535490283 -35.40283957007296 6
    endloop
  endfacet
  facet normal -0.8968727415326879 -0.44228869021900213 0
    outer loop
      vertex 9.68467875173176 -35.74 2.4000000000000004
      vertex 9.864026550784988 -36.10368135966822 6
      vertex 9.68467875173176 -35.74 6
    endloop
  endfacet
  facet normal 0 0 1
    outer loop
      vertex 3.9 37.29 2.4000000000000004
      vertex 3.9265209297411876 36.88536880411784 2.4000000000000004
      vertex 3.9265209297411876 37.69463119588216 2.4000000000000004
    endloop
  endfacet
  facet normal 0 0 1
    outer loop
      vertex 4.005629938503889 36.48766096018218 2.4000000000000004
      vertex 4.005629938503889 38.092339039817816 2.4000000000000004
      vertex 3.9265209297411876 36.88536880411784 2.4000000000000004
    endloop
  endfacet
  facet normal 0 0 1
    outer loop
      vertex 4.005629938503889 36.48766096018218 2.4000000000000004
      vertex 4.135973449215011 36.10368135966822 2.4000000000000004
      vertex 4.135973449215011 38.476318640331776 2.4000000000000004
    endloop
  endfacet
  facet normal 0 0 1
    outer loop
      vertex 3.9265209297411876 36.88536880411784 2.4000000000000004
      vertex 4.005629938503889 38.092339039817816 2.4000000000000004
      vertex 3.9265209297411876 37.69463119588216 2.4000000000000004
    endloop
  endfacet
  facet normal 0 0 1
    outer loop
      vertex 4.005629938503889 36.48766096018218 2.4000000000000004
      vertex 4.135973449215011 38.476318640331776 2.4000000000000004
      vertex 4.005629938503889 38.092339039817816 2.4000000000000004
    endloop
  endfacet
  facet normal 0 0 1
    outer loop
      vertex 4.135973449215011 36.10368135966822 2.4000000000000004
      vertex 4.315321248268241 38.839999999999996 2.4000000000000004
      vertex 4.135973449215011 38.476318640331776 2.4000000000000004
    endloop
  endfacet
  facet normal 0 0 1
    outer loop
      vertex 4.135973449215011 36.10368135966822 2.4000000000000004
      vertex 4.315321248268241 35.74 2.4000000000000004
      vertex 4.315321248268241 38.839999999999996 2.4000000000000004
    endloop
  endfacet
  facet normal 0 0 1
    outer loop
      vertex 4.315321248268241 35.74 2.4000000000000004
      vertex 4.54060464509717 35.40283957007296 2.4000000000000004
      vertex 4.54060464509717 39.177160429927035 2.4000000000000004
    endloop
  endfacet
  facet normal 0 0 1
    outer loop
      vertex 4.54060464509717 35.40283957007296 2.4000000000000004
      vertex 4.807968978321703 35.0979689783217 2.4000000000000004
      vertex 4.807968978321703 39.482031021678296 2.4000000000000004
    endloop
  endfacet
  facet normal 0 0 1
    outer loop
      vertex 4.315321248268241 35.74 2.4000000000000004
      vertex 4.54060464509717 39.177160429927035 2.4000000000000004
      vertex 4.315321248268241 38.839999999999996 2.4000000000000004
    endloop
  endfacet
  facet normal 0 0 1
    outer loop
      vertex 4.54060464509717 35.40283957007296 2.4000000000000004
      vertex 4.807968978321703 39.482031021678296 2.4000000000000004
      vertex 4.54060464509717 39.177160429927035 2.4000000000000004
    endloop
  endfacet
  facet normal 0 0 1
    outer loop
      vertex 4.807968978321703 35.0979689783217 2.4000000000000004
      vertex 5.112839570072966 39.74939535490283 2.4000000000000004
      vertex 4.807968978321703 39.482031021678296 2.4000000000000004
    endloop
  endfacet
  facet normal 0.896872741532687 0.44228869021900385 0
    outer loop
      vertex 4.135973449215011 36.10368135966822 2.4000000000000004
      vertex 4.135973449215011 36.10368135966822 6
      vertex 4.315321248268241 35.74 2.4000000000000004
    endloop
  endfacet
  facet normal 0.83146961230255 0.5555702330195952 0
    outer loop
      vertex 4.315321248268241 35.74 2.4000000000000004
      vertex 4.315321248268241 35.74 6
      vertex 4.54060464509717 35.40283957007296 2.4000000000000004
    endloop
  endfacet
  facet normal 0.6593458151000732 0.7518398074789735 0
    outer loop
      vertex 4.807968978321703 35.0979689783217 2.4000000000000004
      vertex 4.807968978321703 35.0979689783217 6
      vertex 5.112839570072966 34.83060464509717 2.4000000000000004
    endloop
  endfacet
  facet normal 0.7518398074789739 0.6593458151000727 0
    outer loop
      vertex 4.54060464509717 35.40283957007296 2.4000000000000004
      vertex 4.54060464509717 35.40283957007296 6
      vertex 4.807968978321703 35.0979689783217 2.4000000000000004
    endloop
  endfacet
  facet normal 0.896872741532687 0.44228869021900385 0
    outer loop
      vertex 4.315321248268241 35.74 2.4000000000000004
      vertex 4.135973449215011 36.10368135966822 6
      vertex 4.315321248268241 35.74 6
    endloop
  endfacet
  facet normal 0.83146961230255 0.5555702330195952 0
    outer loop
      vertex 4.54060464509717 35.40283957007296 2.4000000000000004
      vertex 4.315321248268241 35.74 6
      vertex 4.54060464509717 35.40283957007296 6
    endloop
  endfacet
  facet normal 0.7518398074789739 0.6593458151000727 0
    outer loop
      vertex 4.807968978321703 35.0979689783217 2.4000000000000004
      vertex 4.54060464509717 35.40283957007296 6
      vertex 4.807968978321703 35.0979689783217 6
    endloop
  endfacet
  facet normal 0.9469301294951051 0.3214394653031629 0
    outer loop
      vertex 4.005629938503889 36.48766096018218 2.4000000000000004
      vertex 4.005629938503889 36.48766096018218 6
      vertex 4.135973449215011 36.10368135966822 2.4000000000000004
    endloop
  endfacet
  facet normal 0.9807852804032304 0.19509032201612872 -1.6397608278528031e-18
    outer loop
      vertex 4.005629938503889 36.48766096018218 2.4000000000000004
      vertex 3.9265209297411876 36.88536880411784 2.4000000000000004
      vertex 3.9265209297411876 36.88536880411784 6
    endloop
  endfacet
  facet normal 0.9978589232386036 0.06540312923014291 0
    outer loop
      vertex 3.9 37.29 2.4000000000000004
      vertex 3.9 37.29 6
      vertex 3.9265209297411876 36.88536880411784 2.4000000000000004
    endloop
  endfacet
  facet normal 0.9978589232386036 -0.06540312923014291 -3.0486842697255455e-19
    outer loop
      vertex 3.9 37.29 2.4000000000000004
      vertex 3.9265209297411876 37.69463119588216 2.4000000000000004
      vertex 3.9265209297411876 37.69463119588216 6
    endloop
  endfacet
  facet normal 0.9807852804032304 -0.19509032201612872 1.6397608278528031e-18
    outer loop
      vertex 3.9265209297411876 37.69463119588216 2.4000000000000004
      vertex 4.005629938503889 38.092339039817816 2.4000000000000004
      vertex 4.005629938503889 38.092339039817816 6
    endloop
  endfacet
  facet normal 0.9469301294951051 -0.3214394653031629 -8.175787695188822e-19
    outer loop
      vertex 4.005629938503889 38.092339039817816 2.4000000000000004
      vertex 4.135973449215011 38.476318640331776 2.4000000000000004
      vertex 4.135973449215011 38.476318640331776 6
    endloop
  endfacet
  facet normal 0.896872741532687 -0.44228869021900385 2.6265273435284113e-18
    outer loop
      vertex 4.135973449215011 38.476318640331776 2.4000000000000004
      vertex 4.315321248268241 38.839999999999996 2.4000000000000004
      vertex 4.315321248268241 38.839999999999996 6
    endloop
  endfacet
  facet normal 0.9807852804032304 0.19509032201612872 0
    outer loop
      vertex 4.005629938503889 36.48766096018218 2.4000000000000004
      vertex 3.9265209297411876 36.88536880411784 6
      vertex 4.005629938503889 36.48766096018218 6
    endloop
  endfacet
  facet normal 0.9469301294951051 0.3214394653031629 0
    outer loop
      vertex 4.135973449215011 36.10368135966822 2.4000000000000004
      vertex 4.005629938503889 36.48766096018218 6
      vertex 4.135973449215011 36.10368135966822 6
    endloop
  endfacet
  facet normal 0.9978589232386036 0.06540312923014291 0
    outer loop
      vertex 3.9265209297411876 36.88536880411784 2.4000000000000004
      vertex 3.9 37.29 6
      vertex 3.9265209297411876 36.88536880411784 6
    endloop
  endfacet
  facet normal 0.9978589232386036 -0.06540312923014291 0
    outer loop
      vertex 3.9 37.29 2.4000000000000004
      vertex 3.9265209297411876 37.69463119588216 6
      vertex 3.9 37.29 6
    endloop
  endfacet
  facet normal 0.9807852804032304 -0.19509032201612872 0
    outer loop
      vertex 3.9265209297411876 37.69463119588216 2.4000000000000004
      vertex 4.005629938503889 38.092339039817816 6
      vertex 3.9265209297411876 37.69463119588216 6
    endloop
  endfacet
  facet normal 0.9469301294951051 -0.3214394653031629 0
    outer loop
      vertex 4.005629938503889 38.092339039817816 2.4000000000000004
      vertex 4.135973449215011 38.476318640331776 6
      vertex 4.005629938503889 38.092339039817816 6
    endloop
  endfacet
  facet normal 0.896872741532687 -0.44228869021900385 0
    outer loop
      vertex 4.135973449215011 38.476318640331776 2.4000000000000004
      vertex 4.315321248268241 38.839999999999996 6
      vertex 4.135973449215011 38.476318640331776 6
    endloop
  endfacet
  facet normal 0.83146961230255 -0.5555702330195952 4.476713239883213e-18
    outer loop
      vertex 4.315321248268241 38.839999999999996 2.4000000000000004
      vertex 4.54060464509717 39.177160429927035 2.4000000000000004
      vertex 4.54060464509717 39.177160429927035 6
    endloop
  endfacet
  facet normal 0.7518398074789739 -0.6593458151000727 2.1758336004813837e-18
    outer loop
      vertex 4.54060464509717 39.177160429927035 2.4000000000000004
      vertex 4.807968978321703 39.482031021678296 2.4000000000000004
      vertex 4.807968978321703 39.482031021678296 6
    endloop
  endfacet
  facet normal 0.83146961230255 -0.5555702330195952 0
    outer loop
      vertex 4.315321248268241 38.839999999999996 2.4000000000000004
      vertex 4.54060464509717 39.177160429927035 6
      vertex 4.315321248268241 38.839999999999996 6
    endloop
  endfacet
  facet normal 0.7518398074789739 -0.6593458151000727 0
    outer loop
      vertex 4.54060464509717 39.177160429927035 2.4000000000000004
      vertex 4.807968978321703 39.482031021678296 6
      vertex 4.54060464509717 39.177160429927035 6
    endloop
  endfacet
  facet normal 0.6593458151000732 -0.7518398074789735 0
    outer loop
      vertex 4.807968978321703 39.482031021678296 2.4000000000000004
      vertex 5.112839570072966 39.74939535490283 6
      vertex 4.807968978321703 39.482031021678296 6
    endloop
  endfacet
  facet normal 0 0 1
    outer loop
      vertex 5.112839570072966 34.83060464509717 2.4000000000000004
      vertex 5.45 34.60532124826824 2.4000000000000004
      vertex 5.429404794730813 36.639438164979346 2.4000000000000004
    endloop
  endfacet
  facet normal 0 0 1
    outer loop
      vertex 5.813681359668221 34.42597344921501 2.4000000000000004
      vertex 5.797918471982869 36.08791847198287 2.4000000000000004
      vertex 5.45 34.60532124826824 2.4000000000000004
    endloop
  endfacet
  facet normal 0 0 1
    outer loop
      vertex 5.45 34.60532124826824 2.4000000000000004
      vertex 5.651299321504901 36.255105570685174 2.4000000000000004
      vertex 5.527756813566454 36.44 2.4000000000000004
    endloop
  endfacet
  facet normal 0 0 1
    outer loop
      vertex 5.45 34.60532124826824 2.4000000000000004
      vertex 5.527756813566454 36.44 2.4000000000000004
      vertex 5.429404794730813 36.639438164979346 2.4000000000000004
    endloop
  endfacet
  facet normal 0 0 1
    outer loop
      vertex 5.45 34.60532124826824 2.4000000000000004
      vertex 5.797918471982869 36.08791847198287 2.4000000000000004
      vertex 5.651299321504901 36.255105570685174 2.4000000000000004
    endloop
  endfacet
  facet normal 0 0 1
    outer loop
      vertex 5.813681359668221 34.42597344921501 2.4000000000000004
      vertex 6.197660960182185 34.295629938503886 2.4000000000000004
      vertex 6.15 35.817756813566454 2.4000000000000004
    endloop
  endfacet
  facet normal 0 0 1
    outer loop
      vertex 5.813681359668221 34.42597344921501 2.4000000000000004
      vertex 5.965105570685175 35.9412993215049 2.4000000000000004
      vertex 5.797918471982869 36.08791847198287 2.4000000000000004
    endloop
  endfacet
  facet normal 0 0 1
    outer loop
      vertex 5.813681359668221 34.42597344921501 2.4000000000000004
      vertex 6.15 35.817756813566454 2.4000000000000004
      vertex 5.965105570685175 35.9412993215049 2.4000000000000004
    endloop
  endfacet
  facet normal 0 0 1
    outer loop
      vertex 6.197660960182185 34.295629938503886 2.4000000000000004
      vertex 6.349438164979348 35.71940479473081 2.4000000000000004
      vertex 6.15 35.817756813566454 2.4000000000000004
    endloop
  endfacet
  facet normal 0 0 1
    outer loop
      vertex 6.197660960182185 34.295629938503886 2.4000000000000004
      vertex 6.59536880411784 34.216520929741186 2.4000000000000004
      vertex 6.560007623325715 35.647926095308584 2.4000000000000004
    endloop
  endfacet
  facet normal 0 0 1
    outer loop
      vertex 6.197660960182185 34.295629938503886 2.4000000000000004
      vertex 6.560007623325715 35.647926095308584 2.4000000000000004
      vertex 6.349438164979348 35.71940479473081 2.4000000000000004
    endloop
  endfacet
  facet normal 0 0 1
    outer loop
      vertex 4.807968978321703 35.0979689783217 2.4000000000000004
      vertex 5.112839570072966 34.83060464509717 2.4000000000000004
      vertex 5.112839570072966 39.74939535490283 2.4000000000000004
    endloop
  endfacet
  facet normal 0 0 1
    outer loop
      vertex 5.112839570072966 34.83060464509717 2.4000000000000004
      vertex 5.357926095308584 36.850007623325716 2.4000000000000004
      vertex 5.314543735664523 37.06810547322591 2.4000000000000004
    endloop
  endfacet
  facet normal 0 0 1
    outer loop
      vertex 5.112839570072966 34.83060464509717 2.4000000000000004
      vertex 5.429404794730813 36.639438164979346 2.4000000000000004
      vertex 5.357926095308584 36.850007623325716 2.4000000000000004
    endloop
  endfacet
  facet normal 0 0 1
    outer loop
      vertex 5.112839570072966 34.83060464509717 2.4000000000000004
      vertex 5.314543735664523 37.06810547322591 2.4000000000000004
      vertex 5.3 37.29 2.4000000000000004
    endloop
  endfacet
  facet normal 0 0 1
    outer loop
      vertex 5.112839570072966 34.83060464509717 2.4000000000000004
      vertex 5.3 37.29 2.4000000000000004
      vertex 5.314543735664523 37.511894526774086 2.4000000000000004
    endloop
  endfacet
  facet normal 0 0 1
    outer loop
      vertex 5.112839570072966 34.83060464509717 2.4000000000000004
      vertex 5.314543735664523 37.511894526774086 2.4000000000000004
      vertex 5.45 39.97467875173176 2.4000000000000004
    endloop
  endfacet
  facet normal 0 0 1
    outer loop
      vertex 5.112839570072966 34.83060464509717 2.4000000000000004
      vertex 5.45 39.97467875173176 2.4000000000000004
      vertex 5.112839570072966 39.74939535490283 2.4000000000000004
    endloop
  endfacet
  facet normal 0 0 1
    outer loop
      vertex 5.314543735664523 37.511894526774086 2.4000000000000004
      vertex 5.357926095308584 37.72999237667428 2.4000000000000004
      vertex 5.45 39.97467875173176 2.4000000000000004
    endloop
  endfacet
  facet normal 0 0 1
    outer loop
      vertex 5.357926095308584 37.72999237667428 2.4000000000000004
      vertex 5.429404794730813 37.94056183502065 2.4000000000000004
      vertex 5.45 39.97467875173176 2.4000000000000004
    endloop
  endfacet
  facet normal 0 0 1
    outer loop
      vertex 5.429404794730813 37.94056183502065 2.4000000000000004
      vertex 5.527756813566454 38.14 2.4000000000000004
      vertex 5.45 39.97467875173176 2.4000000000000004
    endloop
  endfacet
  facet normal 0 0 1
    outer loop
      vertex 6.560007623325715 35.647926095308584 2.4000000000000004
      vertex 6.59536880411784 34.216520929741186 2.4000000000000004
      vertex 6.778105473225913 35.60454373566452 2.4000000000000004
    endloop
  endfacet
  facet normal 0 0 1
    outer loop
      vertex 6.59536880411784 34.216520929741186 2.4000000000000004
      vertex 7 34.19 2.4000000000000004
      vertex 7 35.589999999999996 2.4000000000000004
    endloop
  endfacet
  facet normal 0 0 1
    outer loop
      vertex 6.59536880411784 34.216520929741186 2.4000000000000004
      vertex 7 35.589999999999996 2.4000000000000004
      vertex 6.778105473225913 35.60454373566452 2.4000000000000004
    endloop
  endfacet
  facet normal 0 0 1
    outer loop
      vertex 7 34.19 2.4000000000000004
      vertex 7.40463119588216 34.216520929741186 2.4000000000000004
      vertex 7 35.589999999999996 2.4000000000000004
    endloop
  endfacet
  facet normal 0 0 1
    outer loop
      vertex 7 35.589999999999996 2.4000000000000004
      vertex 7.40463119588216 34.216520929741186 2.4000000000000004
      vertex 7.221894526774087 35.60454373566452 2.4000000000000004
    endloop
  endfacet
  facet normal 0 0 1
    outer loop
      vertex 7.221894526774087 35.60454373566452 2.4000000000000004
      vertex 7.40463119588216 34.216520929741186 2.4000000000000004
      vertex 7.439992376674285 35.647926095308584 2.4000000000000004
    endloop
  endfacet
  facet normal 0 0 1
    outer loop
      vertex 7.40463119588216 34.216520929741186 2.4000000000000004
      vertex 7.802339039817815 34.295629938503886 2.4000000000000004
      vertex 7.439992376674285 35.647926095308584 2.4000000000000004
    endloop
  endfacet
  facet normal 0 0 1
    outer loop
      vertex 7.802339039817815 34.295629938503886 2.4000000000000004
      vertex 7.650561835020652 35.71940479473081 2.4000000000000004
      vertex 7.439992376674285 35.647926095308584 2.4000000000000004
    endloop
  endfacet
  facet normal 0 0 1
    outer loop
      vertex 7.802339039817815 34.295629938503886 2.4000000000000004
      vertex 7.85 35.817756813566454 2.4000000000000004
      vertex 7.650561835020652 35.71940479473081 2.4000000000000004
    endloop
  endfacet
  facet normal 0 0 1
    outer loop
      vertex 7.802339039817815 34.295629938503886 2.4000000000000004
      vertex 8.186318640331779 34.42597344921501 2.4000000000000004
      vertex 7.85 35.817756813566454 2.4000000000000004
    endloop
  endfacet
  facet normal 0.4422886902190083 0.8968727415326848 3.979832313965551e-18
    outer loop
      vertex 5.813681359668221 34.42597344921501 2.4000000000000004
      vertex 5.45 34.60532124826824 2.4000000000000004
      vertex 5.45 34.60532124826824 6
    endloop
  endfacet
  facet normal 0.5555702330195972 0.8314696123025487 0
    outer loop
      vertex 5.112839570072966 34.83060464509717 2.4000000000000004
      vertex 5.112839570072966 34.83060464509717 6
      vertex 5.45 34.60532124826824 2.4000000000000004
    endloop
  endfacet
  facet normal 0.3214394653031583 0.9469301294951068 0
    outer loop
      vertex 5.813681359668221 34.42597344921501 2.4000000000000004
      vertex 5.813681359668221 34.42597344921501 6
      vertex 6.197660960182185 34.295629938503886 2.4000000000000004
    endloop
  endfacet
  facet normal 0.19509032201612597 0.9807852804032309 0
    outer loop
      vertex 6.197660960182185 34.295629938503886 2.4000000000000004
      vertex 6.197660960182185 34.295629938503886 6
      vertex 6.59536880411784 34.216520929741186 2.4000000000000004
    endloop
  endfacet
  facet normal 0.4422886902190083 0.8968727415326848 0
    outer loop
      vertex 5.813681359668221 34.42597344921501 2.4000000000000004
      vertex 5.45 34.60532124826824 6
      vertex 5.813681359668221 34.42597344921501 6
    endloop
  endfacet
  facet normal 0.6593458151000732 0.7518398074789735 0
    outer loop
      vertex 5.112839570072966 34.83060464509717 2.4000000000000004
      vertex 4.807968978321703 35.0979689783217 6
      vertex 5.112839570072966 34.83060464509717 6
    endloop
  endfacet
  facet normal 0.5555702330195972 0.8314696123025487 0
    outer loop
      vertex 5.45 34.60532124826824 2.4000000000000004
      vertex 5.112839570072966 34.83060464509717 6
      vertex 5.45 34.60532124826824 6
    endloop
  endfacet
  facet normal 0.3214394653031583 0.9469301294951068 0
    outer loop
      vertex 6.197660960182185 34.295629938503886 2.4000000000000004
      vertex 5.813681359668221 34.42597344921501 6
      vertex 6.197660960182185 34.295629938503886 6
    endloop
  endfacet
  facet normal 0.19509032201612597 0.9807852804032309 0
    outer loop
      vertex 6.59536880411784 34.216520929741186 2.4000000000000004
      vertex 6.197660960182185 34.295629938503886 6
      vertex 6.59536880411784 34.216520929741186 6
    endloop
  endfacet
  facet normal 0.06540312923014523 0.9978589232386034 0
    outer loop
      vertex 6.59536880411784 34.216520929741186 2.4000000000000004
      vertex 6.59536880411784 34.216520929741186 6
      vertex 7 34.19 2.4000000000000004
    endloop
  endfacet
  facet normal -0.06540312923014523 0.9978589232386034 0
    outer loop
      vertex 7 34.19 2.4000000000000004
      vertex 7 34.19 6
      vertex 7.40463119588216 34.216520929741186 2.4000000000000004
    endloop
  endfacet
  facet normal -0.19509032201612597 0.9807852804032309 0
    outer loop
      vertex 7.40463119588216 34.216520929741186 2.4000000000000004
      vertex 7.40463119588216 34.216520929741186 6
      vertex 7.802339039817815 34.295629938503886 2.4000000000000004
    endloop
  endfacet
  facet normal -0.3214394653031583 0.9469301294951068 0
    outer loop
      vertex 7.802339039817815 34.295629938503886 2.4000000000000004
      vertex 7.802339039817815 34.295629938503886 6
      vertex 8.186318640331779 34.42597344921501 2.4000000000000004
    endloop
  endfacet
  facet normal 0.06540312923014523 0.9978589232386034 0
    outer loop
      vertex 7 34.19 2.4000000000000004
      vertex 6.59536880411784 34.216520929741186 6
      vertex 7 34.19 6
    endloop
  endfacet
  facet normal -0.06540312923014523 0.9978589232386034 0
    outer loop
      vertex 7.40463119588216 34.216520929741186 2.4000000000000004
      vertex 7 34.19 6
      vertex 7.40463119588216 34.216520929741186 6
    endloop
  endfacet
  facet normal -0.19509032201612597 0.9807852804032309 0
    outer loop
      vertex 7.802339039817815 34.295629938503886 2.4000000000000004
      vertex 7.40463119588216 34.216520929741186 6
      vertex 7.802339039817815 34.295629938503886 6
    endloop
  endfacet
  facet normal 0 0 1
    outer loop
      vertex 5.527756813566454 38.14 2.4000000000000004
      vertex 5.651299321504901 38.324894429314824 2.4000000000000004
      vertex 5.45 39.97467875173176 2.4000000000000004
    endloop
  endfacet
  facet normal 0 0 1
    outer loop
      vertex 5.651299321504901 38.324894429314824 2.4000000000000004
      vertex 5.797918471982869 38.49208152801713 2.4000000000000004
      vertex 5.45 39.97467875173176 2.4000000000000004
    endloop
  endfacet
  facet normal 0 0 1
    outer loop
      vertex 5.797918471982869 38.49208152801713 2.4000000000000004
      vertex 5.813681359668221 40.15402655078499 2.4000000000000004
      vertex 5.45 39.97467875173176 2.4000000000000004
    endloop
  endfacet
  facet normal 0 0 1
    outer loop
      vertex 5.797918471982869 38.49208152801713 2.4000000000000004
      vertex 5.965105570685175 38.6387006784951 2.4000000000000004
      vertex 5.813681359668221 40.15402655078499 2.4000000000000004
    endloop
  endfacet
  facet normal 0 0 1
    outer loop
      vertex 5.813681359668221 40.15402655078499 2.4000000000000004
      vertex 5.965105570685175 38.6387006784951 2.4000000000000004
      vertex 6.15 38.762243186433544 2.4000000000000004
    endloop
  endfacet
  facet normal 0 0 1
    outer loop
      vertex 5.813681359668221 40.15402655078499 2.4000000000000004
      vertex 6.15 38.762243186433544 2.4000000000000004
      vertex 6.197660960182185 40.28437006149611 2.4000000000000004
    endloop
  endfacet
  facet normal 0 0 1
    outer loop
      vertex 6.15 38.762243186433544 2.4000000000000004
      vertex 6.349438164979348 38.860595205269185 2.4000000000000004
      vertex 6.197660960182185 40.28437006149611 2.4000000000000004
    endloop
  endfacet
  facet normal 0 0 1
    outer loop
      vertex 6.197660960182185 40.28437006149611 2.4000000000000004
      vertex 6.349438164979348 38.860595205269185 2.4000000000000004
      vertex 6.560007623325715 38.932073904691414 2.4000000000000004
    endloop
  endfacet
  facet normal 0 0 1
    outer loop
      vertex 6.197660960182185 40.28437006149611 2.4000000000000004
      vertex 6.560007623325715 38.932073904691414 2.4000000000000004
      vertex 6.59536880411784 40.36347907025881 2.4000000000000004
    endloop
  endfacet
  facet normal 0 0 1
    outer loop
      vertex 6.560007623325715 38.932073904691414 2.4000000000000004
      vertex 6.778105473225913 38.97545626433548 2.4000000000000004
      vertex 6.59536880411784 40.36347907025881 2.4000000000000004
    endloop
  endfacet
  facet normal 0 0 1
    outer loop
      vertex 6.778105473225913 38.97545626433548 2.4000000000000004
      vertex 7 38.99 2.4000000000000004
      vertex 6.59536880411784 40.36347907025881 2.4000000000000004
    endloop
  endfacet
  facet normal 0 0 1
    outer loop
      vertex 6.59536880411784 40.36347907025881 2.4000000000000004
      vertex 7 38.99 2.4000000000000004
      vertex 7 40.39 2.4000000000000004
    endloop
  endfacet
  facet normal 0 0 1
    outer loop
      vertex 7 38.99 2.4000000000000004
      vertex 7.221894526774087 38.97545626433548 2.4000000000000004
      vertex 7.40463119588216 40.36347907025881 2.4000000000000004
    endloop
  endfacet
  facet normal 0 0 1
    outer loop
      vertex 7 38.99 2.4000000000000004
      vertex 7.40463119588216 40.36347907025881 2.4000000000000004
      vertex 7 40.39 2.4000000000000004
    endloop
  endfacet
  facet normal 0 0 1
    outer loop
      vertex 7.221894526774087 38.97545626433548 2.4000000000000004
      vertex 7.439992376674285 38.932073904691414 2.4000000000000004
      vertex 7.40463119588216 40.36347907025881 2.4000000000000004
    endloop
  endfacet
  facet normal 0 0 1
    outer loop
      vertex 7.439992376674285 38.932073904691414 2.4000000000000004
      vertex 7.802339039817815 40.28437006149611 2.4000000000000004
      vertex 7.40463119588216 40.36347907025881 2.4000000000000004
    endloop
  endfacet
  facet normal 0 0 1
    outer loop
      vertex 7.439992376674285 38.932073904691414 2.4000000000000004
      vertex 7.650561835020652 38.860595205269185 2.4000000000000004
      vertex 7.802339039817815 40.28437006149611 2.4000000000000004
    endloop
  endfacet
  facet normal 0 0 1
    outer loop
      vertex 7.650561835020652 38.860595205269185 2.4000000000000004
      vertex 7.85 38.762243186433544 2.4000000000000004
      vertex 7.802339039817815 40.28437006149611 2.4000000000000004
    endloop
  endfacet
  facet normal 0 0 1
    outer loop
      vertex 7.85 38.762243186433544 2.4000000000000004
      vertex 8.186318640331779 40.15402655078499 2.4000000000000004
      vertex 7.802339039817815 40.28437006149611 2.4000000000000004
    endloop
  endfacet
  facet normal 0.6593458151000732 -0.7518398074789735 9.314662520346661e-19
    outer loop
      vertex 4.807968978321703 39.482031021678296 2.4000000000000004
      vertex 5.112839570072966 39.74939535490283 2.4000000000000004
      vertex 5.112839570072966 39.74939535490283 6
    endloop
  endfacet
  facet normal 0.5555702330195972 -0.8314696123025487 2.1264599555320915e-18
    outer loop
      vertex 5.112839570072966 39.74939535490283 2.4000000000000004
      vertex 5.45 39.97467875173176 2.4000000000000004
      vertex 5.45 39.97467875173176 6
    endloop
  endfacet
  facet normal 0.4422886902190083 -0.8968727415326848 -3.979832313965551e-18
    outer loop
      vertex 5.45 39.97467875173176 2.4000000000000004
      vertex 5.813681359668221 40.15402655078499 2.4000000000000004
      vertex 5.813681359668221 40.15402655078499 6
    endloop
  endfacet
  facet normal 0.3214394653031583 -0.9469301294951068 1.970192368688525e-18
    outer loop
      vertex 5.813681359668221 40.15402655078499 2.4000000000000004
      vertex 6.197660960182185 40.28437006149611 2.4000000000000004
      vertex 6.197660960182185 40.28437006149611 6
    endloop
  endfacet
  facet normal 0.19509032201612597 -0.9807852804032309 -6.696857557567411e-19
    outer loop
      vertex 6.197660960182185 40.28437006149611 2.4000000000000004
      vertex 6.59536880411784 40.36347907025881 2.4000000000000004
      vertex 6.59536880411784 40.36347907025881 6
    endloop
  endfacet
  facet normal 0.5555702330195972 -0.8314696123025487 0
    outer loop
      vertex 5.112839570072966 39.74939535490283 2.4000000000000004
      vertex 5.45 39.97467875173176 6
      vertex 5.112839570072966 39.74939535490283 6
    endloop
  endfacet
  facet normal 0.4422886902190083 -0.8968727415326848 0
    outer loop
      vertex 5.45 39.97467875173176 2.4000000000000004
      vertex 5.813681359668221 40.15402655078499 6
      vertex 5.45 39.97467875173176 6
    endloop
  endfacet
  facet normal 0.3214394653031583 -0.9469301294951068 0
    outer loop
      vertex 5.813681359668221 40.15402655078499 2.4000000000000004
      vertex 6.197660960182185 40.28437006149611 6
      vertex 5.813681359668221 40.15402655078499 6
    endloop
  endfacet
  facet normal 0.19509032201612597 -0.9807852804032309 0
    outer loop
      vertex 6.197660960182185 40.28437006149611 2.4000000000000004
      vertex 6.59536880411784 40.36347907025881 6
      vertex 6.197660960182185 40.28437006149611 6
    endloop
  endfacet
  facet normal 0.06540312923014523 -0.9978589232386034 3.991658979781005e-19
    outer loop
      vertex 6.59536880411784 40.36347907025881 2.4000000000000004
      vertex 7 40.39 2.4000000000000004
      vertex 7 40.39 6
    endloop
  endfacet
  facet normal -0.06540312923014523 -0.9978589232386034 -3.991658979781005e-19
    outer loop
      vertex 7 40.39 2.4000000000000004
      vertex 7.40463119588216 40.36347907025881 2.4000000000000004
      vertex 7.40463119588216 40.36347907025881 6
    endloop
  endfacet
  facet normal -0.19509032201612597 -0.9807852804032309 6.696857557567411e-19
    outer loop
      vertex 7.40463119588216 40.36347907025881 2.4000000000000004
      vertex 7.802339039817815 40.28437006149611 2.4000000000000004
      vertex 7.802339039817815 40.28437006149611 6
    endloop
  endfacet
  facet normal 0.06540312923014523 -0.9978589232386034 0
    outer loop
      vertex 6.59536880411784 40.36347907025881 2.4000000000000004
      vertex 7 40.39 6
      vertex 6.59536880411784 40.36347907025881 6
    endloop
  endfacet
  facet normal -0.06540312923014523 -0.9978589232386034 0
    outer loop
      vertex 7 40.39 2.4000000000000004
      vertex 7.40463119588216 40.36347907025881 6
      vertex 7 40.39 6
    endloop
  endfacet
  facet normal -0.19509032201612597 -0.9807852804032309 0
    outer loop
      vertex 7.40463119588216 40.36347907025881 2.4000000000000004
      vertex 7.802339039817815 40.28437006149611 6
      vertex 7.40463119588216 40.36347907025881 6
    endloop
  endfacet
  facet normal -0.3214394653031583 -0.9469301294951068 0
    outer loop
      vertex 7.802339039817815 40.28437006149611 2.4000000000000004
      vertex 8.186318640331779 40.15402655078499 6
      vertex 7.802339039817815 40.28437006149611 6
    endloop
  endfacet
  facet normal 0 0 1
    outer loop
      vertex 8.186318640331779 34.42597344921501 2.4000000000000004
      vertex 8.55 34.60532124826824 2.4000000000000004
      vertex 8.20208152801713 36.08791847198287 2.4000000000000004
    endloop
  endfacet
  facet normal 0 0 1
    outer loop
      vertex 7.85 35.817756813566454 2.4000000000000004
      vertex 8.186318640331779 34.42597344921501 2.4000000000000004
      vertex 8.034894429314825 35.9412993215049 2.4000000000000004
    endloop
  endfacet
  facet normal 0 0 1
    outer loop
      vertex 8.186318640331779 34.42597344921501 2.4000000000000004
      vertex 8.20208152801713 36.08791847198287 2.4000000000000004
      vertex 8.034894429314825 35.9412993215049 2.4000000000000004
    endloop
  endfacet
  facet normal 0 0 1
    outer loop
      vertex 8.20208152801713 36.08791847198287 2.4000000000000004
      vertex 8.55 34.60532124826824 2.4000000000000004
      vertex 8.3487006784951 36.255105570685174 2.4000000000000004
    endloop
  endfacet
  facet normal 0 0 1
    outer loop
      vertex 8.55 34.60532124826824 2.4000000000000004
      vertex 8.472243186433545 36.44 2.4000000000000004
      vertex 8.3487006784951 36.255105570685174 2.4000000000000004
    endloop
  endfacet
  facet normal 0 0 1
    outer loop
      vertex 8.55 34.60532124826824 2.4000000000000004
      vertex 8.570595205269187 36.639438164979346 2.4000000000000004
      vertex 8.472243186433545 36.44 2.4000000000000004
    endloop
  endfacet
  facet normal 0 0 1
    outer loop
      vertex 8.55 34.60532124826824 2.4000000000000004
      vertex 8.642073904691417 36.850007623325716 2.4000000000000004
      vertex 8.570595205269187 36.639438164979346 2.4000000000000004
    endloop
  endfacet
  facet normal 0 0 1
    outer loop
      vertex 8.55 34.60532124826824 2.4000000000000004
      vertex 8.685456264335478 37.06810547322591 2.4000000000000004
      vertex 8.642073904691417 36.850007623325716 2.4000000000000004
    endloop
  endfacet
  facet normal 0 0 1
    outer loop
      vertex 8.55 34.60532124826824 2.4000000000000004
      vertex 8.887160429927034 39.74939535490283 2.4000000000000004
      vertex 8.685456264335478 37.06810547322591 2.4000000000000004
    endloop
  endfacet
  facet normal 0 0 1
    outer loop
      vertex 8.472243186433545 38.14 2.4000000000000004
      vertex 8.570595205269187 37.94056183502065 2.4000000000000004
      vertex 8.55 39.97467875173176 2.4000000000000004
    endloop
  endfacet
  facet normal 0 0 1
    outer loop
      vertex 8.642073904691417 37.72999237667428 2.4000000000000004
      vertex 8.685456264335478 37.511894526774086 2.4000000000000004
      vertex 8.887160429927034 39.74939535490283 2.4000000000000004
    endloop
  endfacet
  facet normal 0 0 1
    outer loop
      vertex 8.570595205269187 37.94056183502065 2.4000000000000004
      vertex 8.642073904691417 37.72999237667428 2.4000000000000004
      vertex 8.887160429927034 39.74939535490283 2.4000000000000004
    endloop
  endfacet
  facet normal 0 0 1
    outer loop
      vertex 8.55 34.60532124826824 2.4000000000000004
      vertex 8.887160429927034 34.83060464509717 2.4000000000000004
      vertex 8.887160429927034 39.74939535490283 2.4000000000000004
    endloop
  endfacet
  facet normal 0 0 1
    outer loop
      vertex 8.887160429927034 34.83060464509717 2.4000000000000004
      vertex 9.192031021678297 35.0979689783217 2.4000000000000004
      vertex 9.192031021678297 39.482031021678296 2.4000000000000004
    endloop
  endfacet
  facet normal 0 0 1
    outer loop
      vertex 9.192031021678297 35.0979689783217 2.4000000000000004
      vertex 9.45939535490283 35.40283957007296 2.4000000000000004
      vertex 9.45939535490283 39.177160429927035 2.4000000000000004
    endloop
  endfacet
  facet normal 0 0 1
    outer loop
      vertex 8.685456264335478 37.06810547322591 2.4000000000000004
      vertex 8.887160429927034 39.74939535490283 2.4000000000000004
      vertex 8.7 37.29 2.4000000000000004
    endloop
  endfacet
  facet normal 0 0 1
    outer loop
      vertex 8.887160429927034 34.83060464509717 2.4000000000000004
      vertex 9.192031021678297 39.482031021678296 2.4000000000000004
      vertex 8.887160429927034 39.74939535490283 2.4000000000000004
    endloop
  endfacet
  facet normal 0 0 1
    outer loop
      vertex 8.7 37.29 2.4000000000000004
      vertex 8.887160429927034 39.74939535490283 2.4000000000000004
      vertex 8.685456264335478 37.511894526774086 2.4000000000000004
    endloop
  endfacet
  facet normal 0 0 1
    outer loop
      vertex 9.192031021678297 35.0979689783217 2.4000000000000004
      vertex 9.45939535490283 39.177160429927035 2.4000000000000004
      vertex 9.192031021678297 39.482031021678296 2.4000000000000004
    endloop
  endfacet
  facet normal 0 0 1
    outer loop
      vertex 9.45939535490283 35.40283957007296 2.4000000000000004
      vertex 9.68467875173176 35.74 2.4000000000000004
      vertex 9.68467875173176 38.839999999999996 2.4000000000000004
    endloop
  endfacet
  facet normal 0 0 1
    outer loop
      vertex 9.68467875173176 35.74 2.4000000000000004
      vertex 9.864026550784988 36.10368135966822 2.4000000000000004
      vertex 9.864026550784988 38.476318640331776 2.4000000000000004
    endloop
  endfacet
  facet normal 0 0 1
    outer loop
      vertex 9.864026550784988 36.10368135966822 2.4000000000000004
      vertex 9.994370061496111 36.48766096018218 2.4000000000000004
      vertex 9.994370061496111 38.092339039817816 2.4000000000000004
    endloop
  endfacet
  facet normal 0 0 1
    outer loop
      vertex 9.994370061496111 36.48766096018218 2.4000000000000004
      vertex 10.073479070258813 36.88536880411784 2.4000000000000004
      vertex 10.073479070258813 37.69463119588216 2.4000000000000004
    endloop
  endfacet
  facet normal 0 0 1
    outer loop
      vertex 10.073479070258813 36.88536880411784 2.4000000000000004
      vertex 10.1 37.29 2.4000000000000004
      vertex 10.073479070258813 37.69463119588216 2.4000000000000004
    endloop
  endfacet
  facet normal 0 0 1
    outer loop
      vertex 9.45939535490283 35.40283957007296 2.4000000000000004
      vertex 9.68467875173176 38.839999999999996 2.4000000000000004
      vertex 9.45939535490283 39.177160429927035 2.4000000000000004
    endloop
  endfacet
  facet normal 0 0 1
    outer loop
      vertex 9.68467875173176 35.74 2.4000000000000004
      vertex 9.864026550784988 38.476318640331776 2.4000000000000004
      vertex 9.68467875173176 38.839999999999996 2.4000000000000004
    endloop
  endfacet
  facet normal 0 0 1
    outer loop
      vertex 9.864026550784988 36.10368135966822 2.4000000000000004
      vertex 9.994370061496111 38.092339039817816 2.4000000000000004
      vertex 9.864026550784988 38.476318640331776 2.4000000000000004
    endloop
  endfacet
  facet normal 0 0 1
    outer loop
      vertex 9.994370061496111 36.48766096018218 2.4000000000000004
      vertex 10.073479070258813 37.69463119588216 2.4000000000000004
      vertex 9.994370061496111 38.092339039817816 2.4000000000000004
    endloop
  endfacet
  facet normal -0.4422886902190075 0.8968727415326853 0
    outer loop
      vertex 8.186318640331779 34.42597344921501 2.4000000000000004
      vertex 8.186318640331779 34.42597344921501 6
      vertex 8.55 34.60532124826824 2.4000000000000004
    endloop
  endfacet
  facet normal -0.5555702330195982 0.8314696123025479 0
    outer loop
      vertex 8.55 34.60532124826824 2.4000000000000004
      vertex 8.55 34.60532124826824 6
      vertex 8.887160429927034 34.83060464509717 2.4000000000000004
    endloop
  endfacet
  facet normal -0.6593458151000744 0.7518398074789726 0
    outer loop
      vertex 8.887160429927034 34.83060464509717 2.4000000000000004
      vertex 8.887160429927034 34.83060464509717 6
      vertex 9.192031021678297 35.0979689783217 2.4000000000000004
    endloop
  endfacet
  facet normal -0.7518398074789729 0.6593458151000741 0
    outer loop
      vertex 9.192031021678297 35.0979689783217 2.4000000000000004
      vertex 9.192031021678297 35.0979689783217 6
      vertex 9.45939535490283 35.40283957007296 2.4000000000000004
    endloop
  endfacet
  facet normal -0.3214394653031583 0.9469301294951068 0
    outer loop
      vertex 8.186318640331779 34.42597344921501 2.4000000000000004
      vertex 7.802339039817815 34.295629938503886 6
      vertex 8.186318640331779 34.42597344921501 6
    endloop
  endfacet
  facet normal -0.4422886902190075 0.8968727415326853 0
    outer loop
      vertex 8.55 34.60532124826824 2.4000000000000004
      vertex 8.186318640331779 34.42597344921501 6
      vertex 8.55 34.60532124826824 6
    endloop
  endfacet
  facet normal -0.5555702330195982 0.8314696123025479 0
    outer loop
      vertex 8.887160429927034 34.83060464509717 2.4000000000000004
      vertex 8.55 34.60532124826824 6
      vertex 8.887160429927034 34.83060464509717 6
    endloop
  endfacet
  facet normal -0.6593458151000744 0.7518398074789726 0
    outer loop
      vertex 9.192031021678297 35.0979689783217 2.4000000000000004
      vertex 8.887160429927034 34.83060464509717 6
      vertex 9.192031021678297 35.0979689783217 6
    endloop
  endfacet
  facet normal -0.7518398074789729 0.6593458151000741 0
    outer loop
      vertex 9.45939535490283 35.40283957007296 2.4000000000000004
      vertex 9.192031021678297 35.0979689783217 6
      vertex 9.45939535490283 35.40283957007296 6
    endloop
  endfacet
  facet normal -0.83146961230255 0.5555702330195952 0
    outer loop
      vertex 9.45939535490283 35.40283957007296 2.4000000000000004
      vertex 9.45939535490283 35.40283957007296 6
      vertex 9.68467875173176 35.74 2.4000000000000004
    endloop
  endfacet
  facet normal -0.8968727415326879 0.44228869021900213 0
    outer loop
      vertex 9.68467875173176 35.74 2.4000000000000004
      vertex 9.68467875173176 35.74 6
      vertex 9.864026550784988 36.10368135966822 2.4000000000000004
    endloop
  endfacet
  facet normal -0.83146961230255 0.5555702330195952 0
    outer loop
      vertex 9.68467875173176 35.74 2.4000000000000004
      vertex 9.45939535490283 35.40283957007296 6
      vertex 9.68467875173176 35.74 6
    endloop
  endfacet
  facet normal -0.8968727415326879 0.44228869021900213 0
    outer loop
      vertex 9.864026550784988 36.10368135966822 2.4000000000000004
      vertex 9.68467875173176 35.74 6
      vertex 9.864026550784988 36.10368135966822 6
    endloop
  endfacet
  facet normal -0.9469301294951046 0.3214394653031649 0
    outer loop
      vertex 9.864026550784988 36.10368135966822 2.4000000000000004
      vertex 9.864026550784988 36.10368135966822 6
      vertex 9.994370061496111 36.48766096018218 2.4000000000000004
    endloop
  endfacet
  facet normal -0.9807852804032301 0.19509032201612977 0
    outer loop
      vertex 9.994370061496111 36.48766096018218 2.4000000000000004
      vertex 9.994370061496111 36.48766096018218 6
      vertex 10.073479070258813 36.88536880411784 2.4000000000000004
    endloop
  endfacet
  facet normal -0.9978589232386037 0.06540312923014073 0
    outer loop
      vertex 10.073479070258813 36.88536880411784 2.4000000000000004
      vertex 10.073479070258813 36.88536880411784 6
      vertex 10.1 37.29 2.4000000000000004
    endloop
  endfacet
  facet normal -0.8968727415326879 -0.44228869021900213 0
    outer loop
      vertex 9.864026550784988 38.476318640331776 2.4000000000000004
      vertex 9.864026550784988 38.476318640331776 6
      vertex 9.68467875173176 38.839999999999996 2.4000000000000004
    endloop
  endfacet
  facet normal -0.9807852804032301 -0.19509032201612977 0
    outer loop
      vertex 10.073479070258813 37.69463119588216 2.4000000000000004
      vertex 10.073479070258813 37.69463119588216 6
      vertex 9.994370061496111 38.092339039817816 2.4000000000000004
    endloop
  endfacet
  facet normal -0.9978589232386037 -0.06540312923014073 0
    outer loop
      vertex 10.1 37.29 2.4000000000000004
      vertex 10.1 37.29 6
      vertex 10.073479070258813 37.69463119588216 2.4000000000000004
    endloop
  endfacet
  facet normal -0.9469301294951046 -0.3214394653031649 1.0748490680688576e-19
    outer loop
      vertex 9.864026550784988 38.476318640331776 2.4000000000000004
      vertex 9.994370061496111 38.092339039817816 2.4000000000000004
      vertex 9.994370061496111 38.092339039817816 6
    endloop
  endfacet
  facet normal -0.9469301294951046 0.3214394653031649 0
    outer loop
      vertex 9.994370061496111 36.48766096018218 2.4000000000000004
      vertex 9.864026550784988 36.10368135966822 6
      vertex 9.994370061496111 36.48766096018218 6
    endloop
  endfacet
  facet normal -0.9807852804032301 0.19509032201612977 0
    outer loop
      vertex 10.073479070258813 36.88536880411784 2.4000000000000004
      vertex 9.994370061496111 36.48766096018218 6
      vertex 10.073479070258813 36.88536880411784 6
    endloop
  endfacet
  facet normal -0.9978589232386037 0.06540312923014073 0
    outer loop
      vertex 10.1 37.29 2.4000000000000004
      vertex 10.073479070258813 36.88536880411784 6
      vertex 10.1 37.29 6
    endloop
  endfacet
  facet normal -0.8968727415326879 -0.44228869021900213 0
    outer loop
      vertex 9.68467875173176 38.839999999999996 2.4000000000000004
      vertex 9.864026550784988 38.476318640331776 6
      vertex 9.68467875173176 38.839999999999996 6
    endloop
  endfacet
  facet normal -0.9807852804032301 -0.19509032201612977 0
    outer loop
      vertex 9.994370061496111 38.092339039817816 2.4000000000000004
      vertex 10.073479070258813 37.69463119588216 6
      vertex 9.994370061496111 38.092339039817816 6
    endloop
  endfacet
  facet normal -0.9978589232386037 -0.06540312923014073 0
    outer loop
      vertex 10.073479070258813 37.69463119588216 2.4000000000000004
      vertex 10.1 37.29 6
      vertex 10.073479070258813 37.69463119588216 6
    endloop
  endfacet
  facet normal -0.9469301294951046 -0.3214394653031649 0
    outer loop
      vertex 9.864026550784988 38.476318640331776 2.4000000000000004
      vertex 9.994370061496111 38.092339039817816 6
      vertex 9.864026550784988 38.476318640331776 6
    endloop
  endfacet
  facet normal 0 0 1
    outer loop
      vertex 8.20208152801713 38.49208152801713 2.4000000000000004
      vertex 8.186318640331779 40.15402655078499 2.4000000000000004
      vertex 8.034894429314825 38.6387006784951 2.4000000000000004
    endloop
  endfacet
  facet normal 0 0 1
    outer loop
      vertex 7.85 38.762243186433544 2.4000000000000004
      vertex 8.034894429314825 38.6387006784951 2.4000000000000004
      vertex 8.186318640331779 40.15402655078499 2.4000000000000004
    endloop
  endfacet
  facet normal 0 0 1
    outer loop
      vertex 8.20208152801713 38.49208152801713 2.4000000000000004
      vertex 8.3487006784951 38.324894429314824 2.4000000000000004
      vertex 8.55 39.97467875173176 2.4000000000000004
    endloop
  endfacet
  facet normal 0 0 1
    outer loop
      vertex 8.20208152801713 38.49208152801713 2.4000000000000004
      vertex 8.55 39.97467875173176 2.4000000000000004
      vertex 8.186318640331779 40.15402655078499 2.4000000000000004
    endloop
  endfacet
  facet normal 0 0 1
    outer loop
      vertex 8.3487006784951 38.324894429314824 2.4000000000000004
      vertex 8.472243186433545 38.14 2.4000000000000004
      vertex 8.55 39.97467875173176 2.4000000000000004
    endloop
  endfacet
  facet normal 0 0 1
    outer loop
      vertex 8.570595205269187 37.94056183502065 2.4000000000000004
      vertex 8.887160429927034 39.74939535490283 2.4000000000000004
      vertex 8.55 39.97467875173176 2.4000000000000004
    endloop
  endfacet
  facet normal -0.4422886902190075 -0.8968727415326853 -5.668101401395621e-19
    outer loop
      vertex 8.186318640331779 40.15402655078499 2.4000000000000004
      vertex 8.55 39.97467875173176 2.4000000000000004
      vertex 8.55 39.97467875173176 6
    endloop
  endfacet
  facet normal -0.3214394653031583 -0.9469301294951068 -1.970192368688525e-18
    outer loop
      vertex 7.802339039817815 40.28437006149611 2.4000000000000004
      vertex 8.186318640331779 40.15402655078499 2.4000000000000004
      vertex 8.186318640331779 40.15402655078499 6
    endloop
  endfacet
  facet normal -0.5555702330195982 -0.8314696123025479 1.8486261106550083e-18
    outer loop
      vertex 8.55 39.97467875173176 2.4000000000000004
      vertex 8.887160429927034 39.74939535490283 2.4000000000000004
      vertex 8.887160429927034 39.74939535490283 6
    endloop
  endfacet
  facet normal -0.6593458151000744 -0.7518398074789726 1.2678865675813747e-19
    outer loop
      vertex 8.887160429927034 39.74939535490283 2.4000000000000004
      vertex 9.192031021678297 39.482031021678296 2.4000000000000004
      vertex 9.192031021678297 39.482031021678296 6
    endloop
  endfacet
  facet normal -0.7518398074789729 -0.6593458151000741 2.466093901692493e-18
    outer loop
      vertex 9.192031021678297 39.482031021678296 2.4000000000000004
      vertex 9.45939535490283 39.177160429927035 2.4000000000000004
      vertex 9.45939535490283 39.177160429927035 6
    endloop
  endfacet
  facet normal -0.4422886902190075 -0.8968727415326853 0
    outer loop
      vertex 8.186318640331779 40.15402655078499 2.4000000000000004
      vertex 8.55 39.97467875173176 6
      vertex 8.186318640331779 40.15402655078499 6
    endloop
  endfacet
  facet normal -0.5555702330195982 -0.8314696123025479 0
    outer loop
      vertex 8.55 39.97467875173176 2.4000000000000004
      vertex 8.887160429927034 39.74939535490283 6
      vertex 8.55 39.97467875173176 6
    endloop
  endfacet
  facet normal -0.6593458151000744 -0.7518398074789726 0
    outer loop
      vertex 8.887160429927034 39.74939535490283 2.4000000000000004
      vertex 9.192031021678297 39.482031021678296 6
      vertex 8.887160429927034 39.74939535490283 6
    endloop
  endfacet
  facet normal -0.7518398074789729 -0.6593458151000741 0
    outer loop
      vertex 9.192031021678297 39.482031021678296 2.4000000000000004
      vertex 9.45939535490283 39.177160429927035 6
      vertex 9.192031021678297 39.482031021678296 6
    endloop
  endfacet
  facet normal -0.83146961230255 -0.5555702330195952 -4.476713239883213e-18
    outer loop
      vertex 9.45939535490283 39.177160429927035 2.4000000000000004
      vertex 9.68467875173176 38.839999999999996 2.4000000000000004
      vertex 9.68467875173176 38.839999999999996 6
    endloop
  endfacet
  facet normal -0.83146961230255 -0.5555702330195952 0
    outer loop
      vertex 9.45939535490283 39.177160429927035 2.4000000000000004
      vertex 9.68467875173176 38.839999999999996 6
      vertex 9.45939535490283 39.177160429927035 6
    endloop
  endfacet
  facet normal -0.06540312923013833 1.7771949658766638e-15 -0.9978589232386038
    outer loop
      vertex 0.11418070123307 -43.36402514854763 1.6925162014545123
      vertex 0.012832707939284482 -42.985789288330075 1.6991588998843628
      vertex 0.200961894323342 -43.54 1.6868282615521382
    endloop
  endfacet
  facet normal -0.06540312923014394 2.690646057622048e-16 -0.9978589232386035
    outer loop
      vertex 0.051111260566397476 -43.17822856765378 1.6966499909936263
      vertex 0.012832707939284482 -42.985789288330075 1.6991588998843628
      vertex 0.11418070123307 -43.36402514854763 1.6925162014545123
    endloop
  endfacet
  facet normal -0.0654031292301455 -6.660056915081883e-16 -0.9978589232386034
    outer loop
      vertex 0 -42.79 1.7
      vertex 0.200961894323342 -43.54 1.6868282615521382
      vertex 0.012832707939284482 -42.985789288330075 1.6991588998843628
    endloop
  endfacet
  facet normal 0.831469612302545 0 0.5555702330196026
    outer loop
      vertex -1.3487006784950997 -34.75 -1.034894429314825
      vertex -1.3487006784950997 -25.25 -1.034894429314825
      vertex -1.4722431864335457 -34.75 -0.85
    endloop
  endfacet
  facet normal 0.659345815100068 -1.9968868705818855e-20 0.751839807478978
    outer loop
      vertex -1.2020815280171309 -34.75 -1.2020815280171309
      vertex -1.034894429314825 -34.75 -1.3487006784950997
      vertex -1.034894429314825 -25.25 -1.3487006784950997
    endloop
  endfacet
  facet normal 0.751839807478978 -1.9968868705818855e-20 0.659345815100068
    outer loop
      vertex -1.3487006784950997 -34.75 -1.034894429314825
      vertex -1.2020815280171309 -34.75 -1.2020815280171309
      vertex -1.2020815280171309 -25.25 -1.2020815280171309
    endloop
  endfacet
  facet normal 0.9469301294951054 0 0.3214394653031621
    outer loop
      vertex -1.5705952052691874 -34.75 -0.6505618350206526
      vertex -1.5705952052691874 -25.25 -0.6505618350206526
      vertex -1.6420739046914161 -34.75 -0.43999237667428526
    endloop
  endfacet
  facet normal 0.8968727415326884 0 0.4422886902190009
    outer loop
      vertex -1.4722431864335457 -34.75 -0.85
      vertex -1.4722431864335457 -25.25 -0.85
      vertex -1.5705952052691874 -34.75 -0.6505618350206526
    endloop
  endfacet
  facet normal 0.9807852804032307 0 0.19509032201612758
    outer loop
      vertex -1.6420739046914161 -34.75 -0.43999237667428526
      vertex -1.6420739046914161 -25.25 -0.43999237667428526
      vertex -1.6854562643354776 -34.75 -0.22189452677408766
    endloop
  endfacet
  facet normal 0.9978589232386035 0 0.06540312923014345
    outer loop
      vertex -1.6854562643354776 -34.75 -0.22189452677408766
      vertex -1.6854562643354776 -25.25 -0.22189452677408766
      vertex -1.7 -34.75 0
    endloop
  endfacet
  facet normal 0.9978589232386035 0 -0.06540312923014345
    outer loop
      vertex -1.7 -25.25 0
      vertex -1.6854562643354776 -34.75 0.22189452677408766
      vertex -1.7 -34.75 0
    endloop
  endfacet
  facet normal 0.9807852804032307 0 -0.19509032201612758
    outer loop
      vertex -1.6854562643354776 -34.75 0.22189452677408766
      vertex -1.6854562643354776 -25.25 0.22189452677408766
      vertex -1.6420739046914161 -34.75 0.43999237667428526
    endloop
  endfacet
  facet normal 0.9469301294951054 0 -0.3214394653031621
    outer loop
      vertex -1.6420739046914161 -34.75 0.43999237667428526
      vertex -1.6420739046914161 -25.25 0.43999237667428526
      vertex -1.5705952052691874 -34.75 0.6505618350206526
    endloop
  endfacet
  facet normal 0.8968727415326884 0 -0.4422886902190009
    outer loop
      vertex -1.5705952052691874 -34.75 0.6505618350206526
      vertex -1.5705952052691874 -25.25 0.6505618350206526
      vertex -1.4722431864335457 -34.75 0.85
    endloop
  endfacet
  facet normal 0.831469612302545 0 -0.5555702330196026
    outer loop
      vertex -1.4722431864335457 -25.25 0.85
      vertex -1.3487006784950997 -34.75 1.034894429314825
      vertex -1.4722431864335457 -34.75 0.85
    endloop
  endfacet
  facet normal 0.831469612302545 0 0.5555702330196026
    outer loop
      vertex -1.4722431864335457 -34.75 -0.85
      vertex -1.3487006784950997 -25.25 -1.034894429314825
      vertex -1.4722431864335457 -25.25 -0.85
    endloop
  endfacet
  facet normal 0.659345815100068 -1.9968868705818855e-20 0.751839807478978
    outer loop
      vertex -1.034894429314825 -25.25 -1.3487006784950997
      vertex -1.2020815280171309 -25.25 -1.2020815280171309
      vertex -1.2020815280171309 -34.75 -1.2020815280171309
    endloop
  endfacet
  facet normal 0.751839807478978 -1.9968868705818855e-20 0.659345815100068
    outer loop
      vertex -1.2020815280171309 -25.25 -1.2020815280171309
      vertex -1.3487006784950997 -25.25 -1.034894429314825
      vertex -1.3487006784950997 -34.75 -1.034894429314825
    endloop
  endfacet
  facet normal 0.8968727415326884 4.057667111325195e-19 0.4422886902190009
    outer loop
      vertex -1.4722431864335457 -25.25 -0.85
      vertex -1.5705952052691874 -25.25 -0.6505618350206526
      vertex -1.5705952052691874 -34.75 -0.6505618350206526
    endloop
  endfacet
  facet normal 0.9469301294951054 2.2306081330534577e-19 0.3214394653031621
    outer loop
      vertex -1.5705952052691874 -25.25 -0.6505618350206526
      vertex -1.6420739046914161 -25.25 -0.43999237667428526
      vertex -1.6420739046914161 -34.75 -0.43999237667428526
    endloop
  endfacet
  facet normal 0.9807852804032307 0 0.19509032201612758
    outer loop
      vertex -1.6854562643354776 -34.75 -0.22189452677408766
      vertex -1.6420739046914161 -25.25 -0.43999237667428526
      vertex -1.6854562643354776 -25.25 -0.22189452677408766
    endloop
  endfacet
  facet normal 0.9978589232386035 -1.9721328287969126e-20 0.06540312923014345
    outer loop
      vertex -1.6854562643354776 -25.25 -0.22189452677408766
      vertex -1.7 -25.25 0
      vertex -1.7 -34.75 0
    endloop
  endfacet
  facet normal 0.9978589232386035 0 -0.06540312923014345
    outer loop
      vertex -1.6854562643354776 -34.75 0.22189452677408766
      vertex -1.7 -25.25 0
      vertex -1.6854562643354776 -25.25 0.22189452677408766
    endloop
  endfacet
  facet normal 0.9807852804032307 0 -0.19509032201612758
    outer loop
      vertex -1.6420739046914161 -34.75 0.43999237667428526
      vertex -1.6854562643354776 -25.25 0.22189452677408766
      vertex -1.6420739046914161 -25.25 0.43999237667428526
    endloop
  endfacet
  facet normal 0.9469301294951054 0 -0.3214394653031621
    outer loop
      vertex -1.5705952052691874 -34.75 0.6505618350206526
      vertex -1.6420739046914161 -25.25 0.43999237667428526
      vertex -1.5705952052691874 -25.25 0.6505618350206526
    endloop
  endfacet
  facet normal 0.8968727415326884 0 -0.4422886902190009
    outer loop
      vertex -1.4722431864335457 -34.75 0.85
      vertex -1.5705952052691874 -25.25 0.6505618350206526
      vertex -1.4722431864335457 -25.25 0.85
    endloop
  endfacet
  facet normal 0.831469612302545 0 -0.5555702330196026
    outer loop
      vertex -1.3487006784950997 -34.75 1.034894429314825
      vertex -1.4722431864335457 -25.25 0.85
      vertex -1.3487006784950997 -25.25 1.034894429314825
    endloop
  endfacet
  facet normal 0.4422886902190009 4.057667111325195e-19 0.8968727415326884
    outer loop
      vertex -0.85 -34.75 -1.4722431864335457
      vertex -0.6505618350206526 -34.75 -1.5705952052691874
      vertex -0.6505618350206526 -25.25 -1.5705952052691874
    endloop
  endfacet
  facet normal 0.3214394653031621 2.2306081330534577e-19 0.9469301294951054
    outer loop
      vertex -0.6505618350206526 -34.75 -1.5705952052691874
      vertex -0.43999237667428526 -34.75 -1.6420739046914161
      vertex -0.43999237667428526 -25.25 -1.6420739046914161
    endloop
  endfacet
  facet normal 0.19509032201612758 -1.8600634687477778e-19 0.9807852804032307
    outer loop
      vertex -0.43999237667428526 -34.75 -1.6420739046914161
      vertex -0.22189452677408766 -34.75 -1.6854562643354776
      vertex -0.22189452677408766 -25.25 -1.6854562643354776
    endloop
  endfacet
  facet normal 0.06540312923014345 -1.9721328287969126e-20 0.9978589232386035
    outer loop
      vertex -0.22189452677408766 -34.75 -1.6854562643354776
      vertex 0 -34.75 -1.7
      vertex 0 -25.25 -1.7
    endloop
  endfacet
  facet normal -0.06540312923014345 1.9721328287969126e-20 0.9978589232386035
    outer loop
      vertex 0 -34.75 -1.7
      vertex 0.22189452677408766 -34.75 -1.6854562643354776
      vertex 0.22189452677408766 -25.25 -1.6854562643354776
    endloop
  endfacet
  facet normal -0.19509032201612758 1.8600634687477778e-19 0.9807852804032307
    outer loop
      vertex 0.22189452677408766 -34.75 -1.6854562643354776
      vertex 0.43999237667428526 -34.75 -1.6420739046914161
      vertex 0.43999237667428526 -25.25 -1.6420739046914161
    endloop
  endfacet
  facet normal 0.4422886902190009 0 0.8968727415326884
    outer loop
      vertex -0.85 -34.75 -1.4722431864335457
      vertex -0.6505618350206526 -25.25 -1.5705952052691874
      vertex -0.85 -25.25 -1.4722431864335457
    endloop
  endfacet
  facet normal 0.3214394653031621 0 0.9469301294951054
    outer loop
      vertex -0.6505618350206526 -34.75 -1.5705952052691874
      vertex -0.43999237667428526 -25.25 -1.6420739046914161
      vertex -0.6505618350206526 -25.25 -1.5705952052691874
    endloop
  endfacet
  facet normal 0.19509032201612758 0 0.9807852804032307
    outer loop
      vertex -0.43999237667428526 -34.75 -1.6420739046914161
      vertex -0.22189452677408766 -25.25 -1.6854562643354776
      vertex -0.43999237667428526 -25.25 -1.6420739046914161
    endloop
  endfacet
  facet normal 0.06540312923014345 0 0.9978589232386035
    outer loop
      vertex -0.22189452677408766 -34.75 -1.6854562643354776
      vertex 0 -25.25 -1.7
      vertex -0.22189452677408766 -25.25 -1.6854562643354776
    endloop
  endfacet
  facet normal -0.06540312923014345 0 0.9978589232386035
    outer loop
      vertex 0 -34.75 -1.7
      vertex 0.22189452677408766 -25.25 -1.6854562643354776
      vertex 0 -25.25 -1.7
    endloop
  endfacet
  facet normal -0.19509032201612758 0 0.9807852804032307
    outer loop
      vertex 0.22189452677408766 -34.75 -1.6854562643354776
      vertex 0.43999237667428526 -25.25 -1.6420739046914161
      vertex 0.22189452677408766 -25.25 -1.6854562643354776
    endloop
  endfacet
  facet normal -0.3214394653031621 -2.2306081330534577e-19 0.9469301294951054
    outer loop
      vertex 0.43999237667428526 -34.75 -1.6420739046914161
      vertex 0.6505618350206526 -34.75 -1.5705952052691874
      vertex 0.6505618350206526 -25.25 -1.5705952052691874
    endloop
  endfacet
  facet normal -0.4422886902190009 -4.057667111325195e-19 0.8968727415326884
    outer loop
      vertex 0.6505618350206526 -34.75 -1.5705952052691874
      vertex 0.85 -34.75 -1.4722431864335457
      vertex 0.85 -25.25 -1.4722431864335457
    endloop
  endfacet
  facet normal -0.3214394653031621 0 0.9469301294951054
    outer loop
      vertex 0.43999237667428526 -34.75 -1.6420739046914161
      vertex 0.6505618350206526 -25.25 -1.5705952052691874
      vertex 0.43999237667428526 -25.25 -1.6420739046914161
    endloop
  endfacet
  facet normal -0.4422886902190009 0 0.8968727415326884
    outer loop
      vertex 0.6505618350206526 -34.75 -1.5705952052691874
      vertex 0.85 -25.25 -1.4722431864335457
      vertex 0.6505618350206526 -25.25 -1.5705952052691874
    endloop
  endfacet
  facet normal 0.5555702330196026 -5.839904031950727e-19 0.831469612302545
    outer loop
      vertex -1.034894429314825 -34.75 -1.3487006784950997
      vertex -0.85 -34.75 -1.4722431864335457
      vertex -0.85 -25.25 -1.4722431864335457
    endloop
  endfacet
  facet normal 0.5555702330196026 0 0.831469612302545
    outer loop
      vertex -1.034894429314825 -34.75 -1.3487006784950997
      vertex -0.85 -25.25 -1.4722431864335457
      vertex -1.034894429314825 -25.25 -1.3487006784950997
    endloop
  endfacet
  facet normal -0.5555702330196026 5.839904031950727e-19 0.831469612302545
    outer loop
      vertex 0.85 -34.75 -1.4722431864335457
      vertex 1.034894429314825 -34.75 -1.3487006784950997
      vertex 1.034894429314825 -25.25 -1.3487006784950997
    endloop
  endfacet
  facet normal -0.659345815100068 1.9968868705818855e-20 0.751839807478978
    outer loop
      vertex 1.034894429314825 -34.75 -1.3487006784950997
      vertex 1.2020815280171309 -34.75 -1.2020815280171309
      vertex 1.2020815280171309 -25.25 -1.2020815280171309
    endloop
  endfacet
  facet normal -0.751839807478978 1.9968868705818855e-20 0.659345815100068
    outer loop
      vertex 1.2020815280171309 -34.75 -1.2020815280171309
      vertex 1.3487006784950997 -34.75 -1.034894429314825
      vertex 1.3487006784950997 -25.25 -1.034894429314825
    endloop
  endfacet
  facet normal -0.831469612302545 0 0.5555702330196026
    outer loop
      vertex 1.4722431864335457 -25.25 -0.85
      vertex 1.3487006784950997 -34.75 -1.034894429314825
      vertex 1.4722431864335457 -34.75 -0.85
    endloop
  endfacet
  facet normal -0.8968727415326884 -4.057667111325195e-19 0.4422886902190009
    outer loop
      vertex 1.4722431864335457 -34.75 -0.85
      vertex 1.5705952052691874 -34.75 -0.6505618350206526
      vertex 1.5705952052691874 -25.25 -0.6505618350206526
    endloop
  endfacet
  facet normal -0.9469301294951054 0 0.3214394653031621
    outer loop
      vertex 1.6420739046914161 -34.75 -0.43999237667428526
      vertex 1.6420739046914161 -25.25 -0.43999237667428526
      vertex 1.5705952052691874 -34.75 -0.6505618350206526
    endloop
  endfacet
  facet normal -0.9807852804032307 0 0.19509032201612758
    outer loop
      vertex 1.6854562643354776 -34.75 -0.22189452677408766
      vertex 1.6854562643354776 -25.25 -0.22189452677408766
      vertex 1.6420739046914161 -34.75 -0.43999237667428526
    endloop
  endfacet
  facet normal -0.9978589232386035 0 0.06540312923014345
    outer loop
      vertex 1.7 -34.75 0
      vertex 1.7 -25.25 0
      vertex 1.6854562643354776 -34.75 -0.22189452677408766
    endloop
  endfacet
  facet normal -0.5555702330196026 0 0.831469612302545
    outer loop
      vertex 0.85 -34.75 -1.4722431864335457
      vertex 1.034894429314825 -25.25 -1.3487006784950997
      vertex 0.85 -25.25 -1.4722431864335457
    endloop
  endfacet
  facet normal -0.659345815100068 0 0.751839807478978
    outer loop
      vertex 1.034894429314825 -34.75 -1.3487006784950997
      vertex 1.2020815280171309 -25.25 -1.2020815280171309
      vertex 1.034894429314825 -25.25 -1.3487006784950997
    endloop
  endfacet
  facet normal -0.751839807478978 0 0.659345815100068
    outer loop
      vertex 1.2020815280171309 -34.75 -1.2020815280171309
      vertex 1.3487006784950997 -25.25 -1.034894429314825
      vertex 1.2020815280171309 -25.25 -1.2020815280171309
    endloop
  endfacet
  facet normal -0.831469612302545 0 0.5555702330196026
    outer loop
      vertex 1.3487006784950997 -34.75 -1.034894429314825
      vertex 1.4722431864335457 -25.25 -0.85
      vertex 1.3487006784950997 -25.25 -1.034894429314825
    endloop
  endfacet
  facet normal -0.8968727415326884 0 0.4422886902190009
    outer loop
      vertex 1.4722431864335457 -34.75 -0.85
      vertex 1.5705952052691874 -25.25 -0.6505618350206526
      vertex 1.4722431864335457 -25.25 -0.85
    endloop
  endfacet
  facet normal -0.9469301294951054 -2.2306081330534577e-19 0.3214394653031621
    outer loop
      vertex 1.6420739046914161 -25.25 -0.43999237667428526
      vertex 1.5705952052691874 -25.25 -0.6505618350206526
      vertex 1.5705952052691874 -34.75 -0.6505618350206526
    endloop
  endfacet
  facet normal -0.9807852804032307 1.8600634687477778e-19 0.19509032201612758
    outer loop
      vertex 1.6854562643354776 -25.25 -0.22189452677408766
      vertex 1.6420739046914161 -25.25 -0.43999237667428526
      vertex 1.6420739046914161 -34.75 -0.43999237667428526
    endloop
  endfacet
  facet normal -0.9978589232386035 0 0.06540312923014345
    outer loop
      vertex 1.6854562643354776 -34.75 -0.22189452677408766
      vertex 1.7 -25.25 0
      vertex 1.6854562643354776 -25.25 -0.22189452677408766
    endloop
  endfacet
  facet normal 0.751839807478978 0 -0.659345815100068
    outer loop
      vertex -1.3487006784950997 -34.75 1.034894429314825
      vertex -1.3487006784950997 -25.25 1.034894429314825
      vertex -1.2020815280171309 -34.75 1.2020815280171309
    endloop
  endfacet
  facet normal 0.659345815100068 0 -0.751839807478978
    outer loop
      vertex -1.2020815280171309 -34.75 1.2020815280171309
      vertex -1.2020815280171309 -25.25 1.2020815280171309
      vertex -1.034894429314825 -34.75 1.3487006784950997
    endloop
  endfacet
  facet normal 0.751839807478978 0 -0.659345815100068
    outer loop
      vertex -1.2020815280171309 -34.75 1.2020815280171309
      vertex -1.3487006784950997 -25.25 1.034894429314825
      vertex -1.2020815280171309 -25.25 1.2020815280171309
    endloop
  endfacet
  facet normal 0.659345815100068 0 -0.751839807478978
    outer loop
      vertex -1.034894429314825 -34.75 1.3487006784950997
      vertex -1.2020815280171309 -25.25 1.2020815280171309
      vertex -1.034894429314825 -25.25 1.3487006784950997
    endloop
  endfacet
  facet normal 0.5555702330196026 5.839904031950727e-19 -0.831469612302545
    outer loop
      vertex -0.85 -34.75 1.4722431864335457
      vertex -1.034894429314825 -34.75 1.3487006784950997
      vertex -1.034894429314825 -25.25 1.3487006784950997
    endloop
  endfacet
  facet normal 0.4422886902190009 -4.057667111325195e-19 -0.8968727415326884
    outer loop
      vertex -0.6505618350206526 -34.75 1.5705952052691874
      vertex -0.85 -34.75 1.4722431864335457
      vertex -0.85 -25.25 1.4722431864335457
    endloop
  endfacet
  facet normal 0.3214394653031621 3.533460190934335e-18 -0.9469301294951054
    outer loop
      vertex -0.43999237667428526 -34.75 1.6420739046914161
      vertex -0.6505618350206526 -34.75 1.5705952052691874
      vertex -0.6505618350206527 -25.25 1.5705952052691874
    endloop
  endfacet
  facet normal 0.19509032201612758 1.8600634687477778e-19 -0.9807852804032307
    outer loop
      vertex -0.22189452677408766 -34.75 1.6854562643354776
      vertex -0.43999237667428526 -34.75 1.6420739046914161
      vertex -0.43999237667428526 -25.25 1.6420739046914161
    endloop
  endfacet
  facet normal 0.06540312923014345 1.9721328287969126e-20 -0.9978589232386035
    outer loop
      vertex 0 -34.75 1.7
      vertex -0.22189452677408766 -34.75 1.6854562643354776
      vertex -0.22189452677408766 -25.25 1.6854562643354776
    endloop
  endfacet
  facet normal 0.5555702330196026 0 -0.831469612302545
    outer loop
      vertex -0.85 -34.75 1.4722431864335457
      vertex -1.034894429314825 -25.25 1.3487006784950997
      vertex -0.85 -25.25 1.4722431864335457
    endloop
  endfacet
  facet normal 0.4422886902190012 5.1688324990782986e-18 -0.8968727415326885
    outer loop
      vertex -0.6505618350206526 -34.75 1.5705952052691874
      vertex -0.85 -25.25 1.4722431864335457
      vertex -0.6505618350206527 -25.25 1.5705952052691874
    endloop
  endfacet
  facet normal 0.321439465303162 0 -0.9469301294951056
    outer loop
      vertex -0.43999237667428526 -34.75 1.6420739046914161
      vertex -0.6505618350206527 -25.25 1.5705952052691874
      vertex -0.43999237667428526 -25.25 1.6420739046914161
    endloop
  endfacet
  facet normal 0.19509032201612758 0 -0.9807852804032307
    outer loop
      vertex -0.22189452677408766 -34.75 1.6854562643354776
      vertex -0.43999237667428526 -25.25 1.6420739046914161
      vertex -0.22189452677408766 -25.25 1.6854562643354776
    endloop
  endfacet
  facet normal 0.06540312923014345 0 -0.9978589232386035
    outer loop
      vertex 0 -34.75 1.7
      vertex -0.22189452677408766 -25.25 1.6854562643354776
      vertex 0 -25.25 1.7
    endloop
  endfacet
  facet normal 0.831469612302545 0 0.5555702330196026
    outer loop
      vertex -1.3487006784950997 -14.75 -1.034894429314825
      vertex -1.3487006784950997 -5.25 -1.034894429314825
      vertex -1.4722431864335457 -14.75 -0.85
    endloop
  endfacet
  facet normal 0.659345815100068 -1.9968868705818855e-20 0.751839807478978
    outer loop
      vertex -1.2020815280171309 -14.75 -1.2020815280171309
      vertex -1.034894429314825 -14.75 -1.3487006784950997
      vertex -1.034894429314825 -5.25 -1.3487006784950997
    endloop
  endfacet
  facet normal 0.751839807478978 -1.9968868705818855e-20 0.659345815100068
    outer loop
      vertex -1.3487006784950997 -14.75 -1.034894429314825
      vertex -1.2020815280171309 -14.75 -1.2020815280171309
      vertex -1.2020815280171309 -5.25 -1.2020815280171309
    endloop
  endfacet
  facet normal 0.9469301294951054 0 0.3214394653031621
    outer loop
      vertex -1.5705952052691874 -14.75 -0.6505618350206526
      vertex -1.5705952052691874 -5.25 -0.6505618350206526
      vertex -1.6420739046914161 -14.75 -0.43999237667428526
    endloop
  endfacet
  facet normal 0.8968727415326884 0 0.4422886902190009
    outer loop
      vertex -1.4722431864335457 -14.75 -0.85
      vertex -1.4722431864335457 -5.25 -0.85
      vertex -1.5705952052691874 -14.75 -0.6505618350206526
    endloop
  endfacet
  facet normal 0.9807852804032307 -1.8600634687477778e-19 0.19509032201612758
    outer loop
      vertex -1.6854562643354776 -14.75 -0.22189452677408766
      vertex -1.6420739046914161 -14.75 -0.43999237667428526
      vertex -1.6420739046914161 -5.25 -0.43999237667428526
    endloop
  endfacet
  facet normal 0.9978589232386035 0 0.06540312923014345
    outer loop
      vertex -1.6854562643354776 -5.25 -0.22189452677408766
      vertex -1.7 -14.75 0
      vertex -1.6854562643354776 -14.75 -0.22189452677408766
    endloop
  endfacet
  facet normal 0.9978589232386035 0 -0.06540312923014345
    outer loop
      vertex -1.7 -5.25 0
      vertex -1.6854562643354776 -14.75 0.22189452677408766
      vertex -1.7 -14.75 0
    endloop
  endfacet
  facet normal 0.9807852804032307 0 -0.19509032201612758
    outer loop
      vertex -1.6854562643354776 -14.75 0.22189452677408766
      vertex -1.6854562643354776 -5.25 0.22189452677408766
      vertex -1.6420739046914161 -14.75 0.43999237667428526
    endloop
  endfacet
  facet normal 0.9469301294951054 0 -0.3214394653031621
    outer loop
      vertex -1.6420739046914161 -14.75 0.43999237667428526
      vertex -1.6420739046914161 -5.25 0.43999237667428526
      vertex -1.5705952052691874 -14.75 0.6505618350206526
    endloop
  endfacet
  facet normal 0.8968727415326884 0 -0.4422886902190009
    outer loop
      vertex -1.5705952052691874 -14.75 0.6505618350206526
      vertex -1.5705952052691874 -5.25 0.6505618350206526
      vertex -1.4722431864335457 -14.75 0.85
    endloop
  endfacet
  facet normal 0.831469612302545 0 -0.5555702330196026
    outer loop
      vertex -1.4722431864335457 -5.25 0.85
      vertex -1.3487006784950997 -14.75 1.034894429314825
      vertex -1.4722431864335457 -14.75 0.85
    endloop
  endfacet
  facet normal 0.4422886902190009 4.057667111325195e-19 0.8968727415326884
    outer loop
      vertex -0.85 -14.75 -1.4722431864335457
      vertex -0.6505618350206526 -14.75 -1.5705952052691874
      vertex -0.6505618350206526 -5.25 -1.5705952052691874
    endloop
  endfacet
  facet normal 0.3214394653031621 2.2306081330534577e-19 0.9469301294951054
    outer loop
      vertex -0.6505618350206526 -14.75 -1.5705952052691874
      vertex -0.43999237667428526 -14.75 -1.6420739046914161
      vertex -0.43999237667428526 -5.25 -1.6420739046914161
    endloop
  endfacet
  facet normal 0.19509032201612758 -1.8600634687477778e-19 0.9807852804032307
    outer loop
      vertex -0.43999237667428526 -14.75 -1.6420739046914161
      vertex -0.22189452677408766 -14.75 -1.6854562643354776
      vertex -0.22189452677408766 -5.25 -1.6854562643354776
    endloop
  endfacet
  facet normal 0.06540312923014345 -1.9721328287969126e-20 0.9978589232386035
    outer loop
      vertex -0.22189452677408766 -14.75 -1.6854562643354776
      vertex 0 -14.75 -1.7
      vertex 0 -5.25 -1.7
    endloop
  endfacet
  facet normal -0.06540312923014345 1.9721328287969126e-20 0.9978589232386035
    outer loop
      vertex 0 -14.75 -1.7
      vertex 0.22189452677408766 -14.75 -1.6854562643354776
      vertex 0.22189452677408766 -5.25 -1.6854562643354776
    endloop
  endfacet
  facet normal -0.19509032201612758 1.8600634687477778e-19 0.9807852804032307
    outer loop
      vertex 0.22189452677408766 -14.75 -1.6854562643354776
      vertex 0.43999237667428526 -14.75 -1.6420739046914161
      vertex 0.43999237667428526 -5.25 -1.6420739046914161
    endloop
  endfacet
  facet normal -0.3214394653031621 -2.2306081330534577e-19 0.9469301294951054
    outer loop
      vertex 0.43999237667428526 -14.75 -1.6420739046914161
      vertex 0.6505618350206526 -14.75 -1.5705952052691874
      vertex 0.6505618350206526 -5.25 -1.5705952052691874
    endloop
  endfacet
  facet normal -0.4422886902190009 -4.057667111325195e-19 0.8968727415326884
    outer loop
      vertex 0.6505618350206526 -14.75 -1.5705952052691874
      vertex 0.85 -14.75 -1.4722431864335457
      vertex 0.85 -5.25 -1.4722431864335457
    endloop
  endfacet
  facet normal 0.5555702330196026 -5.839904031950727e-19 0.831469612302545
    outer loop
      vertex -1.034894429314825 -14.75 -1.3487006784950997
      vertex -0.85 -14.75 -1.4722431864335457
      vertex -0.85 -5.25 -1.4722431864335457
    endloop
  endfacet
  facet normal -0.9978589232386035 0 -0.06540312923014345
    outer loop
      vertex 1.6854562643354776 -44.29 0.22189452677408766
      vertex 1.6854562643354776 44.29 0.22189452677408766
      vertex 1.7 -44.29 0
    endloop
  endfacet
  facet normal -0.9807852804032307 0 -0.19509032201612758
    outer loop
      vertex 1.6420739046914161 -44.29 0.43999237667428526
      vertex 1.6420739046914161 44.29 0.43999237667428526
      vertex 1.6854562643354776 -44.29 0.22189452677408766
    endloop
  endfacet
  facet normal -0.9469301294951055 0 -0.3214394653031621
    outer loop
      vertex 1.5705952052691874 -44.29 0.6505618350206526
      vertex 1.5705952052691874 44.29 0.6505618350206526
      vertex 1.6420739046914161 -44.29 0.43999237667428526
    endloop
  endfacet
  facet normal -0.831469612302545 0 -0.5555702330196026
    outer loop
      vertex 1.3487006784950997 -44.28008331854697 1.034894429314825
      vertex 1.3487006784950997 44.28008331854697 1.034894429314825
      vertex 1.4722431864335457 -44.28818072232214 0.85
    endloop
  endfacet
  facet normal -0.8968727415326884 0 -0.442288690219001
    outer loop
      vertex 1.5 -44.29 0.7937147500488174
      vertex 1.5 44.29 0.7937147500488174
      vertex 1.5705952052691874 -44.29 0.6505618350206526
    endloop
  endfacet
  facet normal -0.8968727415326887 0 -0.4422886902190008
    outer loop
      vertex 1.4722431864335457 -44.28818072232214 0.85
      vertex 1.4722431864335457 44.28818072232214 0.85
      vertex 1.5 -44.29 0.7937147500488174
    endloop
  endfacet
  facet normal -0.5555702330196026 5.839904031950727e-19 0.831469612302545
    outer loop
      vertex 0.85 -14.75 -1.4722431864335457
      vertex 1.034894429314825 -14.75 -1.3487006784950997
      vertex 1.034894429314825 -5.25 -1.3487006784950997
    endloop
  endfacet
  facet normal -0.659345815100068 1.9968868705818855e-20 0.751839807478978
    outer loop
      vertex 1.034894429314825 -14.75 -1.3487006784950997
      vertex 1.2020815280171309 -14.75 -1.2020815280171309
      vertex 1.2020815280171309 -5.25 -1.2020815280171309
    endloop
  endfacet
  facet normal -0.751839807478978 1.9968868705818855e-20 0.659345815100068
    outer loop
      vertex 1.2020815280171309 -14.75 -1.2020815280171309
      vertex 1.3487006784950997 -14.75 -1.034894429314825
      vertex 1.3487006784950997 -5.25 -1.034894429314825
    endloop
  endfacet
  facet normal -0.831469612302545 0 0.5555702330196026
    outer loop
      vertex 1.4722431864335457 -5.25 -0.85
      vertex 1.3487006784950997 -14.75 -1.034894429314825
      vertex 1.4722431864335457 -14.75 -0.85
    endloop
  endfacet
  facet normal -0.8968727415326884 -4.057667111325195e-19 0.4422886902190009
    outer loop
      vertex 1.4722431864335457 -14.75 -0.85
      vertex 1.5705952052691874 -14.75 -0.6505618350206526
      vertex 1.5705952052691874 -5.25 -0.6505618350206526
    endloop
  endfacet
  facet normal -0.9469301294951054 0 0.3214394653031621
    outer loop
      vertex 1.6420739046914161 -14.75 -0.43999237667428526
      vertex 1.6420739046914161 -5.25 -0.43999237667428526
      vertex 1.5705952052691874 -14.75 -0.6505618350206526
    endloop
  endfacet
  facet normal -0.9807852804032307 0 0.19509032201612758
    outer loop
      vertex 1.6854562643354776 -14.75 -0.22189452677408766
      vertex 1.6854562643354776 -5.25 -0.22189452677408766
      vertex 1.6420739046914161 -14.75 -0.43999237667428526
    endloop
  endfacet
  facet normal -0.9978589232386035 0 0.06540312923014345
    outer loop
      vertex 1.7 -14.75 0
      vertex 1.7 -5.25 0
      vertex 1.6854562643354776 -14.75 -0.22189452677408766
    endloop
  endfacet
  facet normal -0.9978589232386034 0 -0.06540312923014342
    outer loop
      vertex 1.7 -34.75 0
      vertex 1.7 -44.29 0
      vertex 1.6854562643354776 44.29 0.22189452677408766
    endloop
  endfacet
  facet normal 0.751839807478978 0 -0.659345815100068
    outer loop
      vertex -1.3487006784950997 -14.75 1.034894429314825
      vertex -1.3487006784950997 -5.25 1.034894429314825
      vertex -1.2020815280171309 -14.75 1.2020815280171309
    endloop
  endfacet
  facet normal 0.659345815100068 0 -0.751839807478978
    outer loop
      vertex -1.2020815280171309 -14.75 1.2020815280171309
      vertex -1.2020815280171309 -5.25 1.2020815280171309
      vertex -1.034894429314825 -14.75 1.3487006784950997
    endloop
  endfacet
  facet normal -0.065403129230143 1.1483310521797654e-18 -0.9978589232386034
    outer loop
      vertex 0 -42.79 1.7
      vertex 0.012832707939284482 42.985789288330075 1.6991588998843628
      vertex 0.200961894323342 -43.54 1.6868282615521382
    endloop
  endfacet
  facet normal -0.06540312923014756 -8.761533777400456e-18 -0.9978589232386033
    outer loop
      vertex 0.200961894323342 -43.54 1.6868282615521382
      vertex 0.012832707939284482 42.985789288330075 1.6991588998843628
      vertex 0.22189452677408766 -43.571327898353545 1.6854562643354776
    endloop
  endfacet
  facet normal -0.19509032201612658 -1.1015574558478965e-20 -0.9807852804032309
    outer loop
      vertex 0.3099699895631467 -43.70314214351308 1.667936965524047
      vertex 0.22189452677408766 -43.571327898353545 1.6854562643354776
      vertex 0.22189452677408766 43.571327898353545 1.6854562643354776
    endloop
  endfacet
  facet normal -0.19509032201617885 -1.3297785832862485e-16 -0.9807852804032203
    outer loop
      vertex 0.43933982822017903 -43.85066017177982 1.6422037046492524
      vertex 0.22189452677408766 43.571327898353545 1.6854562643354776
      vertex 0.43999237667428526 -43.851232441415036 1.6420739046914161
    endloop
  endfacet
  facet normal -0.195090322016128 -1.4828097207805637e-18 -0.9807852804032305
    outer loop
      vertex 0.43933982822017903 -43.85066017177982 1.6422037046492524
      vertex 0.3099699895631467 -43.70314214351308 1.667936965524047
      vertex 0.22189452677408766 43.571327898353545 1.6854562643354776
    endloop
  endfacet
  facet normal -0.3214394653031618 -1.4393323945853394e-20 -0.9469301294951055
    outer loop
      vertex 0.5868578564869189 -43.98003001043685 1.5922197920890044
      vertex 0.43999237667428526 -43.851232441415036 1.6420739046914161
      vertex 0.43999237667428526 43.851232441415036 1.6420739046914161
    endloop
  endfacet
  facet normal 0.5555702330196026 5.839904031950727e-19 -0.831469612302545
    outer loop
      vertex -0.85 -14.75 1.4722431864335457
      vertex -1.034894429314825 -14.75 1.3487006784950997
      vertex -1.034894429314825 -5.25 1.3487006784950997
    endloop
  endfacet
  facet normal 0.4422886902190009 -4.057667111325195e-19 -0.8968727415326884
    outer loop
      vertex -0.6505618350206526 -14.75 1.5705952052691874
      vertex -0.85 -14.75 1.4722431864335457
      vertex -0.85 -5.25 1.4722431864335457
    endloop
  endfacet
  facet normal 0.3214394653031621 3.533460190934335e-18 -0.9469301294951054
    outer loop
      vertex -0.43999237667428526 -14.75 1.6420739046914161
      vertex -0.6505618350206526 -14.75 1.5705952052691874
      vertex -0.6505618350206527 -5.25 1.5705952052691874
    endloop
  endfacet
  facet normal 0.19509032201612758 1.8600634687477778e-19 -0.9807852804032307
    outer loop
      vertex -0.22189452677408766 -14.75 1.6854562643354776
      vertex -0.43999237667428526 -14.75 1.6420739046914161
      vertex -0.43999237667428526 -5.25 1.6420739046914161
    endloop
  endfacet
  facet normal 0.06540312923014345 1.9721328287969126e-20 -0.9978589232386035
    outer loop
      vertex 0 -14.75 1.7
      vertex -0.22189452677408766 -14.75 1.6854562643354776
      vertex -0.22189452677408766 -5.25 1.6854562643354776
    endloop
  endfacet
  facet normal -0.06540312923013537 0 -0.9978589232386039
    outer loop
      vertex 0 -42.79 1.7
      vertex 0 -34.75 1.7
      vertex 0.012832707939284482 42.985789288330075 1.6991588998843628
    endloop
  endfacet
  facet normal -0.32143946530316275 -1.619402201293923e-18 -0.9469301294951052
    outer loop
      vertex 0.5868578564869189 -43.98003001043685 1.5922197920890044
      vertex 0.43999237667428526 43.851232441415036 1.6420739046914161
      vertex 0.6505618350206526 -44.02259564804356 1.5705952052691874
    endloop
  endfacet
  facet normal -0.44228869021900147 -3.602438826689591e-20 -0.8968727415326883
    outer loop
      vertex 0.75 -44.08903810567666 1.521557729036676
      vertex 0.6505618350206526 -44.02259564804356 1.5705952052691874
      vertex 0.6505618350206526 44.02259564804356 1.5705952052691874
    endloop
  endfacet
  facet normal -0.4422886902190004 1.4614936653776015e-18 -0.8968727415326887
    outer loop
      vertex 0.75 -44.08903810567666 1.521557729036676
      vertex 0.6505618350206526 44.02259564804356 1.5705952052691874
      vertex 0.85 -44.13835264827979 1.4722431864335457
    endloop
  endfacet
  facet normal -0.659345815100068 3.751304862375084e-19 -0.7518398074789782
    outer loop
      vertex 1.1117714323462184 -44.238888739433605 1.281281356291145
      vertex 1.034894429314825 44.212792513345946 1.3487006784950997
      vertex 1.2020815280171309 -44.25685253436179 1.2020815280171309
    endloop
  endfacet
  facet normal -0.751839807478978 0 -0.6593458151000681
    outer loop
      vertex 1.2020815280171309 -44.25685253436179 1.2020815280171309
      vertex 1.2020815280171309 44.25685253436179 1.2020815280171309
      vertex 1.3042107116699224 -44.27716729206072 1.085625513560064
    endloop
  endfacet
  facet normal -0.5555702330196031 1.1347590268127513e-20 -0.8314696123025449
    outer loop
      vertex 0.9259748514523656 -44.17581929876693 1.4214784136739829
      vertex 0.85 -44.13835264827979 1.4722431864335457
      vertex 0.85 44.13835264827979 1.4722431864335457
    endloop
  endfacet
  facet normal -0.5555702330196024 7.25293721187726e-19 -0.8314696123025451
    outer loop
      vertex 0.9259748514523656 -44.17581929876693 1.4214784136739829
      vertex 0.85 44.13835264827979 1.4722431864335457
      vertex 1.034894429314825 -44.212792513345946 1.3487006784950997
    endloop
  endfacet
  facet normal -0.6593458151000682 -2.1064382494868694e-20 -0.7518398074789779
    outer loop
      vertex 1.1117714323462184 -44.238888739433605 1.281281356291145
      vertex 1.034894429314825 -44.212792513345946 1.3487006784950997
      vertex 1.034894429314825 44.212792513345946 1.3487006784950997
    endloop
  endfacet
  facet normal -0.751839807478978 -1.1804979355949377e-20 -0.6593458151000681
    outer loop
      vertex 1.3042107116699224 -44.27716729206072 1.085625513560064
      vertex 1.3487006784950997 44.28008331854697 1.034894429314825
      vertex 1.3487006784950997 -44.28008331854697 1.034894429314825
    endloop
  endfacet
  facet normal 0.831469612302545 0 0.5555702330196026
    outer loop
      vertex -1.4722431864335457 -14.75 -0.85
      vertex -1.3487006784950997 -5.25 -1.034894429314825
      vertex -1.4722431864335457 -5.25 -0.85
    endloop
  endfacet
  facet normal 0.659345815100068 -1.9968868705818855e-20 0.751839807478978
    outer loop
      vertex -1.034894429314825 -5.25 -1.3487006784950997
      vertex -1.2020815280171309 -5.25 -1.2020815280171309
      vertex -1.2020815280171309 -14.75 -1.2020815280171309
    endloop
  endfacet
  facet normal 0.751839807478978 -1.9968868705818855e-20 0.659345815100068
    outer loop
      vertex -1.2020815280171309 -5.25 -1.2020815280171309
      vertex -1.3487006784950997 -5.25 -1.034894429314825
      vertex -1.3487006784950997 -14.75 -1.034894429314825
    endloop
  endfacet
  facet normal 0.8968727415326884 4.057667111325195e-19 0.4422886902190009
    outer loop
      vertex -1.4722431864335457 -5.25 -0.85
      vertex -1.5705952052691874 -5.25 -0.6505618350206526
      vertex -1.5705952052691874 -14.75 -0.6505618350206526
    endloop
  endfacet
  facet normal 0.9469301294951054 2.2306081330534577e-19 0.3214394653031621
    outer loop
      vertex -1.5705952052691874 -5.25 -0.6505618350206526
      vertex -1.6420739046914161 -5.25 -0.43999237667428526
      vertex -1.6420739046914161 -14.75 -0.43999237667428526
    endloop
  endfacet
  facet normal 0.9807852804032307 0 0.19509032201612758
    outer loop
      vertex -1.6854562643354776 -14.75 -0.22189452677408766
      vertex -1.6420739046914161 -5.25 -0.43999237667428526
      vertex -1.6854562643354776 -5.25 -0.22189452677408766
    endloop
  endfacet
  facet normal 0.9978589232386035 0 0.06540312923014345
    outer loop
      vertex -1.7 -14.75 0
      vertex -1.6854562643354776 -5.25 -0.22189452677408766
      vertex -1.7 -5.25 0
    endloop
  endfacet
  facet normal 0.9978589232386035 0 -0.06540312923014345
    outer loop
      vertex -1.6854562643354776 -14.75 0.22189452677408766
      vertex -1.7 -5.25 0
      vertex -1.6854562643354776 -5.25 0.22189452677408766
    endloop
  endfacet
  facet normal 0.9807852804032307 0 -0.19509032201612758
    outer loop
      vertex -1.6420739046914161 -14.75 0.43999237667428526
      vertex -1.6854562643354776 -5.25 0.22189452677408766
      vertex -1.6420739046914161 -5.25 0.43999237667428526
    endloop
  endfacet
  facet normal 0.9469301294951054 0 -0.3214394653031621
    outer loop
      vertex -1.5705952052691874 -14.75 0.6505618350206526
      vertex -1.6420739046914161 -5.25 0.43999237667428526
      vertex -1.5705952052691874 -5.25 0.6505618350206526
    endloop
  endfacet
  facet normal 0.8968727415326884 0 -0.4422886902190009
    outer loop
      vertex -1.4722431864335457 -14.75 0.85
      vertex -1.5705952052691874 -5.25 0.6505618350206526
      vertex -1.4722431864335457 -5.25 0.85
    endloop
  endfacet
  facet normal 0.831469612302545 0 -0.5555702330196026
    outer loop
      vertex -1.3487006784950997 -14.75 1.034894429314825
      vertex -1.4722431864335457 -5.25 0.85
      vertex -1.3487006784950997 -5.25 1.034894429314825
    endloop
  endfacet
  facet normal 0.4422886902190009 0 0.8968727415326884
    outer loop
      vertex -0.85 -14.75 -1.4722431864335457
      vertex -0.6505618350206526 -5.25 -1.5705952052691874
      vertex -0.85 -5.25 -1.4722431864335457
    endloop
  endfacet
  facet normal 0.3214394653031621 0 0.9469301294951054
    outer loop
      vertex -0.6505618350206526 -14.75 -1.5705952052691874
      vertex -0.43999237667428526 -5.25 -1.6420739046914161
      vertex -0.6505618350206526 -5.25 -1.5705952052691874
    endloop
  endfacet
  facet normal 0.19509032201612758 0 0.9807852804032307
    outer loop
      vertex -0.43999237667428526 -14.75 -1.6420739046914161
      vertex -0.22189452677408766 -5.25 -1.6854562643354776
      vertex -0.43999237667428526 -5.25 -1.6420739046914161
    endloop
  endfacet
  facet normal 0.06540312923014345 0 0.9978589232386035
    outer loop
      vertex -0.22189452677408766 -14.75 -1.6854562643354776
      vertex 0 -5.25 -1.7
      vertex -0.22189452677408766 -5.25 -1.6854562643354776
    endloop
  endfacet
  facet normal -0.06540312923014345 0 0.9978589232386035
    outer loop
      vertex 0 -14.75 -1.7
      vertex 0.22189452677408766 -5.25 -1.6854562643354776
      vertex 0 -5.25 -1.7
    endloop
  endfacet
  facet normal -0.19509032201612758 0 0.9807852804032307
    outer loop
      vertex 0.22189452677408766 -14.75 -1.6854562643354776
      vertex 0.43999237667428526 -5.25 -1.6420739046914161
      vertex 0.22189452677408766 -5.25 -1.6854562643354776
    endloop
  endfacet
  facet normal -0.3214394653031621 0 0.9469301294951054
    outer loop
      vertex 0.43999237667428526 -14.75 -1.6420739046914161
      vertex 0.6505618350206526 -5.25 -1.5705952052691874
      vertex 0.43999237667428526 -5.25 -1.6420739046914161
    endloop
  endfacet
  facet normal -0.4422886902190009 -4.057667111325195e-19 0.8968727415326884
    outer loop
      vertex 0.85 -5.25 -1.4722431864335457
      vertex 0.6505618350206526 -5.25 -1.5705952052691874
      vertex 0.6505618350206526 -14.75 -1.5705952052691874
    endloop
  endfacet
  facet normal 0.5555702330196026 0 0.831469612302545
    outer loop
      vertex -1.034894429314825 -14.75 -1.3487006784950997
      vertex -0.85 -5.25 -1.4722431864335457
      vertex -1.034894429314825 -5.25 -1.3487006784950997
    endloop
  endfacet
  facet normal -0.5555702330196026 0 0.831469612302545
    outer loop
      vertex 0.85 -14.75 -1.4722431864335457
      vertex 1.034894429314825 -5.25 -1.3487006784950997
      vertex 0.85 -5.25 -1.4722431864335457
    endloop
  endfacet
  facet normal -0.659345815100068 0 0.751839807478978
    outer loop
      vertex 1.034894429314825 -14.75 -1.3487006784950997
      vertex 1.2020815280171309 -5.25 -1.2020815280171309
      vertex 1.034894429314825 -5.25 -1.3487006784950997
    endloop
  endfacet
  facet normal -0.751839807478978 0 0.659345815100068
    outer loop
      vertex 1.2020815280171309 -14.75 -1.2020815280171309
      vertex 1.3487006784950997 -5.25 -1.034894429314825
      vertex 1.2020815280171309 -5.25 -1.2020815280171309
    endloop
  endfacet
  facet normal -0.831469612302545 0 0.5555702330196026
    outer loop
      vertex 1.3487006784950997 -14.75 -1.034894429314825
      vertex 1.4722431864335457 -5.25 -0.85
      vertex 1.3487006784950997 -5.25 -1.034894429314825
    endloop
  endfacet
  facet normal -0.8968727415326884 0 0.4422886902190009
    outer loop
      vertex 1.4722431864335457 -14.75 -0.85
      vertex 1.5705952052691874 -5.25 -0.6505618350206526
      vertex 1.4722431864335457 -5.25 -0.85
    endloop
  endfacet
  facet normal -0.9469301294951054 0 0.3214394653031621
    outer loop
      vertex 1.5705952052691874 -14.75 -0.6505618350206526
      vertex 1.6420739046914161 -5.25 -0.43999237667428526
      vertex 1.5705952052691874 -5.25 -0.6505618350206526
    endloop
  endfacet
  facet normal -0.9807852804032307 1.8600634687477778e-19 0.19509032201612758
    outer loop
      vertex 1.6854562643354776 -5.25 -0.22189452677408766
      vertex 1.6420739046914161 -5.25 -0.43999237667428526
      vertex 1.6420739046914161 -14.75 -0.43999237667428526
    endloop
  endfacet
  facet normal -0.9978589232386035 0 0.06540312923014345
    outer loop
      vertex 1.6854562643354776 -14.75 -0.22189452677408766
      vertex 1.7 -5.25 0
      vertex 1.6854562643354776 -5.25 -0.22189452677408766
    endloop
  endfacet
  facet normal -0.9978589232386035 0 -0.06540312923014345
    outer loop
      vertex 1.7 -34.75 0
      vertex 1.6854562643354776 44.29 0.22189452677408766
      vertex 1.7 -25.25 0
    endloop
  endfacet
  facet normal 0.751839807478978 0 -0.659345815100068
    outer loop
      vertex -1.2020815280171309 -14.75 1.2020815280171309
      vertex -1.3487006784950997 -5.25 1.034894429314825
      vertex -1.2020815280171309 -5.25 1.2020815280171309
    endloop
  endfacet
  facet normal 0.659345815100068 0 -0.751839807478978
    outer loop
      vertex -1.034894429314825 -14.75 1.3487006784950997
      vertex -1.2020815280171309 -5.25 1.2020815280171309
      vertex -1.034894429314825 -5.25 1.3487006784950997
    endloop
  endfacet
  facet normal 0.5555702330196026 0 -0.831469612302545
    outer loop
      vertex -0.85 -14.75 1.4722431864335457
      vertex -1.034894429314825 -5.25 1.3487006784950997
      vertex -0.85 -5.25 1.4722431864335457
    endloop
  endfacet
  facet normal 0.4422886902190012 5.1688324990782986e-18 -0.8968727415326885
    outer loop
      vertex -0.6505618350206526 -14.75 1.5705952052691874
      vertex -0.85 -5.25 1.4722431864335457
      vertex -0.6505618350206527 -5.25 1.5705952052691874
    endloop
  endfacet
  facet normal 0.321439465303162 0 -0.9469301294951056
    outer loop
      vertex -0.43999237667428526 -14.75 1.6420739046914161
      vertex -0.6505618350206527 -5.25 1.5705952052691874
      vertex -0.43999237667428526 -5.25 1.6420739046914161
    endloop
  endfacet
  facet normal 0.19509032201612758 0 -0.9807852804032307
    outer loop
      vertex -0.22189452677408766 -14.75 1.6854562643354776
      vertex -0.43999237667428526 -5.25 1.6420739046914161
      vertex -0.22189452677408766 -5.25 1.6854562643354776
    endloop
  endfacet
  facet normal 0.06540312923014345 0 -0.9978589232386035
    outer loop
      vertex 0 -14.75 1.7
      vertex -0.22189452677408766 -5.25 1.6854562643354776
      vertex 0 -5.25 1.7
    endloop
  endfacet
  facet normal -0.06540312923013537 0 -0.9978589232386039
    outer loop
      vertex 0 -25.25 1.7
      vertex 0.012832707939284482 42.985789288330075 1.6991588998843628
      vertex 0 -34.75 1.7
    endloop
  endfacet
  facet normal 0.831469612302545 0 0.5555702330196026
    outer loop
      vertex -1.3487006784950997 5.25 -1.034894429314825
      vertex -1.3487006784950997 14.75 -1.034894429314825
      vertex -1.4722431864335457 5.25 -0.85
    endloop
  endfacet
  facet normal 0.659345815100068 -1.9968868705818855e-20 0.751839807478978
    outer loop
      vertex -1.2020815280171309 5.25 -1.2020815280171309
      vertex -1.034894429314825 5.25 -1.3487006784950997
      vertex -1.034894429314825 14.75 -1.3487006784950997
    endloop
  endfacet
  facet normal 0.751839807478978 -1.9968868705818855e-20 0.659345815100068
    outer loop
      vertex -1.3487006784950997 5.25 -1.034894429314825
      vertex -1.2020815280171309 5.25 -1.2020815280171309
      vertex -1.2020815280171309 14.75 -1.2020815280171309
    endloop
  endfacet
  facet normal 0.9469301294951054 0 0.3214394653031621
    outer loop
      vertex -1.5705952052691874 5.25 -0.6505618350206526
      vertex -1.5705952052691874 14.75 -0.6505618350206526
      vertex -1.6420739046914161 5.25 -0.43999237667428526
    endloop
  endfacet
  facet normal 0.8968727415326884 0 0.4422886902190009
    outer loop
      vertex -1.4722431864335457 5.25 -0.85
      vertex -1.4722431864335457 14.75 -0.85
      vertex -1.5705952052691874 5.25 -0.6505618350206526
    endloop
  endfacet
  facet normal 0.9807852804032307 -1.8600634687477778e-19 0.19509032201612758
    outer loop
      vertex -1.6854562643354776 5.25 -0.22189452677408766
      vertex -1.6420739046914161 5.25 -0.43999237667428526
      vertex -1.6420739046914161 14.75 -0.43999237667428526
    endloop
  endfacet
  facet normal 0.9978589232386035 0 0.06540312923014345
    outer loop
      vertex -1.6854562643354776 14.75 -0.22189452677408766
      vertex -1.7 5.25 0
      vertex -1.6854562643354776 5.25 -0.22189452677408766
    endloop
  endfacet
  facet normal 0.9978589232386035 0 -0.06540312923014345
    outer loop
      vertex -1.7 14.75 0
      vertex -1.6854562643354776 5.25 0.22189452677408766
      vertex -1.7 5.25 0
    endloop
  endfacet
  facet normal 0.9807852804032307 0 -0.19509032201612758
    outer loop
      vertex -1.6854562643354776 5.25 0.22189452677408766
      vertex -1.6854562643354776 14.75 0.22189452677408766
      vertex -1.6420739046914161 5.25 0.43999237667428526
    endloop
  endfacet
  facet normal 0.9469301294951054 0 -0.3214394653031621
    outer loop
      vertex -1.6420739046914161 5.25 0.43999237667428526
      vertex -1.6420739046914161 14.75 0.43999237667428526
      vertex -1.5705952052691874 5.25 0.6505618350206526
    endloop
  endfacet
  facet normal 0.8968727415326884 0 -0.4422886902190009
    outer loop
      vertex -1.5705952052691874 5.25 0.6505618350206526
      vertex -1.5705952052691874 14.75 0.6505618350206526
      vertex -1.4722431864335457 5.25 0.85
    endloop
  endfacet
  facet normal 0.831469612302545 0 -0.5555702330196026
    outer loop
      vertex -1.4722431864335457 14.75 0.85
      vertex -1.3487006784950997 5.25 1.034894429314825
      vertex -1.4722431864335457 5.25 0.85
    endloop
  endfacet
  facet normal -0.9978589232386035 0 -0.06540312923014345
    outer loop
      vertex 1.7 -14.75 0
      vertex 1.7 -25.25 0
      vertex 1.6854562643354776 44.29 0.22189452677408766
    endloop
  endfacet
  facet normal 0.4422886902190009 4.057667111325195e-19 0.8968727415326884
    outer loop
      vertex -0.85 5.25 -1.4722431864335457
      vertex -0.6505618350206526 5.25 -1.5705952052691874
      vertex -0.6505618350206526 14.75 -1.5705952052691874
    endloop
  endfacet
  facet normal 0.3214394653031621 2.2306081330534577e-19 0.9469301294951054
    outer loop
      vertex -0.6505618350206526 5.25 -1.5705952052691874
      vertex -0.43999237667428526 5.25 -1.6420739046914161
      vertex -0.43999237667428526 14.75 -1.6420739046914161
    endloop
  endfacet
  facet normal 0.19509032201612758 -1.8600634687477778e-19 0.9807852804032307
    outer loop
      vertex -0.43999237667428526 5.25 -1.6420739046914161
      vertex -0.22189452677408766 5.25 -1.6854562643354776
      vertex -0.22189452677408766 14.75 -1.6854562643354776
    endloop
  endfacet
  facet normal 0.06540312923014345 -1.9721328287969126e-20 0.9978589232386035
    outer loop
      vertex -0.22189452677408766 5.25 -1.6854562643354776
      vertex 0 5.25 -1.7
      vertex 0 14.75 -1.7
    endloop
  endfacet
  facet normal -0.06540312923014345 1.9721328287969126e-20 0.9978589232386035
    outer loop
      vertex 0 5.25 -1.7
      vertex 0.22189452677408766 5.25 -1.6854562643354776
      vertex 0.22189452677408766 14.75 -1.6854562643354776
    endloop
  endfacet
  facet normal -0.19509032201612758 1.8600634687477778e-19 0.9807852804032307
    outer loop
      vertex 0.22189452677408766 5.25 -1.6854562643354776
      vertex 0.43999237667428526 5.25 -1.6420739046914161
      vertex 0.43999237667428526 14.75 -1.6420739046914161
    endloop
  endfacet
  facet normal -0.3214394653031621 -2.2306081330534577e-19 0.9469301294951054
    outer loop
      vertex 0.43999237667428526 5.25 -1.6420739046914161
      vertex 0.6505618350206526 5.25 -1.5705952052691874
      vertex 0.6505618350206526 14.75 -1.5705952052691874
    endloop
  endfacet
  facet normal -0.4422886902190009 -4.057667111325195e-19 0.8968727415326884
    outer loop
      vertex 0.6505618350206526 5.25 -1.5705952052691874
      vertex 0.85 5.25 -1.4722431864335457
      vertex 0.85 14.75 -1.4722431864335457
    endloop
  endfacet
  facet normal 0.5555702330196026 -5.839904031950727e-19 0.831469612302545
    outer loop
      vertex -1.034894429314825 5.25 -1.3487006784950997
      vertex -0.85 5.25 -1.4722431864335457
      vertex -0.85 14.75 -1.4722431864335457
    endloop
  endfacet
  facet normal -0.9978589232386035 0 -0.06540312923014345
    outer loop
      vertex 1.7 -14.75 0
      vertex 1.6854562643354776 44.29 0.22189452677408766
      vertex 1.7 -5.25 0
    endloop
  endfacet
  facet normal -0.5555702330196026 5.839904031950727e-19 0.831469612302545
    outer loop
      vertex 0.85 5.25 -1.4722431864335457
      vertex 1.034894429314825 5.25 -1.3487006784950997
      vertex 1.034894429314825 14.75 -1.3487006784950997
    endloop
  endfacet
  facet normal -0.659345815100068 1.9968868705818855e-20 0.751839807478978
    outer loop
      vertex 1.034894429314825 5.25 -1.3487006784950997
      vertex 1.2020815280171309 5.25 -1.2020815280171309
      vertex 1.2020815280171309 14.75 -1.2020815280171309
    endloop
  endfacet
  facet normal -0.751839807478978 1.9968868705818855e-20 0.659345815100068
    outer loop
      vertex 1.2020815280171309 5.25 -1.2020815280171309
      vertex 1.3487006784950997 5.25 -1.034894429314825
      vertex 1.3487006784950997 14.75 -1.034894429314825
    endloop
  endfacet
  facet normal -0.831469612302545 0 0.5555702330196026
    outer loop
      vertex 1.4722431864335457 14.75 -0.85
      vertex 1.3487006784950997 5.25 -1.034894429314825
      vertex 1.4722431864335457 5.25 -0.85
    endloop
  endfacet
  facet normal -0.8968727415326884 -4.057667111325195e-19 0.4422886902190009
    outer loop
      vertex 1.4722431864335457 5.25 -0.85
      vertex 1.5705952052691874 5.25 -0.6505618350206526
      vertex 1.5705952052691874 14.75 -0.6505618350206526
    endloop
  endfacet
  facet normal -0.9469301294951054 -2.2306081330534577e-19 0.3214394653031621
    outer loop
      vertex 1.5705952052691874 5.25 -0.6505618350206526
      vertex 1.6420739046914161 5.25 -0.43999237667428526
      vertex 1.6420739046914161 14.75 -0.43999237667428526
    endloop
  endfacet
  facet normal -0.9807852804032307 0 0.19509032201612758
    outer loop
      vertex 1.6854562643354776 5.25 -0.22189452677408766
      vertex 1.6854562643354776 14.75 -0.22189452677408766
      vertex 1.6420739046914161 5.25 -0.43999237667428526
    endloop
  endfacet
  facet normal -0.9978589232386035 0 0.06540312923014345
    outer loop
      vertex 1.7 5.25 0
      vertex 1.7 14.75 0
      vertex 1.6854562643354776 5.25 -0.22189452677408766
    endloop
  endfacet
  facet normal 0.751839807478978 0 -0.659345815100068
    outer loop
      vertex -1.3487006784950997 5.25 1.034894429314825
      vertex -1.3487006784950997 14.75 1.034894429314825
      vertex -1.2020815280171309 5.25 1.2020815280171309
    endloop
  endfacet
  facet normal 0.659345815100068 0 -0.751839807478978
    outer loop
      vertex -1.2020815280171309 5.25 1.2020815280171309
      vertex -1.2020815280171309 14.75 1.2020815280171309
      vertex -1.034894429314825 5.25 1.3487006784950997
    endloop
  endfacet
  facet normal -0.06540312923013537 0 -0.997858923238604
    outer loop
      vertex 0 -25.25 1.7
      vertex 0 -14.75 1.7
      vertex 0.012832707939284482 42.985789288330075 1.6991588998843628
    endloop
  endfacet
  facet normal -0.06540312923013537 0 -0.9978589232386039
    outer loop
      vertex 0 -5.25 1.7
      vertex 0.012832707939284482 42.985789288330075 1.6991588998843628
      vertex 0 -14.75 1.7
    endloop
  endfacet
  facet normal 0.5555702330196026 5.839904031950727e-19 -0.831469612302545
    outer loop
      vertex -0.85 5.25 1.4722431864335457
      vertex -1.034894429314825 5.25 1.3487006784950997
      vertex -1.034894429314825 14.75 1.3487006784950997
    endloop
  endfacet
  facet normal 0.4422886902190009 -4.057667111325195e-19 -0.8968727415326884
    outer loop
      vertex -0.6505618350206526 5.25 1.5705952052691874
      vertex -0.85 5.25 1.4722431864335457
      vertex -0.85 14.75 1.4722431864335457
    endloop
  endfacet
  facet normal 0.3214394653031621 3.533460190934335e-18 -0.9469301294951054
    outer loop
      vertex -0.43999237667428526 5.25 1.6420739046914161
      vertex -0.6505618350206526 5.25 1.5705952052691874
      vertex -0.6505618350206527 14.75 1.5705952052691874
    endloop
  endfacet
  facet normal 0.19509032201612758 1.8600634687477778e-19 -0.9807852804032307
    outer loop
      vertex -0.22189452677408766 5.25 1.6854562643354776
      vertex -0.43999237667428526 5.25 1.6420739046914161
      vertex -0.43999237667428526 14.75 1.6420739046914161
    endloop
  endfacet
  facet normal 0.06540312923014345 1.9721328287969126e-20 -0.9978589232386035
    outer loop
      vertex 0 5.25 1.7
      vertex -0.22189452677408766 5.25 1.6854562643354776
      vertex -0.22189452677408766 14.75 1.6854562643354776
    endloop
  endfacet
  facet normal 0.831469612302545 0 0.5555702330196026
    outer loop
      vertex -1.4722431864335457 5.25 -0.85
      vertex -1.3487006784950997 14.75 -1.034894429314825
      vertex -1.4722431864335457 14.75 -0.85
    endloop
  endfacet
  facet normal 0.659345815100068 -1.9968868705818855e-20 0.751839807478978
    outer loop
      vertex -1.034894429314825 14.75 -1.3487006784950997
      vertex -1.2020815280171309 14.75 -1.2020815280171309
      vertex -1.2020815280171309 5.25 -1.2020815280171309
    endloop
  endfacet
  facet normal 0.751839807478978 -1.9968868705818855e-20 0.659345815100068
    outer loop
      vertex -1.2020815280171309 14.75 -1.2020815280171309
      vertex -1.3487006784950997 14.75 -1.034894429314825
      vertex -1.3487006784950997 5.25 -1.034894429314825
    endloop
  endfacet
  facet normal 0.8968727415326884 4.057667111325195e-19 0.4422886902190009
    outer loop
      vertex -1.4722431864335457 14.75 -0.85
      vertex -1.5705952052691874 14.75 -0.6505618350206526
      vertex -1.5705952052691874 5.25 -0.6505618350206526
    endloop
  endfacet
  facet normal 0.9469301294951054 0 0.3214394653031621
    outer loop
      vertex -1.6420739046914161 5.25 -0.43999237667428526
      vertex -1.5705952052691874 14.75 -0.6505618350206526
      vertex -1.6420739046914161 14.75 -0.43999237667428526
    endloop
  endfacet
  facet normal 0.9807852804032307 0 0.19509032201612758
    outer loop
      vertex -1.6854562643354776 5.25 -0.22189452677408766
      vertex -1.6420739046914161 14.75 -0.43999237667428526
      vertex -1.6854562643354776 14.75 -0.22189452677408766
    endloop
  endfacet
  facet normal 0.9978589232386035 0 0.06540312923014345
    outer loop
      vertex -1.7 5.25 0
      vertex -1.6854562643354776 14.75 -0.22189452677408766
      vertex -1.7 14.75 0
    endloop
  endfacet
  facet normal 0.9978589232386035 0 -0.06540312923014345
    outer loop
      vertex -1.6854562643354776 5.25 0.22189452677408766
      vertex -1.7 14.75 0
      vertex -1.6854562643354776 14.75 0.22189452677408766
    endloop
  endfacet
  facet normal 0.9807852804032307 0 -0.19509032201612758
    outer loop
      vertex -1.6420739046914161 5.25 0.43999237667428526
      vertex -1.6854562643354776 14.75 0.22189452677408766
      vertex -1.6420739046914161 14.75 0.43999237667428526
    endloop
  endfacet
  facet normal 0.9469301294951054 0 -0.3214394653031621
    outer loop
      vertex -1.5705952052691874 5.25 0.6505618350206526
      vertex -1.6420739046914161 14.75 0.43999237667428526
      vertex -1.5705952052691874 14.75 0.6505618350206526
    endloop
  endfacet
  facet normal 0.8968727415326884 0 -0.4422886902190009
    outer loop
      vertex -1.4722431864335457 5.25 0.85
      vertex -1.5705952052691874 14.75 0.6505618350206526
      vertex -1.4722431864335457 14.75 0.85
    endloop
  endfacet
  facet normal 0.831469612302545 0 -0.5555702330196026
    outer loop
      vertex -1.3487006784950997 5.25 1.034894429314825
      vertex -1.4722431864335457 14.75 0.85
      vertex -1.3487006784950997 14.75 1.034894429314825
    endloop
  endfacet
  facet normal 0.4422886902190009 4.057667111325195e-19 0.8968727415326884
    outer loop
      vertex -0.6505618350206526 14.75 -1.5705952052691874
      vertex -0.85 14.75 -1.4722431864335457
      vertex -0.85 5.25 -1.4722431864335457
    endloop
  endfacet
  facet normal 0.3214394653031621 0 0.9469301294951054
    outer loop
      vertex -0.6505618350206526 5.25 -1.5705952052691874
      vertex -0.43999237667428526 14.75 -1.6420739046914161
      vertex -0.6505618350206526 14.75 -1.5705952052691874
    endloop
  endfacet
  facet normal 0.19509032201612758 0 0.9807852804032307
    outer loop
      vertex -0.43999237667428526 5.25 -1.6420739046914161
      vertex -0.22189452677408766 14.75 -1.6854562643354776
      vertex -0.43999237667428526 14.75 -1.6420739046914161
    endloop
  endfacet
  facet normal 0.06540312923014345 0 0.9978589232386035
    outer loop
      vertex -0.22189452677408766 5.25 -1.6854562643354776
      vertex 0 14.75 -1.7
      vertex -0.22189452677408766 14.75 -1.6854562643354776
    endloop
  endfacet
  facet normal -0.06540312923014345 0 0.9978589232386035
    outer loop
      vertex 0 5.25 -1.7
      vertex 0.22189452677408766 14.75 -1.6854562643354776
      vertex 0 14.75 -1.7
    endloop
  endfacet
  facet normal -0.19509032201612758 0 0.9807852804032307
    outer loop
      vertex 0.22189452677408766 5.25 -1.6854562643354776
      vertex 0.43999237667428526 14.75 -1.6420739046914161
      vertex 0.22189452677408766 14.75 -1.6854562643354776
    endloop
  endfacet
  facet normal -0.3214394653031621 0 0.9469301294951054
    outer loop
      vertex 0.43999237667428526 5.25 -1.6420739046914161
      vertex 0.6505618350206526 14.75 -1.5705952052691874
      vertex 0.43999237667428526 14.75 -1.6420739046914161
    endloop
  endfacet
  facet normal -0.4422886902190009 -4.057667111325195e-19 0.8968727415326884
    outer loop
      vertex 0.85 14.75 -1.4722431864335457
      vertex 0.6505618350206526 14.75 -1.5705952052691874
      vertex 0.6505618350206526 5.25 -1.5705952052691874
    endloop
  endfacet
  facet normal 0.5555702330196026 0 0.831469612302545
    outer loop
      vertex -1.034894429314825 5.25 -1.3487006784950997
      vertex -0.85 14.75 -1.4722431864335457
      vertex -1.034894429314825 14.75 -1.3487006784950997
    endloop
  endfacet
  facet normal -0.5555702330196026 0 0.831469612302545
    outer loop
      vertex 0.85 5.25 -1.4722431864335457
      vertex 1.034894429314825 14.75 -1.3487006784950997
      vertex 0.85 14.75 -1.4722431864335457
    endloop
  endfacet
  facet normal -0.659345815100068 0 0.751839807478978
    outer loop
      vertex 1.034894429314825 5.25 -1.3487006784950997
      vertex 1.2020815280171309 14.75 -1.2020815280171309
      vertex 1.034894429314825 14.75 -1.3487006784950997
    endloop
  endfacet
  facet normal -0.751839807478978 0 0.659345815100068
    outer loop
      vertex 1.2020815280171309 5.25 -1.2020815280171309
      vertex 1.3487006784950997 14.75 -1.034894429314825
      vertex 1.2020815280171309 14.75 -1.2020815280171309
    endloop
  endfacet
  facet normal -0.831469612302545 0 0.5555702330196026
    outer loop
      vertex 1.3487006784950997 5.25 -1.034894429314825
      vertex 1.4722431864335457 14.75 -0.85
      vertex 1.3487006784950997 14.75 -1.034894429314825
    endloop
  endfacet
  facet normal -0.8968727415326884 0 0.4422886902190009
    outer loop
      vertex 1.4722431864335457 5.25 -0.85
      vertex 1.5705952052691874 14.75 -0.6505618350206526
      vertex 1.4722431864335457 14.75 -0.85
    endloop
  endfacet
  facet normal -0.9469301294951054 0 0.3214394653031621
    outer loop
      vertex 1.5705952052691874 5.25 -0.6505618350206526
      vertex 1.6420739046914161 14.75 -0.43999237667428526
      vertex 1.5705952052691874 14.75 -0.6505618350206526
    endloop
  endfacet
  facet normal -0.9807852804032307 1.8600634687477778e-19 0.19509032201612758
    outer loop
      vertex 1.6854562643354776 14.75 -0.22189452677408766
      vertex 1.6420739046914161 14.75 -0.43999237667428526
      vertex 1.6420739046914161 5.25 -0.43999237667428526
    endloop
  endfacet
  facet normal -0.9978589232386035 0 0.06540312923014345
    outer loop
      vertex 1.6854562643354776 5.25 -0.22189452677408766
      vertex 1.7 14.75 0
      vertex 1.6854562643354776 14.75 -0.22189452677408766
    endloop
  endfacet
  facet normal -0.9978589232386035 0 -0.06540312923014345
    outer loop
      vertex 1.7 5.25 0
      vertex 1.7 -5.25 0
      vertex 1.6854562643354776 44.29 0.22189452677408766
    endloop
  endfacet
  facet normal -0.9807852804032307 0 -0.19509032201612758
    outer loop
      vertex 1.6854562643354776 -44.29 0.22189452677408766
      vertex 1.6420739046914161 44.29 0.43999237667428526
      vertex 1.6854562643354776 44.29 0.22189452677408766
    endloop
  endfacet
  facet normal -0.9469301294951055 0 -0.3214394653031621
    outer loop
      vertex 1.6420739046914161 -44.29 0.43999237667428526
      vertex 1.5705952052691874 44.29 0.6505618350206526
      vertex 1.6420739046914161 44.29 0.43999237667428526
    endloop
  endfacet
  facet normal -0.8314696123025449 0 -0.5555702330196026
    outer loop
      vertex 1.4722431864335457 44.28818072232214 0.85
      vertex 1.4722431864335457 -44.28818072232214 0.85
      vertex 1.3487006784950997 44.28008331854697 1.034894429314825
    endloop
  endfacet
  facet normal -0.8968727415326886 0 -0.44228869021900075
    outer loop
      vertex 1.5 44.29 0.7937147500488174
      vertex 1.5 -44.29 0.7937147500488174
      vertex 1.4722431864335457 44.28818072232214 0.85
    endloop
  endfacet
  facet normal -0.8968727415326884 0 -0.442288690219001
    outer loop
      vertex 1.5705952052691874 -44.29 0.6505618350206526
      vertex 1.5 44.29 0.7937147500488174
      vertex 1.5705952052691874 44.29 0.6505618350206526
    endloop
  endfacet
  facet normal -0.9978589232386035 0 -0.06540312923014345
    outer loop
      vertex 1.7 5.25 0
      vertex 1.6854562643354776 44.29 0.22189452677408766
      vertex 1.7 14.75 0
    endloop
  endfacet
  facet normal 0.751839807478978 0 -0.659345815100068
    outer loop
      vertex -1.2020815280171309 5.25 1.2020815280171309
      vertex -1.3487006784950997 14.75 1.034894429314825
      vertex -1.2020815280171309 14.75 1.2020815280171309
    endloop
  endfacet
  facet normal 0.659345815100068 0 -0.751839807478978
    outer loop
      vertex -1.034894429314825 5.25 1.3487006784950997
      vertex -1.2020815280171309 14.75 1.2020815280171309
      vertex -1.034894429314825 14.75 1.3487006784950997
    endloop
  endfacet
  facet normal 0.5555702330196026 0 -0.831469612302545
    outer loop
      vertex -0.85 5.25 1.4722431864335457
      vertex -1.034894429314825 14.75 1.3487006784950997
      vertex -0.85 14.75 1.4722431864335457
    endloop
  endfacet
  facet normal 0.4422886902190012 5.1688324990782986e-18 -0.8968727415326885
    outer loop
      vertex -0.6505618350206526 5.25 1.5705952052691874
      vertex -0.85 14.75 1.4722431864335457
      vertex -0.6505618350206527 14.75 1.5705952052691874
    endloop
  endfacet
  facet normal 0.321439465303162 0 -0.9469301294951056
    outer loop
      vertex -0.43999237667428526 5.25 1.6420739046914161
      vertex -0.6505618350206527 14.75 1.5705952052691874
      vertex -0.43999237667428526 14.75 1.6420739046914161
    endloop
  endfacet
  facet normal 0.19509032201612758 0 -0.9807852804032307
    outer loop
      vertex -0.22189452677408766 5.25 1.6854562643354776
      vertex -0.43999237667428526 14.75 1.6420739046914161
      vertex -0.22189452677408766 14.75 1.6854562643354776
    endloop
  endfacet
  facet normal 0.06540312923014345 0 -0.9978589232386035
    outer loop
      vertex 0 5.25 1.7
      vertex -0.22189452677408766 14.75 1.6854562643354776
      vertex 0 14.75 1.7
    endloop
  endfacet
  facet normal -0.06540312923013537 0 -0.997858923238604
    outer loop
      vertex 0 -5.25 1.7
      vertex 0 5.25 1.7
      vertex 0.012832707939284482 42.985789288330075 1.6991588998843628
    endloop
  endfacet
  facet normal -0.06540312923014525 -3.2056774272466382e-18 -0.9978589232386034
    outer loop
      vertex 0.051111260566397476 43.17822856765378 1.6966499909936263
      vertex 0.22189452677408766 -43.571327898353545 1.6854562643354776
      vertex 0.012832707939284482 42.985789288330075 1.6991588998843628
    endloop
  endfacet
  facet normal -0.06540312923014471 -2.130385739203444e-18 -0.9978589232386034
    outer loop
      vertex 0.11418070123307 43.36402514854763 1.6925162014545123
      vertex 0.22189452677408766 -43.571327898353545 1.6854562643354776
      vertex 0.051111260566397476 43.17822856765378 1.6966499909936263
    endloop
  endfacet
  facet normal -0.06540312923014191 1.3560373423744369e-18 -0.9978589232386036
    outer loop
      vertex 0.200961894323342 43.54 1.6868282615521382
      vertex 0.22189452677408766 -43.571327898353545 1.6854562643354776
      vertex 0.11418070123307 43.36402514854763 1.6925162014545123
    endloop
  endfacet
  facet normal -0.06540312923014754 7.471801723188954e-22 -0.9978589232386033
    outer loop
      vertex 0.200961894323342 43.54 1.6868282615521382
      vertex 0.22189452677408766 43.571327898353545 1.6854562643354776
      vertex 0.22189452677408766 -43.571327898353545 1.6854562643354776
    endloop
  endfacet
  facet normal -0.19509032201612655 2.5841709945130575e-18 -0.9807852804032308
    outer loop
      vertex 0.22189452677408766 43.571327898353545 1.6854562643354776
      vertex 0.3099699895631467 43.70314214351308 1.667936965524047
      vertex 0.43999237667428526 -43.851232441415036 1.6420739046914161
    endloop
  endfacet
  facet normal -0.19509032201612803 3.76259729070025e-19 -0.9807852804032304
    outer loop
      vertex 0.3099699895631467 43.70314214351308 1.667936965524047
      vertex 0.43933982822017903 43.85066017177982 1.6422037046492524
      vertex 0.43999237667428526 -43.851232441415036 1.6420739046914161
    endloop
  endfacet
  facet normal -0.19509032201617874 -3.1995992637345944e-23 -0.9807852804032204
    outer loop
      vertex 0.43933982822017903 43.85066017177982 1.6422037046492524
      vertex 0.43999237667428526 43.851232441415036 1.6420739046914161
      vertex 0.43999237667428526 -43.851232441415036 1.6420739046914161
    endloop
  endfacet
  facet normal -0.3214394653031618 6.854970850674774e-19 -0.9469301294951055
    outer loop
      vertex 0.43999237667428526 43.851232441415036 1.6420739046914161
      vertex 0.5868578564869189 43.98003001043685 1.5922197920890044
      vertex 0.6505618350206526 -44.02259564804356 1.5705952052691874
    endloop
  endfacet
  facet normal -0.3214394653031628 -1.214451335846127e-21 -0.9469301294951054
    outer loop
      vertex 0.5868578564869189 43.98003001043685 1.5922197920890044
      vertex 0.6505618350206526 44.02259564804356 1.5705952052691874
      vertex 0.6505618350206526 -44.02259564804356 1.5705952052691874
    endloop
  endfacet
  facet normal -0.4422886902190015 -1.5129666757465083e-18 -0.8968727415326881
    outer loop
      vertex 0.75 44.08903810567666 1.521557729036676
      vertex 0.85 -44.13835264827979 1.4722431864335457
      vertex 0.6505618350206526 44.02259564804356 1.5705952052691874
    endloop
  endfacet
  facet normal -0.44228869021900047 -1.2120996655456195e-20 -0.8968727415326887
    outer loop
      vertex 0.75 44.08903810567666 1.521557729036676
      vertex 0.85 44.13835264827979 1.4722431864335457
      vertex 0.85 -44.13835264827979 1.4722431864335457
    endloop
  endfacet
  facet normal -0.6593458151000681 -4.488191140365508e-19 -0.7518398074789779
    outer loop
      vertex 1.1117714323462184 44.238888739433605 1.281281356291145
      vertex 1.2020815280171309 -44.25685253436179 1.2020815280171309
      vertex 1.034894429314825 44.212792513345946 1.3487006784950997
    endloop
  endfacet
  facet normal -0.659345815100068 6.633786124448694e-21 -0.7518398074789782
    outer loop
      vertex 1.1117714323462184 44.238888739433605 1.281281356291145
      vertex 1.2020815280171309 44.25685253436179 1.2020815280171309
      vertex 1.2020815280171309 -44.25685253436179 1.2020815280171309
    endloop
  endfacet
  facet normal -0.555570233019603 -1.072414739316798e-18 -0.8314696123025448
    outer loop
      vertex 0.9259748514523656 44.17581929876693 1.4214784136739829
      vertex 1.034894429314825 -44.212792513345946 1.3487006784950997
      vertex 0.85 44.13835264827979 1.4722431864335457
    endloop
  endfacet
  facet normal -0.5555702330196024 -2.6104073654364806e-20 -0.8314696123025452
    outer loop
      vertex 0.9259748514523656 44.17581929876693 1.4214784136739829
      vertex 1.034894429314825 44.212792513345946 1.3487006784950997
      vertex 1.034894429314825 -44.212792513345946 1.3487006784950997
    endloop
  endfacet
  facet normal -0.7518398074789782 0 -0.6593458151000681
    outer loop
      vertex 1.3042107116699224 44.27716729206072 1.085625513560064
      vertex 1.3487006784950997 44.28008331854697 1.034894429314825
      vertex 1.3042107116699224 -44.27716729206072 1.085625513560064
    endloop
  endfacet
  facet normal -0.7518398074789782 -6.906348326514275e-22 -0.6593458151000681
    outer loop
      vertex 1.2020815280171309 44.25685253436179 1.2020815280171309
      vertex 1.3042107116699224 44.27716729206072 1.085625513560064
      vertex 1.3042107116699224 -44.27716729206072 1.085625513560064
    endloop
  endfacet
  facet normal -0.06540312923013537 0 -0.9978589232386039
    outer loop
      vertex 0 14.75 1.7
      vertex 0.012832707939284482 42.985789288330075 1.6991588998843628
      vertex 0 5.25 1.7
    endloop
  endfacet
  facet normal 0.8314696123025449 0 0.5555702330196026
    outer loop
      vertex -1.3487006784950997 25.25 -1.034894429314825
      vertex -1.3487006784950997 42 -1.034894429314825
      vertex -1.4722431864335457 25.25 -0.85
    endloop
  endfacet
  facet normal 0.6593458151000681 -1.1325627027180842e-20 0.751839807478978
    outer loop
      vertex -1.2020815280171309 25.25 -1.2020815280171309
      vertex -1.034894429314825 25.25 -1.3487006784950997
      vertex -1.034894429314825 42 -1.3487006784950997
    endloop
  endfacet
  facet normal 0.751839807478978 0 0.6593458151000681
    outer loop
      vertex -1.2020815280171309 42 -1.2020815280171309
      vertex -1.3487006784950997 25.25 -1.034894429314825
      vertex -1.2020815280171309 25.25 -1.2020815280171309
    endloop
  endfacet
  facet normal 0.9469301294951055 1.265121030687036e-19 0.32143946530316214
    outer loop
      vertex -1.6420739046914161 25.25 -0.43999237667428526
      vertex -1.5705952052691874 25.25 -0.6505618350206526
      vertex -1.5705952052691874 42 -0.6505618350206526
    endloop
  endfacet
  facet normal 0.8968727415326884 0 0.4422886902190009
    outer loop
      vertex -1.4722431864335457 42 -0.85
      vertex -1.5705952052691874 25.25 -0.6505618350206526
      vertex -1.4722431864335457 25.25 -0.85
    endloop
  endfacet
  facet normal 0.9807852804032307 -1.0549613703345604e-19 0.19509032201612758
    outer loop
      vertex -1.6854562643354776 25.25 -0.22189452677408766
      vertex -1.6420739046914161 25.25 -0.43999237667428526
      vertex -1.6420739046914161 42 -0.43999237667428526
    endloop
  endfacet
  facet normal 0.9978589232386035 0 0.06540312923014345
    outer loop
      vertex -1.6854562643354776 25.25 -0.22189452677408766
      vertex -1.6854562643354776 42 -0.22189452677408766
      vertex -1.7 25.25 0
    endloop
  endfacet
  facet normal 0.9978589232386035 0 -0.06540312923014345
    outer loop
      vertex -1.7 42 0
      vertex -1.6854562643354776 25.25 0.22189452677408766
      vertex -1.7 25.25 0
    endloop
  endfacet
  facet normal 0.9807852804032307 0 -0.19509032201612758
    outer loop
      vertex -1.6854562643354776 25.25 0.22189452677408766
      vertex -1.6854562643354776 42 0.22189452677408766
      vertex -1.6420739046914161 25.25 0.43999237667428526
    endloop
  endfacet
  facet normal 0.9469301294951055 0 -0.32143946530316214
    outer loop
      vertex -1.6420739046914161 25.25 0.43999237667428526
      vertex -1.6420739046914161 42 0.43999237667428526
      vertex -1.5705952052691874 25.25 0.6505618350206526
    endloop
  endfacet
  facet normal 0.8968727415326884 0 -0.4422886902190009
    outer loop
      vertex -1.5705952052691874 25.25 0.6505618350206526
      vertex -1.5705952052691874 42 0.6505618350206526
      vertex -1.4722431864335457 25.25 0.85
    endloop
  endfacet
  facet normal 0.8314696123025449 0 -0.5555702330196026
    outer loop
      vertex -1.4722431864335457 25.25 0.85
      vertex -1.4722431864335457 42 0.85
      vertex -1.3487006784950997 25.25 1.034894429314825
    endloop
  endfacet
  facet normal 0.4422886902190009 2.301363436273991e-19 0.8968727415326884
    outer loop
      vertex -0.85 25.25 -1.4722431864335457
      vertex -0.6505618350206526 25.25 -1.5705952052691874
      vertex -0.6505618350206526 42 -1.5705952052691874
    endloop
  endfacet
  facet normal 0.32143946530316214 1.265121030687036e-19 0.9469301294951055
    outer loop
      vertex -0.6505618350206526 25.25 -1.5705952052691874
      vertex -0.43999237667428526 25.25 -1.6420739046914161
      vertex -0.43999237667428526 42 -1.6420739046914161
    endloop
  endfacet
  facet normal 0.19509032201612758 -1.0549613703345604e-19 0.9807852804032307
    outer loop
      vertex -0.43999237667428526 25.25 -1.6420739046914161
      vertex -0.22189452677408766 25.25 -1.6854562643354776
      vertex -0.22189452677408766 42 -1.6854562643354776
    endloop
  endfacet
  facet normal 0.06540312923014345 -1.1185230969295923e-20 0.9978589232386035
    outer loop
      vertex -0.22189452677408766 25.25 -1.6854562643354776
      vertex 0 25.25 -1.7
      vertex 0 42 -1.7
    endloop
  endfacet
  facet normal -0.06540312923014345 1.1185230969295923e-20 0.9978589232386035
    outer loop
      vertex 0 25.25 -1.7
      vertex 0.22189452677408766 25.25 -1.6854562643354776
      vertex 0.22189452677408766 42 -1.6854562643354776
    endloop
  endfacet
  facet normal -0.19509032201612758 1.0549613703345604e-19 0.9807852804032307
    outer loop
      vertex 0.22189452677408766 25.25 -1.6854562643354776
      vertex 0.43999237667428526 25.25 -1.6420739046914161
      vertex 0.43999237667428526 42 -1.6420739046914161
    endloop
  endfacet
  facet normal -0.32143946530316214 -1.265121030687036e-19 0.9469301294951055
    outer loop
      vertex 0.43999237667428526 25.25 -1.6420739046914161
      vertex 0.6505618350206526 25.25 -1.5705952052691874
      vertex 0.6505618350206526 42 -1.5705952052691874
    endloop
  endfacet
  facet normal -0.4422886902190009 -2.301363436273991e-19 0.8968727415326884
    outer loop
      vertex 0.6505618350206526 25.25 -1.5705952052691874
      vertex 0.85 25.25 -1.4722431864335457
      vertex 0.85 42 -1.4722431864335457
    endloop
  endfacet
  facet normal 0.5555702330196026 -3.3121843763302636e-19 0.8314696123025449
    outer loop
      vertex -1.034894429314825 25.25 -1.3487006784950997
      vertex -0.85 25.25 -1.4722431864335457
      vertex -0.85 42 -1.4722431864335457
    endloop
  endfacet
  facet normal -0.9978589232386035 0 -0.06540312923014345
    outer loop
      vertex 1.7 25.25 0
      vertex 1.7 14.75 0
      vertex 1.6854562643354776 44.29 0.22189452677408766
    endloop
  endfacet
  facet normal -0.5555702330196026 3.3121843763302636e-19 0.8314696123025449
    outer loop
      vertex 0.85 25.25 -1.4722431864335457
      vertex 1.034894429314825 25.25 -1.3487006784950997
      vertex 1.034894429314825 42 -1.3487006784950997
    endloop
  endfacet
  facet normal -0.6593458151000681 1.1325627027180842e-20 0.751839807478978
    outer loop
      vertex 1.034894429314825 25.25 -1.3487006784950997
      vertex 1.2020815280171309 25.25 -1.2020815280171309
      vertex 1.2020815280171309 42 -1.2020815280171309
    endloop
  endfacet
  facet normal -0.751839807478978 1.1325627027180842e-20 0.6593458151000681
    outer loop
      vertex 1.2020815280171309 25.25 -1.2020815280171309
      vertex 1.3487006784950997 25.25 -1.034894429314825
      vertex 1.3487006784950997 42 -1.034894429314825
    endloop
  endfacet
  facet normal -0.8314696123025449 0 0.5555702330196026
    outer loop
      vertex 1.4722431864335457 25.25 -0.85
      vertex 1.4722431864335457 42 -0.85
      vertex 1.3487006784950997 25.25 -1.034894429314825
    endloop
  endfacet
  facet normal -0.8968727415326884 -2.301363436273991e-19 0.4422886902190009
    outer loop
      vertex 1.4722431864335457 25.25 -0.85
      vertex 1.5705952052691874 25.25 -0.6505618350206526
      vertex 1.5705952052691874 42 -0.6505618350206526
    endloop
  endfacet
  facet normal -0.9469301294951055 -1.265121030687036e-19 0.32143946530316214
    outer loop
      vertex 1.5705952052691874 25.25 -0.6505618350206526
      vertex 1.6420739046914161 25.25 -0.43999237667428526
      vertex 1.6420739046914161 42 -0.43999237667428526
    endloop
  endfacet
  facet normal -0.9807852804032307 0 0.19509032201612758
    outer loop
      vertex 1.6854562643354776 25.25 -0.22189452677408766
      vertex 1.6854562643354776 42 -0.22189452677408766
      vertex 1.6420739046914161 25.25 -0.43999237667428526
    endloop
  endfacet
  facet normal -0.9978589232386035 1.1185230969295923e-20 0.06540312923014345
    outer loop
      vertex 1.6854562643354776 25.25 -0.22189452677408766
      vertex 1.7 25.25 0
      vertex 1.7 42 0
    endloop
  endfacet
  facet normal 0.751839807478978 0 -0.6593458151000681
    outer loop
      vertex -1.3487006784950997 25.25 1.034894429314825
      vertex -1.3487006784950997 42 1.034894429314825
      vertex -1.2020815280171309 25.25 1.2020815280171309
    endloop
  endfacet
  facet normal 0.6593458151000681 0 -0.751839807478978
    outer loop
      vertex -1.2020815280171309 25.25 1.2020815280171309
      vertex -1.2020815280171309 42 1.2020815280171309
      vertex -1.034894429314825 25.25 1.3487006784950997
    endloop
  endfacet
  facet normal -0.06540312923013537 0 -0.997858923238604
    outer loop
      vertex 0 14.75 1.7
      vertex 0 25.25 1.7
      vertex 0.012832707939284482 42.985789288330075 1.6991588998843628
    endloop
  endfacet
  facet normal 0.5555702330196026 3.3121843763302636e-19 -0.8314696123025449
    outer loop
      vertex -0.85 25.25 1.4722431864335457
      vertex -1.034894429314825 25.25 1.3487006784950997
      vertex -1.034894429314825 42 1.3487006784950997
    endloop
  endfacet
  facet normal 0.4422886902190009 -2.301363436273991e-19 -0.8968727415326884
    outer loop
      vertex -0.6505618350206526 25.25 1.5705952052691874
      vertex -0.85 25.25 1.4722431864335457
      vertex -0.85 42 1.4722431864335457
    endloop
  endfacet
  facet normal 0.32143946530316214 -1.265121030687036e-19 -0.9469301294951055
    outer loop
      vertex -0.43999237667428526 25.25 1.6420739046914161
      vertex -0.6505618350206526 25.25 1.5705952052691874
      vertex -0.6505618350206526 42 1.5705952052691874
    endloop
  endfacet
  facet normal 0.19509032201612758 1.0549613703345604e-19 -0.9807852804032307
    outer loop
      vertex -0.22189452677408766 25.25 1.6854562643354776
      vertex -0.43999237667428526 25.25 1.6420739046914161
      vertex -0.43999237667428526 42 1.6420739046914161
    endloop
  endfacet
  facet normal 0.06540312923014345 1.1185230969295923e-20 -0.9978589232386035
    outer loop
      vertex 0 25.25 1.7
      vertex -0.22189452677408766 25.25 1.6854562643354776
      vertex -0.22189452677408766 42 1.6854562643354776
    endloop
  endfacet
  facet normal 0.8314696123025449 0 0.5555702330196026
    outer loop
      vertex -1.4722431864335457 25.25 -0.85
      vertex -1.3487006784950997 42 -1.034894429314825
      vertex -1.4722431864335457 42 -0.85
    endloop
  endfacet
  facet normal 0.6593458151000681 0 0.751839807478978
    outer loop
      vertex -1.2020815280171309 25.25 -1.2020815280171309
      vertex -1.034894429314825 42 -1.3487006784950997
      vertex -1.2020815280171309 42 -1.2020815280171309
    endloop
  endfacet
  facet normal 0.751839807478978 0 0.6593458151000681
    outer loop
      vertex -1.3487006784950997 25.25 -1.034894429314825
      vertex -1.2020815280171309 42 -1.2020815280171309
      vertex -1.3487006784950997 42 -1.034894429314825
    endloop
  endfacet
  facet normal 0.8968727415326884 0 0.4422886902190009
    outer loop
      vertex -1.5705952052691874 25.25 -0.6505618350206526
      vertex -1.4722431864335457 42 -0.85
      vertex -1.5705952052691874 42 -0.6505618350206526
    endloop
  endfacet
  facet normal 0.9469301294951055 0 0.32143946530316214
    outer loop
      vertex -1.6420739046914161 25.25 -0.43999237667428526
      vertex -1.5705952052691874 42 -0.6505618350206526
      vertex -1.6420739046914161 42 -0.43999237667428526
    endloop
  endfacet
  facet normal 0.9807852804032307 0 0.19509032201612758
    outer loop
      vertex -1.6854562643354776 25.25 -0.22189452677408766
      vertex -1.6420739046914161 42 -0.43999237667428526
      vertex -1.6854562643354776 42 -0.22189452677408766
    endloop
  endfacet
  facet normal 0.9978589232386035 0 0.06540312923014345
    outer loop
      vertex -1.7 25.25 0
      vertex -1.6854562643354776 42 -0.22189452677408766
      vertex -1.7 42 0
    endloop
  endfacet
  facet normal 0.9978589232386035 0 -0.06540312923014345
    outer loop
      vertex -1.6854562643354776 25.25 0.22189452677408766
      vertex -1.7 42 0
      vertex -1.6854562643354776 42 0.22189452677408766
    endloop
  endfacet
  facet normal 0.9807852804032307 0 -0.19509032201612758
    outer loop
      vertex -1.6420739046914161 25.25 0.43999237667428526
      vertex -1.6854562643354776 42 0.22189452677408766
      vertex -1.6420739046914161 42 0.43999237667428526
    endloop
  endfacet
  facet normal 0.9469301294951055 0 -0.32143946530316214
    outer loop
      vertex -1.5705952052691874 25.25 0.6505618350206526
      vertex -1.6420739046914161 42 0.43999237667428526
      vertex -1.5705952052691874 42 0.6505618350206526
    endloop
  endfacet
  facet normal 0.8968727415326884 0 -0.4422886902190009
    outer loop
      vertex -1.4722431864335457 25.25 0.85
      vertex -1.5705952052691874 42 0.6505618350206526
      vertex -1.4722431864335457 42 0.85
    endloop
  endfacet
  facet normal 0.8314696123025449 0 -0.5555702330196026
    outer loop
      vertex -1.3487006784950997 25.25 1.034894429314825
      vertex -1.4722431864335457 42 0.85
      vertex -1.3487006784950997 42 1.034894429314825
    endloop
  endfacet
  facet normal 0.4422886902190009 0 0.8968727415326884
    outer loop
      vertex -0.85 25.25 -1.4722431864335457
      vertex -0.6505618350206526 42 -1.5705952052691874
      vertex -0.85 42 -1.4722431864335457
    endloop
  endfacet
  facet normal 0.32143946530316214 0 0.9469301294951055
    outer loop
      vertex -0.6505618350206526 25.25 -1.5705952052691874
      vertex -0.43999237667428526 42 -1.6420739046914161
      vertex -0.6505618350206526 42 -1.5705952052691874
    endloop
  endfacet
  facet normal 0.19509032201612758 0 0.9807852804032307
    outer loop
      vertex -0.43999237667428526 25.25 -1.6420739046914161
      vertex -0.22189452677408766 42 -1.6854562643354776
      vertex -0.43999237667428526 42 -1.6420739046914161
    endloop
  endfacet
  facet normal 0.06540312923014345 0 0.9978589232386035
    outer loop
      vertex -0.22189452677408766 25.25 -1.6854562643354776
      vertex 0 42 -1.7
      vertex -0.22189452677408766 42 -1.6854562643354776
    endloop
  endfacet
  facet normal -0.06540312923014345 0 0.9978589232386035
    outer loop
      vertex 0 25.25 -1.7
      vertex 0.22189452677408766 42 -1.6854562643354776
      vertex 0 42 -1.7
    endloop
  endfacet
  facet normal -0.19509032201612758 0 0.9807852804032307
    outer loop
      vertex 0.22189452677408766 25.25 -1.6854562643354776
      vertex 0.43999237667428526 42 -1.6420739046914161
      vertex 0.22189452677408766 42 -1.6854562643354776
    endloop
  endfacet
  facet normal -0.32143946530316214 0 0.9469301294951055
    outer loop
      vertex 0.43999237667428526 25.25 -1.6420739046914161
      vertex 0.6505618350206526 42 -1.5705952052691874
      vertex 0.43999237667428526 42 -1.6420739046914161
    endloop
  endfacet
  facet normal -0.4422886902190009 -2.301363436273991e-19 0.8968727415326884
    outer loop
      vertex 0.85 42 -1.4722431864335457
      vertex 0.6505618350206526 42 -1.5705952052691874
      vertex 0.6505618350206526 25.25 -1.5705952052691874
    endloop
  endfacet
  facet normal 0.5555702330196026 0 0.8314696123025449
    outer loop
      vertex -1.034894429314825 25.25 -1.3487006784950997
      vertex -0.85 42 -1.4722431864335457
      vertex -1.034894429314825 42 -1.3487006784950997
    endloop
  endfacet
  facet normal -0.5555702330196026 0 0.8314696123025449
    outer loop
      vertex 0.85 25.25 -1.4722431864335457
      vertex 1.034894429314825 42 -1.3487006784950997
      vertex 0.85 42 -1.4722431864335457
    endloop
  endfacet
  facet normal -0.6593458151000681 1.1325627027180842e-20 0.751839807478978
    outer loop
      vertex 1.2020815280171309 42 -1.2020815280171309
      vertex 1.034894429314825 42 -1.3487006784950997
      vertex 1.034894429314825 25.25 -1.3487006784950997
    endloop
  endfacet
  facet normal -0.751839807478978 0 0.6593458151000681
    outer loop
      vertex 1.2020815280171309 25.25 -1.2020815280171309
      vertex 1.3487006784950997 42 -1.034894429314825
      vertex 1.2020815280171309 42 -1.2020815280171309
    endloop
  endfacet
  facet normal -0.8314696123025449 0 0.5555702330196026
    outer loop
      vertex 1.3487006784950997 25.25 -1.034894429314825
      vertex 1.4722431864335457 42 -0.85
      vertex 1.3487006784950997 42 -1.034894429314825
    endloop
  endfacet
  facet normal -0.8968727415326884 0 0.4422886902190009
    outer loop
      vertex 1.4722431864335457 25.25 -0.85
      vertex 1.5705952052691874 42 -0.6505618350206526
      vertex 1.4722431864335457 42 -0.85
    endloop
  endfacet
  facet normal -0.9469301294951055 0 0.32143946530316214
    outer loop
      vertex 1.5705952052691874 25.25 -0.6505618350206526
      vertex 1.6420739046914161 42 -0.43999237667428526
      vertex 1.5705952052691874 42 -0.6505618350206526
    endloop
  endfacet
  facet normal -0.9807852804032307 0 0.19509032201612758
    outer loop
      vertex 1.6420739046914161 25.25 -0.43999237667428526
      vertex 1.6854562643354776 42 -0.22189452677408766
      vertex 1.6420739046914161 42 -0.43999237667428526
    endloop
  endfacet
  facet normal -0.9978589232386035 0 0.06540312923014345
    outer loop
      vertex 1.6854562643354776 25.25 -0.22189452677408766
      vertex 1.7 42 0
      vertex 1.6854562643354776 42 -0.22189452677408766
    endloop
  endfacet
  facet normal -0.9978589232386035 0 -0.06540312923014345
    outer loop
      vertex 1.7 25.25 0
      vertex 1.6854562643354776 44.29 0.22189452677408766
      vertex 1.7 42 0
    endloop
  endfacet
  facet normal -0.9978589232386034 0 -0.06540312923014344
    outer loop
      vertex 1.7 44.29 0
      vertex 1.7 42 0
      vertex 1.6854562643354776 44.29 0.22189452677408766
    endloop
  endfacet
  facet normal 0.751839807478978 0 -0.6593458151000681
    outer loop
      vertex -1.2020815280171309 25.25 1.2020815280171309
      vertex -1.3487006784950997 42 1.034894429314825
      vertex -1.2020815280171309 42 1.2020815280171309
    endloop
  endfacet
  facet normal 0.6593458151000681 0 -0.751839807478978
    outer loop
      vertex -1.034894429314825 25.25 1.3487006784950997
      vertex -1.2020815280171309 42 1.2020815280171309
      vertex -1.034894429314825 42 1.3487006784950997
    endloop
  endfacet
  facet normal 0.5555702330196026 0 -0.8314696123025449
    outer loop
      vertex -0.85 25.25 1.4722431864335457
      vertex -1.034894429314825 42 1.3487006784950997
      vertex -0.85 42 1.4722431864335457
    endloop
  endfacet
  facet normal 0.4422886902190009 0 -0.8968727415326884
    outer loop
      vertex -0.6505618350206526 25.25 1.5705952052691874
      vertex -0.85 42 1.4722431864335457
      vertex -0.6505618350206526 42 1.5705952052691874
    endloop
  endfacet
  facet normal 0.32143946530316214 0 -0.9469301294951055
    outer loop
      vertex -0.43999237667428526 25.25 1.6420739046914161
      vertex -0.6505618350206526 42 1.5705952052691874
      vertex -0.43999237667428526 42 1.6420739046914161
    endloop
  endfacet
  facet normal 0.19509032201612758 0 -0.9807852804032307
    outer loop
      vertex -0.22189452677408766 25.25 1.6854562643354776
      vertex -0.43999237667428526 42 1.6420739046914161
      vertex -0.22189452677408766 42 1.6854562643354776
    endloop
  endfacet
  facet normal 0.06540312923014345 0 -0.9978589232386035
    outer loop
      vertex 0 25.25 1.7
      vertex -0.22189452677408766 42 1.6854562643354776
      vertex 0 42 1.7
    endloop
  endfacet
  facet normal -0.06540312923013537 0 -0.997858923238604
    outer loop
      vertex 0 42 1.7
      vertex 0.012832707939284482 42.985789288330075 1.6991588998843628
      vertex 0 25.25 1.7
    endloop
  endfacet
  facet normal -0.06540312923013537 0 -0.997858923238604
    outer loop
      vertex 0 42.79 1.7
      vertex 0.012832707939284482 42.985789288330075 1.6991588998843628
      vertex 0 42 1.7
    endloop
  endfacet
endsolid OpenSCAD_Model
