solid OpenSCAD_Model
  facet normal -0.6593458151000686 0 -0.7518398074789777
    outer loop
      vertex -2.4350457160348826 -24.75 -3.1734133611649407
      vertex -2.8284271247461903 -24.75 -2.8284271247461903
      vertex -2.4350457160348826 -15.25 -3.1734133611649407
    endloop
  endfacet
  facet normal -0.5555702330196017 0 -0.8314696123025453
    outer loop
      vertex -2.4350457160348826 -24.75 -3.1734133611649407
      vertex -2.4350457160348826 -15.25 -3.1734133611649407
      vertex -2 -15.25 -3.4641016151377544
    endloop
  endfacet
  facet normal 0 -1 0
    outer loop
      vertex -1.035276180410083 -24.75 -3.8637033051562732
      vertex 1.5307337294603591 -24.75 -3.695518130045147
      vertex -1.5307337294603591 -24.75 -3.695518130045147
    endloop
  endfacet
  facet normal 0 -1 0
    outer loop
      vertex -0.5221047688802063 -24.75 -3.9657794454952415
      vertex 0 -24.75 -4
      vertex 0.5221047688802063 -24.75 -3.9657794454952415
    endloop
  endfacet
  facet normal 0 -1 0
    outer loop
      vertex -0.5221047688802063 -24.75 -3.9657794454952415
      vertex 1.035276180410083 -24.75 -3.8637033051562732
      vertex -1.035276180410083 -24.75 -3.8637033051562732
    endloop
  endfacet
  facet normal 0 -1 0
    outer loop
      vertex -0.5221047688802063 -24.75 -3.9657794454952415
      vertex 0.5221047688802063 -24.75 -3.9657794454952415
      vertex 1.035276180410083 -24.75 -3.8637033051562732
    endloop
  endfacet
  facet normal 0 -1 0
    outer loop
      vertex -1.035276180410083 -24.75 -3.8637033051562732
      vertex 1.035276180410083 -24.75 -3.8637033051562732
      vertex 1.5307337294603591 -24.75 -3.695518130045147
    endloop
  endfacet
  facet normal 0 -1 0
    outer loop
      vertex -1.5307337294603591 -24.75 -3.695518130045147
      vertex 2 -24.75 -3.4641016151377544
      vertex -2 -24.75 -3.4641016151377544
    endloop
  endfacet
  facet normal 0 -1 0
    outer loop
      vertex -2.4350457160348826 -24.75 -3.1734133611649407
      vertex -2 -24.75 -3.4641016151377544
      vertex 2.4350457160348826 -24.75 -3.1734133611649407
    endloop
  endfacet
  facet normal 0 -1 0
    outer loop
      vertex -1.5307337294603591 -24.75 -3.695518130045147
      vertex 1.5307337294603591 -24.75 -3.695518130045147
      vertex 2 -24.75 -3.4641016151377544
    endloop
  endfacet
  facet normal 0 -1 0
    outer loop
      vertex -2 -24.75 -3.4641016151377544
      vertex 2 -24.75 -3.4641016151377544
      vertex 2.4350457160348826 -24.75 -3.1734133611649407
    endloop
  endfacet
  facet normal 0 -1 0
    outer loop
      vertex -2.4350457160348826 -24.75 -3.1734133611649407
      vertex 2.4350457160348826 -24.75 -3.1734133611649407
      vertex 2.8284271247461903 -24.75 -2.8284271247461903
    endloop
  endfacet
  facet normal -0.32143946530316175 0 -0.9469301294951055
    outer loop
      vertex -1.035276180410083 -24.75 -3.8637033051562732
      vertex -1.5307337294603591 -24.75 -3.695518130045147
      vertex -1.035276180410083 -15.25 -3.8637033051562732
    endloop
  endfacet
  facet normal -0.19509032201612786 0 -0.9807852804032305
    outer loop
      vertex -0.5221047688802063 -24.75 -3.9657794454952415
      vertex -1.035276180410083 -24.75 -3.8637033051562732
      vertex -0.5221047688802063 -15.25 -3.9657794454952415
    endloop
  endfacet
  facet normal -0.0654031292301433 2.1887107583561427e-19 -0.9978589232386035
    outer loop
      vertex -0.5221047688802063 -24.75 -3.9657794454952415
      vertex 0 -15.25 -4
      vertex 0 -24.75 -4
    endloop
  endfacet
  facet normal 0.0654031292301433 -2.1887107583561427e-19 -0.9978589232386035
    outer loop
      vertex 0 -24.75 -4
      vertex 0.5221047688802063 -15.25 -3.9657794454952415
      vertex 0.5221047688802063 -24.75 -3.9657794454952415
    endloop
  endfacet
  facet normal 0.19509032201612786 9.433935088767862e-20 -0.9807852804032305
    outer loop
      vertex 0.5221047688802063 -24.75 -3.9657794454952415
      vertex 1.035276180410083 -15.25 -3.8637033051562732
      vertex 1.035276180410083 -24.75 -3.8637033051562732
    endloop
  endfacet
  facet normal 0.32143946530316175 -1.0410655468555025e-18 -0.9469301294951055
    outer loop
      vertex 1.035276180410083 -24.75 -3.8637033051562732
      vertex 1.5307337294603591 -15.25 -3.695518130045147
      vertex 1.5307337294603591 -24.75 -3.695518130045147
    endloop
  endfacet
  facet normal -0.44228869021900147 0 -0.8968727415326881
    outer loop
      vertex -1.5307337294603591 -24.75 -3.695518130045147
      vertex -2 -24.75 -3.4641016151377544
      vertex -1.5307337294603591 -15.25 -3.695518130045147
    endloop
  endfacet
  facet normal -0.5555702330196017 2.4473316626424424e-18 -0.8314696123025453
    outer loop
      vertex -2.4350457160348826 -24.75 -3.1734133611649407
      vertex -2 -15.25 -3.4641016151377544
      vertex -2 -24.75 -3.4641016151377544
    endloop
  endfacet
  facet normal 0.44228869021900147 2.504624174647419e-19 -0.8968727415326881
    outer loop
      vertex 1.5307337294603591 -24.75 -3.695518130045147
      vertex 2 -15.25 -3.4641016151377544
      vertex 2 -24.75 -3.4641016151377544
    endloop
  endfacet
  facet normal 0.5555702330196017 -2.4473316626424424e-18 -0.8314696123025453
    outer loop
      vertex 2 -24.75 -3.4641016151377544
      vertex 2.4350457160348826 -15.25 -3.1734133611649407
      vertex 2.4350457160348826 -24.75 -3.1734133611649407
    endloop
  endfacet
  facet normal -0.32143946530316175 0 -0.9469301294951055
    outer loop
      vertex -1.5307337294603591 -24.75 -3.695518130045147
      vertex -1.5307337294603591 -15.25 -3.695518130045147
      vertex -1.035276180410083 -15.25 -3.8637033051562732
    endloop
  endfacet
  facet normal -0.0654031292301433 0 -0.9978589232386035
    outer loop
      vertex -0.5221047688802063 -24.75 -3.9657794454952415
      vertex -0.5221047688802063 -15.25 -3.9657794454952415
      vertex 0 -15.25 -4
    endloop
  endfacet
  facet normal -0.19509032201612786 0 -0.9807852804032305
    outer loop
      vertex -1.035276180410083 -24.75 -3.8637033051562732
      vertex -1.035276180410083 -15.25 -3.8637033051562732
      vertex -0.5221047688802063 -15.25 -3.9657794454952415
    endloop
  endfacet
  facet normal 0 1 0
    outer loop
      vertex -0.5221047688802063 -15.25 -3.9657794454952415
      vertex -1.035276180410083 -15.25 -3.8637033051562732
      vertex 0.5221047688802063 -15.25 -3.9657794454952415
    endloop
  endfacet
  facet normal 0 1 0
    outer loop
      vertex -1.035276180410083 -15.25 -3.8637033051562732
      vertex -1.5307337294603591 -15.25 -3.695518130045147
      vertex 1.035276180410083 -15.25 -3.8637033051562732
    endloop
  endfacet
  facet normal 0.0654031292301433 0 -0.9978589232386035
    outer loop
      vertex 0 -24.75 -4
      vertex 0 -15.25 -4
      vertex 0.5221047688802063 -15.25 -3.9657794454952415
    endloop
  endfacet
  facet normal 0.19509032201612786 0 -0.9807852804032305
    outer loop
      vertex 0.5221047688802063 -24.75 -3.9657794454952415
      vertex 0.5221047688802063 -15.25 -3.9657794454952415
      vertex 1.035276180410083 -15.25 -3.8637033051562732
    endloop
  endfacet
  facet normal 0.32143946530316175 0 -0.9469301294951055
    outer loop
      vertex 1.035276180410083 -24.75 -3.8637033051562732
      vertex 1.035276180410083 -15.25 -3.8637033051562732
      vertex 1.5307337294603591 -15.25 -3.695518130045147
    endloop
  endfacet
  facet normal 0 1 0
    outer loop
      vertex -0.5221047688802063 -15.25 -3.9657794454952415
      vertex 0.5221047688802063 -15.25 -3.9657794454952415
      vertex 0 -15.25 -4
    endloop
  endfacet
  facet normal 0 1 0
    outer loop
      vertex -1.035276180410083 -15.25 -3.8637033051562732
      vertex 1.035276180410083 -15.25 -3.8637033051562732
      vertex 0.5221047688802063 -15.25 -3.9657794454952415
    endloop
  endfacet
  facet normal 0 1 0
    outer loop
      vertex 1.035276180410083 -15.25 -3.8637033051562732
      vertex -1.5307337294603591 -15.25 -3.695518130045147
      vertex 1.5307337294603591 -15.25 -3.695518130045147
    endloop
  endfacet
  facet normal -0.44228869021900147 0 -0.8968727415326881
    outer loop
      vertex -2 -24.75 -3.4641016151377544
      vertex -2 -15.25 -3.4641016151377544
      vertex -1.5307337294603591 -15.25 -3.695518130045147
    endloop
  endfacet
  facet normal 0 1 0
    outer loop
      vertex -1.5307337294603591 -15.25 -3.695518130045147
      vertex -2 -15.25 -3.4641016151377544
      vertex 1.5307337294603591 -15.25 -3.695518130045147
    endloop
  endfacet
  facet normal 0 1 0
    outer loop
      vertex -2.4350457160348826 -15.25 -3.1734133611649407
      vertex 2 -15.25 -3.4641016151377544
      vertex -2 -15.25 -3.4641016151377544
    endloop
  endfacet
  facet normal 0 1 0
    outer loop
      vertex -2.4350457160348826 -15.25 -3.1734133611649407
      vertex -2.8284271247461903 -15.25 -2.8284271247461903
      vertex 2.4350457160348826 -15.25 -3.1734133611649407
    endloop
  endfacet
  facet normal 0.44228869021900147 0 -0.8968727415326881
    outer loop
      vertex 1.5307337294603591 -24.75 -3.695518130045147
      vertex 1.5307337294603591 -15.25 -3.695518130045147
      vertex 2 -15.25 -3.4641016151377544
    endloop
  endfacet
  facet normal 0 1 0
    outer loop
      vertex -2 -15.25 -3.4641016151377544
      vertex 2 -15.25 -3.4641016151377544
      vertex 1.5307337294603591 -15.25 -3.695518130045147
    endloop
  endfacet
  facet normal 0 1 0
    outer loop
      vertex -2.4350457160348826 -15.25 -3.1734133611649407
      vertex 2.4350457160348826 -15.25 -3.1734133611649407
      vertex 2 -15.25 -3.4641016151377544
    endloop
  endfacet
  facet normal 0.5555702330196017 0 -0.8314696123025453
    outer loop
      vertex 2 -24.75 -3.4641016151377544
      vertex 2 -15.25 -3.4641016151377544
      vertex 2.4350457160348826 -15.25 -3.1734133611649407
    endloop
  endfacet
  facet normal 0.6593458151000686 0 -0.7518398074789777
    outer loop
      vertex 2.4350457160348826 -24.75 -3.1734133611649407
      vertex 2.4350457160348826 -15.25 -3.1734133611649407
      vertex 2.8284271247461903 -15.25 -2.8284271247461903
    endloop
  endfacet
  facet normal -0.7518398074789777 -4.478886943577975e-20 -0.6593458151000686
    outer loop
      vertex -2.8284271247461903 -24.75 -2.8284271247461903
      vertex -3.116449982956985 -24.75 -2.5
      vertex -3.116449982956985 -15.25 -2.5
    endloop
  endfacet
  facet normal -0.6593458151000686 4.269435086286079e-19 -0.7518398074789777
    outer loop
      vertex -2.4350457160348826 -15.25 -3.1734133611649407
      vertex -2.8284271247461903 -24.75 -2.8284271247461903
      vertex -2.8284271247461903 -15.25 -2.8284271247461903
    endloop
  endfacet
  facet normal -0.7518398074789777 0 -0.6593458151000686
    outer loop
      vertex -2.8284271247461903 -24.75 -2.8284271247461903
      vertex -3.116449982956985 -15.25 -2.5
      vertex -2.8284271247461903 -15.25 -2.8284271247461903
    endloop
  endfacet
  facet normal 0 -1 0
    outer loop
      vertex -2.4350457160348826 -24.75 -3.1734133611649407
      vertex 2.8284271247461903 -24.75 -2.8284271247461903
      vertex -2.8284271247461903 -24.75 -2.8284271247461903
    endloop
  endfacet
  facet normal 0 -1 0
    outer loop
      vertex -2.8284271247461903 -24.75 -2.8284271247461903
      vertex -0.14702458729939114 -24.75 -2.5
      vertex -3.116449982956985 -24.75 -2.5
    endloop
  endfacet
  facet normal 0 -1 0
    outer loop
      vertex -2.8284271247461903 -24.75 -2.8284271247461903
      vertex 2.8284271247461903 -24.75 -2.8284271247461903
      vertex 3.1734133611649407 -24.75 -2.4350457160348826
    endloop
  endfacet
  facet normal 0 -1 0
    outer loop
      vertex -2.8284271247461903 -24.75 -2.8284271247461903
      vertex 3.1734133611649407 -24.75 -2.4350457160348826
      vertex -0.14702458729939114 -24.75 -2.5
    endloop
  endfacet
  facet normal 0 -1 0
    outer loop
      vertex -0.14702458729939114 -24.75 -2.5
      vertex 0 -24.75 -1.7
      vertex -0.14702458729939114 -24.75 -1.6903634994294165
    endloop
  endfacet
  facet normal 0 -1 0
    outer loop
      vertex -0.14702458729939114 -24.75 -2.5
      vertex 0.22189452677408766 -24.75 -1.6854562643354776
      vertex 0 -24.75 -1.7
    endloop
  endfacet
  facet normal 0 -1 0
    outer loop
      vertex -0.14702458729939114 -24.75 -2.5
      vertex 0.43999237667428526 -24.75 -1.6420739046914161
      vertex 0.22189452677408766 -24.75 -1.6854562643354776
    endloop
  endfacet
  facet normal 0 -1 0
    outer loop
      vertex -0.14702458729939114 -24.75 -2.5
      vertex 0.6505618350206526 -24.75 -1.5705952052691874
      vertex 0.43999237667428526 -24.75 -1.6420739046914161
    endloop
  endfacet
  facet normal 0 -1 0
    outer loop
      vertex -0.14702458729939114 -24.75 -2.5
      vertex 0.85 -24.75 -1.4722431864335457
      vertex 0.6505618350206526 -24.75 -1.5705952052691874
    endloop
  endfacet
  facet normal 0 -1 0
    outer loop
      vertex -0.14702458729939114 -24.75 -2.5
      vertex 1.034894429314825 -24.75 -1.3487006784950997
      vertex 0.85 -24.75 -1.4722431864335457
    endloop
  endfacet
  facet normal 0 -1 0
    outer loop
      vertex -0.14702458729939114 -24.75 -2.5
      vertex 3.1734133611649407 -24.75 -2.4350457160348826
      vertex 3.4641016151377544 -24.75 -2
    endloop
  endfacet
  facet normal 0 -1 0
    outer loop
      vertex -0.14702458729939114 -24.75 -2.5
      vertex 3.4641016151377544 -24.75 -2
      vertex 3.695518130045147 -24.75 -1.5307337294603591
    endloop
  endfacet
  facet normal 0 -1 0
    outer loop
      vertex -0.14702458729939114 -24.75 -2.5
      vertex 3.695518130045147 -24.75 -1.5307337294603591
      vertex 3.8637033051562732 -24.75 -1.035276180410083
    endloop
  endfacet
  facet normal 0.6593458151000686 -4.269435086286079e-19 -0.7518398074789777
    outer loop
      vertex 2.4350457160348826 -24.75 -3.1734133611649407
      vertex 2.8284271247461903 -15.25 -2.8284271247461903
      vertex 2.8284271247461903 -24.75 -2.8284271247461903
    endloop
  endfacet
  facet normal 0.7518398074789777 0 -0.6593458151000686
    outer loop
      vertex 2.8284271247461903 -24.75 -2.8284271247461903
      vertex 2.8284271247461903 -15.25 -2.8284271247461903
      vertex 3.1734133611649407 -24.75 -2.4350457160348826
    endloop
  endfacet
  facet normal 0.8314696123025453 0 -0.5555702330196017
    outer loop
      vertex 3.1734133611649407 -24.75 -2.4350457160348826
      vertex 3.1734133611649407 -15.25 -2.4350457160348826
      vertex 3.4641016151377544 -24.75 -2
    endloop
  endfacet
  facet normal 0.8968727415326881 0 -0.44228869021900147
    outer loop
      vertex 3.4641016151377544 -24.75 -2
      vertex 3.4641016151377544 -15.25 -2
      vertex 3.695518130045147 -24.75 -1.5307337294603591
    endloop
  endfacet
  facet normal 0 -1 0
    outer loop
      vertex -0.14702458729939114 -24.75 -2.5
      vertex 3.8637033051562732 -24.75 1.035276180410083
      vertex 1.034894429314825 -24.75 -1.3487006784950997
    endloop
  endfacet
  facet normal 0 -1 0
    outer loop
      vertex -0.14702458729939114 -24.75 -2.5
      vertex 3.8637033051562732 -24.75 -1.035276180410083
      vertex 3.9657794454952415 -24.75 -0.5221047688802063
    endloop
  endfacet
  facet normal 0 -1 0
    outer loop
      vertex -0.14702458729939114 -24.75 -2.5
      vertex 3.9657794454952415 -24.75 -0.5221047688802063
      vertex 4 -24.75 0
    endloop
  endfacet
  facet normal 0 -1 0
    outer loop
      vertex -0.14702458729939114 -24.75 -2.5
      vertex 4 -24.75 0
      vertex 3.9657794454952415 -24.75 0.5221047688802063
    endloop
  endfacet
  facet normal 0 -1 0
    outer loop
      vertex 3.8637033051562732 -24.75 1.035276180410083
      vertex 1.2020815280171309 -24.75 -1.2020815280171309
      vertex 1.034894429314825 -24.75 -1.3487006784950997
    endloop
  endfacet
  facet normal 0 -1 0
    outer loop
      vertex 3.8637033051562732 -24.75 1.035276180410083
      vertex 1.3487006784950997 -24.75 -1.034894429314825
      vertex 1.2020815280171309 -24.75 -1.2020815280171309
    endloop
  endfacet
  facet normal 0 -1 0
    outer loop
      vertex 3.8637033051562732 -24.75 1.035276180410083
      vertex 1.4722431864335457 -24.75 -0.85
      vertex 1.3487006784950997 -24.75 -1.034894429314825
    endloop
  endfacet
  facet normal 0 -1 0
    outer loop
      vertex -0.14702458729939114 -24.75 -2.5
      vertex 3.9657794454952415 -24.75 0.5221047688802063
      vertex 3.8637033051562732 -24.75 1.035276180410083
    endloop
  endfacet
  facet normal 0.9469301294951055 0 -0.32143946530316175
    outer loop
      vertex 3.695518130045147 -24.75 -1.5307337294603591
      vertex 3.695518130045147 -15.25 -1.5307337294603591
      vertex 3.8637033051562732 -24.75 -1.035276180410083
    endloop
  endfacet
  facet normal 0.9807852804032305 0 -0.19509032201612786
    outer loop
      vertex 3.8637033051562732 -24.75 -1.035276180410083
      vertex 3.8637033051562732 -15.25 -1.035276180410083
      vertex 3.9657794454952415 -24.75 -0.5221047688802063
    endloop
  endfacet
  facet normal 0.9978589232386035 0 -0.0654031292301433
    outer loop
      vertex 3.9657794454952415 -24.75 -0.5221047688802063
      vertex 3.9657794454952415 -15.25 -0.5221047688802063
      vertex 4 -24.75 0
    endloop
  endfacet
  facet normal 0 1 0
    outer loop
      vertex -2.8284271247461903 -15.25 -2.8284271247461903
      vertex -3.116449982956985 -15.25 -2.5
      vertex 0 -15.25 -2.5
    endloop
  endfacet
  facet normal 0 1 0
    outer loop
      vertex 2.4350457160348826 -15.25 -3.1734133611649407
      vertex -2.8284271247461903 -15.25 -2.8284271247461903
      vertex 2.8284271247461903 -15.25 -2.8284271247461903
    endloop
  endfacet
  facet normal 0 1 0
    outer loop
      vertex -2.8284271247461903 -15.25 -2.8284271247461903
      vertex 0 -15.25 -2.5
      vertex 2.8284271247461903 -15.25 -2.8284271247461903
    endloop
  endfacet
  facet normal 0 1 0
    outer loop
      vertex 0 -15.25 -2.5
      vertex 0.43999237667428526 -15.25 -1.6420739046914161
      vertex 2.8284271247461903 -15.25 -2.8284271247461903
    endloop
  endfacet
  facet normal 0 1 0
    outer loop
      vertex 0 -15.25 -2.5
      vertex 0 -15.25 -1.7
      vertex 0.22189452677408766 -15.25 -1.6854562643354776
    endloop
  endfacet
  facet normal 0 1 0
    outer loop
      vertex 0 -15.25 -2.5
      vertex 0.22189452677408766 -15.25 -1.6854562643354776
      vertex 0.43999237667428526 -15.25 -1.6420739046914161
    endloop
  endfacet
  facet normal 0 1 0
    outer loop
      vertex 2.8284271247461903 -15.25 -2.8284271247461903
      vertex 0.43999237667428526 -15.25 -1.6420739046914161
      vertex 0.6505618350206526 -15.25 -1.5705952052691874
    endloop
  endfacet
  facet normal 0 1 0
    outer loop
      vertex 2.8284271247461903 -15.25 -2.8284271247461903
      vertex 0.6505618350206526 -15.25 -1.5705952052691874
      vertex 0.85 -15.25 -1.4722431864335457
    endloop
  endfacet
  facet normal 0 1 0
    outer loop
      vertex 2.8284271247461903 -15.25 -2.8284271247461903
      vertex 0.85 -15.25 -1.4722431864335457
      vertex 1.034894429314825 -15.25 -1.3487006784950997
    endloop
  endfacet
  facet normal 0 1 0
    outer loop
      vertex 2.8284271247461903 -15.25 -2.8284271247461903
      vertex 1.034894429314825 -15.25 -1.3487006784950997
      vertex 1.2020815280171309 -15.25 -1.2020815280171309
    endloop
  endfacet
  facet normal 0 1 0
    outer loop
      vertex 2.8284271247461903 -15.25 -2.8284271247461903
      vertex 1.2020815280171309 -15.25 -1.2020815280171309
      vertex 1.3487006784950997 -15.25 -1.034894429314825
    endloop
  endfacet
  facet normal 0.7518398074789777 0 -0.6593458151000686
    outer loop
      vertex 3.1734133611649407 -24.75 -2.4350457160348826
      vertex 2.8284271247461903 -15.25 -2.8284271247461903
      vertex 3.1734133611649407 -15.25 -2.4350457160348826
    endloop
  endfacet
  facet normal 0.8314696123025453 0 -0.5555702330196017
    outer loop
      vertex 3.4641016151377544 -24.75 -2
      vertex 3.1734133611649407 -15.25 -2.4350457160348826
      vertex 3.4641016151377544 -15.25 -2
    endloop
  endfacet
  facet normal 0.8968727415326881 0 -0.44228869021900147
    outer loop
      vertex 3.695518130045147 -24.75 -1.5307337294603591
      vertex 3.4641016151377544 -15.25 -2
      vertex 3.695518130045147 -15.25 -1.5307337294603591
    endloop
  endfacet
  facet normal 0 1 0
    outer loop
      vertex 2.8284271247461903 -15.25 -2.8284271247461903
      vertex 1.6420739046914161 -15.25 -0.43999237667428526
      vertex 3.1734133611649407 -15.25 -2.4350457160348826
    endloop
  endfacet
  facet normal 0 1 0
    outer loop
      vertex 2.8284271247461903 -15.25 -2.8284271247461903
      vertex 1.3487006784950997 -15.25 -1.034894429314825
      vertex 1.4722431864335457 -15.25 -0.85
    endloop
  endfacet
  facet normal 0.9469301294951055 0 -0.32143946530316175
    outer loop
      vertex 3.8637033051562732 -24.75 -1.035276180410083
      vertex 3.695518130045147 -15.25 -1.5307337294603591
      vertex 3.8637033051562732 -15.25 -1.035276180410083
    endloop
  endfacet
  facet normal 0 1 0
    outer loop
      vertex 2.8284271247461903 -15.25 -2.8284271247461903
      vertex 1.4722431864335457 -15.25 -0.85
      vertex 1.5705952052691874 -15.25 -0.6505618350206526
    endloop
  endfacet
  facet normal 0 1 0
    outer loop
      vertex 3.1734133611649407 -15.25 -2.4350457160348826
      vertex 1.7 -15.25 0
      vertex 3.4641016151377544 -15.25 -2
    endloop
  endfacet
  facet normal 0 1 0
    outer loop
      vertex 2.8284271247461903 -15.25 -2.8284271247461903
      vertex 1.5705952052691874 -15.25 -0.6505618350206526
      vertex 1.6420739046914161 -15.25 -0.43999237667428526
    endloop
  endfacet
  facet normal 0 1 0
    outer loop
      vertex 3.1734133611649407 -15.25 -2.4350457160348826
      vertex 1.6420739046914161 -15.25 -0.43999237667428526
      vertex 1.6854562643354776 -15.25 -0.22189452677408766
    endloop
  endfacet
  facet normal 0 1 0
    outer loop
      vertex 3.1734133611649407 -15.25 -2.4350457160348826
      vertex 1.6854562643354776 -15.25 -0.22189452677408766
      vertex 1.7 -15.25 0
    endloop
  endfacet
  facet normal 0 1 0
    outer loop
      vertex 3.4641016151377544 -15.25 -2
      vertex 1.6420739046914161 -15.25 0.43999237667428526
      vertex 3.695518130045147 -15.25 -1.5307337294603591
    endloop
  endfacet
  facet normal 0.9807852804032305 0 -0.19509032201612786
    outer loop
      vertex 3.9657794454952415 -24.75 -0.5221047688802063
      vertex 3.8637033051562732 -15.25 -1.035276180410083
      vertex 3.9657794454952415 -15.25 -0.5221047688802063
    endloop
  endfacet
  facet normal 0 1 0
    outer loop
      vertex 3.4641016151377544 -15.25 -2
      vertex 1.7 -15.25 0
      vertex 1.6854562643354776 -15.25 0.22189452677408766
    endloop
  endfacet
  facet normal 0 1 0
    outer loop
      vertex 3.4641016151377544 -15.25 -2
      vertex 1.6854562643354776 -15.25 0.22189452677408766
      vertex 1.6420739046914161 -15.25 0.43999237667428526
    endloop
  endfacet
  facet normal 0 1 0
    outer loop
      vertex 3.695518130045147 -15.25 -1.5307337294603591
      vertex 1.3487006784950997 -15.25 1.034894429314825
      vertex 3.8637033051562732 -15.25 -1.035276180410083
    endloop
  endfacet
  facet normal 0 1 0
    outer loop
      vertex 3.695518130045147 -15.25 -1.5307337294603591
      vertex 1.6420739046914161 -15.25 0.43999237667428526
      vertex 1.5705952052691874 -15.25 0.6505618350206526
    endloop
  endfacet
  facet normal 0 1 0
    outer loop
      vertex 3.695518130045147 -15.25 -1.5307337294603591
      vertex 1.5705952052691874 -15.25 0.6505618350206526
      vertex 1.4722431864335457 -15.25 0.85
    endloop
  endfacet
  facet normal 0.9978589232386035 -2.1887107583561427e-19 -0.0654031292301433
    outer loop
      vertex 3.9657794454952415 -15.25 -0.5221047688802063
      vertex 4 -15.25 0
      vertex 4 -24.75 0
    endloop
  endfacet
  facet normal -0.7518398074789777 4.478886943577975e-20 0.6593458151000686
    outer loop
      vertex -3.116449982956985 -24.75 2.5
      vertex -2.8284271247461903 -24.75 2.8284271247461903
      vertex -2.8284271247461903 -15.25 2.8284271247461903
    endloop
  endfacet
  facet normal -0.6593458151000686 0 0.7518398074789777
    outer loop
      vertex -2.8284271247461903 -24.75 2.8284271247461903
      vertex -2.4350457160348826 -24.75 3.1734133611649407
      vertex -2.8284271247461903 -15.25 2.8284271247461903
    endloop
  endfacet
  facet normal -0.7518398074789777 0 0.6593458151000686
    outer loop
      vertex -3.116449982956985 -24.75 2.5
      vertex -2.8284271247461903 -15.25 2.8284271247461903
      vertex -3.116449982956985 -15.25 2.5
    endloop
  endfacet
  facet normal 0 -1 0
    outer loop
      vertex 3.695518130045147 -24.75 1.5307337294603591
      vertex 1.5705952052691874 -24.75 -0.6505618350206526
      vertex 1.4722431864335457 -24.75 -0.85
    endloop
  endfacet
  facet normal 0 -1 0
    outer loop
      vertex 3.695518130045147 -24.75 1.5307337294603591
      vertex 1.6420739046914161 -24.75 -0.43999237667428526
      vertex 1.5705952052691874 -24.75 -0.6505618350206526
    endloop
  endfacet
  facet normal 0 -1 0
    outer loop
      vertex 3.695518130045147 -24.75 1.5307337294603591
      vertex 1.6854562643354776 -24.75 -0.22189452677408766
      vertex 1.6420739046914161 -24.75 -0.43999237667428526
    endloop
  endfacet
  facet normal 0 -1 0
    outer loop
      vertex 3.4641016151377544 -24.75 2
      vertex 1.7 -24.75 0
      vertex 1.6854562643354776 -24.75 -0.22189452677408766
    endloop
  endfacet
  facet normal 0 -1 0
    outer loop
      vertex 3.4641016151377544 -24.75 2
      vertex 1.6854562643354776 -24.75 0.22189452677408766
      vertex 1.7 -24.75 0
    endloop
  endfacet
  facet normal 0 -1 0
    outer loop
      vertex 3.8637033051562732 -24.75 1.035276180410083
      vertex 3.695518130045147 -24.75 1.5307337294603591
      vertex 1.4722431864335457 -24.75 -0.85
    endloop
  endfacet
  facet normal 0 -1 0
    outer loop
      vertex 3.1734133611649407 -24.75 2.4350457160348826
      vertex 1.6420739046914161 -24.75 0.43999237667428526
      vertex 1.6854562643354776 -24.75 0.22189452677408766
    endloop
  endfacet
  facet normal 0 -1 0
    outer loop
      vertex 3.695518130045147 -24.75 1.5307337294603591
      vertex 3.4641016151377544 -24.75 2
      vertex 1.6854562643354776 -24.75 -0.22189452677408766
    endloop
  endfacet
  facet normal 0 -1 0
    outer loop
      vertex 2.8284271247461903 -24.75 2.8284271247461903
      vertex 1.5705952052691874 -24.75 0.6505618350206526
      vertex 1.6420739046914161 -24.75 0.43999237667428526
    endloop
  endfacet
  facet normal 0 -1 0
    outer loop
      vertex 2.8284271247461903 -24.75 2.8284271247461903
      vertex 1.4722431864335457 -24.75 0.85
      vertex 1.5705952052691874 -24.75 0.6505618350206526
    endloop
  endfacet
  facet normal 0.9807852804032305 0 0.19509032201612786
    outer loop
      vertex 3.9657794454952415 -24.75 0.5221047688802063
      vertex 3.9657794454952415 -15.25 0.5221047688802063
      vertex 3.8637033051562732 -24.75 1.035276180410083
    endloop
  endfacet
  facet normal 0.9978589232386035 0 0.0654031292301433
    outer loop
      vertex 4 -24.75 0
      vertex 4 -15.25 0
      vertex 3.9657794454952415 -24.75 0.5221047688802063
    endloop
  endfacet
  facet normal 0.9469301294951055 0 0.32143946530316175
    outer loop
      vertex 3.8637033051562732 -24.75 1.035276180410083
      vertex 3.8637033051562732 -15.25 1.035276180410083
      vertex 3.695518130045147 -24.75 1.5307337294603591
    endloop
  endfacet
  facet normal 0 -1 0
    outer loop
      vertex 2.8284271247461903 -24.75 2.8284271247461903
      vertex 1.2020815280171309 -24.75 1.2020815280171309
      vertex 1.3487006784950997 -24.75 1.034894429314825
    endloop
  endfacet
  facet normal 0 -1 0
    outer loop
      vertex 2.8284271247461903 -24.75 2.8284271247461903
      vertex 1.034894429314825 -24.75 1.3487006784950997
      vertex 1.2020815280171309 -24.75 1.2020815280171309
    endloop
  endfacet
  facet normal 0 -1 0
    outer loop
      vertex -0.14702458729939114 -24.75 2.5
      vertex -0.14702458729939114 -24.75 1.6903634994294165
      vertex 0 -24.75 1.7
    endloop
  endfacet
  facet normal 0 -1 0
    outer loop
      vertex -0.14702458729939114 -24.75 2.5
      vertex 0 -24.75 1.7
      vertex 0.22189452677408766 -24.75 1.6854562643354776
    endloop
  endfacet
  facet normal 0 -1 0
    outer loop
      vertex 2.8284271247461903 -24.75 2.8284271247461903
      vertex 0.43999237667428526 -24.75 1.6420739046914161
      vertex 0.6505618350206526 -24.75 1.5705952052691874
    endloop
  endfacet
  facet normal 0 -1 0
    outer loop
      vertex 2.8284271247461903 -24.75 2.8284271247461903
      vertex 0.22189452677408766 -24.75 1.6854562643354776
      vertex 0.43999237667428526 -24.75 1.6420739046914161
    endloop
  endfacet
  facet normal 0 -1 0
    outer loop
      vertex 2.8284271247461903 -24.75 2.8284271247461903
      vertex 0.85 -24.75 1.4722431864335457
      vertex 1.034894429314825 -24.75 1.3487006784950997
    endloop
  endfacet
  facet normal 0 -1 0
    outer loop
      vertex 2.8284271247461903 -24.75 2.8284271247461903
      vertex 0.6505618350206526 -24.75 1.5705952052691874
      vertex 0.85 -24.75 1.4722431864335457
    endloop
  endfacet
  facet normal 0 -1 0
    outer loop
      vertex -3.116449982956985 -24.75 2.5
      vertex -0.14702458729939114 -24.75 2.5
      vertex -2.8284271247461903 -24.75 2.8284271247461903
    endloop
  endfacet
  facet normal 0 -1 0
    outer loop
      vertex -0.14702458729939114 -24.75 2.5
      vertex 0.22189452677408766 -24.75 1.6854562643354776
      vertex 2.8284271247461903 -24.75 2.8284271247461903
    endloop
  endfacet
  facet normal 0 -1 0
    outer loop
      vertex -2.8284271247461903 -24.75 2.8284271247461903
      vertex -0.14702458729939114 -24.75 2.5
      vertex 2.8284271247461903 -24.75 2.8284271247461903
    endloop
  endfacet
  facet normal 0 -1 0
    outer loop
      vertex -2.8284271247461903 -24.75 2.8284271247461903
      vertex 2.8284271247461903 -24.75 2.8284271247461903
      vertex 2.4350457160348826 -24.75 3.1734133611649407
    endloop
  endfacet
  facet normal 0 -1 0
    outer loop
      vertex 2.8284271247461903 -24.75 2.8284271247461903
      vertex 1.3487006784950997 -24.75 1.034894429314825
      vertex 1.4722431864335457 -24.75 0.85
    endloop
  endfacet
  facet normal 0 -1 0
    outer loop
      vertex 3.4641016151377544 -24.75 2
      vertex 3.1734133611649407 -24.75 2.4350457160348826
      vertex 1.6854562643354776 -24.75 0.22189452677408766
    endloop
  endfacet
  facet normal 0 -1 0
    outer loop
      vertex 3.1734133611649407 -24.75 2.4350457160348826
      vertex 2.8284271247461903 -24.75 2.8284271247461903
      vertex 1.6420739046914161 -24.75 0.43999237667428526
    endloop
  endfacet
  facet normal 0.8968727415326881 0 0.44228869021900147
    outer loop
      vertex 3.695518130045147 -24.75 1.5307337294603591
      vertex 3.695518130045147 -15.25 1.5307337294603591
      vertex 3.4641016151377544 -24.75 2
    endloop
  endfacet
  facet normal 0.8314696123025453 0 0.5555702330196017
    outer loop
      vertex 3.4641016151377544 -24.75 2
      vertex 3.4641016151377544 -15.25 2
      vertex 3.1734133611649407 -24.75 2.4350457160348826
    endloop
  endfacet
  facet normal 0.7518398074789777 0 0.6593458151000686
    outer loop
      vertex 3.1734133611649407 -24.75 2.4350457160348826
      vertex 3.1734133611649407 -15.25 2.4350457160348826
      vertex 2.8284271247461903 -24.75 2.8284271247461903
    endloop
  endfacet
  facet normal 0 1 0
    outer loop
      vertex 3.8637033051562732 -15.25 -1.035276180410083
      vertex 1.034894429314825 -15.25 1.3487006784950997
      vertex 0 -15.25 2.5
    endloop
  endfacet
  facet normal 0 1 0
    outer loop
      vertex 3.695518130045147 -15.25 -1.5307337294603591
      vertex 1.4722431864335457 -15.25 0.85
      vertex 1.3487006784950997 -15.25 1.034894429314825
    endloop
  endfacet
  facet normal 0 1 0
    outer loop
      vertex 3.8637033051562732 -15.25 -1.035276180410083
      vertex 0 -15.25 2.5
      vertex 3.9657794454952415 -15.25 -0.5221047688802063
    endloop
  endfacet
  facet normal 0 1 0
    outer loop
      vertex 3.8637033051562732 -15.25 -1.035276180410083
      vertex 1.3487006784950997 -15.25 1.034894429314825
      vertex 1.2020815280171309 -15.25 1.2020815280171309
    endloop
  endfacet
  facet normal 0 1 0
    outer loop
      vertex 3.8637033051562732 -15.25 -1.035276180410083
      vertex 1.2020815280171309 -15.25 1.2020815280171309
      vertex 1.034894429314825 -15.25 1.3487006784950997
    endloop
  endfacet
  facet normal 0 1 0
    outer loop
      vertex 3.9657794454952415 -15.25 -0.5221047688802063
      vertex 0 -15.25 2.5
      vertex 4 -15.25 0
    endloop
  endfacet
  facet normal 0.9978589232386035 0 0.0654031292301433
    outer loop
      vertex 3.9657794454952415 -24.75 0.5221047688802063
      vertex 4 -15.25 0
      vertex 3.9657794454952415 -15.25 0.5221047688802063
    endloop
  endfacet
  facet normal 0.9807852804032305 0 0.19509032201612786
    outer loop
      vertex 3.8637033051562732 -24.75 1.035276180410083
      vertex 3.9657794454952415 -15.25 0.5221047688802063
      vertex 3.8637033051562732 -15.25 1.035276180410083
    endloop
  endfacet
  facet normal 0.9469301294951055 0 0.32143946530316175
    outer loop
      vertex 3.695518130045147 -24.75 1.5307337294603591
      vertex 3.8637033051562732 -15.25 1.035276180410083
      vertex 3.695518130045147 -15.25 1.5307337294603591
    endloop
  endfacet
  facet normal 0 1 0
    outer loop
      vertex 4 -15.25 0
      vertex 0 -15.25 2.5
      vertex 3.9657794454952415 -15.25 0.5221047688802063
    endloop
  endfacet
  facet normal 0 1 0
    outer loop
      vertex 3.9657794454952415 -15.25 0.5221047688802063
      vertex 0 -15.25 2.5
      vertex 3.8637033051562732 -15.25 1.035276180410083
    endloop
  endfacet
  facet normal 0 1 0
    outer loop
      vertex 0 -15.25 2.5
      vertex 1.034894429314825 -15.25 1.3487006784950997
      vertex 0.85 -15.25 1.4722431864335457
    endloop
  endfacet
  facet normal 0 1 0
    outer loop
      vertex 0 -15.25 2.5
      vertex 0.85 -15.25 1.4722431864335457
      vertex 0.6505618350206526 -15.25 1.5705952052691874
    endloop
  endfacet
  facet normal 0 1 0
    outer loop
      vertex 0 -15.25 2.5
      vertex 0.22189452677408766 -15.25 1.6854562643354776
      vertex 0 -15.25 1.7
    endloop
  endfacet
  facet normal 0 1 0
    outer loop
      vertex 0 -15.25 2.5
      vertex 0.43999237667428526 -15.25 1.6420739046914161
      vertex 0.22189452677408766 -15.25 1.6854562643354776
    endloop
  endfacet
  facet normal 0 1 0
    outer loop
      vertex 0 -15.25 2.5
      vertex 0.6505618350206526 -15.25 1.5705952052691874
      vertex 0.43999237667428526 -15.25 1.6420739046914161
    endloop
  endfacet
  facet normal 0 1 0
    outer loop
      vertex -3.116449982956985 -15.25 2.5
      vertex -2.8284271247461903 -15.25 2.8284271247461903
      vertex 0 -15.25 2.5
    endloop
  endfacet
  facet normal 0 1 0
    outer loop
      vertex -2.8284271247461903 -15.25 2.8284271247461903
      vertex -2.4350457160348826 -15.25 3.1734133611649407
      vertex 2.8284271247461903 -15.25 2.8284271247461903
    endloop
  endfacet
  facet normal 0 1 0
    outer loop
      vertex -2.8284271247461903 -15.25 2.8284271247461903
      vertex 3.1734133611649407 -15.25 2.4350457160348826
      vertex 0 -15.25 2.5
    endloop
  endfacet
  facet normal 0 1 0
    outer loop
      vertex -2.8284271247461903 -15.25 2.8284271247461903
      vertex 2.8284271247461903 -15.25 2.8284271247461903
      vertex 3.1734133611649407 -15.25 2.4350457160348826
    endloop
  endfacet
  facet normal 0.8968727415326881 0 0.44228869021900147
    outer loop
      vertex 3.4641016151377544 -24.75 2
      vertex 3.695518130045147 -15.25 1.5307337294603591
      vertex 3.4641016151377544 -15.25 2
    endloop
  endfacet
  facet normal 0 1 0
    outer loop
      vertex 3.8637033051562732 -15.25 1.035276180410083
      vertex 0 -15.25 2.5
      vertex 3.695518130045147 -15.25 1.5307337294603591
    endloop
  endfacet
  facet normal 0 1 0
    outer loop
      vertex 0 -15.25 2.5
      vertex 3.4641016151377544 -15.25 2
      vertex 3.695518130045147 -15.25 1.5307337294603591
    endloop
  endfacet
  facet normal 0.8314696123025453 0 0.5555702330196017
    outer loop
      vertex 3.1734133611649407 -24.75 2.4350457160348826
      vertex 3.4641016151377544 -15.25 2
      vertex 3.1734133611649407 -15.25 2.4350457160348826
    endloop
  endfacet
  facet normal 0.6593458151000686 0 0.7518398074789777
    outer loop
      vertex 2.8284271247461903 -24.75 2.8284271247461903
      vertex 2.8284271247461903 -15.25 2.8284271247461903
      vertex 2.4350457160348826 -15.25 3.1734133611649407
    endloop
  endfacet
  facet normal 0.7518398074789777 0 0.6593458151000686
    outer loop
      vertex 2.8284271247461903 -24.75 2.8284271247461903
      vertex 3.1734133611649407 -15.25 2.4350457160348826
      vertex 2.8284271247461903 -15.25 2.8284271247461903
    endloop
  endfacet
  facet normal 0 1 0
    outer loop
      vertex 0 -15.25 2.5
      vertex 3.1734133611649407 -15.25 2.4350457160348826
      vertex 3.4641016151377544 -15.25 2
    endloop
  endfacet
  facet normal -0.5555702330196017 0 0.8314696123025453
    outer loop
      vertex -2.4350457160348826 -24.75 3.1734133611649407
      vertex -2 -24.75 3.4641016151377544
      vertex -2.4350457160348826 -15.25 3.1734133611649407
    endloop
  endfacet
  facet normal -0.6593458151000686 -4.269435086286079e-19 0.7518398074789777
    outer loop
      vertex -2.8284271247461903 -15.25 2.8284271247461903
      vertex -2.4350457160348826 -24.75 3.1734133611649407
      vertex -2.4350457160348826 -15.25 3.1734133611649407
    endloop
  endfacet
  facet normal 0 -1 0
    outer loop
      vertex -2.8284271247461903 -24.75 2.8284271247461903
      vertex 2.4350457160348826 -24.75 3.1734133611649407
      vertex -2.4350457160348826 -24.75 3.1734133611649407
    endloop
  endfacet
  facet normal 0 -1 0
    outer loop
      vertex -2.4350457160348826 -24.75 3.1734133611649407
      vertex 2 -24.75 3.4641016151377544
      vertex -2 -24.75 3.4641016151377544
    endloop
  endfacet
  facet normal 0 -1 0
    outer loop
      vertex -2 -24.75 3.4641016151377544
      vertex 1.5307337294603591 -24.75 3.695518130045147
      vertex -1.5307337294603591 -24.75 3.695518130045147
    endloop
  endfacet
  facet normal 0 -1 0
    outer loop
      vertex -2.4350457160348826 -24.75 3.1734133611649407
      vertex 2.4350457160348826 -24.75 3.1734133611649407
      vertex 2 -24.75 3.4641016151377544
    endloop
  endfacet
  facet normal 0 -1 0
    outer loop
      vertex -2 -24.75 3.4641016151377544
      vertex 2 -24.75 3.4641016151377544
      vertex 1.5307337294603591 -24.75 3.695518130045147
    endloop
  endfacet
  facet normal 0 -1 0
    outer loop
      vertex -1.5307337294603591 -24.75 3.695518130045147
      vertex 1.035276180410083 -24.75 3.8637033051562732
      vertex -1.035276180410083 -24.75 3.8637033051562732
    endloop
  endfacet
  facet normal 0 -1 0
    outer loop
      vertex -1.035276180410083 -24.75 3.8637033051562732
      vertex 0.5221047688802063 -24.75 3.9657794454952415
      vertex -0.5221047688802063 -24.75 3.9657794454952415
    endloop
  endfacet
  facet normal 0 -1 0
    outer loop
      vertex -1.035276180410083 -24.75 3.8637033051562732
      vertex 1.035276180410083 -24.75 3.8637033051562732
      vertex 0.5221047688802063 -24.75 3.9657794454952415
    endloop
  endfacet
  facet normal 0 -1 0
    outer loop
      vertex -1.5307337294603591 -24.75 3.695518130045147
      vertex 1.5307337294603591 -24.75 3.695518130045147
      vertex 1.035276180410083 -24.75 3.8637033051562732
    endloop
  endfacet
  facet normal 0 -1 0
    outer loop
      vertex -0.5221047688802063 -24.75 3.9657794454952415
      vertex 0.5221047688802063 -24.75 3.9657794454952415
      vertex 0 -24.75 4
    endloop
  endfacet
  facet normal -0.44228869021900147 0 0.8968727415326881
    outer loop
      vertex -2 -24.75 3.4641016151377544
      vertex -1.5307337294603591 -24.75 3.695518130045147
      vertex -2 -15.25 3.4641016151377544
    endloop
  endfacet
  facet normal 0.44228869021900147 0 0.8968727415326881
    outer loop
      vertex 1.5307337294603591 -24.75 3.695518130045147
      vertex 2 -24.75 3.4641016151377544
      vertex 1.5307337294603591 -15.25 3.695518130045147
    endloop
  endfacet
  facet normal -0.32143946530316175 0 0.9469301294951055
    outer loop
      vertex -1.5307337294603591 -24.75 3.695518130045147
      vertex -1.035276180410083 -24.75 3.8637033051562732
      vertex -1.5307337294603591 -15.25 3.695518130045147
    endloop
  endfacet
  facet normal -0.19509032201612786 0 0.9807852804032305
    outer loop
      vertex -1.035276180410083 -24.75 3.8637033051562732
      vertex -0.5221047688802063 -24.75 3.9657794454952415
      vertex -1.035276180410083 -15.25 3.8637033051562732
    endloop
  endfacet
  facet normal -0.0654031292301433 0 0.9978589232386035
    outer loop
      vertex -0.5221047688802063 -24.75 3.9657794454952415
      vertex 0 -24.75 4
      vertex -0.5221047688802063 -15.25 3.9657794454952415
    endloop
  endfacet
  facet normal 0.19509032201612786 0 0.9807852804032305
    outer loop
      vertex 0.5221047688802063 -24.75 3.9657794454952415
      vertex 1.035276180410083 -24.75 3.8637033051562732
      vertex 0.5221047688802063 -15.25 3.9657794454952415
    endloop
  endfacet
  facet normal 0.0654031292301433 0 0.9978589232386035
    outer loop
      vertex 0 -24.75 4
      vertex 0.5221047688802063 -24.75 3.9657794454952415
      vertex 0 -15.25 4
    endloop
  endfacet
  facet normal 0.32143946530316175 1.0410655468555025e-18 0.9469301294951055
    outer loop
      vertex 1.5307337294603591 -24.75 3.695518130045147
      vertex 1.035276180410083 -15.25 3.8637033051562732
      vertex 1.035276180410083 -24.75 3.8637033051562732
    endloop
  endfacet
  facet normal 0.6593458151000686 4.269435086286079e-19 0.7518398074789777
    outer loop
      vertex 2.8284271247461903 -24.75 2.8284271247461903
      vertex 2.4350457160348826 -15.25 3.1734133611649407
      vertex 2.4350457160348826 -24.75 3.1734133611649407
    endloop
  endfacet
  facet normal 0.5555702330196017 2.4473316626424424e-18 0.8314696123025453
    outer loop
      vertex 2.4350457160348826 -24.75 3.1734133611649407
      vertex 2 -15.25 3.4641016151377544
      vertex 2 -24.75 3.4641016151377544
    endloop
  endfacet
  facet normal -0.5555702330196017 -2.4473316626424424e-18 0.8314696123025453
    outer loop
      vertex -2.4350457160348826 -15.25 3.1734133611649407
      vertex -2 -24.75 3.4641016151377544
      vertex -2 -15.25 3.4641016151377544
    endloop
  endfacet
  facet normal -0.44228869021900147 0 0.8968727415326881
    outer loop
      vertex -1.5307337294603591 -24.75 3.695518130045147
      vertex -1.5307337294603591 -15.25 3.695518130045147
      vertex -2 -15.25 3.4641016151377544
    endloop
  endfacet
  facet normal 0 1 0
    outer loop
      vertex -2.4350457160348826 -15.25 3.1734133611649407
      vertex -2 -15.25 3.4641016151377544
      vertex 2.4350457160348826 -15.25 3.1734133611649407
    endloop
  endfacet
  facet normal 0 1 0
    outer loop
      vertex -2 -15.25 3.4641016151377544
      vertex -1.5307337294603591 -15.25 3.695518130045147
      vertex 2 -15.25 3.4641016151377544
    endloop
  endfacet
  facet normal 0.44228869021900147 0 0.8968727415326881
    outer loop
      vertex 2 -24.75 3.4641016151377544
      vertex 2 -15.25 3.4641016151377544
      vertex 1.5307337294603591 -15.25 3.695518130045147
    endloop
  endfacet
  facet normal 0 1 0
    outer loop
      vertex -2 -15.25 3.4641016151377544
      vertex 2 -15.25 3.4641016151377544
      vertex 2.4350457160348826 -15.25 3.1734133611649407
    endloop
  endfacet
  facet normal 0 1 0
    outer loop
      vertex 2.8284271247461903 -15.25 2.8284271247461903
      vertex -2.4350457160348826 -15.25 3.1734133611649407
      vertex 2.4350457160348826 -15.25 3.1734133611649407
    endloop
  endfacet
  facet normal 0 1 0
    outer loop
      vertex -1.5307337294603591 -15.25 3.695518130045147
      vertex 1.5307337294603591 -15.25 3.695518130045147
      vertex 2 -15.25 3.4641016151377544
    endloop
  endfacet
  facet normal -0.32143946530316175 0 0.9469301294951055
    outer loop
      vertex -1.035276180410083 -24.75 3.8637033051562732
      vertex -1.035276180410083 -15.25 3.8637033051562732
      vertex -1.5307337294603591 -15.25 3.695518130045147
    endloop
  endfacet
  facet normal -0.19509032201612786 0 0.9807852804032305
    outer loop
      vertex -0.5221047688802063 -24.75 3.9657794454952415
      vertex -0.5221047688802063 -15.25 3.9657794454952415
      vertex -1.035276180410083 -15.25 3.8637033051562732
    endloop
  endfacet
  facet normal 0 1 0
    outer loop
      vertex -1.5307337294603591 -15.25 3.695518130045147
      vertex -1.035276180410083 -15.25 3.8637033051562732
      vertex 1.5307337294603591 -15.25 3.695518130045147
    endloop
  endfacet
  facet normal -0.0654031292301433 0 0.9978589232386035
    outer loop
      vertex 0 -24.75 4
      vertex 0 -15.25 4
      vertex -0.5221047688802063 -15.25 3.9657794454952415
    endloop
  endfacet
  facet normal 0.0654031292301433 0 0.9978589232386035
    outer loop
      vertex 0.5221047688802063 -24.75 3.9657794454952415
      vertex 0.5221047688802063 -15.25 3.9657794454952415
      vertex 0 -15.25 4
    endloop
  endfacet
  facet normal 0.19509032201612786 0 0.9807852804032305
    outer loop
      vertex 1.035276180410083 -24.75 3.8637033051562732
      vertex 1.035276180410083 -15.25 3.8637033051562732
      vertex 0.5221047688802063 -15.25 3.9657794454952415
    endloop
  endfacet
  facet normal 0.32143946530316175 0 0.9469301294951055
    outer loop
      vertex 1.5307337294603591 -24.75 3.695518130045147
      vertex 1.5307337294603591 -15.25 3.695518130045147
      vertex 1.035276180410083 -15.25 3.8637033051562732
    endloop
  endfacet
  facet normal 0 1 0
    outer loop
      vertex -1.035276180410083 -15.25 3.8637033051562732
      vertex -0.5221047688802063 -15.25 3.9657794454952415
      vertex 1.035276180410083 -15.25 3.8637033051562732
    endloop
  endfacet
  facet normal 0 1 0
    outer loop
      vertex 1.5307337294603591 -15.25 3.695518130045147
      vertex -1.035276180410083 -15.25 3.8637033051562732
      vertex 1.035276180410083 -15.25 3.8637033051562732
    endloop
  endfacet
  facet normal 0 1 0
    outer loop
      vertex -0.5221047688802063 -15.25 3.9657794454952415
      vertex 0.5221047688802063 -15.25 3.9657794454952415
      vertex 1.035276180410083 -15.25 3.8637033051562732
    endloop
  endfacet
  facet normal 0 1 0
    outer loop
      vertex -0.5221047688802063 -15.25 3.9657794454952415
      vertex 0 -15.25 4
      vertex 0.5221047688802063 -15.25 3.9657794454952415
    endloop
  endfacet
  facet normal 0.5555702330196017 0 0.8314696123025453
    outer loop
      vertex 2.4350457160348826 -24.75 3.1734133611649407
      vertex 2.4350457160348826 -15.25 3.1734133611649407
      vertex 2 -15.25 3.4641016151377544
    endloop
  endfacet
  facet normal -0.6593458151000686 0 -0.7518398074789777
    outer loop
      vertex -2.4350457160348826 -4.75 -3.1734133611649407
      vertex -2.8284271247461903 -4.75 -2.8284271247461903
      vertex -2.4350457160348826 4.75 -3.1734133611649407
    endloop
  endfacet
  facet normal -0.5555702330196017 0 -0.8314696123025453
    outer loop
      vertex -2.4350457160348826 -4.75 -3.1734133611649407
      vertex -2.4350457160348826 4.75 -3.1734133611649407
      vertex -2 4.75 -3.4641016151377544
    endloop
  endfacet
  facet normal 0 -1 0
    outer loop
      vertex -1.035276180410083 -4.75 -3.8637033051562732
      vertex 1.5307337294603591 -4.75 -3.695518130045147
      vertex -1.5307337294603591 -4.75 -3.695518130045147
    endloop
  endfacet
  facet normal 0 -1 0
    outer loop
      vertex -0.5221047688802063 -4.75 -3.9657794454952415
      vertex 0 -4.75 -4
      vertex 0.5221047688802063 -4.75 -3.9657794454952415
    endloop
  endfacet
  facet normal 0 -1 0
    outer loop
      vertex -0.5221047688802063 -4.75 -3.9657794454952415
      vertex 1.035276180410083 -4.75 -3.8637033051562732
      vertex -1.035276180410083 -4.75 -3.8637033051562732
    endloop
  endfacet
  facet normal 0 -1 0
    outer loop
      vertex -0.5221047688802063 -4.75 -3.9657794454952415
      vertex 0.5221047688802063 -4.75 -3.9657794454952415
      vertex 1.035276180410083 -4.75 -3.8637033051562732
    endloop
  endfacet
  facet normal 0 -1 0
    outer loop
      vertex -1.035276180410083 -4.75 -3.8637033051562732
      vertex 1.035276180410083 -4.75 -3.8637033051562732
      vertex 1.5307337294603591 -4.75 -3.695518130045147
    endloop
  endfacet
  facet normal 0 -1 0
    outer loop
      vertex -1.5307337294603591 -4.75 -3.695518130045147
      vertex 2 -4.75 -3.4641016151377544
      vertex -2 -4.75 -3.4641016151377544
    endloop
  endfacet
  facet normal 0 -1 0
    outer loop
      vertex -2.4350457160348826 -4.75 -3.1734133611649407
      vertex -2 -4.75 -3.4641016151377544
      vertex 2.4350457160348826 -4.75 -3.1734133611649407
    endloop
  endfacet
  facet normal 0 -1 0
    outer loop
      vertex -1.5307337294603591 -4.75 -3.695518130045147
      vertex 1.5307337294603591 -4.75 -3.695518130045147
      vertex 2 -4.75 -3.4641016151377544
    endloop
  endfacet
  facet normal 0 -1 0
    outer loop
      vertex -2 -4.75 -3.4641016151377544
      vertex 2 -4.75 -3.4641016151377544
      vertex 2.4350457160348826 -4.75 -3.1734133611649407
    endloop
  endfacet
  facet normal 0 -1 0
    outer loop
      vertex -2.4350457160348826 -4.75 -3.1734133611649407
      vertex 2.4350457160348826 -4.75 -3.1734133611649407
      vertex 2.8284271247461903 -4.75 -2.8284271247461903
    endloop
  endfacet
  facet normal -0.32143946530316175 0 -0.9469301294951055
    outer loop
      vertex -1.035276180410083 -4.75 -3.8637033051562732
      vertex -1.5307337294603591 -4.75 -3.695518130045147
      vertex -1.035276180410083 4.75 -3.8637033051562732
    endloop
  endfacet
  facet normal -0.19509032201612786 0 -0.9807852804032305
    outer loop
      vertex -0.5221047688802063 -4.75 -3.9657794454952415
      vertex -1.035276180410083 -4.75 -3.8637033051562732
      vertex -0.5221047688802063 4.75 -3.9657794454952415
    endloop
  endfacet
  facet normal -0.0654031292301433 2.1887107583561427e-19 -0.9978589232386035
    outer loop
      vertex -0.5221047688802063 -4.75 -3.9657794454952415
      vertex 0 4.75 -4
      vertex 0 -4.75 -4
    endloop
  endfacet
  facet normal 0.0654031292301433 -2.1887107583561427e-19 -0.9978589232386035
    outer loop
      vertex 0 -4.75 -4
      vertex 0.5221047688802063 4.75 -3.9657794454952415
      vertex 0.5221047688802063 -4.75 -3.9657794454952415
    endloop
  endfacet
  facet normal 0.19509032201612786 9.433935088767862e-20 -0.9807852804032305
    outer loop
      vertex 0.5221047688802063 -4.75 -3.9657794454952415
      vertex 1.035276180410083 4.75 -3.8637033051562732
      vertex 1.035276180410083 -4.75 -3.8637033051562732
    endloop
  endfacet
  facet normal 0.32143946530316175 -1.0410655468555025e-18 -0.9469301294951055
    outer loop
      vertex 1.035276180410083 -4.75 -3.8637033051562732
      vertex 1.5307337294603591 4.75 -3.695518130045147
      vertex 1.5307337294603591 -4.75 -3.695518130045147
    endloop
  endfacet
  facet normal -0.44228869021900147 0 -0.8968727415326881
    outer loop
      vertex -1.5307337294603591 -4.75 -3.695518130045147
      vertex -2 -4.75 -3.4641016151377544
      vertex -1.5307337294603591 4.75 -3.695518130045147
    endloop
  endfacet
  facet normal -0.5555702330196017 2.4473316626424424e-18 -0.8314696123025453
    outer loop
      vertex -2.4350457160348826 -4.75 -3.1734133611649407
      vertex -2 4.75 -3.4641016151377544
      vertex -2 -4.75 -3.4641016151377544
    endloop
  endfacet
  facet normal 0.44228869021900147 2.504624174647419e-19 -0.8968727415326881
    outer loop
      vertex 1.5307337294603591 -4.75 -3.695518130045147
      vertex 2 4.75 -3.4641016151377544
      vertex 2 -4.75 -3.4641016151377544
    endloop
  endfacet
  facet normal -0.32143946530316175 0 -0.9469301294951055
    outer loop
      vertex -1.5307337294603591 -4.75 -3.695518130045147
      vertex -1.5307337294603591 4.75 -3.695518130045147
      vertex -1.035276180410083 4.75 -3.8637033051562732
    endloop
  endfacet
  facet normal -0.0654031292301433 0 -0.9978589232386035
    outer loop
      vertex -0.5221047688802063 -4.75 -3.9657794454952415
      vertex -0.5221047688802063 4.75 -3.9657794454952415
      vertex 0 4.75 -4
    endloop
  endfacet
  facet normal -0.19509032201612786 0 -0.9807852804032305
    outer loop
      vertex -1.035276180410083 -4.75 -3.8637033051562732
      vertex -1.035276180410083 4.75 -3.8637033051562732
      vertex -0.5221047688802063 4.75 -3.9657794454952415
    endloop
  endfacet
  facet normal 0.0654031292301433 0 -0.9978589232386035
    outer loop
      vertex 0 -4.75 -4
      vertex 0 4.75 -4
      vertex 0.5221047688802063 4.75 -3.9657794454952415
    endloop
  endfacet
  facet normal 0.19509032201612786 0 -0.9807852804032305
    outer loop
      vertex 0.5221047688802063 -4.75 -3.9657794454952415
      vertex 0.5221047688802063 4.75 -3.9657794454952415
      vertex 1.035276180410083 4.75 -3.8637033051562732
    endloop
  endfacet
  facet normal 0.32143946530316175 0 -0.9469301294951055
    outer loop
      vertex 1.035276180410083 -4.75 -3.8637033051562732
      vertex 1.035276180410083 4.75 -3.8637033051562732
      vertex 1.5307337294603591 4.75 -3.695518130045147
    endloop
  endfacet
  facet normal -0.44228869021900147 0 -0.8968727415326881
    outer loop
      vertex -2 -4.75 -3.4641016151377544
      vertex -2 4.75 -3.4641016151377544
      vertex -1.5307337294603591 4.75 -3.695518130045147
    endloop
  endfacet
  facet normal 0.44228869021900147 0 -0.8968727415326881
    outer loop
      vertex 1.5307337294603591 -4.75 -3.695518130045147
      vertex 1.5307337294603591 4.75 -3.695518130045147
      vertex 2 4.75 -3.4641016151377544
    endloop
  endfacet
  facet normal 0.5555702330196017 -2.4473316626424424e-18 -0.8314696123025453
    outer loop
      vertex 2 -4.75 -3.4641016151377544
      vertex 2.4350457160348826 4.75 -3.1734133611649407
      vertex 2.4350457160348826 -4.75 -3.1734133611649407
    endloop
  endfacet
  facet normal 0.5555702330196017 0 -0.8314696123025453
    outer loop
      vertex 2 -4.75 -3.4641016151377544
      vertex 2 4.75 -3.4641016151377544
      vertex 2.4350457160348826 4.75 -3.1734133611649407
    endloop
  endfacet
  facet normal 0.6593458151000686 0 -0.7518398074789777
    outer loop
      vertex 2.4350457160348826 -4.75 -3.1734133611649407
      vertex 2.4350457160348826 4.75 -3.1734133611649407
      vertex 2.8284271247461903 4.75 -2.8284271247461903
    endloop
  endfacet
  facet normal -0.7518398074789777 -4.478886943577975e-20 -0.6593458151000686
    outer loop
      vertex -2.8284271247461903 -4.75 -2.8284271247461903
      vertex -3.116449982956985 -4.75 -2.5
      vertex -3.116449982956985 4.75 -2.5
    endloop
  endfacet
  facet normal -0.6593458151000686 0 -0.7518398074789777
    outer loop
      vertex -2.8284271247461903 -4.75 -2.8284271247461903
      vertex -2.8284271247461903 4.75 -2.8284271247461903
      vertex -2.4350457160348826 4.75 -3.1734133611649407
    endloop
  endfacet
  facet normal -0.7518398074789777 0 -0.6593458151000686
    outer loop
      vertex -2.8284271247461903 -4.75 -2.8284271247461903
      vertex -3.116449982956985 4.75 -2.5
      vertex -2.8284271247461903 4.75 -2.8284271247461903
    endloop
  endfacet
  facet normal 0 -1 0
    outer loop
      vertex -2.4350457160348826 -4.75 -3.1734133611649407
      vertex 2.8284271247461903 -4.75 -2.8284271247461903
      vertex -2.8284271247461903 -4.75 -2.8284271247461903
    endloop
  endfacet
  facet normal 0 -1 0
    outer loop
      vertex -2.8284271247461903 -4.75 -2.8284271247461903
      vertex 0 -4.75 -2.5
      vertex -3.116449982956985 -4.75 -2.5
    endloop
  endfacet
  facet normal 0 -1 0
    outer loop
      vertex -2.8284271247461903 -4.75 -2.8284271247461903
      vertex 2.8284271247461903 -4.75 -2.8284271247461903
      vertex 3.1734133611649407 -4.75 -2.4350457160348826
    endloop
  endfacet
  facet normal 0 -1 0
    outer loop
      vertex -2.8284271247461903 -4.75 -2.8284271247461903
      vertex 3.1734133611649407 -4.75 -2.4350457160348826
      vertex 0 -4.75 -2.5
    endloop
  endfacet
  facet normal 0 -1 0
    outer loop
      vertex 0 -4.75 -2.5
      vertex 0.22189452677408766 -4.75 -1.6854562643354776
      vertex 0 -4.75 -1.7
    endloop
  endfacet
  facet normal 0 -1 0
    outer loop
      vertex 0 -4.75 -2.5
      vertex 0.43999237667428526 -4.75 -1.6420739046914161
      vertex 0.22189452677408766 -4.75 -1.6854562643354776
    endloop
  endfacet
  facet normal 0 -1 0
    outer loop
      vertex 0 -4.75 -2.5
      vertex 0.6505618350206526 -4.75 -1.5705952052691874
      vertex 0.43999237667428526 -4.75 -1.6420739046914161
    endloop
  endfacet
  facet normal 0 -1 0
    outer loop
      vertex 0 -4.75 -2.5
      vertex 0.85 -4.75 -1.4722431864335457
      vertex 0.6505618350206526 -4.75 -1.5705952052691874
    endloop
  endfacet
  facet normal 0 -1 0
    outer loop
      vertex 0 -4.75 -2.5
      vertex 1.034894429314825 -4.75 -1.3487006784950997
      vertex 0.85 -4.75 -1.4722431864335457
    endloop
  endfacet
  facet normal 0 -1 0
    outer loop
      vertex 0 -4.75 -2.5
      vertex 3.1734133611649407 -4.75 -2.4350457160348826
      vertex 3.4641016151377544 -4.75 -2
    endloop
  endfacet
  facet normal 0 -1 0
    outer loop
      vertex 0 -4.75 -2.5
      vertex 3.4641016151377544 -4.75 -2
      vertex 3.695518130045147 -4.75 -1.5307337294603591
    endloop
  endfacet
  facet normal 0 -1 0
    outer loop
      vertex 0 -4.75 -2.5
      vertex 3.695518130045147 -4.75 -1.5307337294603591
      vertex 3.8637033051562732 -4.75 -1.035276180410083
    endloop
  endfacet
  facet normal 0 -1 0
    outer loop
      vertex 0 -4.75 -2.5
      vertex 3.8637033051562732 -4.75 1.035276180410083
      vertex 1.034894429314825 -4.75 -1.3487006784950997
    endloop
  endfacet
  facet normal 0 -1 0
    outer loop
      vertex 0 -4.75 -2.5
      vertex 3.8637033051562732 -4.75 -1.035276180410083
      vertex 3.9657794454952415 -4.75 -0.5221047688802063
    endloop
  endfacet
  facet normal 0 -1 0
    outer loop
      vertex 0 -4.75 -2.5
      vertex 3.9657794454952415 -4.75 -0.5221047688802063
      vertex 4 -4.75 0
    endloop
  endfacet
  facet normal 0 -1 0
    outer loop
      vertex 0 -4.75 -2.5
      vertex 4 -4.75 0
      vertex 3.9657794454952415 -4.75 0.5221047688802063
    endloop
  endfacet
  facet normal 0 -1 0
    outer loop
      vertex 3.8637033051562732 -4.75 1.035276180410083
      vertex 1.2020815280171309 -4.75 -1.2020815280171309
      vertex 1.034894429314825 -4.75 -1.3487006784950997
    endloop
  endfacet
  facet normal 0 -1 0
    outer loop
      vertex 3.8637033051562732 -4.75 1.035276180410083
      vertex 1.3487006784950997 -4.75 -1.034894429314825
      vertex 1.2020815280171309 -4.75 -1.2020815280171309
    endloop
  endfacet
  facet normal 0 -1 0
    outer loop
      vertex 0 -4.75 -2.5
      vertex 3.9657794454952415 -4.75 0.5221047688802063
      vertex 3.8637033051562732 -4.75 1.035276180410083
    endloop
  endfacet
  facet normal 0 -1 0
    outer loop
      vertex 3.695518130045147 -4.75 1.5307337294603591
      vertex 1.4722431864335457 -4.75 -0.85
      vertex 1.3487006784950997 -4.75 -1.034894429314825
    endloop
  endfacet
  facet normal 0.6593458151000686 -4.269435086286079e-19 -0.7518398074789777
    outer loop
      vertex 2.4350457160348826 -4.75 -3.1734133611649407
      vertex 2.8284271247461903 4.75 -2.8284271247461903
      vertex 2.8284271247461903 -4.75 -2.8284271247461903
    endloop
  endfacet
  facet normal 0.7518398074789777 0 -0.6593458151000686
    outer loop
      vertex 2.8284271247461903 -4.75 -2.8284271247461903
      vertex 2.8284271247461903 4.75 -2.8284271247461903
      vertex 3.1734133611649407 -4.75 -2.4350457160348826
    endloop
  endfacet
  facet normal 0.8314696123025453 0 -0.5555702330196017
    outer loop
      vertex 3.1734133611649407 -4.75 -2.4350457160348826
      vertex 3.1734133611649407 4.75 -2.4350457160348826
      vertex 3.4641016151377544 -4.75 -2
    endloop
  endfacet
  facet normal 0.8968727415326881 0 -0.44228869021900147
    outer loop
      vertex 3.4641016151377544 -4.75 -2
      vertex 3.4641016151377544 4.75 -2
      vertex 3.695518130045147 -4.75 -1.5307337294603591
    endloop
  endfacet
  facet normal 0.7518398074789777 0 -0.6593458151000686
    outer loop
      vertex 3.1734133611649407 -4.75 -2.4350457160348826
      vertex 2.8284271247461903 4.75 -2.8284271247461903
      vertex 3.1734133611649407 4.75 -2.4350457160348826
    endloop
  endfacet
  facet normal 0.8314696123025453 0 -0.5555702330196017
    outer loop
      vertex 3.4641016151377544 -4.75 -2
      vertex 3.1734133611649407 4.75 -2.4350457160348826
      vertex 3.4641016151377544 4.75 -2
    endloop
  endfacet
  facet normal 0.8968727415326881 0 -0.44228869021900147
    outer loop
      vertex 3.695518130045147 -4.75 -1.5307337294603591
      vertex 3.4641016151377544 4.75 -2
      vertex 3.695518130045147 4.75 -1.5307337294603591
    endloop
  endfacet
  facet normal 0.9469301294951055 0 -0.32143946530316175
    outer loop
      vertex 3.695518130045147 -4.75 -1.5307337294603591
      vertex 3.695518130045147 4.75 -1.5307337294603591
      vertex 3.8637033051562732 -4.75 -1.035276180410083
    endloop
  endfacet
  facet normal 0.9807852804032305 0 -0.19509032201612786
    outer loop
      vertex 3.8637033051562732 -4.75 -1.035276180410083
      vertex 3.8637033051562732 4.75 -1.035276180410083
      vertex 3.9657794454952415 -4.75 -0.5221047688802063
    endloop
  endfacet
  facet normal 0.9978589232386035 0 -0.0654031292301433
    outer loop
      vertex 3.9657794454952415 -4.75 -0.5221047688802063
      vertex 3.9657794454952415 4.75 -0.5221047688802063
      vertex 4 -4.75 0
    endloop
  endfacet
  facet normal 0.9469301294951055 0 -0.32143946530316175
    outer loop
      vertex 3.8637033051562732 -4.75 -1.035276180410083
      vertex 3.695518130045147 4.75 -1.5307337294603591
      vertex 3.8637033051562732 4.75 -1.035276180410083
    endloop
  endfacet
  facet normal 0.9807852804032305 0 -0.19509032201612786
    outer loop
      vertex 3.9657794454952415 -4.75 -0.5221047688802063
      vertex 3.8637033051562732 4.75 -1.035276180410083
      vertex 3.9657794454952415 4.75 -0.5221047688802063
    endloop
  endfacet
  facet normal 0.9978589232386035 0 -0.0654031292301433
    outer loop
      vertex 4 -4.75 0
      vertex 3.9657794454952415 4.75 -0.5221047688802063
      vertex 4 4.75 0
    endloop
  endfacet
  facet normal -0.7518398074789777 4.478886943577975e-20 0.6593458151000686
    outer loop
      vertex -3.116449982956985 -4.75 2.5
      vertex -2.8284271247461903 -4.75 2.8284271247461903
      vertex -2.8284271247461903 4.75 2.8284271247461903
    endloop
  endfacet
  facet normal -0.6593458151000686 0 0.7518398074789777
    outer loop
      vertex -2.8284271247461903 -4.75 2.8284271247461903
      vertex -2.4350457160348826 -4.75 3.1734133611649407
      vertex -2.8284271247461903 4.75 2.8284271247461903
    endloop
  endfacet
  facet normal -0.7518398074789777 0 0.6593458151000686
    outer loop
      vertex -3.116449982956985 -4.75 2.5
      vertex -2.8284271247461903 4.75 2.8284271247461903
      vertex -3.116449982956985 4.75 2.5
    endloop
  endfacet
  facet normal 0 -1 0
    outer loop
      vertex 3.695518130045147 -4.75 1.5307337294603591
      vertex 1.5705952052691874 -4.75 -0.6505618350206526
      vertex 1.4722431864335457 -4.75 -0.85
    endloop
  endfacet
  facet normal 0 -1 0
    outer loop
      vertex 3.695518130045147 -4.75 1.5307337294603591
      vertex 1.6420739046914161 -4.75 -0.43999237667428526
      vertex 1.5705952052691874 -4.75 -0.6505618350206526
    endloop
  endfacet
  facet normal 0 -1 0
    outer loop
      vertex 3.4641016151377544 -4.75 2
      vertex 1.6854562643354776 -4.75 -0.22189452677408766
      vertex 1.6420739046914161 -4.75 -0.43999237667428526
    endloop
  endfacet
  facet normal 0 -1 0
    outer loop
      vertex 3.4641016151377544 -4.75 2
      vertex 1.7 -4.75 0
      vertex 1.6854562643354776 -4.75 -0.22189452677408766
    endloop
  endfacet
  facet normal 0 -1 0
    outer loop
      vertex 3.8637033051562732 -4.75 1.035276180410083
      vertex 3.695518130045147 -4.75 1.5307337294603591
      vertex 1.3487006784950997 -4.75 -1.034894429314825
    endloop
  endfacet
  facet normal 0 -1 0
    outer loop
      vertex 3.1734133611649407 -4.75 2.4350457160348826
      vertex 1.6854562643354776 -4.75 0.22189452677408766
      vertex 1.7 -4.75 0
    endloop
  endfacet
  facet normal 0 -1 0
    outer loop
      vertex 3.1734133611649407 -4.75 2.4350457160348826
      vertex 1.6420739046914161 -4.75 0.43999237667428526
      vertex 1.6854562643354776 -4.75 0.22189452677408766
    endloop
  endfacet
  facet normal 0 -1 0
    outer loop
      vertex 3.695518130045147 -4.75 1.5307337294603591
      vertex 3.4641016151377544 -4.75 2
      vertex 1.6420739046914161 -4.75 -0.43999237667428526
    endloop
  endfacet
  facet normal 0 -1 0
    outer loop
      vertex 2.8284271247461903 -4.75 2.8284271247461903
      vertex 1.5705952052691874 -4.75 0.6505618350206526
      vertex 1.6420739046914161 -4.75 0.43999237667428526
    endloop
  endfacet
  facet normal 0 -1 0
    outer loop
      vertex 2.8284271247461903 -4.75 2.8284271247461903
      vertex 1.4722431864335457 -4.75 0.85
      vertex 1.5705952052691874 -4.75 0.6505618350206526
    endloop
  endfacet
  facet normal 0 -1 0
    outer loop
      vertex 3.4641016151377544 -4.75 2
      vertex 3.1734133611649407 -4.75 2.4350457160348826
      vertex 1.7 -4.75 0
    endloop
  endfacet
  facet normal 0 -1 0
    outer loop
      vertex 2.8284271247461903 -4.75 2.8284271247461903
      vertex 1.2020815280171309 -4.75 1.2020815280171309
      vertex 1.3487006784950997 -4.75 1.034894429314825
    endloop
  endfacet
  facet normal 0 -1 0
    outer loop
      vertex 2.8284271247461903 -4.75 2.8284271247461903
      vertex 1.034894429314825 -4.75 1.3487006784950997
      vertex 1.2020815280171309 -4.75 1.2020815280171309
    endloop
  endfacet
  facet normal 0 -1 0
    outer loop
      vertex 0 -4.75 2.5
      vertex 0 -4.75 1.7
      vertex 0.22189452677408766 -4.75 1.6854562643354776
    endloop
  endfacet
  facet normal 0 -1 0
    outer loop
      vertex 0 -4.75 2.5
      vertex 0.22189452677408766 -4.75 1.6854562643354776
      vertex 0.43999237667428526 -4.75 1.6420739046914161
    endloop
  endfacet
  facet normal 0 -1 0
    outer loop
      vertex 2.8284271247461903 -4.75 2.8284271247461903
      vertex 0.43999237667428526 -4.75 1.6420739046914161
      vertex 0.6505618350206526 -4.75 1.5705952052691874
    endloop
  endfacet
  facet normal 0 -1 0
    outer loop
      vertex 2.8284271247461903 -4.75 2.8284271247461903
      vertex 0.85 -4.75 1.4722431864335457
      vertex 1.034894429314825 -4.75 1.3487006784950997
    endloop
  endfacet
  facet normal 0 -1 0
    outer loop
      vertex 2.8284271247461903 -4.75 2.8284271247461903
      vertex 0.6505618350206526 -4.75 1.5705952052691874
      vertex 0.85 -4.75 1.4722431864335457
    endloop
  endfacet
  facet normal 0 -1 0
    outer loop
      vertex -3.116449982956985 -4.75 2.5
      vertex 0 -4.75 2.5
      vertex -2.8284271247461903 -4.75 2.8284271247461903
    endloop
  endfacet
  facet normal 0 -1 0
    outer loop
      vertex 0 -4.75 2.5
      vertex 0.43999237667428526 -4.75 1.6420739046914161
      vertex 2.8284271247461903 -4.75 2.8284271247461903
    endloop
  endfacet
  facet normal 0 -1 0
    outer loop
      vertex -2.8284271247461903 -4.75 2.8284271247461903
      vertex 0 -4.75 2.5
      vertex 2.8284271247461903 -4.75 2.8284271247461903
    endloop
  endfacet
  facet normal 0 -1 0
    outer loop
      vertex -2.8284271247461903 -4.75 2.8284271247461903
      vertex 2.8284271247461903 -4.75 2.8284271247461903
      vertex 2.4350457160348826 -4.75 3.1734133611649407
    endloop
  endfacet
  facet normal 0 -1 0
    outer loop
      vertex 2.8284271247461903 -4.75 2.8284271247461903
      vertex 1.3487006784950997 -4.75 1.034894429314825
      vertex 1.4722431864335457 -4.75 0.85
    endloop
  endfacet
  facet normal 0 -1 0
    outer loop
      vertex 3.1734133611649407 -4.75 2.4350457160348826
      vertex 2.8284271247461903 -4.75 2.8284271247461903
      vertex 1.6420739046914161 -4.75 0.43999237667428526
    endloop
  endfacet
  facet normal 0.9807852804032305 0 0.19509032201612786
    outer loop
      vertex 3.9657794454952415 -4.75 0.5221047688802063
      vertex 3.9657794454952415 4.75 0.5221047688802063
      vertex 3.8637033051562732 -4.75 1.035276180410083
    endloop
  endfacet
  facet normal 0.9978589232386035 0 0.0654031292301433
    outer loop
      vertex 4 -4.75 0
      vertex 4 4.75 0
      vertex 3.9657794454952415 -4.75 0.5221047688802063
    endloop
  endfacet
  facet normal 0.9469301294951055 0 0.32143946530316175
    outer loop
      vertex 3.8637033051562732 -4.75 1.035276180410083
      vertex 3.8637033051562732 4.75 1.035276180410083
      vertex 3.695518130045147 -4.75 1.5307337294603591
    endloop
  endfacet
  facet normal 0.9978589232386035 0 0.0654031292301433
    outer loop
      vertex 3.9657794454952415 -4.75 0.5221047688802063
      vertex 4 4.75 0
      vertex 3.9657794454952415 4.75 0.5221047688802063
    endloop
  endfacet
  facet normal 0.9807852804032305 0 0.19509032201612786
    outer loop
      vertex 3.8637033051562732 -4.75 1.035276180410083
      vertex 3.9657794454952415 4.75 0.5221047688802063
      vertex 3.8637033051562732 4.75 1.035276180410083
    endloop
  endfacet
  facet normal 0.9469301294951055 0 0.32143946530316175
    outer loop
      vertex 3.695518130045147 -4.75 1.5307337294603591
      vertex 3.8637033051562732 4.75 1.035276180410083
      vertex 3.695518130045147 4.75 1.5307337294603591
    endloop
  endfacet
  facet normal 0.8968727415326881 0 0.44228869021900147
    outer loop
      vertex 3.695518130045147 -4.75 1.5307337294603591
      vertex 3.695518130045147 4.75 1.5307337294603591
      vertex 3.4641016151377544 -4.75 2
    endloop
  endfacet
  facet normal 0.8314696123025453 0 0.5555702330196017
    outer loop
      vertex 3.4641016151377544 -4.75 2
      vertex 3.4641016151377544 4.75 2
      vertex 3.1734133611649407 -4.75 2.4350457160348826
    endloop
  endfacet
  facet normal 0.7518398074789777 0 0.6593458151000686
    outer loop
      vertex 3.1734133611649407 -4.75 2.4350457160348826
      vertex 3.1734133611649407 4.75 2.4350457160348826
      vertex 2.8284271247461903 -4.75 2.8284271247461903
    endloop
  endfacet
  facet normal 0.8968727415326881 0 0.44228869021900147
    outer loop
      vertex 3.4641016151377544 -4.75 2
      vertex 3.695518130045147 4.75 1.5307337294603591
      vertex 3.4641016151377544 4.75 2
    endloop
  endfacet
  facet normal 0.8314696123025453 0 0.5555702330196017
    outer loop
      vertex 3.1734133611649407 -4.75 2.4350457160348826
      vertex 3.4641016151377544 4.75 2
      vertex 3.1734133611649407 4.75 2.4350457160348826
    endloop
  endfacet
  facet normal 0.6593458151000686 0 0.7518398074789777
    outer loop
      vertex 2.8284271247461903 -4.75 2.8284271247461903
      vertex 2.8284271247461903 4.75 2.8284271247461903
      vertex 2.4350457160348826 4.75 3.1734133611649407
    endloop
  endfacet
  facet normal 0.7518398074789777 0 0.6593458151000686
    outer loop
      vertex 2.8284271247461903 -4.75 2.8284271247461903
      vertex 3.1734133611649407 4.75 2.4350457160348826
      vertex 2.8284271247461903 4.75 2.8284271247461903
    endloop
  endfacet
  facet normal -0.5555702330196017 0 0.8314696123025453
    outer loop
      vertex -2.4350457160348826 -4.75 3.1734133611649407
      vertex -2 -4.75 3.4641016151377544
      vertex -2.4350457160348826 4.75 3.1734133611649407
    endloop
  endfacet
  facet normal -0.6593458151000686 0 0.7518398074789777
    outer loop
      vertex -2.4350457160348826 -4.75 3.1734133611649407
      vertex -2.4350457160348826 4.75 3.1734133611649407
      vertex -2.8284271247461903 4.75 2.8284271247461903
    endloop
  endfacet
  facet normal 0 -1 0
    outer loop
      vertex -2.8284271247461903 -4.75 2.8284271247461903
      vertex 2.4350457160348826 -4.75 3.1734133611649407
      vertex -2.4350457160348826 -4.75 3.1734133611649407
    endloop
  endfacet
  facet normal 0 -1 0
    outer loop
      vertex -2.4350457160348826 -4.75 3.1734133611649407
      vertex 2 -4.75 3.4641016151377544
      vertex -2 -4.75 3.4641016151377544
    endloop
  endfacet
  facet normal 0 -1 0
    outer loop
      vertex -2 -4.75 3.4641016151377544
      vertex 1.5307337294603591 -4.75 3.695518130045147
      vertex -1.5307337294603591 -4.75 3.695518130045147
    endloop
  endfacet
  facet normal 0 -1 0
    outer loop
      vertex -2.4350457160348826 -4.75 3.1734133611649407
      vertex 2.4350457160348826 -4.75 3.1734133611649407
      vertex 2 -4.75 3.4641016151377544
    endloop
  endfacet
  facet normal 0 -1 0
    outer loop
      vertex -2 -4.75 3.4641016151377544
      vertex 2 -4.75 3.4641016151377544
      vertex 1.5307337294603591 -4.75 3.695518130045147
    endloop
  endfacet
  facet normal 0 -1 0
    outer loop
      vertex -1.5307337294603591 -4.75 3.695518130045147
      vertex 1.035276180410083 -4.75 3.8637033051562732
      vertex -1.035276180410083 -4.75 3.8637033051562732
    endloop
  endfacet
  facet normal 0 -1 0
    outer loop
      vertex -1.035276180410083 -4.75 3.8637033051562732
      vertex 0.5221047688802063 -4.75 3.9657794454952415
      vertex -0.5221047688802063 -4.75 3.9657794454952415
    endloop
  endfacet
  facet normal 0 -1 0
    outer loop
      vertex -1.035276180410083 -4.75 3.8637033051562732
      vertex 1.035276180410083 -4.75 3.8637033051562732
      vertex 0.5221047688802063 -4.75 3.9657794454952415
    endloop
  endfacet
  facet normal 0 -1 0
    outer loop
      vertex -1.5307337294603591 -4.75 3.695518130045147
      vertex 1.5307337294603591 -4.75 3.695518130045147
      vertex 1.035276180410083 -4.75 3.8637033051562732
    endloop
  endfacet
  facet normal 0 -1 0
    outer loop
      vertex -0.5221047688802063 -4.75 3.9657794454952415
      vertex 0.5221047688802063 -4.75 3.9657794454952415
      vertex 0 -4.75 4
    endloop
  endfacet
  facet normal -0.44228869021900147 0 0.8968727415326881
    outer loop
      vertex -2 -4.75 3.4641016151377544
      vertex -1.5307337294603591 -4.75 3.695518130045147
      vertex -2 4.75 3.4641016151377544
    endloop
  endfacet
  facet normal 0.44228869021900147 0 0.8968727415326881
    outer loop
      vertex 1.5307337294603591 -4.75 3.695518130045147
      vertex 2 -4.75 3.4641016151377544
      vertex 1.5307337294603591 4.75 3.695518130045147
    endloop
  endfacet
  facet normal -0.32143946530316175 0 0.9469301294951055
    outer loop
      vertex -1.5307337294603591 -4.75 3.695518130045147
      vertex -1.035276180410083 -4.75 3.8637033051562732
      vertex -1.5307337294603591 4.75 3.695518130045147
    endloop
  endfacet
  facet normal -0.19509032201612786 0 0.9807852804032305
    outer loop
      vertex -1.035276180410083 -4.75 3.8637033051562732
      vertex -0.5221047688802063 -4.75 3.9657794454952415
      vertex -1.035276180410083 4.75 3.8637033051562732
    endloop
  endfacet
  facet normal -0.0654031292301433 0 0.9978589232386035
    outer loop
      vertex -0.5221047688802063 -4.75 3.9657794454952415
      vertex 0 -4.75 4
      vertex -0.5221047688802063 4.75 3.9657794454952415
    endloop
  endfacet
  facet normal 0.19509032201612786 0 0.9807852804032305
    outer loop
      vertex 0.5221047688802063 -4.75 3.9657794454952415
      vertex 1.035276180410083 -4.75 3.8637033051562732
      vertex 0.5221047688802063 4.75 3.9657794454952415
    endloop
  endfacet
  facet normal 0.0654031292301433 0 0.9978589232386035
    outer loop
      vertex 0 -4.75 4
      vertex 0.5221047688802063 -4.75 3.9657794454952415
      vertex 0 4.75 4
    endloop
  endfacet
  facet normal 0.32143946530316175 1.0410655468555025e-18 0.9469301294951055
    outer loop
      vertex 1.5307337294603591 -4.75 3.695518130045147
      vertex 1.035276180410083 4.75 3.8637033051562732
      vertex 1.035276180410083 -4.75 3.8637033051562732
    endloop
  endfacet
  facet normal -0.5555702330196017 0 0.8314696123025453
    outer loop
      vertex -2 -4.75 3.4641016151377544
      vertex -2 4.75 3.4641016151377544
      vertex -2.4350457160348826 4.75 3.1734133611649407
    endloop
  endfacet
  facet normal -0.44228869021900147 0 0.8968727415326881
    outer loop
      vertex -1.5307337294603591 -4.75 3.695518130045147
      vertex -1.5307337294603591 4.75 3.695518130045147
      vertex -2 4.75 3.4641016151377544
    endloop
  endfacet
  facet normal 0.44228869021900147 0 0.8968727415326881
    outer loop
      vertex 2 -4.75 3.4641016151377544
      vertex 2 4.75 3.4641016151377544
      vertex 1.5307337294603591 4.75 3.695518130045147
    endloop
  endfacet
  facet normal -0.32143946530316175 0 0.9469301294951055
    outer loop
      vertex -1.035276180410083 -4.75 3.8637033051562732
      vertex -1.035276180410083 4.75 3.8637033051562732
      vertex -1.5307337294603591 4.75 3.695518130045147
    endloop
  endfacet
  facet normal -0.19509032201612786 0 0.9807852804032305
    outer loop
      vertex -0.5221047688802063 -4.75 3.9657794454952415
      vertex -0.5221047688802063 4.75 3.9657794454952415
      vertex -1.035276180410083 4.75 3.8637033051562732
    endloop
  endfacet
  facet normal -0.0654031292301433 0 0.9978589232386035
    outer loop
      vertex 0 -4.75 4
      vertex 0 4.75 4
      vertex -0.5221047688802063 4.75 3.9657794454952415
    endloop
  endfacet
  facet normal 0.0654031292301433 0 0.9978589232386035
    outer loop
      vertex 0.5221047688802063 -4.75 3.9657794454952415
      vertex 0.5221047688802063 4.75 3.9657794454952415
      vertex 0 4.75 4
    endloop
  endfacet
  facet normal 0.19509032201612786 0 0.9807852804032305
    outer loop
      vertex 1.035276180410083 -4.75 3.8637033051562732
      vertex 1.035276180410083 4.75 3.8637033051562732
      vertex 0.5221047688802063 4.75 3.9657794454952415
    endloop
  endfacet
  facet normal 0.32143946530316175 0 0.9469301294951055
    outer loop
      vertex 1.5307337294603591 -4.75 3.695518130045147
      vertex 1.5307337294603591 4.75 3.695518130045147
      vertex 1.035276180410083 4.75 3.8637033051562732
    endloop
  endfacet
  facet normal 0.6593458151000686 4.269435086286079e-19 0.7518398074789777
    outer loop
      vertex 2.8284271247461903 -4.75 2.8284271247461903
      vertex 2.4350457160348826 4.75 3.1734133611649407
      vertex 2.4350457160348826 -4.75 3.1734133611649407
    endloop
  endfacet
  facet normal 0.5555702330196017 2.4473316626424424e-18 0.8314696123025453
    outer loop
      vertex 2.4350457160348826 -4.75 3.1734133611649407
      vertex 2 4.75 3.4641016151377544
      vertex 2 -4.75 3.4641016151377544
    endloop
  endfacet
  facet normal 0.5555702330196017 0 0.8314696123025453
    outer loop
      vertex 2.4350457160348826 -4.75 3.1734133611649407
      vertex 2.4350457160348826 4.75 3.1734133611649407
      vertex 2 4.75 3.4641016151377544
    endloop
  endfacet
  facet normal 0 1 0
    outer loop
      vertex -0.5221047688802063 4.75 -3.9657794454952415
      vertex -1.035276180410083 4.75 -3.8637033051562732
      vertex 0.5221047688802063 4.75 -3.9657794454952415
    endloop
  endfacet
  facet normal 0 1 0
    outer loop
      vertex -1.035276180410083 4.75 -3.8637033051562732
      vertex -1.5307337294603591 4.75 -3.695518130045147
      vertex 1.035276180410083 4.75 -3.8637033051562732
    endloop
  endfacet
  facet normal 0 1 0
    outer loop
      vertex -0.5221047688802063 4.75 -3.9657794454952415
      vertex 0.5221047688802063 4.75 -3.9657794454952415
      vertex 0 4.75 -4
    endloop
  endfacet
  facet normal 0 1 0
    outer loop
      vertex -1.035276180410083 4.75 -3.8637033051562732
      vertex 1.035276180410083 4.75 -3.8637033051562732
      vertex 0.5221047688802063 4.75 -3.9657794454952415
    endloop
  endfacet
  facet normal 0 1 0
    outer loop
      vertex 1.035276180410083 4.75 -3.8637033051562732
      vertex -1.5307337294603591 4.75 -3.695518130045147
      vertex 1.5307337294603591 4.75 -3.695518130045147
    endloop
  endfacet
  facet normal 0 1 0
    outer loop
      vertex -1.5307337294603591 4.75 -3.695518130045147
      vertex -2 4.75 -3.4641016151377544
      vertex 1.5307337294603591 4.75 -3.695518130045147
    endloop
  endfacet
  facet normal 0 1 0
    outer loop
      vertex -2.4350457160348826 4.75 -3.1734133611649407
      vertex 2 4.75 -3.4641016151377544
      vertex -2 4.75 -3.4641016151377544
    endloop
  endfacet
  facet normal 0 1 0
    outer loop
      vertex -2.4350457160348826 4.75 -3.1734133611649407
      vertex -2.8284271247461903 4.75 -2.8284271247461903
      vertex 2.4350457160348826 4.75 -3.1734133611649407
    endloop
  endfacet
  facet normal 0 1 0
    outer loop
      vertex -2 4.75 -3.4641016151377544
      vertex 2 4.75 -3.4641016151377544
      vertex 1.5307337294603591 4.75 -3.695518130045147
    endloop
  endfacet
  facet normal 0 1 0
    outer loop
      vertex -2.4350457160348826 4.75 -3.1734133611649407
      vertex 2.4350457160348826 4.75 -3.1734133611649407
      vertex 2 4.75 -3.4641016151377544
    endloop
  endfacet
  facet normal 0 1 0
    outer loop
      vertex -2.8284271247461903 4.75 -2.8284271247461903
      vertex -3.116449982956985 4.75 -2.5
      vertex 0 4.75 -2.5
    endloop
  endfacet
  facet normal 0 1 0
    outer loop
      vertex 2.4350457160348826 4.75 -3.1734133611649407
      vertex -2.8284271247461903 4.75 -2.8284271247461903
      vertex 2.8284271247461903 4.75 -2.8284271247461903
    endloop
  endfacet
  facet normal 0 1 0
    outer loop
      vertex -2.8284271247461903 4.75 -2.8284271247461903
      vertex 0 4.75 -2.5
      vertex 2.8284271247461903 4.75 -2.8284271247461903
    endloop
  endfacet
  facet normal 0 1 0
    outer loop
      vertex 0 4.75 -2.5
      vertex 0.43999237667428526 4.75 -1.6420739046914161
      vertex 2.8284271247461903 4.75 -2.8284271247461903
    endloop
  endfacet
  facet normal 0 1 0
    outer loop
      vertex 0 4.75 -2.5
      vertex 0 4.75 -1.7
      vertex 0.22189452677408766 4.75 -1.6854562643354776
    endloop
  endfacet
  facet normal 0 1 0
    outer loop
      vertex 0 4.75 -2.5
      vertex 0.22189452677408766 4.75 -1.6854562643354776
      vertex 0.43999237667428526 4.75 -1.6420739046914161
    endloop
  endfacet
  facet normal 0 1 0
    outer loop
      vertex 2.8284271247461903 4.75 -2.8284271247461903
      vertex 0.43999237667428526 4.75 -1.6420739046914161
      vertex 0.6505618350206526 4.75 -1.5705952052691874
    endloop
  endfacet
  facet normal 0 1 0
    outer loop
      vertex 2.8284271247461903 4.75 -2.8284271247461903
      vertex 0.6505618350206526 4.75 -1.5705952052691874
      vertex 0.85 4.75 -1.4722431864335457
    endloop
  endfacet
  facet normal 0 1 0
    outer loop
      vertex 2.8284271247461903 4.75 -2.8284271247461903
      vertex 0.85 4.75 -1.4722431864335457
      vertex 1.034894429314825 4.75 -1.3487006784950997
    endloop
  endfacet
  facet normal 0 1 0
    outer loop
      vertex 2.8284271247461903 4.75 -2.8284271247461903
      vertex 1.034894429314825 4.75 -1.3487006784950997
      vertex 1.2020815280171309 4.75 -1.2020815280171309
    endloop
  endfacet
  facet normal 0 1 0
    outer loop
      vertex 2.8284271247461903 4.75 -2.8284271247461903
      vertex 1.2020815280171309 4.75 -1.2020815280171309
      vertex 1.3487006784950997 4.75 -1.034894429314825
    endloop
  endfacet
  facet normal 0 1 0
    outer loop
      vertex 2.8284271247461903 4.75 -2.8284271247461903
      vertex 1.6420739046914161 4.75 -0.43999237667428526
      vertex 3.1734133611649407 4.75 -2.4350457160348826
    endloop
  endfacet
  facet normal 0 1 0
    outer loop
      vertex 2.8284271247461903 4.75 -2.8284271247461903
      vertex 1.3487006784950997 4.75 -1.034894429314825
      vertex 1.4722431864335457 4.75 -0.85
    endloop
  endfacet
  facet normal 0 1 0
    outer loop
      vertex 2.8284271247461903 4.75 -2.8284271247461903
      vertex 1.4722431864335457 4.75 -0.85
      vertex 1.5705952052691874 4.75 -0.6505618350206526
    endloop
  endfacet
  facet normal 0 1 0
    outer loop
      vertex 3.1734133611649407 4.75 -2.4350457160348826
      vertex 1.7 4.75 0
      vertex 3.4641016151377544 4.75 -2
    endloop
  endfacet
  facet normal 0 1 0
    outer loop
      vertex 2.8284271247461903 4.75 -2.8284271247461903
      vertex 1.5705952052691874 4.75 -0.6505618350206526
      vertex 1.6420739046914161 4.75 -0.43999237667428526
    endloop
  endfacet
  facet normal 0 1 0
    outer loop
      vertex 3.1734133611649407 4.75 -2.4350457160348826
      vertex 1.6420739046914161 4.75 -0.43999237667428526
      vertex 1.6854562643354776 4.75 -0.22189452677408766
    endloop
  endfacet
  facet normal 0 1 0
    outer loop
      vertex 3.1734133611649407 4.75 -2.4350457160348826
      vertex 1.6854562643354776 4.75 -0.22189452677408766
      vertex 1.7 4.75 0
    endloop
  endfacet
  facet normal 0 1 0
    outer loop
      vertex 3.4641016151377544 4.75 -2
      vertex 1.6420739046914161 4.75 0.43999237667428526
      vertex 3.695518130045147 4.75 -1.5307337294603591
    endloop
  endfacet
  facet normal 0 1 0
    outer loop
      vertex 3.4641016151377544 4.75 -2
      vertex 1.7 4.75 0
      vertex 1.6854562643354776 4.75 0.22189452677408766
    endloop
  endfacet
  facet normal 0 1 0
    outer loop
      vertex 3.4641016151377544 4.75 -2
      vertex 1.6854562643354776 4.75 0.22189452677408766
      vertex 1.6420739046914161 4.75 0.43999237667428526
    endloop
  endfacet
  facet normal 0 1 0
    outer loop
      vertex 3.695518130045147 4.75 -1.5307337294603591
      vertex 1.3487006784950997 4.75 1.034894429314825
      vertex 3.8637033051562732 4.75 -1.035276180410083
    endloop
  endfacet
  facet normal 0 1 0
    outer loop
      vertex 3.695518130045147 4.75 -1.5307337294603591
      vertex 1.6420739046914161 4.75 0.43999237667428526
      vertex 1.5705952052691874 4.75 0.6505618350206526
    endloop
  endfacet
  facet normal 0 1 0
    outer loop
      vertex 3.695518130045147 4.75 -1.5307337294603591
      vertex 1.5705952052691874 4.75 0.6505618350206526
      vertex 1.4722431864335457 4.75 0.85
    endloop
  endfacet
  facet normal 0 1 0
    outer loop
      vertex 3.8637033051562732 4.75 -1.035276180410083
      vertex 1.034894429314825 4.75 1.3487006784950997
      vertex 0 4.75 2.5
    endloop
  endfacet
  facet normal 0 1 0
    outer loop
      vertex 3.695518130045147 4.75 -1.5307337294603591
      vertex 1.4722431864335457 4.75 0.85
      vertex 1.3487006784950997 4.75 1.034894429314825
    endloop
  endfacet
  facet normal 0 1 0
    outer loop
      vertex 3.8637033051562732 4.75 -1.035276180410083
      vertex 0 4.75 2.5
      vertex 3.9657794454952415 4.75 -0.5221047688802063
    endloop
  endfacet
  facet normal 0 1 0
    outer loop
      vertex 3.8637033051562732 4.75 -1.035276180410083
      vertex 1.3487006784950997 4.75 1.034894429314825
      vertex 1.2020815280171309 4.75 1.2020815280171309
    endloop
  endfacet
  facet normal 0 1 0
    outer loop
      vertex 3.8637033051562732 4.75 -1.035276180410083
      vertex 1.2020815280171309 4.75 1.2020815280171309
      vertex 1.034894429314825 4.75 1.3487006784950997
    endloop
  endfacet
  facet normal 0 1 0
    outer loop
      vertex 3.9657794454952415 4.75 -0.5221047688802063
      vertex 0 4.75 2.5
      vertex 4 4.75 0
    endloop
  endfacet
  facet normal 0 1 0
    outer loop
      vertex 4 4.75 0
      vertex 0 4.75 2.5
      vertex 3.9657794454952415 4.75 0.5221047688802063
    endloop
  endfacet
  facet normal 0 1 0
    outer loop
      vertex 3.9657794454952415 4.75 0.5221047688802063
      vertex 0 4.75 2.5
      vertex 3.8637033051562732 4.75 1.035276180410083
    endloop
  endfacet
  facet normal 0 1 0
    outer loop
      vertex 0 4.75 2.5
      vertex 1.034894429314825 4.75 1.3487006784950997
      vertex 0.85 4.75 1.4722431864335457
    endloop
  endfacet
  facet normal 0 1 0
    outer loop
      vertex 0 4.75 2.5
      vertex 0.85 4.75 1.4722431864335457
      vertex 0.6505618350206526 4.75 1.5705952052691874
    endloop
  endfacet
  facet normal 0 1 0
    outer loop
      vertex 0 4.75 2.5
      vertex 0.22189452677408766 4.75 1.6854562643354776
      vertex 0 4.75 1.7
    endloop
  endfacet
  facet normal 0 1 0
    outer loop
      vertex 0 4.75 2.5
      vertex 0.43999237667428526 4.75 1.6420739046914161
      vertex 0.22189452677408766 4.75 1.6854562643354776
    endloop
  endfacet
  facet normal 0 1 0
    outer loop
      vertex 0 4.75 2.5
      vertex 0.6505618350206526 4.75 1.5705952052691874
      vertex 0.43999237667428526 4.75 1.6420739046914161
    endloop
  endfacet
  facet normal 0 1 0
    outer loop
      vertex -3.116449982956985 4.75 2.5
      vertex -2.8284271247461903 4.75 2.8284271247461903
      vertex 0 4.75 2.5
    endloop
  endfacet
  facet normal 0 1 0
    outer loop
      vertex -2.8284271247461903 4.75 2.8284271247461903
      vertex -2.4350457160348826 4.75 3.1734133611649407
      vertex 2.8284271247461903 4.75 2.8284271247461903
    endloop
  endfacet
  facet normal 0 1 0
    outer loop
      vertex -2.8284271247461903 4.75 2.8284271247461903
      vertex 3.1734133611649407 4.75 2.4350457160348826
      vertex 0 4.75 2.5
    endloop
  endfacet
  facet normal 0 1 0
    outer loop
      vertex -2.8284271247461903 4.75 2.8284271247461903
      vertex 2.8284271247461903 4.75 2.8284271247461903
      vertex 3.1734133611649407 4.75 2.4350457160348826
    endloop
  endfacet
  facet normal 0 1 0
    outer loop
      vertex 3.8637033051562732 4.75 1.035276180410083
      vertex 0 4.75 2.5
      vertex 3.695518130045147 4.75 1.5307337294603591
    endloop
  endfacet
  facet normal 0 1 0
    outer loop
      vertex 0 4.75 2.5
      vertex 3.4641016151377544 4.75 2
      vertex 3.695518130045147 4.75 1.5307337294603591
    endloop
  endfacet
  facet normal 0 1 0
    outer loop
      vertex 0 4.75 2.5
      vertex 3.1734133611649407 4.75 2.4350457160348826
      vertex 3.4641016151377544 4.75 2
    endloop
  endfacet
  facet normal 0 1 0
    outer loop
      vertex -2.4350457160348826 4.75 3.1734133611649407
      vertex -2 4.75 3.4641016151377544
      vertex 2.4350457160348826 4.75 3.1734133611649407
    endloop
  endfacet
  facet normal 0 1 0
    outer loop
      vertex -2 4.75 3.4641016151377544
      vertex -1.5307337294603591 4.75 3.695518130045147
      vertex 2 4.75 3.4641016151377544
    endloop
  endfacet
  facet normal 0 1 0
    outer loop
      vertex -2 4.75 3.4641016151377544
      vertex 2 4.75 3.4641016151377544
      vertex 2.4350457160348826 4.75 3.1734133611649407
    endloop
  endfacet
  facet normal 0 1 0
    outer loop
      vertex 2.8284271247461903 4.75 2.8284271247461903
      vertex -2.4350457160348826 4.75 3.1734133611649407
      vertex 2.4350457160348826 4.75 3.1734133611649407
    endloop
  endfacet
  facet normal 0 1 0
    outer loop
      vertex -1.5307337294603591 4.75 3.695518130045147
      vertex 1.5307337294603591 4.75 3.695518130045147
      vertex 2 4.75 3.4641016151377544
    endloop
  endfacet
  facet normal 0 1 0
    outer loop
      vertex -1.5307337294603591 4.75 3.695518130045147
      vertex -1.035276180410083 4.75 3.8637033051562732
      vertex 1.5307337294603591 4.75 3.695518130045147
    endloop
  endfacet
  facet normal 0 1 0
    outer loop
      vertex -1.035276180410083 4.75 3.8637033051562732
      vertex -0.5221047688802063 4.75 3.9657794454952415
      vertex 1.035276180410083 4.75 3.8637033051562732
    endloop
  endfacet
  facet normal 0 1 0
    outer loop
      vertex 1.5307337294603591 4.75 3.695518130045147
      vertex -1.035276180410083 4.75 3.8637033051562732
      vertex 1.035276180410083 4.75 3.8637033051562732
    endloop
  endfacet
  facet normal 0 1 0
    outer loop
      vertex -0.5221047688802063 4.75 3.9657794454952415
      vertex 0.5221047688802063 4.75 3.9657794454952415
      vertex 1.035276180410083 4.75 3.8637033051562732
    endloop
  endfacet
  facet normal 0 1 0
    outer loop
      vertex -0.5221047688802063 4.75 3.9657794454952415
      vertex 0 4.75 4
      vertex 0.5221047688802063 4.75 3.9657794454952415
    endloop
  endfacet
  facet normal -0.6593458151000686 0 -0.7518398074789777
    outer loop
      vertex -2.4350457160348826 15.25 -3.1734133611649407
      vertex -2.8284271247461903 15.25 -2.8284271247461903
      vertex -2.4350457160348826 24.75 -3.1734133611649407
    endloop
  endfacet
  facet normal 0 -1 0
    outer loop
      vertex -1.035276180410083 15.25 -3.8637033051562732
      vertex 1.5307337294603591 15.25 -3.695518130045147
      vertex -1.5307337294603591 15.25 -3.695518130045147
    endloop
  endfacet
  facet normal -0.32143946530316175 0 -0.9469301294951055
    outer loop
      vertex -1.035276180410083 15.25 -3.8637033051562732
      vertex -1.5307337294603591 15.25 -3.695518130045147
      vertex -1.035276180410083 24.75 -3.8637033051562732
    endloop
  endfacet
  facet normal -0.19509032201612786 0 -0.9807852804032305
    outer loop
      vertex -0.5221047688802063 15.25 -3.9657794454952415
      vertex -1.035276180410083 15.25 -3.8637033051562732
      vertex -0.5221047688802063 24.75 -3.9657794454952415
    endloop
  endfacet
  facet normal 0 -1 0
    outer loop
      vertex -0.5221047688802063 15.25 -3.9657794454952415
      vertex 0 15.25 -4
      vertex 0.5221047688802063 15.25 -3.9657794454952415
    endloop
  endfacet
  facet normal 0 -1 0
    outer loop
      vertex -0.5221047688802063 15.25 -3.9657794454952415
      vertex 1.035276180410083 15.25 -3.8637033051562732
      vertex -1.035276180410083 15.25 -3.8637033051562732
    endloop
  endfacet
  facet normal 0 -1 0
    outer loop
      vertex -0.5221047688802063 15.25 -3.9657794454952415
      vertex 0.5221047688802063 15.25 -3.9657794454952415
      vertex 1.035276180410083 15.25 -3.8637033051562732
    endloop
  endfacet
  facet normal 0 -1 0
    outer loop
      vertex -1.035276180410083 15.25 -3.8637033051562732
      vertex 1.035276180410083 15.25 -3.8637033051562732
      vertex 1.5307337294603591 15.25 -3.695518130045147
    endloop
  endfacet
  facet normal -0.0654031292301433 2.1887107583561427e-19 -0.9978589232386035
    outer loop
      vertex -0.5221047688802063 15.25 -3.9657794454952415
      vertex 0 24.75 -4
      vertex 0 15.25 -4
    endloop
  endfacet
  facet normal 0.0654031292301433 -2.1887107583561427e-19 -0.9978589232386035
    outer loop
      vertex 0 15.25 -4
      vertex 0.5221047688802063 24.75 -3.9657794454952415
      vertex 0.5221047688802063 15.25 -3.9657794454952415
    endloop
  endfacet
  facet normal 0.19509032201612786 9.433935088767862e-20 -0.9807852804032305
    outer loop
      vertex 0.5221047688802063 15.25 -3.9657794454952415
      vertex 1.035276180410083 24.75 -3.8637033051562732
      vertex 1.035276180410083 15.25 -3.8637033051562732
    endloop
  endfacet
  facet normal 0.32143946530316175 -1.0410655468555025e-18 -0.9469301294951055
    outer loop
      vertex 1.035276180410083 15.25 -3.8637033051562732
      vertex 1.5307337294603591 24.75 -3.695518130045147
      vertex 1.5307337294603591 15.25 -3.695518130045147
    endloop
  endfacet
  facet normal 0 -1 0
    outer loop
      vertex -1.5307337294603591 15.25 -3.695518130045147
      vertex 2 15.25 -3.4641016151377544
      vertex -2 15.25 -3.4641016151377544
    endloop
  endfacet
  facet normal 0 -1 0
    outer loop
      vertex -2.4350457160348826 15.25 -3.1734133611649407
      vertex -2 15.25 -3.4641016151377544
      vertex 2.4350457160348826 15.25 -3.1734133611649407
    endloop
  endfacet
  facet normal -0.44228869021900147 0 -0.8968727415326881
    outer loop
      vertex -1.5307337294603591 15.25 -3.695518130045147
      vertex -2 15.25 -3.4641016151377544
      vertex -1.5307337294603591 24.75 -3.695518130045147
    endloop
  endfacet
  facet normal -0.5555702330196017 2.4473316626424424e-18 -0.8314696123025453
    outer loop
      vertex -2.4350457160348826 15.25 -3.1734133611649407
      vertex -2 24.75 -3.4641016151377544
      vertex -2 15.25 -3.4641016151377544
    endloop
  endfacet
  facet normal 0 -1 0
    outer loop
      vertex -1.5307337294603591 15.25 -3.695518130045147
      vertex 1.5307337294603591 15.25 -3.695518130045147
      vertex 2 15.25 -3.4641016151377544
    endloop
  endfacet
  facet normal 0 -1 0
    outer loop
      vertex -2 15.25 -3.4641016151377544
      vertex 2 15.25 -3.4641016151377544
      vertex 2.4350457160348826 15.25 -3.1734133611649407
    endloop
  endfacet
  facet normal 0 -1 0
    outer loop
      vertex -2.4350457160348826 15.25 -3.1734133611649407
      vertex 2.4350457160348826 15.25 -3.1734133611649407
      vertex 2.8284271247461903 15.25 -2.8284271247461903
    endloop
  endfacet
  facet normal 0.44228869021900147 2.504624174647419e-19 -0.8968727415326881
    outer loop
      vertex 1.5307337294603591 15.25 -3.695518130045147
      vertex 2 24.75 -3.4641016151377544
      vertex 2 15.25 -3.4641016151377544
    endloop
  endfacet
  facet normal 0.5555702330196017 -2.4473316626424424e-18 -0.8314696123025453
    outer loop
      vertex 2 15.25 -3.4641016151377544
      vertex 2.4350457160348826 24.75 -3.1734133611649407
      vertex 2.4350457160348826 15.25 -3.1734133611649407
    endloop
  endfacet
  facet normal -0.7518398074789777 -4.478886943577975e-20 -0.6593458151000686
    outer loop
      vertex -2.8284271247461903 15.25 -2.8284271247461903
      vertex -3.116449982956985 15.25 -2.5
      vertex -3.116449982956985 24.75 -2.5
    endloop
  endfacet
  facet normal 0 -1 0
    outer loop
      vertex -2.4350457160348826 15.25 -3.1734133611649407
      vertex 2.8284271247461903 15.25 -2.8284271247461903
      vertex -2.8284271247461903 15.25 -2.8284271247461903
    endloop
  endfacet
  facet normal 0 -1 0
    outer loop
      vertex -2.8284271247461903 15.25 -2.8284271247461903
      vertex 0 15.25 -2.5
      vertex -3.116449982956985 15.25 -2.5
    endloop
  endfacet
  facet normal 0 -1 0
    outer loop
      vertex -2.8284271247461903 15.25 -2.8284271247461903
      vertex 2.8284271247461903 15.25 -2.8284271247461903
      vertex 3.1734133611649407 15.25 -2.4350457160348826
    endloop
  endfacet
  facet normal 0 -1 0
    outer loop
      vertex -2.8284271247461903 15.25 -2.8284271247461903
      vertex 3.1734133611649407 15.25 -2.4350457160348826
      vertex 0 15.25 -2.5
    endloop
  endfacet
  facet normal 0 -1 0
    outer loop
      vertex 0 15.25 -2.5
      vertex 0.22189452677408766 15.25 -1.6854562643354776
      vertex 0 15.25 -1.7
    endloop
  endfacet
  facet normal 0 -1 0
    outer loop
      vertex 0 15.25 -2.5
      vertex 0.43999237667428526 15.25 -1.6420739046914161
      vertex 0.22189452677408766 15.25 -1.6854562643354776
    endloop
  endfacet
  facet normal 0 -1 0
    outer loop
      vertex 0 15.25 -2.5
      vertex 0.6505618350206526 15.25 -1.5705952052691874
      vertex 0.43999237667428526 15.25 -1.6420739046914161
    endloop
  endfacet
  facet normal 0 -1 0
    outer loop
      vertex 0 15.25 -2.5
      vertex 0.85 15.25 -1.4722431864335457
      vertex 0.6505618350206526 15.25 -1.5705952052691874
    endloop
  endfacet
  facet normal 0 -1 0
    outer loop
      vertex 0 15.25 -2.5
      vertex 1.034894429314825 15.25 -1.3487006784950997
      vertex 0.85 15.25 -1.4722431864335457
    endloop
  endfacet
  facet normal 0 -1 0
    outer loop
      vertex 0 15.25 -2.5
      vertex 3.1734133611649407 15.25 -2.4350457160348826
      vertex 3.4641016151377544 15.25 -2
    endloop
  endfacet
  facet normal 0.6593458151000686 -4.269435086286079e-19 -0.7518398074789777
    outer loop
      vertex 2.4350457160348826 15.25 -3.1734133611649407
      vertex 2.8284271247461903 24.75 -2.8284271247461903
      vertex 2.8284271247461903 15.25 -2.8284271247461903
    endloop
  endfacet
  facet normal 0.7518398074789777 0 -0.6593458151000686
    outer loop
      vertex 2.8284271247461903 15.25 -2.8284271247461903
      vertex 2.8284271247461903 24.75 -2.8284271247461903
      vertex 3.1734133611649407 15.25 -2.4350457160348826
    endloop
  endfacet
  facet normal 0.8314696123025453 0 -0.5555702330196017
    outer loop
      vertex 3.1734133611649407 15.25 -2.4350457160348826
      vertex 3.1734133611649407 24.75 -2.4350457160348826
      vertex 3.4641016151377544 15.25 -2
    endloop
  endfacet
  facet normal 0 -1 0
    outer loop
      vertex 0 15.25 -2.5
      vertex 3.4641016151377544 15.25 -2
      vertex 3.695518130045147 15.25 -1.5307337294603591
    endloop
  endfacet
  facet normal 0 -1 0
    outer loop
      vertex 0 15.25 -2.5
      vertex 3.695518130045147 15.25 -1.5307337294603591
      vertex 3.8637033051562732 15.25 -1.035276180410083
    endloop
  endfacet
  facet normal 0.8968727415326881 0 -0.44228869021900147
    outer loop
      vertex 3.4641016151377544 15.25 -2
      vertex 3.4641016151377544 24.75 -2
      vertex 3.695518130045147 15.25 -1.5307337294603591
    endloop
  endfacet
  facet normal 0 -1 0
    outer loop
      vertex 0 15.25 -2.5
      vertex 3.8637033051562732 15.25 1.035276180410083
      vertex 1.034894429314825 15.25 -1.3487006784950997
    endloop
  endfacet
  facet normal 0 -1 0
    outer loop
      vertex 0 15.25 -2.5
      vertex 3.8637033051562732 15.25 -1.035276180410083
      vertex 3.9657794454952415 15.25 -0.5221047688802063
    endloop
  endfacet
  facet normal 0 -1 0
    outer loop
      vertex 0 15.25 -2.5
      vertex 3.9657794454952415 15.25 -0.5221047688802063
      vertex 4 15.25 0
    endloop
  endfacet
  facet normal 0.9469301294951055 0 -0.32143946530316175
    outer loop
      vertex 3.695518130045147 15.25 -1.5307337294603591
      vertex 3.695518130045147 24.75 -1.5307337294603591
      vertex 3.8637033051562732 15.25 -1.035276180410083
    endloop
  endfacet
  facet normal 0.9807852804032305 0 -0.19509032201612786
    outer loop
      vertex 3.8637033051562732 15.25 -1.035276180410083
      vertex 3.8637033051562732 24.75 -1.035276180410083
      vertex 3.9657794454952415 15.25 -0.5221047688802063
    endloop
  endfacet
  facet normal 0 -1 0
    outer loop
      vertex 0 15.25 -2.5
      vertex 4 15.25 0
      vertex 3.9657794454952415 15.25 0.5221047688802063
    endloop
  endfacet
  facet normal 0 -1 0
    outer loop
      vertex 3.8637033051562732 15.25 1.035276180410083
      vertex 1.2020815280171309 15.25 -1.2020815280171309
      vertex 1.034894429314825 15.25 -1.3487006784950997
    endloop
  endfacet
  facet normal 0 -1 0
    outer loop
      vertex 3.8637033051562732 15.25 1.035276180410083
      vertex 1.3487006784950997 15.25 -1.034894429314825
      vertex 1.2020815280171309 15.25 -1.2020815280171309
    endloop
  endfacet
  facet normal 0 -1 0
    outer loop
      vertex 0 15.25 -2.5
      vertex 3.9657794454952415 15.25 0.5221047688802063
      vertex 3.8637033051562732 15.25 1.035276180410083
    endloop
  endfacet
  facet normal 0 -1 0
    outer loop
      vertex 3.695518130045147 15.25 1.5307337294603591
      vertex 1.4722431864335457 15.25 -0.85
      vertex 1.3487006784950997 15.25 -1.034894429314825
    endloop
  endfacet
  facet normal 0.9978589232386035 0 -0.0654031292301433
    outer loop
      vertex 3.9657794454952415 15.25 -0.5221047688802063
      vertex 3.9657794454952415 24.75 -0.5221047688802063
      vertex 4 15.25 0
    endloop
  endfacet
  facet normal -0.5555702330196017 0 -0.8314696123025453
    outer loop
      vertex -2.4350457160348826 15.25 -3.1734133611649407
      vertex -2.4350457160348826 24.75 -3.1734133611649407
      vertex -2 24.75 -3.4641016151377544
    endloop
  endfacet
  facet normal -0.32143946530316175 0 -0.9469301294951055
    outer loop
      vertex -1.5307337294603591 15.25 -3.695518130045147
      vertex -1.5307337294603591 24.75 -3.695518130045147
      vertex -1.035276180410083 24.75 -3.8637033051562732
    endloop
  endfacet
  facet normal -0.0654031292301433 0 -0.9978589232386035
    outer loop
      vertex -0.5221047688802063 15.25 -3.9657794454952415
      vertex -0.5221047688802063 24.75 -3.9657794454952415
      vertex 0 24.75 -4
    endloop
  endfacet
  facet normal -0.19509032201612786 0 -0.9807852804032305
    outer loop
      vertex -1.035276180410083 15.25 -3.8637033051562732
      vertex -1.035276180410083 24.75 -3.8637033051562732
      vertex -0.5221047688802063 24.75 -3.9657794454952415
    endloop
  endfacet
  facet normal 0.0654031292301433 0 -0.9978589232386035
    outer loop
      vertex 0 15.25 -4
      vertex 0 24.75 -4
      vertex 0.5221047688802063 24.75 -3.9657794454952415
    endloop
  endfacet
  facet normal 0.19509032201612786 0 -0.9807852804032305
    outer loop
      vertex 0.5221047688802063 15.25 -3.9657794454952415
      vertex 0.5221047688802063 24.75 -3.9657794454952415
      vertex 1.035276180410083 24.75 -3.8637033051562732
    endloop
  endfacet
  facet normal 0.32143946530316175 0 -0.9469301294951055
    outer loop
      vertex 1.035276180410083 15.25 -3.8637033051562732
      vertex 1.035276180410083 24.75 -3.8637033051562732
      vertex 1.5307337294603591 24.75 -3.695518130045147
    endloop
  endfacet
  facet normal -0.44228869021900147 0 -0.8968727415326881
    outer loop
      vertex -2 15.25 -3.4641016151377544
      vertex -2 24.75 -3.4641016151377544
      vertex -1.5307337294603591 24.75 -3.695518130045147
    endloop
  endfacet
  facet normal 0.44228869021900147 0 -0.8968727415326881
    outer loop
      vertex 1.5307337294603591 15.25 -3.695518130045147
      vertex 1.5307337294603591 24.75 -3.695518130045147
      vertex 2 24.75 -3.4641016151377544
    endloop
  endfacet
  facet normal 0 1 0
    outer loop
      vertex -0.5221047688802063 24.75 -3.9657794454952415
      vertex -1.035276180410083 24.75 -3.8637033051562732
      vertex 0.5221047688802063 24.75 -3.9657794454952415
    endloop
  endfacet
  facet normal 0 1 0
    outer loop
      vertex -1.035276180410083 24.75 -3.8637033051562732
      vertex -1.5307337294603591 24.75 -3.695518130045147
      vertex 1.035276180410083 24.75 -3.8637033051562732
    endloop
  endfacet
  facet normal 0 1 0
    outer loop
      vertex -0.5221047688802063 24.75 -3.9657794454952415
      vertex 0.5221047688802063 24.75 -3.9657794454952415
      vertex 0 24.75 -4
    endloop
  endfacet
  facet normal 0 1 0
    outer loop
      vertex -1.035276180410083 24.75 -3.8637033051562732
      vertex 1.035276180410083 24.75 -3.8637033051562732
      vertex 0.5221047688802063 24.75 -3.9657794454952415
    endloop
  endfacet
  facet normal 0 1 0
    outer loop
      vertex 1.035276180410083 24.75 -3.8637033051562732
      vertex -1.5307337294603591 24.75 -3.695518130045147
      vertex 1.5307337294603591 24.75 -3.695518130045147
    endloop
  endfacet
  facet normal 0 1 0
    outer loop
      vertex -1.5307337294603591 24.75 -3.695518130045147
      vertex -2 24.75 -3.4641016151377544
      vertex 1.5307337294603591 24.75 -3.695518130045147
    endloop
  endfacet
  facet normal 0 1 0
    outer loop
      vertex -2.4350457160348826 24.75 -3.1734133611649407
      vertex 2 24.75 -3.4641016151377544
      vertex -2 24.75 -3.4641016151377544
    endloop
  endfacet
  facet normal 0 1 0
    outer loop
      vertex -2.4350457160348826 24.75 -3.1734133611649407
      vertex -2.8284271247461903 24.75 -2.8284271247461903
      vertex 2.4350457160348826 24.75 -3.1734133611649407
    endloop
  endfacet
  facet normal 0 1 0
    outer loop
      vertex -2 24.75 -3.4641016151377544
      vertex 2 24.75 -3.4641016151377544
      vertex 1.5307337294603591 24.75 -3.695518130045147
    endloop
  endfacet
  facet normal 0 1 0
    outer loop
      vertex -2.4350457160348826 24.75 -3.1734133611649407
      vertex 2.4350457160348826 24.75 -3.1734133611649407
      vertex 2 24.75 -3.4641016151377544
    endloop
  endfacet
  facet normal 0.5555702330196017 0 -0.8314696123025453
    outer loop
      vertex 2 15.25 -3.4641016151377544
      vertex 2 24.75 -3.4641016151377544
      vertex 2.4350457160348826 24.75 -3.1734133611649407
    endloop
  endfacet
  facet normal 0.6593458151000686 0 -0.7518398074789777
    outer loop
      vertex 2.4350457160348826 15.25 -3.1734133611649407
      vertex 2.4350457160348826 24.75 -3.1734133611649407
      vertex 2.8284271247461903 24.75 -2.8284271247461903
    endloop
  endfacet
  facet normal -0.6593458151000686 0 -0.7518398074789777
    outer loop
      vertex -2.8284271247461903 15.25 -2.8284271247461903
      vertex -2.8284271247461903 24.75 -2.8284271247461903
      vertex -2.4350457160348826 24.75 -3.1734133611649407
    endloop
  endfacet
  facet normal -0.7518398074789777 0 -0.6593458151000686
    outer loop
      vertex -2.8284271247461903 15.25 -2.8284271247461903
      vertex -3.116449982956985 24.75 -2.5
      vertex -2.8284271247461903 24.75 -2.8284271247461903
    endloop
  endfacet
  facet normal 0 1 0
    outer loop
      vertex -2.8284271247461903 24.75 -2.8284271247461903
      vertex -3.116449982956985 24.75 -2.5
      vertex -0.14702458729939114 24.75 -2.5
    endloop
  endfacet
  facet normal 0 1 0
    outer loop
      vertex 2.4350457160348826 24.75 -3.1734133611649407
      vertex -2.8284271247461903 24.75 -2.8284271247461903
      vertex 2.8284271247461903 24.75 -2.8284271247461903
    endloop
  endfacet
  facet normal 0 1 0
    outer loop
      vertex -2.8284271247461903 24.75 -2.8284271247461903
      vertex -0.14702458729939114 24.75 -2.5
      vertex 2.8284271247461903 24.75 -2.8284271247461903
    endloop
  endfacet
  facet normal 0 1 0
    outer loop
      vertex -0.14702458729939114 24.75 -2.5
      vertex 0.22189452677408766 24.75 -1.6854562643354776
      vertex 2.8284271247461903 24.75 -2.8284271247461903
    endloop
  endfacet
  facet normal 0 1 0
    outer loop
      vertex -0.14702458729939114 24.75 -2.5
      vertex -0.14702458729939114 24.75 -1.6903634994294165
      vertex 0 24.75 -1.7
    endloop
  endfacet
  facet normal 0 1 0
    outer loop
      vertex -0.14702458729939114 24.75 -2.5
      vertex 0 24.75 -1.7
      vertex 0.22189452677408766 24.75 -1.6854562643354776
    endloop
  endfacet
  facet normal 0 1 0
    outer loop
      vertex 2.8284271247461903 24.75 -2.8284271247461903
      vertex 0.22189452677408766 24.75 -1.6854562643354776
      vertex 0.43999237667428526 24.75 -1.6420739046914161
    endloop
  endfacet
  facet normal 0 1 0
    outer loop
      vertex 2.8284271247461903 24.75 -2.8284271247461903
      vertex 0.43999237667428526 24.75 -1.6420739046914161
      vertex 0.6505618350206526 24.75 -1.5705952052691874
    endloop
  endfacet
  facet normal 0 1 0
    outer loop
      vertex 2.8284271247461903 24.75 -2.8284271247461903
      vertex 0.6505618350206526 24.75 -1.5705952052691874
      vertex 0.85 24.75 -1.4722431864335457
    endloop
  endfacet
  facet normal 0 1 0
    outer loop
      vertex 2.8284271247461903 24.75 -2.8284271247461903
      vertex 0.85 24.75 -1.4722431864335457
      vertex 1.034894429314825 24.75 -1.3487006784950997
    endloop
  endfacet
  facet normal 0 1 0
    outer loop
      vertex 2.8284271247461903 24.75 -2.8284271247461903
      vertex 1.034894429314825 24.75 -1.3487006784950997
      vertex 1.2020815280171309 24.75 -1.2020815280171309
    endloop
  endfacet
  facet normal 0 1 0
    outer loop
      vertex 2.8284271247461903 24.75 -2.8284271247461903
      vertex 1.2020815280171309 24.75 -1.2020815280171309
      vertex 1.3487006784950997 24.75 -1.034894429314825
    endloop
  endfacet
  facet normal 0.7518398074789777 0 -0.6593458151000686
    outer loop
      vertex 3.1734133611649407 15.25 -2.4350457160348826
      vertex 2.8284271247461903 24.75 -2.8284271247461903
      vertex 3.1734133611649407 24.75 -2.4350457160348826
    endloop
  endfacet
  facet normal 0.8314696123025453 0 -0.5555702330196017
    outer loop
      vertex 3.4641016151377544 15.25 -2
      vertex 3.1734133611649407 24.75 -2.4350457160348826
      vertex 3.4641016151377544 24.75 -2
    endloop
  endfacet
  facet normal 0.8968727415326881 0 -0.44228869021900147
    outer loop
      vertex 3.695518130045147 15.25 -1.5307337294603591
      vertex 3.4641016151377544 24.75 -2
      vertex 3.695518130045147 24.75 -1.5307337294603591
    endloop
  endfacet
  facet normal 0 1 0
    outer loop
      vertex 2.8284271247461903 24.75 -2.8284271247461903
      vertex 1.6420739046914161 24.75 -0.43999237667428526
      vertex 3.1734133611649407 24.75 -2.4350457160348826
    endloop
  endfacet
  facet normal 0 1 0
    outer loop
      vertex 2.8284271247461903 24.75 -2.8284271247461903
      vertex 1.3487006784950997 24.75 -1.034894429314825
      vertex 1.4722431864335457 24.75 -0.85
    endloop
  endfacet
  facet normal 0 1 0
    outer loop
      vertex 3.1734133611649407 24.75 -2.4350457160348826
      vertex 1.6854562643354776 24.75 -0.22189452677408766
      vertex 3.4641016151377544 24.75 -2
    endloop
  endfacet
  facet normal 0.9469301294951055 0 -0.32143946530316175
    outer loop
      vertex 3.8637033051562732 15.25 -1.035276180410083
      vertex 3.695518130045147 24.75 -1.5307337294603591
      vertex 3.8637033051562732 24.75 -1.035276180410083
    endloop
  endfacet
  facet normal 0.9807852804032305 0 -0.19509032201612786
    outer loop
      vertex 3.9657794454952415 15.25 -0.5221047688802063
      vertex 3.8637033051562732 24.75 -1.035276180410083
      vertex 3.9657794454952415 24.75 -0.5221047688802063
    endloop
  endfacet
  facet normal 0.9978589232386035 -2.1887107583561427e-19 -0.0654031292301433
    outer loop
      vertex 3.9657794454952415 24.75 -0.5221047688802063
      vertex 4 24.75 0
      vertex 4 15.25 0
    endloop
  endfacet
  facet normal 0 1 0
    outer loop
      vertex 2.8284271247461903 24.75 -2.8284271247461903
      vertex 1.4722431864335457 24.75 -0.85
      vertex 1.5705952052691874 24.75 -0.6505618350206526
    endloop
  endfacet
  facet normal 0 1 0
    outer loop
      vertex 2.8284271247461903 24.75 -2.8284271247461903
      vertex 1.5705952052691874 24.75 -0.6505618350206526
      vertex 1.6420739046914161 24.75 -0.43999237667428526
    endloop
  endfacet
  facet normal 0 1 0
    outer loop
      vertex 3.1734133611649407 24.75 -2.4350457160348826
      vertex 1.6420739046914161 24.75 -0.43999237667428526
      vertex 1.6854562643354776 24.75 -0.22189452677408766
    endloop
  endfacet
  facet normal 0 1 0
    outer loop
      vertex 3.4641016151377544 24.75 -2
      vertex 1.6854562643354776 24.75 0.22189452677408766
      vertex 3.695518130045147 24.75 -1.5307337294603591
    endloop
  endfacet
  facet normal 0 1 0
    outer loop
      vertex 3.4641016151377544 24.75 -2
      vertex 1.6854562643354776 24.75 -0.22189452677408766
      vertex 1.7 24.75 0
    endloop
  endfacet
  facet normal 0 1 0
    outer loop
      vertex 3.4641016151377544 24.75 -2
      vertex 1.7 24.75 0
      vertex 1.6854562643354776 24.75 0.22189452677408766
    endloop
  endfacet
  facet normal 0 1 0
    outer loop
      vertex 3.695518130045147 24.75 -1.5307337294603591
      vertex 1.4722431864335457 24.75 0.85
      vertex 3.8637033051562732 24.75 -1.035276180410083
    endloop
  endfacet
  facet normal 0 1 0
    outer loop
      vertex 3.695518130045147 24.75 -1.5307337294603591
      vertex 1.6854562643354776 24.75 0.22189452677408766
      vertex 1.6420739046914161 24.75 0.43999237667428526
    endloop
  endfacet
  facet normal 0 1 0
    outer loop
      vertex 3.695518130045147 24.75 -1.5307337294603591
      vertex 1.6420739046914161 24.75 0.43999237667428526
      vertex 1.5705952052691874 24.75 0.6505618350206526
    endloop
  endfacet
  facet normal 0 1 0
    outer loop
      vertex 3.695518130045147 24.75 -1.5307337294603591
      vertex 1.5705952052691874 24.75 0.6505618350206526
      vertex 1.4722431864335457 24.75 0.85
    endloop
  endfacet
  facet normal -0.7518398074789777 4.478886943577975e-20 0.6593458151000686
    outer loop
      vertex -3.116449982956985 15.25 2.5
      vertex -2.8284271247461903 15.25 2.8284271247461903
      vertex -2.8284271247461903 24.75 2.8284271247461903
    endloop
  endfacet
  facet normal -0.6593458151000686 0 0.7518398074789777
    outer loop
      vertex -2.8284271247461903 15.25 2.8284271247461903
      vertex -2.4350457160348826 15.25 3.1734133611649407
      vertex -2.8284271247461903 24.75 2.8284271247461903
    endloop
  endfacet
  facet normal 0 -1 0
    outer loop
      vertex 3.695518130045147 15.25 1.5307337294603591
      vertex 1.5705952052691874 15.25 -0.6505618350206526
      vertex 1.4722431864335457 15.25 -0.85
    endloop
  endfacet
  facet normal 0 -1 0
    outer loop
      vertex 3.695518130045147 15.25 1.5307337294603591
      vertex 1.6420739046914161 15.25 -0.43999237667428526
      vertex 1.5705952052691874 15.25 -0.6505618350206526
    endloop
  endfacet
  facet normal 0 -1 0
    outer loop
      vertex 3.4641016151377544 15.25 2
      vertex 1.6854562643354776 15.25 -0.22189452677408766
      vertex 1.6420739046914161 15.25 -0.43999237667428526
    endloop
  endfacet
  facet normal 0 -1 0
    outer loop
      vertex 3.4641016151377544 15.25 2
      vertex 1.7 15.25 0
      vertex 1.6854562643354776 15.25 -0.22189452677408766
    endloop
  endfacet
  facet normal 0 -1 0
    outer loop
      vertex 3.8637033051562732 15.25 1.035276180410083
      vertex 3.695518130045147 15.25 1.5307337294603591
      vertex 1.3487006784950997 15.25 -1.034894429314825
    endloop
  endfacet
  facet normal 0.9807852804032305 0 0.19509032201612786
    outer loop
      vertex 3.9657794454952415 15.25 0.5221047688802063
      vertex 3.9657794454952415 24.75 0.5221047688802063
      vertex 3.8637033051562732 15.25 1.035276180410083
    endloop
  endfacet
  facet normal 0.9978589232386035 0 0.0654031292301433
    outer loop
      vertex 4 15.25 0
      vertex 4 24.75 0
      vertex 3.9657794454952415 15.25 0.5221047688802063
    endloop
  endfacet
  facet normal 0 -1 0
    outer loop
      vertex 3.1734133611649407 15.25 2.4350457160348826
      vertex 1.6854562643354776 15.25 0.22189452677408766
      vertex 1.7 15.25 0
    endloop
  endfacet
  facet normal 0 -1 0
    outer loop
      vertex 3.1734133611649407 15.25 2.4350457160348826
      vertex 1.6420739046914161 15.25 0.43999237667428526
      vertex 1.6854562643354776 15.25 0.22189452677408766
    endloop
  endfacet
  facet normal 0 -1 0
    outer loop
      vertex 3.695518130045147 15.25 1.5307337294603591
      vertex 3.4641016151377544 15.25 2
      vertex 1.6420739046914161 15.25 -0.43999237667428526
    endloop
  endfacet
  facet normal 0 -1 0
    outer loop
      vertex 2.8284271247461903 15.25 2.8284271247461903
      vertex 1.5705952052691874 15.25 0.6505618350206526
      vertex 1.6420739046914161 15.25 0.43999237667428526
    endloop
  endfacet
  facet normal 0 -1 0
    outer loop
      vertex 2.8284271247461903 15.25 2.8284271247461903
      vertex 1.4722431864335457 15.25 0.85
      vertex 1.5705952052691874 15.25 0.6505618350206526
    endloop
  endfacet
  facet normal 0 -1 0
    outer loop
      vertex 3.4641016151377544 15.25 2
      vertex 3.1734133611649407 15.25 2.4350457160348826
      vertex 1.7 15.25 0
    endloop
  endfacet
  facet normal 0.9469301294951055 0 0.32143946530316175
    outer loop
      vertex 3.8637033051562732 15.25 1.035276180410083
      vertex 3.8637033051562732 24.75 1.035276180410083
      vertex 3.695518130045147 15.25 1.5307337294603591
    endloop
  endfacet
  facet normal 0 -1 0
    outer loop
      vertex 2.8284271247461903 15.25 2.8284271247461903
      vertex 1.2020815280171309 15.25 1.2020815280171309
      vertex 1.3487006784950997 15.25 1.034894429314825
    endloop
  endfacet
  facet normal 0 -1 0
    outer loop
      vertex 2.8284271247461903 15.25 2.8284271247461903
      vertex 1.034894429314825 15.25 1.3487006784950997
      vertex 1.2020815280171309 15.25 1.2020815280171309
    endloop
  endfacet
  facet normal 0 -1 0
    outer loop
      vertex 0 15.25 2.5
      vertex 0 15.25 1.7
      vertex 0.22189452677408766 15.25 1.6854562643354776
    endloop
  endfacet
  facet normal 0 -1 0
    outer loop
      vertex 0 15.25 2.5
      vertex 0.22189452677408766 15.25 1.6854562643354776
      vertex 0.43999237667428526 15.25 1.6420739046914161
    endloop
  endfacet
  facet normal 0 -1 0
    outer loop
      vertex 2.8284271247461903 15.25 2.8284271247461903
      vertex 0.43999237667428526 15.25 1.6420739046914161
      vertex 0.6505618350206526 15.25 1.5705952052691874
    endloop
  endfacet
  facet normal 0 -1 0
    outer loop
      vertex 2.8284271247461903 15.25 2.8284271247461903
      vertex 0.85 15.25 1.4722431864335457
      vertex 1.034894429314825 15.25 1.3487006784950997
    endloop
  endfacet
  facet normal 0 -1 0
    outer loop
      vertex 2.8284271247461903 15.25 2.8284271247461903
      vertex 0.6505618350206526 15.25 1.5705952052691874
      vertex 0.85 15.25 1.4722431864335457
    endloop
  endfacet
  facet normal 0 -1 0
    outer loop
      vertex -3.116449982956985 15.25 2.5
      vertex 0 15.25 2.5
      vertex -2.8284271247461903 15.25 2.8284271247461903
    endloop
  endfacet
  facet normal 0 -1 0
    outer loop
      vertex 0 15.25 2.5
      vertex 0.43999237667428526 15.25 1.6420739046914161
      vertex 2.8284271247461903 15.25 2.8284271247461903
    endloop
  endfacet
  facet normal 0 -1 0
    outer loop
      vertex -2.8284271247461903 15.25 2.8284271247461903
      vertex 0 15.25 2.5
      vertex 2.8284271247461903 15.25 2.8284271247461903
    endloop
  endfacet
  facet normal 0 -1 0
    outer loop
      vertex -2.8284271247461903 15.25 2.8284271247461903
      vertex 2.8284271247461903 15.25 2.8284271247461903
      vertex 2.4350457160348826 15.25 3.1734133611649407
    endloop
  endfacet
  facet normal 0 -1 0
    outer loop
      vertex 2.8284271247461903 15.25 2.8284271247461903
      vertex 1.3487006784950997 15.25 1.034894429314825
      vertex 1.4722431864335457 15.25 0.85
    endloop
  endfacet
  facet normal 0 -1 0
    outer loop
      vertex 3.1734133611649407 15.25 2.4350457160348826
      vertex 2.8284271247461903 15.25 2.8284271247461903
      vertex 1.6420739046914161 15.25 0.43999237667428526
    endloop
  endfacet
  facet normal 0.8968727415326881 0 0.44228869021900147
    outer loop
      vertex 3.695518130045147 15.25 1.5307337294603591
      vertex 3.695518130045147 24.75 1.5307337294603591
      vertex 3.4641016151377544 15.25 2
    endloop
  endfacet
  facet normal 0.8314696123025453 0 0.5555702330196017
    outer loop
      vertex 3.4641016151377544 15.25 2
      vertex 3.4641016151377544 24.75 2
      vertex 3.1734133611649407 15.25 2.4350457160348826
    endloop
  endfacet
  facet normal 0.7518398074789777 0 0.6593458151000686
    outer loop
      vertex 3.1734133611649407 15.25 2.4350457160348826
      vertex 3.1734133611649407 24.75 2.4350457160348826
      vertex 2.8284271247461903 15.25 2.8284271247461903
    endloop
  endfacet
  facet normal -0.5555702330196017 0 0.8314696123025453
    outer loop
      vertex -2.4350457160348826 15.25 3.1734133611649407
      vertex -2 15.25 3.4641016151377544
      vertex -2.4350457160348826 24.75 3.1734133611649407
    endloop
  endfacet
  facet normal 0 -1 0
    outer loop
      vertex -2.8284271247461903 15.25 2.8284271247461903
      vertex 2.4350457160348826 15.25 3.1734133611649407
      vertex -2.4350457160348826 15.25 3.1734133611649407
    endloop
  endfacet
  facet normal 0 -1 0
    outer loop
      vertex -2.4350457160348826 15.25 3.1734133611649407
      vertex 2 15.25 3.4641016151377544
      vertex -2 15.25 3.4641016151377544
    endloop
  endfacet
  facet normal 0 -1 0
    outer loop
      vertex -2 15.25 3.4641016151377544
      vertex 1.5307337294603591 15.25 3.695518130045147
      vertex -1.5307337294603591 15.25 3.695518130045147
    endloop
  endfacet
  facet normal -0.44228869021900147 0 0.8968727415326881
    outer loop
      vertex -2 15.25 3.4641016151377544
      vertex -1.5307337294603591 15.25 3.695518130045147
      vertex -2 24.75 3.4641016151377544
    endloop
  endfacet
  facet normal 0 -1 0
    outer loop
      vertex -2.4350457160348826 15.25 3.1734133611649407
      vertex 2.4350457160348826 15.25 3.1734133611649407
      vertex 2 15.25 3.4641016151377544
    endloop
  endfacet
  facet normal 0 -1 0
    outer loop
      vertex -2 15.25 3.4641016151377544
      vertex 2 15.25 3.4641016151377544
      vertex 1.5307337294603591 15.25 3.695518130045147
    endloop
  endfacet
  facet normal 0.44228869021900147 0 0.8968727415326881
    outer loop
      vertex 1.5307337294603591 15.25 3.695518130045147
      vertex 2 15.25 3.4641016151377544
      vertex 1.5307337294603591 24.75 3.695518130045147
    endloop
  endfacet
  facet normal 0 -1 0
    outer loop
      vertex -1.5307337294603591 15.25 3.695518130045147
      vertex 1.035276180410083 15.25 3.8637033051562732
      vertex -1.035276180410083 15.25 3.8637033051562732
    endloop
  endfacet
  facet normal 0 -1 0
    outer loop
      vertex -1.035276180410083 15.25 3.8637033051562732
      vertex 0.5221047688802063 15.25 3.9657794454952415
      vertex -0.5221047688802063 15.25 3.9657794454952415
    endloop
  endfacet
  facet normal -0.32143946530316175 0 0.9469301294951055
    outer loop
      vertex -1.5307337294603591 15.25 3.695518130045147
      vertex -1.035276180410083 15.25 3.8637033051562732
      vertex -1.5307337294603591 24.75 3.695518130045147
    endloop
  endfacet
  facet normal -0.19509032201612786 0 0.9807852804032305
    outer loop
      vertex -1.035276180410083 15.25 3.8637033051562732
      vertex -0.5221047688802063 15.25 3.9657794454952415
      vertex -1.035276180410083 24.75 3.8637033051562732
    endloop
  endfacet
  facet normal -0.0654031292301433 0 0.9978589232386035
    outer loop
      vertex -0.5221047688802063 15.25 3.9657794454952415
      vertex 0 15.25 4
      vertex -0.5221047688802063 24.75 3.9657794454952415
    endloop
  endfacet
  facet normal 0 -1 0
    outer loop
      vertex -1.035276180410083 15.25 3.8637033051562732
      vertex 1.035276180410083 15.25 3.8637033051562732
      vertex 0.5221047688802063 15.25 3.9657794454952415
    endloop
  endfacet
  facet normal 0 -1 0
    outer loop
      vertex -1.5307337294603591 15.25 3.695518130045147
      vertex 1.5307337294603591 15.25 3.695518130045147
      vertex 1.035276180410083 15.25 3.8637033051562732
    endloop
  endfacet
  facet normal 0 -1 0
    outer loop
      vertex -0.5221047688802063 15.25 3.9657794454952415
      vertex 0.5221047688802063 15.25 3.9657794454952415
      vertex 0 15.25 4
    endloop
  endfacet
  facet normal 0.19509032201612786 0 0.9807852804032305
    outer loop
      vertex 0.5221047688802063 15.25 3.9657794454952415
      vertex 1.035276180410083 15.25 3.8637033051562732
      vertex 0.5221047688802063 24.75 3.9657794454952415
    endloop
  endfacet
  facet normal 0.0654031292301433 0 0.9978589232386035
    outer loop
      vertex 0 15.25 4
      vertex 0.5221047688802063 15.25 3.9657794454952415
      vertex 0 24.75 4
    endloop
  endfacet
  facet normal 0.32143946530316175 1.0410655468555025e-18 0.9469301294951055
    outer loop
      vertex 1.5307337294603591 15.25 3.695518130045147
      vertex 1.035276180410083 24.75 3.8637033051562732
      vertex 1.035276180410083 15.25 3.8637033051562732
    endloop
  endfacet
  facet normal 0.6593458151000686 4.269435086286079e-19 0.7518398074789777
    outer loop
      vertex 2.8284271247461903 15.25 2.8284271247461903
      vertex 2.4350457160348826 24.75 3.1734133611649407
      vertex 2.4350457160348826 15.25 3.1734133611649407
    endloop
  endfacet
  facet normal 0.5555702330196017 2.4473316626424424e-18 0.8314696123025453
    outer loop
      vertex 2.4350457160348826 15.25 3.1734133611649407
      vertex 2 24.75 3.4641016151377544
      vertex 2 15.25 3.4641016151377544
    endloop
  endfacet
  facet normal -0.7518398074789777 0 0.6593458151000686
    outer loop
      vertex -3.116449982956985 15.25 2.5
      vertex -2.8284271247461903 24.75 2.8284271247461903
      vertex -3.116449982956985 24.75 2.5
    endloop
  endfacet
  facet normal 0 1 0
    outer loop
      vertex 3.8637033051562732 24.75 -1.035276180410083
      vertex 1.034894429314825 24.75 1.3487006784950997
      vertex -0.14702458729939114 24.75 2.5
    endloop
  endfacet
  facet normal 0.9978589232386035 0 0.0654031292301433
    outer loop
      vertex 3.9657794454952415 15.25 0.5221047688802063
      vertex 4 24.75 0
      vertex 3.9657794454952415 24.75 0.5221047688802063
    endloop
  endfacet
  facet normal 0.9807852804032305 0 0.19509032201612786
    outer loop
      vertex 3.8637033051562732 15.25 1.035276180410083
      vertex 3.9657794454952415 24.75 0.5221047688802063
      vertex 3.8637033051562732 24.75 1.035276180410083
    endloop
  endfacet
  facet normal 0.9469301294951055 0 0.32143946530316175
    outer loop
      vertex 3.695518130045147 15.25 1.5307337294603591
      vertex 3.8637033051562732 24.75 1.035276180410083
      vertex 3.695518130045147 24.75 1.5307337294603591
    endloop
  endfacet
  facet normal 0 1 0
    outer loop
      vertex 3.8637033051562732 24.75 -1.035276180410083
      vertex 1.4722431864335457 24.75 0.85
      vertex 1.3487006784950997 24.75 1.034894429314825
    endloop
  endfacet
  facet normal 0 1 0
    outer loop
      vertex 3.8637033051562732 24.75 -1.035276180410083
      vertex -0.14702458729939114 24.75 2.5
      vertex 3.9657794454952415 24.75 -0.5221047688802063
    endloop
  endfacet
  facet normal 0 1 0
    outer loop
      vertex 3.8637033051562732 24.75 -1.035276180410083
      vertex 1.3487006784950997 24.75 1.034894429314825
      vertex 1.2020815280171309 24.75 1.2020815280171309
    endloop
  endfacet
  facet normal 0 1 0
    outer loop
      vertex 3.8637033051562732 24.75 -1.035276180410083
      vertex 1.2020815280171309 24.75 1.2020815280171309
      vertex 1.034894429314825 24.75 1.3487006784950997
    endloop
  endfacet
  facet normal 0 1 0
    outer loop
      vertex 3.9657794454952415 24.75 -0.5221047688802063
      vertex -0.14702458729939114 24.75 2.5
      vertex 4 24.75 0
    endloop
  endfacet
  facet normal 0 1 0
    outer loop
      vertex 4 24.75 0
      vertex -0.14702458729939114 24.75 2.5
      vertex 3.9657794454952415 24.75 0.5221047688802063
    endloop
  endfacet
  facet normal 0 1 0
    outer loop
      vertex 3.9657794454952415 24.75 0.5221047688802063
      vertex -0.14702458729939114 24.75 2.5
      vertex 3.8637033051562732 24.75 1.035276180410083
    endloop
  endfacet
  facet normal 0 1 0
    outer loop
      vertex -0.14702458729939114 24.75 2.5
      vertex 1.034894429314825 24.75 1.3487006784950997
      vertex 0.85 24.75 1.4722431864335457
    endloop
  endfacet
  facet normal 0 1 0
    outer loop
      vertex -0.14702458729939114 24.75 2.5
      vertex 0.85 24.75 1.4722431864335457
      vertex 0.6505618350206526 24.75 1.5705952052691874
    endloop
  endfacet
  facet normal 0 1 0
    outer loop
      vertex -0.14702458729939114 24.75 2.5
      vertex 0 24.75 1.7
      vertex -0.14702458729939114 24.75 1.6903634994294165
    endloop
  endfacet
  facet normal 0 1 0
    outer loop
      vertex -0.14702458729939114 24.75 2.5
      vertex 0.22189452677408766 24.75 1.6854562643354776
      vertex 0 24.75 1.7
    endloop
  endfacet
  facet normal 0 1 0
    outer loop
      vertex -0.14702458729939114 24.75 2.5
      vertex 0.6505618350206526 24.75 1.5705952052691874
      vertex 0.43999237667428526 24.75 1.6420739046914161
    endloop
  endfacet
  facet normal 0 1 0
    outer loop
      vertex -0.14702458729939114 24.75 2.5
      vertex 0.43999237667428526 24.75 1.6420739046914161
      vertex 0.22189452677408766 24.75 1.6854562643354776
    endloop
  endfacet
  facet normal 0 1 0
    outer loop
      vertex -3.116449982956985 24.75 2.5
      vertex -2.8284271247461903 24.75 2.8284271247461903
      vertex -0.14702458729939114 24.75 2.5
    endloop
  endfacet
  facet normal 0 1 0
    outer loop
      vertex -2.8284271247461903 24.75 2.8284271247461903
      vertex -2.4350457160348826 24.75 3.1734133611649407
      vertex 2.8284271247461903 24.75 2.8284271247461903
    endloop
  endfacet
  facet normal 0 1 0
    outer loop
      vertex -2.8284271247461903 24.75 2.8284271247461903
      vertex 3.1734133611649407 24.75 2.4350457160348826
      vertex -0.14702458729939114 24.75 2.5
    endloop
  endfacet
  facet normal 0 1 0
    outer loop
      vertex -2.8284271247461903 24.75 2.8284271247461903
      vertex 2.8284271247461903 24.75 2.8284271247461903
      vertex 3.1734133611649407 24.75 2.4350457160348826
    endloop
  endfacet
  facet normal 0.8968727415326881 0 0.44228869021900147
    outer loop
      vertex 3.4641016151377544 15.25 2
      vertex 3.695518130045147 24.75 1.5307337294603591
      vertex 3.4641016151377544 24.75 2
    endloop
  endfacet
  facet normal 0.8314696123025453 0 0.5555702330196017
    outer loop
      vertex 3.1734133611649407 15.25 2.4350457160348826
      vertex 3.4641016151377544 24.75 2
      vertex 3.1734133611649407 24.75 2.4350457160348826
    endloop
  endfacet
  facet normal 0.6593458151000686 0 0.7518398074789777
    outer loop
      vertex 2.8284271247461903 15.25 2.8284271247461903
      vertex 2.8284271247461903 24.75 2.8284271247461903
      vertex 2.4350457160348826 24.75 3.1734133611649407
    endloop
  endfacet
  facet normal 0.7518398074789777 0 0.6593458151000686
    outer loop
      vertex 2.8284271247461903 15.25 2.8284271247461903
      vertex 3.1734133611649407 24.75 2.4350457160348826
      vertex 2.8284271247461903 24.75 2.8284271247461903
    endloop
  endfacet
  facet normal 0 1 0
    outer loop
      vertex 3.8637033051562732 24.75 1.035276180410083
      vertex -0.14702458729939114 24.75 2.5
      vertex 3.695518130045147 24.75 1.5307337294603591
    endloop
  endfacet
  facet normal 0 1 0
    outer loop
      vertex -0.14702458729939114 24.75 2.5
      vertex 3.4641016151377544 24.75 2
      vertex 3.695518130045147 24.75 1.5307337294603591
    endloop
  endfacet
  facet normal 0 1 0
    outer loop
      vertex -0.14702458729939114 24.75 2.5
      vertex 3.1734133611649407 24.75 2.4350457160348826
      vertex 3.4641016151377544 24.75 2
    endloop
  endfacet
  facet normal -0.6593458151000686 0 0.7518398074789777
    outer loop
      vertex -2.4350457160348826 15.25 3.1734133611649407
      vertex -2.4350457160348826 24.75 3.1734133611649407
      vertex -2.8284271247461903 24.75 2.8284271247461903
    endloop
  endfacet
  facet normal -0.5555702330196017 0 0.8314696123025453
    outer loop
      vertex -2 15.25 3.4641016151377544
      vertex -2 24.75 3.4641016151377544
      vertex -2.4350457160348826 24.75 3.1734133611649407
    endloop
  endfacet
  facet normal -0.44228869021900147 0 0.8968727415326881
    outer loop
      vertex -1.5307337294603591 15.25 3.695518130045147
      vertex -1.5307337294603591 24.75 3.695518130045147
      vertex -2 24.75 3.4641016151377544
    endloop
  endfacet
  facet normal 0.44228869021900147 0 0.8968727415326881
    outer loop
      vertex 2 15.25 3.4641016151377544
      vertex 2 24.75 3.4641016151377544
      vertex 1.5307337294603591 24.75 3.695518130045147
    endloop
  endfacet
  facet normal -0.32143946530316175 0 0.9469301294951055
    outer loop
      vertex -1.035276180410083 15.25 3.8637033051562732
      vertex -1.035276180410083 24.75 3.8637033051562732
      vertex -1.5307337294603591 24.75 3.695518130045147
    endloop
  endfacet
  facet normal -0.19509032201612786 0 0.9807852804032305
    outer loop
      vertex -0.5221047688802063 15.25 3.9657794454952415
      vertex -0.5221047688802063 24.75 3.9657794454952415
      vertex -1.035276180410083 24.75 3.8637033051562732
    endloop
  endfacet
  facet normal -0.0654031292301433 0 0.9978589232386035
    outer loop
      vertex 0 15.25 4
      vertex 0 24.75 4
      vertex -0.5221047688802063 24.75 3.9657794454952415
    endloop
  endfacet
  facet normal 0.0654031292301433 0 0.9978589232386035
    outer loop
      vertex 0.5221047688802063 15.25 3.9657794454952415
      vertex 0.5221047688802063 24.75 3.9657794454952415
      vertex 0 24.75 4
    endloop
  endfacet
  facet normal 0.19509032201612786 0 0.9807852804032305
    outer loop
      vertex 1.035276180410083 15.25 3.8637033051562732
      vertex 1.035276180410083 24.75 3.8637033051562732
      vertex 0.5221047688802063 24.75 3.9657794454952415
    endloop
  endfacet
  facet normal 0.32143946530316175 0 0.9469301294951055
    outer loop
      vertex 1.5307337294603591 15.25 3.695518130045147
      vertex 1.5307337294603591 24.75 3.695518130045147
      vertex 1.035276180410083 24.75 3.8637033051562732
    endloop
  endfacet
  facet normal 0 1 0
    outer loop
      vertex -2.4350457160348826 24.75 3.1734133611649407
      vertex -2 24.75 3.4641016151377544
      vertex 2.4350457160348826 24.75 3.1734133611649407
    endloop
  endfacet
  facet normal 0 1 0
    outer loop
      vertex -2 24.75 3.4641016151377544
      vertex -1.5307337294603591 24.75 3.695518130045147
      vertex 2 24.75 3.4641016151377544
    endloop
  endfacet
  facet normal 0 1 0
    outer loop
      vertex -2 24.75 3.4641016151377544
      vertex 2 24.75 3.4641016151377544
      vertex 2.4350457160348826 24.75 3.1734133611649407
    endloop
  endfacet
  facet normal 0 1 0
    outer loop
      vertex 2.8284271247461903 24.75 2.8284271247461903
      vertex -2.4350457160348826 24.75 3.1734133611649407
      vertex 2.4350457160348826 24.75 3.1734133611649407
    endloop
  endfacet
  facet normal 0 1 0
    outer loop
      vertex -1.5307337294603591 24.75 3.695518130045147
      vertex 1.5307337294603591 24.75 3.695518130045147
      vertex 2 24.75 3.4641016151377544
    endloop
  endfacet
  facet normal 0 1 0
    outer loop
      vertex -1.5307337294603591 24.75 3.695518130045147
      vertex -1.035276180410083 24.75 3.8637033051562732
      vertex 1.5307337294603591 24.75 3.695518130045147
    endloop
  endfacet
  facet normal 0 1 0
    outer loop
      vertex -1.035276180410083 24.75 3.8637033051562732
      vertex -0.5221047688802063 24.75 3.9657794454952415
      vertex 1.035276180410083 24.75 3.8637033051562732
    endloop
  endfacet
  facet normal 0 1 0
    outer loop
      vertex 1.5307337294603591 24.75 3.695518130045147
      vertex -1.035276180410083 24.75 3.8637033051562732
      vertex 1.035276180410083 24.75 3.8637033051562732
    endloop
  endfacet
  facet normal 0 1 0
    outer loop
      vertex -0.5221047688802063 24.75 3.9657794454952415
      vertex 0.5221047688802063 24.75 3.9657794454952415
      vertex 1.035276180410083 24.75 3.8637033051562732
    endloop
  endfacet
  facet normal 0 1 0
    outer loop
      vertex -0.5221047688802063 24.75 3.9657794454952415
      vertex 0 24.75 4
      vertex 0.5221047688802063 24.75 3.9657794454952415
    endloop
  endfacet
  facet normal 0.5555702330196017 0 0.8314696123025453
    outer loop
      vertex 2.4350457160348826 15.25 3.1734133611649407
      vertex 2.4350457160348826 24.75 3.1734133611649407
      vertex 2 24.75 3.4641016151377544
    endloop
  endfacet
  facet normal 0 0 -1
    outer loop
      vertex -59.586706680582466 -25.217522858017443 -2.5
      vertex -59.84775906502257 -24.76536686473018 -2.5
      vertex -59.217522858017446 -25.58670668058247 -2.5
    endloop
  endfacet
  facet normal 0 0 -1
    outer loop
      vertex -59.586706680582466 -25.217522858017443 -2.5
      vertex -59.217522858017446 -25.58670668058247 -2.5
      vertex -59.41421356237309 -25.414213562373096 -2.5
    endloop
  endfacet
  facet normal 0 0 -1
    outer loop
      vertex -59.586706680582466 -25.217522858017443 -2.5
      vertex -59.73205080756888 -25 -2.5
      vertex -59.84775906502257 -24.76536686473018 -2.5
    endloop
  endfacet
  facet normal 0 0 -1
    outer loop
      vertex -59.217522858017446 -25.58670668058247 -2.5
      vertex -59.84775906502257 -24.76536686473018 -2.5
      vertex -60 -24 -2.5
    endloop
  endfacet
  facet normal 0 0 -1
    outer loop
      vertex -59.84775906502257 -24.76536686473018 -2.5
      vertex -59.93185165257813 -24.51763809020504 -2.5
      vertex -60 -24 -2.5
    endloop
  endfacet
  facet normal 0 0 -1
    outer loop
      vertex -59.93185165257813 -24.51763809020504 -2.5
      vertex -59.98288972274762 -24.261052384440102 -2.5
      vertex -60 -24 -2.5
    endloop
  endfacet
  facet normal 0 0 -1
    outer loop
      vertex -59 -25.73205080756888 -2.5
      vertex -58.51763809020504 -25.931851652578136 -2.5
      vertex -58.76536686473018 -25.847759065022572 -2.5
    endloop
  endfacet
  facet normal 0 0 -1
    outer loop
      vertex -59.217522858017446 -25.58670668058247 -2.5
      vertex -58 -26 -2.5
      vertex -59 -25.73205080756888 -2.5
    endloop
  endfacet
  facet normal 0 0 -1
    outer loop
      vertex -59 -25.73205080756888 -2.5
      vertex -58.261052384440106 -25.982889722747622 -2.5
      vertex -58.51763809020504 -25.931851652578136 -2.5
    endloop
  endfacet
  facet normal 0 0 -1
    outer loop
      vertex -59 -25.73205080756888 -2.5
      vertex -58 -26 -2.5
      vertex -58.261052384440106 -25.982889722747622 -2.5
    endloop
  endfacet
  facet normal -0.8314696123025312 -0.5555702330196229 0
    outer loop
      vertex -59.586706680582466 -25.217522858017443 -2.5
      vertex -59.586706680582466 -25.217522858017443 2.5
      vertex -59.73205080756888 -25 -2.5
    endloop
  endfacet
  facet normal -0.7518398074789787 -0.6593458151000674 0
    outer loop
      vertex -59.586706680582466 -25.217522858017443 -2.5
      vertex -59.41421356237309 -25.414213562373096 -2.5
      vertex -59.586706680582466 -25.217522858017443 2.5
    endloop
  endfacet
  facet normal -0.555570233019598 -0.8314696123025481 0
    outer loop
      vertex -59.217522858017446 -25.58670668058247 -2.5
      vertex -59 -25.73205080756888 -2.5
      vertex -59.217522858017446 -25.58670668058247 2.5
    endloop
  endfacet
  facet normal -0.6593458151000808 -0.7518398074789668 0
    outer loop
      vertex -59.217522858017446 -25.58670668058247 -2.5
      vertex -59.217522858017446 -25.58670668058247 2.5
      vertex -59.41421356237309 -25.414213562373096 -2.5
    endloop
  endfacet
  facet normal -0.8968727415326979 -0.44228869021898193 0
    outer loop
      vertex -59.84775906502257 -24.76536686473018 -2.5
      vertex -59.73205080756888 -25 -2.5
      vertex -59.84775906502257 -24.76536686473018 2.5
    endloop
  endfacet
  facet normal -0.94693012949511 -0.3214394653031487 0
    outer loop
      vertex -59.84775906502257 -24.76536686473018 -2.5
      vertex -59.84775906502257 -24.76536686473018 2.5
      vertex -59.93185165257813 -24.51763809020504 -2.5
    endloop
  endfacet
  facet normal -0.9807852804032262 -0.19509032201614976 0
    outer loop
      vertex -59.93185165257813 -24.51763809020504 -2.5
      vertex -59.93185165257813 -24.51763809020504 2.5
      vertex -59.98288972274762 -24.261052384440102 -2.5
    endloop
  endfacet
  facet normal -0.44228869021899814 -0.8968727415326898 1.2911021376349014e-18
    outer loop
      vertex -59 -25.73205080756888 -2.5
      vertex -58.76536686473018 -25.847759065022572 -2.5
      vertex -58.76536686473018 -25.847759065022572 2.49
    endloop
  endfacet
  facet normal -0.32143946530315676 -0.9469301294951072 0
    outer loop
      vertex -58.76536686473018 -25.847759065022572 -2.5
      vertex -58.51763809020504 -25.931851652578136 -2.5
      vertex -58.76536686473018 -25.847759065022572 2.49
    endloop
  endfacet
  facet normal -0.1950903220161393 -0.9807852804032283 0
    outer loop
      vertex -58.51763809020504 -25.931851652578136 -2.5
      vertex -58.261052384440106 -25.982889722747622 -2.5
      vertex -58.51763809020504 -25.931851652578136 2.49
    endloop
  endfacet
  facet normal -0.06540312923013841 -0.9978589232386039 0
    outer loop
      vertex -58.261052384440106 -25.982889722747622 -2.5
      vertex -58 -26 -2.5
      vertex -58.261052384440106 -25.982889722747622 2.49
    endloop
  endfacet
  facet normal -0.9978589232386037 -0.06540312923013929 -1.2233902921020854e-20
    outer loop
      vertex -59.98288972274762 -24.261052384440102 -2.5
      vertex -60 -24 2.5
      vertex -60 -24 -2.5
    endloop
  endfacet
  facet normal 0 0 -1
    outer loop
      vertex -59.217522858017446 -25.58670668058247 -2.5
      vertex -60 -24 -2.5
      vertex -60 24 -2.5
    endloop
  endfacet
  facet normal 0 0 -1
    outer loop
      vertex -59.217522858017446 -25.58670668058247 -2.5
      vertex -0.7824771419825574 -25.58670668058247 -2.5
      vertex -58 -26 -2.5
    endloop
  endfacet
  facet normal 0 0 -1
    outer loop
      vertex -59.217522858017446 -25.58670668058247 -2.5
      vertex -58 26 -2.5
      vertex -3.116449982956985 -15.25 -2.5
    endloop
  endfacet
  facet normal -0.8314696123025312 -0.5555702330196229 0
    outer loop
      vertex -59.73205080756888 -25 -2.5
      vertex -59.586706680582466 -25.217522858017443 2.5
      vertex -59.73205080756888 -25 2.5
    endloop
  endfacet
  facet normal -0.555570233019598 -0.8314696123025481 0
    outer loop
      vertex -59 -25.73205080756888 -2.5
      vertex -59 -25.73205080756888 2.5
      vertex -59.217522858017446 -25.58670668058247 2.5
    endloop
  endfacet
  facet normal -0.7518398074789787 -0.6593458151000674 0
    outer loop
      vertex -59.41421356237309 -25.414213562373096 -2.5
      vertex -59.41421356237309 -25.414213562373096 2.5
      vertex -59.586706680582466 -25.217522858017443 2.5
    endloop
  endfacet
  facet normal -0.6593458151000808 -0.7518398074789668 0
    outer loop
      vertex -59.41421356237309 -25.414213562373096 -2.5
      vertex -59.217522858017446 -25.58670668058247 2.5
      vertex -59.41421356237309 -25.414213562373096 2.5
    endloop
  endfacet
  facet normal -0.8968727415326979 -0.44228869021898193 0
    outer loop
      vertex -59.73205080756888 -25 -2.5
      vertex -59.73205080756888 -25 2.5
      vertex -59.84775906502257 -24.76536686473018 2.5
    endloop
  endfacet
  facet normal -0.94693012949511 -0.3214394653031487 0
    outer loop
      vertex -59.93185165257813 -24.51763809020504 -2.5
      vertex -59.84775906502257 -24.76536686473018 2.5
      vertex -59.93185165257813 -24.51763809020504 2.5
    endloop
  endfacet
  facet normal -0.9807852804032262 -0.19509032201614976 0
    outer loop
      vertex -59.98288972274762 -24.261052384440102 -2.5
      vertex -59.93185165257813 -24.51763809020504 2.5
      vertex -59.98288972274762 -24.261052384440102 2.5
    endloop
  endfacet
  facet normal -0.9978589232386037 -0.06540312923013929 0
    outer loop
      vertex -59.98288972274762 -24.261052384440102 -2.5
      vertex -59.98288972274762 -24.261052384440102 2.5
      vertex -60 -24 2.5
    endloop
  endfacet
  facet normal -0.4422886902189982 -0.8968727415326898 0
    outer loop
      vertex -59 -25.73205080756888 -2.5
      vertex -58.76536686473018 -25.847759065022572 2.5
      vertex -59 -25.73205080756888 2.5
    endloop
  endfacet
  facet normal -0.4422886902190099 -0.8968727415326841 6.442599666798255e-16
    outer loop
      vertex -59 -25.73205080756888 -2.5
      vertex -58.76536686473018 -25.847759065022572 2.49
      vertex -58.76536686473018 -25.847759065022572 2.5
    endloop
  endfacet
  facet normal -0.32143946530315676 -0.9469301294951072 0
    outer loop
      vertex -58.51763809020504 -25.931851652578136 -2.5
      vertex -58.51763809020504 -25.931851652578136 2.49
      vertex -58.76536686473018 -25.847759065022572 2.49
    endloop
  endfacet
  facet normal -0.1950903220161393 -0.9807852804032283 0
    outer loop
      vertex -58.261052384440106 -25.982889722747622 -2.5
      vertex -58.261052384440106 -25.982889722747622 2.49
      vertex -58.51763809020504 -25.931851652578136 2.49
    endloop
  endfacet
  facet normal -0.06540312923013841 -0.9978589232386039 0
    outer loop
      vertex -58 -26 -2.5
      vertex -58 -26 2.49
      vertex -58.261052384440106 -25.982889722747622 2.49
    endloop
  endfacet
  facet normal 0 0 1
    outer loop
      vertex -59.586706680582466 -25.217522858017443 2.5
      vertex -59.217522858017446 -25.58670668058247 2.5
      vertex -59.84775906502257 -24.76536686473018 2.5
    endloop
  endfacet
  facet normal 0 0 1
    outer loop
      vertex -59.217522858017446 -25.58670668058247 2.5
      vertex -59 -25.73205080756888 2.5
      vertex -58.76536686473018 -25.847759065022572 2.5
    endloop
  endfacet
  facet normal 0 0 1
    outer loop
      vertex -59.586706680582466 -25.217522858017443 2.5
      vertex -59.41421356237309 -25.414213562373096 2.5
      vertex -59.217522858017446 -25.58670668058247 2.5
    endloop
  endfacet
  facet normal 0 0 1
    outer loop
      vertex -59.586706680582466 -25.217522858017443 2.5
      vertex -59.84775906502257 -24.76536686473018 2.5
      vertex -59.73205080756888 -25 2.5
    endloop
  endfacet
  facet normal 0 0 1
    outer loop
      vertex -59.217522858017446 -25.58670668058247 2.5
      vertex -60 -24 2.5
      vertex -59.84775906502257 -24.76536686473018 2.5
    endloop
  endfacet
  facet normal 0 0 1
    outer loop
      vertex -59.84775906502257 -24.76536686473018 2.5
      vertex -60 -24 2.5
      vertex -59.93185165257813 -24.51763809020504 2.5
    endloop
  endfacet
  facet normal 0 0 1
    outer loop
      vertex -59.93185165257813 -24.51763809020504 2.5
      vertex -60 -24 2.5
      vertex -59.98288972274762 -24.261052384440102 2.5
    endloop
  endfacet
  facet normal -0.32143946530315676 -0.9469301294951072 5.635102793414548e-16
    outer loop
      vertex -58.76536686473018 -25.847759065022572 2.5
      vertex -58.51763809020504 -25.931851652578136 2.49
      vertex -58.51763809020504 -25.931851652578136 2.5
    endloop
  endfacet
  facet normal -0.32143946530315676 -0.9469301294951072 0
    outer loop
      vertex -58.76536686473018 -25.847759065022572 2.49
      vertex -58.51763809020504 -25.931851652578136 2.49
      vertex -58.76536686473018 -25.847759065022572 2.5
    endloop
  endfacet
  facet normal 0 0 1
    outer loop
      vertex -59.217522858017446 -25.58670668058247 2.5
      vertex -58.76536686473018 -25.847759065022572 2.5
      vertex -58 -26 2.5
    endloop
  endfacet
  facet normal 0 0 1
    outer loop
      vertex -58.76536686473018 -25.847759065022572 2.5
      vertex -58.51763809020504 -25.931851652578136 2.5
      vertex -58.261052384440106 -25.982889722747622 2.5
    endloop
  endfacet
  facet normal -0.19509032201613927 -0.9807852804032282 0
    outer loop
      vertex -58.51763809020504 -25.931851652578136 2.49
      vertex -58.261052384440106 -25.982889722747622 2.5
      vertex -58.51763809020504 -25.931851652578136 2.5
    endloop
  endfacet
  facet normal -0.19509032201613927 -0.9807852804032282 1.0621144539111189e-16
    outer loop
      vertex -58.51763809020504 -25.931851652578136 2.49
      vertex -58.261052384440106 -25.982889722747622 2.49
      vertex -58.261052384440106 -25.982889722747622 2.5
    endloop
  endfacet
  facet normal 0 0 1
    outer loop
      vertex -58.76536686473018 -25.847759065022572 2.5
      vertex -58.261052384440106 -25.982889722747622 2.5
      vertex -58 -26 2.5
    endloop
  endfacet
  facet normal -0.06540312923013841 -0.9978589232386037 0
    outer loop
      vertex -58.261052384440106 -25.982889722747622 2.49
      vertex -58 -26 2.5
      vertex -58.261052384440106 -25.982889722747622 2.5
    endloop
  endfacet
  facet normal -0.06540312923013841 -0.9978589232386037 -3.386577030873478e-17
    outer loop
      vertex -58.261052384440106 -25.982889722747622 2.49
      vertex -58 -26 2.49
      vertex -58 -26 2.5
    endloop
  endfacet
  facet normal -1 0 0
    outer loop
      vertex -60 -24 -2.5
      vertex -60 -24 2.5
      vertex -60 24 2.5
    endloop
  endfacet
  facet normal 0 0 1
    outer loop
      vertex -59.217522858017446 -25.58670668058247 2.5
      vertex -60 24 2.5
      vertex -60 -24 2.5
    endloop
  endfacet
  facet normal 0 -1 0
    outer loop
      vertex -58 -26 -2.5
      vertex -2 -26 2.49
      vertex -58 -26 2.49
    endloop
  endfacet
  facet normal 0 -1 0
    outer loop
      vertex -58 -26 2.49
      vertex -2 -26 2.49
      vertex -58 -26 2.5
    endloop
  endfacet
  facet normal 0 0 1
    outer loop
      vertex -59.217522858017446 -25.58670668058247 2.5
      vertex -58 -26 2.5
      vertex -0.7824771419825574 -25.58670668058247 2.5
    endloop
  endfacet
  facet normal 0 0 -1
    outer loop
      vertex -59.217522858017446 -25.58670668058247 -2.5
      vertex -60 24 -2.5
      vertex -58 26 -2.5
    endloop
  endfacet
  facet normal -1 0 0
    outer loop
      vertex -60 -24 -2.5
      vertex -60 24 2.5
      vertex -60 24 -2.5
    endloop
  endfacet
  facet normal 0 0 -1
    outer loop
      vertex -60 24 -2.5
      vertex -59.98288972274762 24.261052384440102 -2.5
      vertex -59.93185165257813 24.51763809020504 -2.5
    endloop
  endfacet
  facet normal 0 0 -1
    outer loop
      vertex -60 24 -2.5
      vertex -59.93185165257813 24.51763809020504 -2.5
      vertex -59.84775906502257 24.76536686473018 -2.5
    endloop
  endfacet
  facet normal 0 0 -1
    outer loop
      vertex -60 24 -2.5
      vertex -59.84775906502257 24.76536686473018 -2.5
      vertex -59.41421356237309 25.414213562373096 -2.5
    endloop
  endfacet
  facet normal 0 0 -1
    outer loop
      vertex -59.84775906502257 24.76536686473018 -2.5
      vertex -59.73205080756888 25 -2.5
      vertex -59.41421356237309 25.414213562373096 -2.5
    endloop
  endfacet
  facet normal 0 0 -1
    outer loop
      vertex -59.73205080756888 25 -2.5
      vertex -59.586706680582466 25.217522858017443 -2.5
      vertex -59.41421356237309 25.414213562373096 -2.5
    endloop
  endfacet
  facet normal 0 0 -1
    outer loop
      vertex -60 24 -2.5
      vertex -59.41421356237309 25.414213562373096 -2.5
      vertex -58 26 -2.5
    endloop
  endfacet
  facet normal 0 0 -1
    outer loop
      vertex -59.41421356237309 25.414213562373096 -2.5
      vertex -59.217522858017446 25.58670668058247 -2.5
      vertex -58.76536686473018 25.847759065022572 -2.5
    endloop
  endfacet
  facet normal 0 0 -1
    outer loop
      vertex -59.217522858017446 25.58670668058247 -2.5
      vertex -59 25.73205080756888 -2.5
      vertex -58.76536686473018 25.847759065022572 -2.5
    endloop
  endfacet
  facet normal 0 0 -1
    outer loop
      vertex -59.41421356237309 25.414213562373096 -2.5
      vertex -58.76536686473018 25.847759065022572 -2.5
      vertex -58 26 -2.5
    endloop
  endfacet
  facet normal 0 0 -1
    outer loop
      vertex -58.76536686473018 25.847759065022572 -2.5
      vertex -58.51763809020504 25.931851652578136 -2.5
      vertex -58 26 -2.5
    endloop
  endfacet
  facet normal 0 0 -1
    outer loop
      vertex -58.51763809020504 25.931851652578136 -2.5
      vertex -58.261052384440106 25.982889722747622 -2.5
      vertex -58 26 -2.5
    endloop
  endfacet
  facet normal -0.9978589232386037 0.06540312923013929 1.2258419760541938e-20
    outer loop
      vertex -60 24 -2.5
      vertex -59.98288972274762 24.261052384440102 2.49
      vertex -59.98288972274762 24.261052384440102 -2.5
    endloop
  endfacet
  facet normal -0.9807852804032261 0.1950903220161497 0
    outer loop
      vertex -59.98288972274762 24.261052384440102 -2.5
      vertex -59.98288972274762 24.261052384440102 2.49
      vertex -59.93185165257813 24.51763809020504 -2.5
    endloop
  endfacet
  facet normal -0.94693012949511 0.3214394653031487 -5.569624508530084e-19
    outer loop
      vertex -59.93185165257813 24.51763809020504 -2.5
      vertex -59.84775906502257 24.76536686473018 2.5
      vertex -59.84775906502257 24.76536686473018 -2.5
    endloop
  endfacet
  facet normal -0.8968727415326979 0.44228869021898193 0
    outer loop
      vertex -59.84775906502257 24.76536686473018 -2.5
      vertex -59.84775906502257 24.76536686473018 2.5
      vertex -59.73205080756888 25 -2.5
    endloop
  endfacet
  facet normal -0.8314696123025312 0.5555702330196229 -5.461329449717654e-19
    outer loop
      vertex -59.73205080756888 25 -2.5
      vertex -59.586706680582466 25.217522858017443 2.5
      vertex -59.586706680582466 25.217522858017443 -2.5
    endloop
  endfacet
  facet normal -0.7518398074789787 0.6593458151000674 0
    outer loop
      vertex -59.586706680582466 25.217522858017443 -2.5
      vertex -59.586706680582466 25.217522858017443 2.5
      vertex -59.41421356237309 25.414213562373096 -2.5
    endloop
  endfacet
  facet normal -0.6593458151000808 0.7518398074789668 1.3831251876455673e-18
    outer loop
      vertex -59.41421356237309 25.414213562373096 -2.5
      vertex -59.217522858017446 25.58670668058247 2.5
      vertex -59.217522858017446 25.58670668058247 -2.5
    endloop
  endfacet
  facet normal -0.555570233019598 0.8314696123025481 0
    outer loop
      vertex -59.217522858017446 25.58670668058247 -2.5
      vertex -59.217522858017446 25.58670668058247 2.5
      vertex -59 25.73205080756888 -2.5
    endloop
  endfacet
  facet normal -0.44228869021899814 0.8968727415326898 -1.2911021376349014e-18
    outer loop
      vertex -59 25.73205080756888 -2.5
      vertex -58.76536686473018 25.847759065022572 2.49
      vertex -58.76536686473018 25.847759065022572 -2.5
    endloop
  endfacet
  facet normal -0.32143946530315676 0.9469301294951072 -1.129279116916719e-18
    outer loop
      vertex -58.76536686473018 25.847759065022572 -2.5
      vertex -58.51763809020504 25.931851652578136 2.49
      vertex -58.51763809020504 25.931851652578136 -2.5
    endloop
  endfacet
  facet normal -0.1950903220161393 0.9807852804032283 -2.1284858795813552e-19
    outer loop
      vertex -58.51763809020504 25.931851652578136 -2.5
      vertex -58.261052384440106 25.982889722747622 2.49
      vertex -58.261052384440106 25.982889722747622 -2.5
    endloop
  endfacet
  facet normal -0.06540312923013841 0.9978589232386039 0
    outer loop
      vertex -58.261052384440106 25.982889722747622 -2.5
      vertex -58.261052384440106 25.982889722747622 2.49
      vertex -58 26 -2.5
    endloop
  endfacet
  facet normal 0 1 0
    outer loop
      vertex -58 26 -2.5
      vertex -34.43999237667428 26 -1.6420739046914161
      vertex -34.221894526774086 26 -1.6854562643354776
    endloop
  endfacet
  facet normal 0 1 0
    outer loop
      vertex -58 26 -2.5
      vertex -34.65056183502065 26 -1.5705952052691874
      vertex -34.43999237667428 26 -1.6420739046914161
    endloop
  endfacet
  facet normal 0 1 0
    outer loop
      vertex -58 26 -2.5
      vertex -34.221894526774086 26 -1.6854562643354776
      vertex -34 26 -1.7
    endloop
  endfacet
  facet normal 0 1 0
    outer loop
      vertex -58 26 -2.5
      vertex -34.85 26 -1.4722431864335457
      vertex -34.65056183502065 26 -1.5705952052691874
    endloop
  endfacet
  facet normal 0 1 0
    outer loop
      vertex -58 26 -2.5
      vertex -35.034894429314825 26 -1.3487006784950997
      vertex -34.85 26 -1.4722431864335457
    endloop
  endfacet
  facet normal 0 1 0
    outer loop
      vertex -58 26 -2.5
      vertex -35.20208152801713 26 -1.2020815280171309
      vertex -35.034894429314825 26 -1.3487006784950997
    endloop
  endfacet
  facet normal 0 1 0
    outer loop
      vertex -58 26 -2.5
      vertex -35.3487006784951 26 -1.034894429314825
      vertex -35.20208152801713 26 -1.2020815280171309
    endloop
  endfacet
  facet normal 0 1 0
    outer loop
      vertex -58 26 -2.5
      vertex -35.570595205269186 26 -0.6505618350206526
      vertex -35.472243186433545 26 -0.85
    endloop
  endfacet
  facet normal 0 1 0
    outer loop
      vertex -58 26 -2.5
      vertex -35.472243186433545 26 -0.85
      vertex -35.3487006784951 26 -1.034894429314825
    endloop
  endfacet
  facet normal 0 1 0
    outer loop
      vertex -58 26 -2.5
      vertex -35.642073904691415 26 -0.43999237667428526
      vertex -35.570595205269186 26 -0.6505618350206526
    endloop
  endfacet
  facet normal 0 1 0
    outer loop
      vertex -58 26 -2.5
      vertex -35.68545626433548 26 -0.22189452677408766
      vertex -35.642073904691415 26 -0.43999237667428526
    endloop
  endfacet
  facet normal 0 1 0
    outer loop
      vertex -58 26 -2.5
      vertex -35.7 26 0
      vertex -35.68545626433548 26 -0.22189452677408766
    endloop
  endfacet
  facet normal 0 1 0
    outer loop
      vertex -58 26 -2.5
      vertex -35.68545626433548 26 0.22189452677408766
      vertex -35.7 26 0
    endloop
  endfacet
  facet normal 0 1 0
    outer loop
      vertex -58 26 -2.5
      vertex -34 26 -1.7
      vertex -2 26 -2.5
    endloop
  endfacet
  facet normal 0 0 1
    outer loop
      vertex -59.217522858017446 -25.58670668058247 2.5
      vertex -59.217522858017446 25.58670668058247 2.5
      vertex -60 24 2.5
    endloop
  endfacet
  facet normal -0.9978589232386037 0.06540312923013929 0
    outer loop
      vertex -60 24 -2.5
      vertex -60 24 2.5
      vertex -59.98288972274762 24.261052384440102 2.49
    endloop
  endfacet
  facet normal -0.9807852804032249 0.1950903220161568 -9.726431190726874e-17
    outer loop
      vertex -59.93185165257813 24.51763809020504 -2.5
      vertex -59.98288972274762 24.261052384440102 2.49
      vertex -59.98288972274762 24.261052384440102 2.5
    endloop
  endfacet
  facet normal -0.9807852804032262 0.19509032201614976 0
    outer loop
      vertex -59.93185165257813 24.51763809020504 -2.5
      vertex -59.98288972274762 24.261052384440102 2.5
      vertex -59.93185165257813 24.51763809020504 2.5
    endloop
  endfacet
  facet normal -0.94693012949511 0.3214394653031487 0
    outer loop
      vertex -59.93185165257813 24.51763809020504 -2.5
      vertex -59.93185165257813 24.51763809020504 2.5
      vertex -59.84775906502257 24.76536686473018 2.5
    endloop
  endfacet
  facet normal -0.8968727415326979 0.44228869021898193 0
    outer loop
      vertex -59.73205080756888 25 -2.5
      vertex -59.84775906502257 24.76536686473018 2.5
      vertex -59.73205080756888 25 2.5
    endloop
  endfacet
  facet normal -0.8314696123025312 0.5555702330196229 0
    outer loop
      vertex -59.73205080756888 25 -2.5
      vertex -59.73205080756888 25 2.5
      vertex -59.586706680582466 25.217522858017443 2.5
    endloop
  endfacet
  facet normal -0.7518398074789787 0.6593458151000674 0
    outer loop
      vertex -59.41421356237309 25.414213562373096 -2.5
      vertex -59.586706680582466 25.217522858017443 2.5
      vertex -59.41421356237309 25.414213562373096 2.5
    endloop
  endfacet
  facet normal -0.6593458151000808 0.7518398074789668 0
    outer loop
      vertex -59.41421356237309 25.414213562373096 -2.5
      vertex -59.41421356237309 25.414213562373096 2.5
      vertex -59.217522858017446 25.58670668058247 2.5
    endloop
  endfacet
  facet normal -0.555570233019598 0.8314696123025481 0
    outer loop
      vertex -59 25.73205080756888 -2.5
      vertex -59.217522858017446 25.58670668058247 2.5
      vertex -59 25.73205080756888 2.5
    endloop
  endfacet
  facet normal -0.4422886902189982 0.8968727415326898 0
    outer loop
      vertex -59 25.73205080756888 -2.5
      vertex -59 25.73205080756888 2.5
      vertex -58.76536686473018 25.847759065022572 2.5
    endloop
  endfacet
  facet normal -0.4422886902189973 0.8968727415326901 -6.442599666798283e-16
    outer loop
      vertex -59 25.73205080756888 -2.5
      vertex -58.76536686473018 25.847759065022572 2.5
      vertex -58.76536686473018 25.847759065022572 2.49
    endloop
  endfacet
  facet normal -0.32143946530315676 0.9469301294951072 0
    outer loop
      vertex -58.76536686473018 25.847759065022572 -2.5
      vertex -58.76536686473018 25.847759065022572 2.49
      vertex -58.51763809020504 25.931851652578136 2.49
    endloop
  endfacet
  facet normal -0.1950903220161393 0.9807852804032283 0
    outer loop
      vertex -58.51763809020504 25.931851652578136 -2.5
      vertex -58.51763809020504 25.931851652578136 2.49
      vertex -58.261052384440106 25.982889722747622 2.49
    endloop
  endfacet
  facet normal -0.0654031292301384 0.9978589232386038 0
    outer loop
      vertex -58 26 -2.5
      vertex -58.261052384440106 25.982889722747622 2.49
      vertex -58 26 2.5
    endloop
  endfacet
  facet normal -0.9978589232386037 0.06540312923013929 6.116951460510557e-18
    outer loop
      vertex -60 24 2.5
      vertex -59.98288972274762 24.261052384440102 2.5
      vertex -59.98288972274762 24.261052384440102 2.49
    endloop
  endfacet
  facet normal 0 0 1
    outer loop
      vertex -60 24 2.5
      vertex -59.84775906502257 24.76536686473018 2.5
      vertex -59.98288972274762 24.261052384440102 2.5
    endloop
  endfacet
  facet normal 0 0 1
    outer loop
      vertex -59.98288972274762 24.261052384440102 2.5
      vertex -59.84775906502257 24.76536686473018 2.5
      vertex -59.93185165257813 24.51763809020504 2.5
    endloop
  endfacet
  facet normal 0 0 1
    outer loop
      vertex -60 24 2.5
      vertex -59.217522858017446 25.58670668058247 2.5
      vertex -59.84775906502257 24.76536686473018 2.5
    endloop
  endfacet
  facet normal 0 0 1
    outer loop
      vertex -59.84775906502257 24.76536686473018 2.5
      vertex -59.586706680582466 25.217522858017443 2.5
      vertex -59.73205080756888 25 2.5
    endloop
  endfacet
  facet normal 0 0 1
    outer loop
      vertex -59.84775906502257 24.76536686473018 2.5
      vertex -59.217522858017446 25.58670668058247 2.5
      vertex -59.586706680582466 25.217522858017443 2.5
    endloop
  endfacet
  facet normal 0 0 1
    outer loop
      vertex -59.586706680582466 25.217522858017443 2.5
      vertex -59.217522858017446 25.58670668058247 2.5
      vertex -59.41421356237309 25.414213562373096 2.5
    endloop
  endfacet
  facet normal 0 0 1
    outer loop
      vertex -59.217522858017446 25.58670668058247 2.5
      vertex -58.76536686473018 25.847759065022572 2.5
      vertex -59 25.73205080756888 2.5
    endloop
  endfacet
  facet normal 0 0 1
    outer loop
      vertex -59.217522858017446 25.58670668058247 2.5
      vertex -58 26 2.5
      vertex -58.76536686473018 25.847759065022572 2.5
    endloop
  endfacet
  facet normal -0.32143946530315676 0.9469301294951072 0
    outer loop
      vertex -58.76536686473018 25.847759065022572 2.49
      vertex -58.76536686473018 25.847759065022572 2.5
      vertex -58.51763809020504 25.931851652578136 2.49
    endloop
  endfacet
  facet normal -0.32143946530315676 0.9469301294951072 -5.635102793414548e-16
    outer loop
      vertex -58.76536686473018 25.847759065022572 2.5
      vertex -58.51763809020504 25.931851652578136 2.5
      vertex -58.51763809020504 25.931851652578136 2.49
    endloop
  endfacet
  facet normal 0 0 1
    outer loop
      vertex -58.76536686473018 25.847759065022572 2.5
      vertex -58.261052384440106 25.982889722747622 2.5
      vertex -58.51763809020504 25.931851652578136 2.5
    endloop
  endfacet
  facet normal -0.19509032201613927 0.9807852804032282 0
    outer loop
      vertex -58.51763809020504 25.931851652578136 2.49
      vertex -58.51763809020504 25.931851652578136 2.5
      vertex -58.261052384440106 25.982889722747622 2.5
    endloop
  endfacet
  facet normal -0.19509032201613927 0.9807852804032282 -1.0621144539111189e-16
    outer loop
      vertex -58.51763809020504 25.931851652578136 2.49
      vertex -58.261052384440106 25.982889722747622 2.5
      vertex -58.261052384440106 25.982889722747622 2.49
    endloop
  endfacet
  facet normal 0 0 1
    outer loop
      vertex -58.76536686473018 25.847759065022572 2.5
      vertex -58 26 2.5
      vertex -58.261052384440106 25.982889722747622 2.5
    endloop
  endfacet
  facet normal -0.06540312923013841 0.9978589232386037 0
    outer loop
      vertex -58.261052384440106 25.982889722747622 2.49
      vertex -58.261052384440106 25.982889722747622 2.5
      vertex -58 26 2.5
    endloop
  endfacet
  facet normal 0 1 0
    outer loop
      vertex -58 26 -2.5
      vertex -58 26 2.5
      vertex -35.68545626433548 26 0.22189452677408766
    endloop
  endfacet
  facet normal 0 0 1
    outer loop
      vertex -59.217522858017446 -25.58670668058247 2.5
      vertex -3.116449982956985 15.25 2.5
      vertex -59.217522858017446 25.58670668058247 2.5
    endloop
  endfacet
  facet normal 0 1 0
    outer loop
      vertex -58 26 2.5
      vertex -35.642073904691415 26 0.43999237667428526
      vertex -35.68545626433548 26 0.22189452677408766
    endloop
  endfacet
  facet normal 0 1 0
    outer loop
      vertex -58 26 2.5
      vertex -35.570595205269186 26 0.6505618350206526
      vertex -35.642073904691415 26 0.43999237667428526
    endloop
  endfacet
  facet normal 0 1 0
    outer loop
      vertex -58 26 2.5
      vertex -35.472243186433545 26 0.85
      vertex -35.570595205269186 26 0.6505618350206526
    endloop
  endfacet
  facet normal 0 1 0
    outer loop
      vertex -58 26 2.5
      vertex -35.3487006784951 26 1.034894429314825
      vertex -35.472243186433545 26 0.85
    endloop
  endfacet
  facet normal 0 1 0
    outer loop
      vertex -58 26 2.5
      vertex -35.20208152801713 26 1.2020815280171309
      vertex -35.3487006784951 26 1.034894429314825
    endloop
  endfacet
  facet normal 0 1 0
    outer loop
      vertex -58 26 2.5
      vertex -35.034894429314825 26 1.3487006784950997
      vertex -35.20208152801713 26 1.2020815280171309
    endloop
  endfacet
  facet normal 0 1 0
    outer loop
      vertex -58 26 2.5
      vertex -34.85 26 1.4722431864335457
      vertex -35.034894429314825 26 1.3487006784950997
    endloop
  endfacet
  facet normal 0 1 0
    outer loop
      vertex -58 26 2.5
      vertex -34.65056183502065 26 1.5705952052691874
      vertex -34.85 26 1.4722431864335457
    endloop
  endfacet
  facet normal 0 1 0
    outer loop
      vertex -58 26 2.5
      vertex -34.43999237667428 26 1.6420739046914161
      vertex -34.65056183502065 26 1.5705952052691874
    endloop
  endfacet
  facet normal 0 1 0
    outer loop
      vertex -58 26 2.5
      vertex -34.221894526774086 26 1.6854562643354776
      vertex -34.43999237667428 26 1.6420739046914161
    endloop
  endfacet
  facet normal 0 1 0
    outer loop
      vertex -58 26 2.5
      vertex -34 26 1.7
      vertex -34.221894526774086 26 1.6854562643354776
    endloop
  endfacet
  facet normal 0 0 1
    outer loop
      vertex -59.217522858017446 25.58670668058247 2.5
      vertex -0.7824771419825574 25.58670668058247 2.5
      vertex -58 26 2.5
    endloop
  endfacet
  facet normal 0 1 0
    outer loop
      vertex -58 26 2.5
      vertex -2 26 2.5
      vertex -34 26 1.7
    endloop
  endfacet
  facet normal 0 0 -1
    outer loop
      vertex -59.217522858017446 -25.58670668058247 -2.5
      vertex -3.116449982956985 -24.75 -2.5
      vertex -0.7824771419825574 -25.58670668058247 -2.5
    endloop
  endfacet
  facet normal 0 0 -1
    outer loop
      vertex -58 -26 -2.5
      vertex -0.7824771419825574 -25.58670668058247 -2.5
      vertex -2 -26 -2.5
    endloop
  endfacet
  facet normal 0 0 -1
    outer loop
      vertex -59.217522858017446 -25.58670668058247 -2.5
      vertex -3.116449982956985 -15.25 -2.5
      vertex -3.116449982956985 -24.75 -2.5
    endloop
  endfacet
  facet normal 0 -1 0
    outer loop
      vertex -58 -26 -2.5
      vertex -2 -26 -2.5
      vertex -2 -26 2.49
    endloop
  endfacet
  facet normal 0 0 -1
    outer loop
      vertex -58 26 -2.5
      vertex -3.116449982956985 -4.75 -2.5
      vertex -3.116449982956985 -15.25 -2.5
    endloop
  endfacet
  facet normal 0 0 -1
    outer loop
      vertex -2 -26 -2.5
      vertex -1.4823619097949603 -25.931851652578136 -2.5
      vertex -1.7389476155598977 -25.982889722747622 -2.5
    endloop
  endfacet
  facet normal 0 0 -1
    outer loop
      vertex -2 -26 -2.5
      vertex -0.7824771419825574 -25.58670668058247 -2.5
      vertex -1.4823619097949603 -25.931851652578136 -2.5
    endloop
  endfacet
  facet normal 0 0 -1
    outer loop
      vertex -1.4823619097949603 -25.931851652578136 -2.5
      vertex -1 -25.73205080756888 -2.5
      vertex -1.2346331352698208 -25.847759065022572 -2.5
    endloop
  endfacet
  facet normal 0 0 -1
    outer loop
      vertex -3.116449982956985 -24.75 -2.5
      vertex -0.2679491924311215 -25 -2.5
      vertex -0.7824771419825574 -25.58670668058247 -2.5
    endloop
  endfacet
  facet normal 0 0 -1
    outer loop
      vertex -1.4823619097949603 -25.931851652578136 -2.5
      vertex -0.7824771419825574 -25.58670668058247 -2.5
      vertex -1 -25.73205080756888 -2.5
    endloop
  endfacet
  facet normal 0 0 -1
    outer loop
      vertex -0.7824771419825574 -25.58670668058247 -2.5
      vertex -0.2679491924311215 -25 -2.5
      vertex -0.5857864376269042 -25.414213562373096 -2.5
    endloop
  endfacet
  facet normal 0 0 -1
    outer loop
      vertex -0.5857864376269042 -25.414213562373096 -2.5
      vertex -0.2679491924311215 -25 -2.5
      vertex -0.4132933194175301 -25.217522858017443 -2.5
    endloop
  endfacet
  facet normal 0 0 -1
    outer loop
      vertex -3.116449982956985 -24.75 -2.5
      vertex -0.15224093497742786 -24.76536686473018 -2.5
      vertex -0.2679491924311215 -25 -2.5
    endloop
  endfacet
  facet normal 0 0 -1
    outer loop
      vertex -3.116449982956985 -24.75 -2.5
      vertex -0.14702458729939114 -24.75 -2.5
      vertex -0.15224093497742786 -24.76536686473018 -2.5
    endloop
  endfacet
  facet normal 0.32143946530316087 -0.9469301294951059 4.611965078556338e-18
    outer loop
      vertex -1.4823619097949603 -25.931851652578136 -2.5
      vertex -1.2346331352698208 -25.847759065022572 -2.5
      vertex -1.2346331352698208 -25.847759065022572 -1.1649635338333362
    endloop
  endfacet
  facet normal 0.5555702330196043 -0.8314696123025439 -8.416058136056143e-17
    outer loop
      vertex -1 -25.73205080756888 -2.5
      vertex -0.7824771419825574 -25.58670668058247 -2.5
      vertex -0.85 -25.631824011880983 -1.4722431864335457
    endloop
  endfacet
  facet normal 0.4422886902189928 -0.8968727415326925 7.800269591827082e-16
    outer loop
      vertex -1.2346331352698208 -25.847759065022572 -2.5
      vertex -1 -25.73205080756888 -2.5
      vertex -1.2020815280171309 -25.83170638879594 -1.2020815280171309
    endloop
  endfacet
  facet normal 0.6593458151000674 -0.7518398074789787 -3.107463863569762e-18
    outer loop
      vertex -0.7824771419825574 -25.58670668058247 -2.5
      vertex -0.5857864376269042 -25.414213562373096 -2.5
      vertex -0.5857864376269042 -25.414213562373096 -1.592583489784063
    endloop
  endfacet
  facet normal 0.7518398074789787 -0.6593458151000674 -3.307193689679859e-18
    outer loop
      vertex -0.5857864376269042 -25.414213562373096 -2.5
      vertex -0.4132933194175301 -25.217522858017443 -2.5
      vertex -0.4132933194175301 -25.217522858017443 -1.6473846773771623
    endloop
  endfacet
  facet normal 0.8314696123025439 -0.5555702330196042 0
    outer loop
      vertex -0.4132933194175301 -25.217522858017443 -2.5
      vertex -0.2679491924311215 -25 -2.5
      vertex -0.4132933194175301 -25.217522858017443 -1.6473846773771623
    endloop
  endfacet
  facet normal 0.6593458151000684 -0.7518398074789778 -4.0029527451980684e-16
    outer loop
      vertex -0.7824771419825574 -25.58670668058247 -2.5
      vertex -0.5857864376269042 -25.414213562373096 -1.592583489784063
      vertex -0.6505618350206526 -25.471020061268415 -1.5705952052691874
    endloop
  endfacet
  facet normal 0.7518398074789786 -0.6593458151000674 0
    outer loop
      vertex -0.5857864376269042 -25.414213562373096 -2.5
      vertex -0.43999237667428526 -25.247967297957874 -1.6420739046914161
      vertex -0.5857864376269042 -25.414213562373096 -1.592583489784063
    endloop
  endfacet
  facet normal 0.7518398074789789 -0.6593458151000671 -1.5599894887295666e-16
    outer loop
      vertex -0.5857864376269042 -25.414213562373096 -2.5
      vertex -0.4132933194175301 -25.217522858017443 -1.6473846773771623
      vertex -0.43999237667428526 -25.247967297957874 -1.6420739046914161
    endloop
  endfacet
  facet normal 0.8314696123025439 -0.5555702330196043 0
    outer loop
      vertex -0.2679491924311215 -25 -2.5
      vertex -0.2679491924311215 -25 -1.6762954217607584
      vertex -0.4132933194175301 -25.217522858017443 -1.6473846773771623
    endloop
  endfacet
  facet normal 0.8968727415326924 -0.44228869021899275 1.0673108664134103e-16
    outer loop
      vertex -0.2679491924311215 -25 -2.5
      vertex -0.15224093497742786 -24.76536686473018 -2.5
      vertex -0.22189452677408766 -24.90661037652185 -1.6854562643354776
    endloop
  endfacet
  facet normal 0.8968727415326928 -0.44228869021899203 0
    outer loop
      vertex -0.2679491924311215 -25 -2.5
      vertex -0.22189452677408766 -24.90661037652185 -1.6854562643354776
      vertex -0.2679491924311215 -25 -1.6762954217607584
    endloop
  endfacet
  facet normal 0.19509032201613666 -0.9807852804032287 -1.1196939862636943e-16
    outer loop
      vertex -1.7389476155598977 -25.982889722747622 -2.5
      vertex -1.4823619097949603 -25.931851652578136 -2.5
      vertex -1.6420739046914161 -25.96362034358192 -0.43999237667428526
    endloop
  endfacet
  facet normal 0.44228869021901784 -0.8968727415326802 0
    outer loop
      vertex -1.2346331352698208 -25.847759065022572 -2.5
      vertex -1.2020815280171309 -25.83170638879594 -1.2020815280171309
      vertex -1.2346331352698208 -25.847759065022572 -1.1649635338333362
    endloop
  endfacet
  facet normal 0.32143946530316 -0.9469301294951062 2.0226626152535e-16
    outer loop
      vertex -1.4823619097949603 -25.931851652578136 -2.5
      vertex -1.2346331352698208 -25.847759065022572 -1.1649635338333362
      vertex -1.3487006784950997 -25.886479778368475 -1.034894429314825
    endloop
  endfacet
  facet normal 0.6593458151000668 -0.751839807478979 0
    outer loop
      vertex -0.7824771419825574 -25.58670668058247 -2.5
      vertex -0.6505618350206526 -25.471020061268415 -1.5705952052691874
      vertex -0.7824771419825574 -25.58670668058247 -1.5055417750174087
    endloop
  endfacet
  facet normal 0.5555702330196038 -0.8314696123025441 0
    outer loop
      vertex -1 -25.73205080756888 -2.5
      vertex -0.85 -25.631824011880983 -1.4722431864335457
      vertex -1 -25.73205080756888 -1.3720163907456506
    endloop
  endfacet
  facet normal 0.5555702330196051 -0.8314696123025432 0
    outer loop
      vertex -0.7824771419825574 -25.58670668058247 -2.5
      vertex -0.7824771419825574 -25.58670668058247 -1.5055417750174087
      vertex -0.85 -25.631824011880983 -1.4722431864335457
    endloop
  endfacet
  facet normal 0.4422886902190069 -0.8968727415326856 0
    outer loop
      vertex -1 -25.73205080756888 -2.5
      vertex -1 -25.73205080756888 -1.3720163907456506
      vertex -1.034894429314825 -25.749258835779457 -1.3487006784950997
    endloop
  endfacet
  facet normal 0.4422886902189844 -0.8968727415326966 -8.453659157753354e-16
    outer loop
      vertex -1 -25.73205080756888 -2.5
      vertex -1.034894429314825 -25.749258835779457 -1.3487006784950997
      vertex -1.2020815280171309 -25.83170638879594 -1.2020815280171309
    endloop
  endfacet
  facet normal 0.9469301294951061 -0.3214394653031605 0
    outer loop
      vertex -0.15224093497742786 -24.76536686473018 -2.5
      vertex -0.14702458729939114 -24.75 -2.5
      vertex -0.15224093497742786 -24.76536686473018 -1.6900216019393497
    endloop
  endfacet
  facet normal 0.8968727415326923 -0.44228869021899336 0
    outer loop
      vertex -0.15224093497742786 -24.76536686473018 -2.5
      vertex -0.15224093497742786 -24.76536686473018 -1.6900216019393497
      vertex -0.22189452677408766 -24.90661037652185 -1.6854562643354776
    endloop
  endfacet
  facet normal 0.946930129495106 -0.32143946530316053 0
    outer loop
      vertex -0.14702458729939114 -24.75 -2.5
      vertex -0.14702458729939114 -24.75 -1.6903634994294165
      vertex -0.15224093497742786 -24.76536686473018 -1.6900216019393497
    endloop
  endfacet
  facet normal 0.32143946530316425 -0.9469301294951047 -2.3437394233670025e-16
    outer loop
      vertex -1.4823619097949603 -25.931851652578136 -2.5
      vertex -1.3487006784950997 -25.886479778368475 -1.034894429314825
      vertex -1.4722431864335457 -25.928416808838843 -0.85
    endloop
  endfacet
  facet normal 0.3214394653031299 -0.9469301294951163 0
    outer loop
      vertex -1.4823619097949603 -25.931851652578136 -2.5
      vertex -1.4722431864335457 -25.928416808838843 -0.85
      vertex -1.4823619097949603 -25.931851652578136 -0.829481258818829
    endloop
  endfacet
  facet normal 0.19509032201613052 -0.9807852804032301 0
    outer loop
      vertex -1.4823619097949603 -25.931851652578136 -2.5
      vertex -1.4823619097949603 -25.931851652578136 -0.829481258818829
      vertex -1.5705952052691874 -25.949402346262623 -0.6505618350206526
    endloop
  endfacet
  facet normal 0.19509032201615015 -0.9807852804032261 9.750161404195629e-16
    outer loop
      vertex -1.4823619097949603 -25.931851652578136 -2.5
      vertex -1.5705952052691874 -25.949402346262623 -0.6505618350206526
      vertex -1.6420739046914161 -25.96362034358192 -0.43999237667428526
    endloop
  endfacet
  facet normal 0.19509032201615953 -0.9807852804032242 -1.2293673967629197e-15
    outer loop
      vertex -1.7389476155598977 -25.982889722747622 -2.5
      vertex -1.6420739046914161 -25.96362034358192 -0.43999237667428526
      vertex -1.6854562643354776 -25.972249631441237 -0.22189452677408766
    endloop
  endfacet
  facet normal 0.06540312923013929 -0.9978589232386037 1.2258419760541938e-20
    outer loop
      vertex -2 -26 -2.5
      vertex -1.7389476155598977 -25.982889722747622 -2.5
      vertex -1.7389476155598977 -25.982889722747622 2.49
    endloop
  endfacet
  facet normal 0.19509032201605417 -0.9807852804032452 1.3419585105501174e-15
    outer loop
      vertex -1.7389476155598977 -25.982889722747622 -2.5
      vertex -1.6854562643354776 -25.972249631441237 -0.22189452677408766
      vertex -1.7 -25.97514256033281 0
    endloop
  endfacet
  facet normal 0.19509032201613707 -0.9807852804032287 0
    outer loop
      vertex -1.7389476155598977 -25.982889722747622 -2.5
      vertex -1.7 -25.97514256033281 0
      vertex -1.7389476155598977 -25.982889722747622 2.49
    endloop
  endfacet
  facet normal 0 0 -1
    outer loop
      vertex -3.116449982956985 -15.25 -2.5
      vertex -3.116449982956985 -4.75 -2.5
      vertex 0 -15.25 -2.5
    endloop
  endfacet
  facet normal 1 0 0
    outer loop
      vertex 0 -15.25 -2.5
      vertex 0 -4.75 -2.5
      vertex 0 -15.25 -1.7
    endloop
  endfacet
  facet normal 0 0 -1
    outer loop
      vertex 0 -15.25 -2.5
      vertex -3.116449982956985 -4.75 -2.5
      vertex 0 -4.75 -2.5
    endloop
  endfacet
  facet normal 1 0 0
    outer loop
      vertex 0 -4.75 -2.5
      vertex 0 -4.75 -1.7
      vertex 0 -15.25 -1.7
    endloop
  endfacet
  facet normal 0 0 1
    outer loop
      vertex -59.217522858017446 -25.58670668058247 2.5
      vertex -0.14702458729939114 -24.75 2.5
      vertex -3.116449982956985 -24.75 2.5
    endloop
  endfacet
  facet normal 0 -1 0
    outer loop
      vertex -58 -26 2.5
      vertex -2 -26 2.49
      vertex -2 -26 2.5
    endloop
  endfacet
  facet normal 0 0 1
    outer loop
      vertex -58 -26 2.5
      vertex -2 -26 2.5
      vertex -0.7824771419825574 -25.58670668058247 2.5
    endloop
  endfacet
  facet normal 0 0 1
    outer loop
      vertex -59.217522858017446 -25.58670668058247 2.5
      vertex -0.7824771419825574 -25.58670668058247 2.5
      vertex -0.14702458729939114 -24.75 2.5
    endloop
  endfacet
  facet normal 0 0 1
    outer loop
      vertex -59.217522858017446 -25.58670668058247 2.5
      vertex -3.116449982956985 -24.75 2.5
      vertex -3.116449982956985 -15.25 2.5
    endloop
  endfacet
  facet normal 0 0 1
    outer loop
      vertex -59.217522858017446 -25.58670668058247 2.5
      vertex -3.116449982956985 -15.25 2.5
      vertex -3.116449982956985 -4.75 2.5
    endloop
  endfacet
  facet normal 0 0 1
    outer loop
      vertex -59.217522858017446 -25.58670668058247 2.5
      vertex -3.116449982956985 -4.75 2.5
      vertex -3.116449982956985 4.75 2.5
    endloop
  endfacet
  facet normal 0 0 1
    outer loop
      vertex -59.217522858017446 -25.58670668058247 2.5
      vertex -3.116449982956985 4.75 2.5
      vertex -3.116449982956985 15.25 2.5
    endloop
  endfacet
  facet normal 0.06540312923013929 -0.9978589232386037 0
    outer loop
      vertex -2 -26 -2.5
      vertex -1.7389476155598977 -25.982889722747622 2.49
      vertex -2 -26 2.49
    endloop
  endfacet
  facet normal 0.1950903220160543 -0.9807852804032452 -1.3463732619520837e-15
    outer loop
      vertex -1.7389476155598977 -25.982889722747622 2.49
      vertex -1.7 -25.97514256033281 0
      vertex -1.6854562643354776 -25.972249631441237 0.22189452677408766
    endloop
  endfacet
  facet normal 0.19509032201615953 -0.9807852804032241 1.2349868376892792e-15
    outer loop
      vertex -1.7389476155598977 -25.982889722747622 2.49
      vertex -1.6854562643354776 -25.972249631441237 0.22189452677408766
      vertex -1.6420739046914161 -25.96362034358192 0.43999237667428526
    endloop
  endfacet
  facet normal 0.19509032201614585 -0.980785280403227 5.620374980596018e-16
    outer loop
      vertex -1.7389476155598977 -25.982889722747622 2.49
      vertex -1.6420739046914161 -25.96362034358192 0.43999237667428526
      vertex -1.5705952052691874 -25.949402346262623 0.6505618350206526
    endloop
  endfacet
  facet normal 0.1950903220161319 -0.9807852804032297 -7.591352209321324e-16
    outer loop
      vertex -1.7389476155598977 -25.982889722747622 2.49
      vertex -1.5705952052691874 -25.949402346262623 0.6505618350206526
      vertex -1.4823619097949603 -25.931851652578136 0.829481258818829
    endloop
  endfacet
  facet normal 0.3214394653031299 -0.9469301294951163 0
    outer loop
      vertex -1.4823619097949603 -25.931851652578136 2.49
      vertex -1.4823619097949603 -25.931851652578136 0.829481258818829
      vertex -1.4722431864335457 -25.928416808838843 0.85
    endloop
  endfacet
  facet normal 0.3214394653031642 -0.9469301294951048 2.358278317091953e-16
    outer loop
      vertex -1.4823619097949603 -25.931851652578136 2.49
      vertex -1.4722431864335457 -25.928416808838843 0.85
      vertex -1.3487006784950997 -25.886479778368475 1.034894429314825
    endloop
  endfacet
  facet normal 0.3214394653031599 -0.9469301294951062 -2.078315917654345e-16
    outer loop
      vertex -1.4823619097949603 -25.931851652578136 2.49
      vertex -1.3487006784950997 -25.886479778368475 1.034894429314825
      vertex -1.2346331352698208 -25.847759065022572 1.1649635338333362
    endloop
  endfacet
  facet normal 0.4422886902190179 -0.8968727415326803 0
    outer loop
      vertex -1.2346331352698208 -25.847759065022572 2.49
      vertex -1.2346331352698208 -25.847759065022572 1.1649635338333362
      vertex -1.2020815280171309 -25.83170638879594 1.2020815280171309
    endloop
  endfacet
  facet normal 0.44228869021898565 -0.8968727415326959 -1.010334851415282e-15
    outer loop
      vertex -1.2346331352698208 -25.847759065022572 2.49
      vertex -1.2020815280171309 -25.83170638879594 1.2020815280171309
      vertex -1.034894429314825 -25.749258835779457 1.3487006784950997
    endloop
  endfacet
  facet normal 0.44228869021900524 -0.8968727415326863 3.1832653488948688e-15
    outer loop
      vertex -1.2346331352698208 -25.847759065022572 2.49
      vertex -1.034894429314825 -25.749258835779457 1.3487006784950997
      vertex -1 -25.73205080756888 1.3720163907456506
    endloop
  endfacet
  facet normal 0.5555702330196038 -0.8314696123025442 0
    outer loop
      vertex -1 -25.73205080756888 2.49
      vertex -1 -25.73205080756888 1.3720163907456506
      vertex -0.85 -25.631824011880983 1.4722431864335457
    endloop
  endfacet
  facet normal 0.5555702330196052 -0.8314696123025433 2.711983467671274e-16
    outer loop
      vertex -1 -25.73205080756888 2.49
      vertex -0.85 -25.631824011880983 1.4722431864335457
      vertex -0.7824771419825574 -25.58670668058247 1.5055417750174087
    endloop
  endfacet
  facet normal 0.6593458151000668 -0.751839807478979 0
    outer loop
      vertex -0.7824771419825574 -25.58670668058247 2.5
      vertex -0.7824771419825574 -25.58670668058247 1.5055417750174087
      vertex -0.6505618350206526 -25.471020061268415 1.5705952052691874
    endloop
  endfacet
  facet normal 0.19509032201613669 -0.9807852804032288 1.4606994784202775e-18
    outer loop
      vertex -1.7389476155598977 -25.982889722747622 2.49
      vertex -1.4823619097949603 -25.931851652578136 0.829481258818829
      vertex -1.4823619097949603 -25.931851652578136 2.49
    endloop
  endfacet
  facet normal 0.32143946530316087 -0.9469301294951058 4.6467714042410836e-18
    outer loop
      vertex -1.4823619097949603 -25.931851652578136 2.49
      vertex -1.2346331352698208 -25.847759065022572 1.1649635338333362
      vertex -1.2346331352698208 -25.847759065022572 2.49
    endloop
  endfacet
  facet normal 0.6593458151000684 -0.7518398074789779 3.939701231947515e-16
    outer loop
      vertex -0.7824771419825574 -25.58670668058247 2.5
      vertex -0.6505618350206526 -25.471020061268415 1.5705952052691874
      vertex -0.5857864376269042 -25.414213562373096 1.592583489784063
    endloop
  endfacet
  facet normal 0.7518398074789786 -0.6593458151000675 0
    outer loop
      vertex -0.5857864376269042 -25.414213562373096 2.49
      vertex -0.5857864376269042 -25.414213562373096 1.592583489784063
      vertex -0.43999237667428526 -25.247967297957874 1.6420739046914161
    endloop
  endfacet
  facet normal 0.751839807478979 -0.659345815100067 0
    outer loop
      vertex -0.4132933194175301 -25.217522858017443 2.49
      vertex -0.43999237667428526 -25.247967297957874 1.6420739046914161
      vertex -0.4132933194175301 -25.217522858017443 1.6473846773771623
    endloop
  endfacet
  facet normal 0.8314696123025439 -0.5555702330196043 0
    outer loop
      vertex -0.4132933194175301 -25.217522858017443 2.49
      vertex -0.4132933194175301 -25.217522858017443 1.6473846773771623
      vertex -0.2679491924311215 -25 1.6762954217607584
    endloop
  endfacet
  facet normal 0.4422886902189928 -0.8968727415326925 -6.482660857506232e-21
    outer loop
      vertex -1.2346331352698208 -25.847759065022572 2.49
      vertex -1 -25.73205080756888 1.3720163907456506
      vertex -1 -25.73205080756888 2.49
    endloop
  endfacet
  facet normal 0.5555702330196043 -0.8314696123025439 4.0978132544009394e-18
    outer loop
      vertex -1 -25.73205080756888 2.49
      vertex -0.7824771419825574 -25.58670668058247 1.5055417750174087
      vertex -0.7824771419825574 -25.58670668058247 2.5
    endloop
  endfacet
  facet normal 0.6593458151000674 -0.7518398074789787 -3.1420906375169228e-18
    outer loop
      vertex -0.7824771419825574 -25.58670668058247 2.5
      vertex -0.5857864376269042 -25.414213562373096 1.592583489784063
      vertex -0.5857864376269042 -25.414213562373096 2.49
    endloop
  endfacet
  facet normal 0.7518398074789786 -0.6593458151000674 3.263568047143874e-17
    outer loop
      vertex -0.5857864376269042 -25.414213562373096 2.49
      vertex -0.43999237667428526 -25.247967297957874 1.6420739046914161
      vertex -0.4132933194175301 -25.217522858017443 2.49
    endloop
  endfacet
  facet normal 0.8314696123025439 -0.5555702330196042 5.0080879526323e-18
    outer loop
      vertex -0.4132933194175301 -25.217522858017443 2.49
      vertex -0.2679491924311215 -25 1.6762954217607584
      vertex -0.2679491924311215 -25 2.49
    endloop
  endfacet
  facet normal 0.8968727415326928 -0.44228869021899203 0
    outer loop
      vertex -0.2679491924311215 -25 2.49
      vertex -0.2679491924311215 -25 1.6762954217607584
      vertex -0.22189452677408766 -24.90661037652185 1.6854562643354776
    endloop
  endfacet
  facet normal 0.8968727415326925 -0.44228869021899275 -1.0984219130024873e-16
    outer loop
      vertex -0.2679491924311215 -25 2.49
      vertex -0.22189452677408766 -24.90661037652185 1.6854562643354776
      vertex -0.15224093497742786 -24.76536686473018 2.49
    endloop
  endfacet
  facet normal 0.8968727415326923 -0.44228869021899336 0
    outer loop
      vertex -0.15224093497742786 -24.76536686473018 2.49
      vertex -0.22189452677408766 -24.90661037652185 1.6854562643354776
      vertex -0.15224093497742786 -24.76536686473018 1.6900216019393497
    endloop
  endfacet
  facet normal 0.946930129495106 -0.3214394653031605 0
    outer loop
      vertex -0.15224093497742786 -24.76536686473018 2.49
      vertex -0.15224093497742786 -24.76536686473018 1.6900216019393497
      vertex -0.14702458729939114 -24.75 1.6903634994294165
    endloop
  endfacet
  facet normal 0.9469301294951059 -0.3214394653031605 0
    outer loop
      vertex -0.15224093497742786 -24.76536686473018 2.49
      vertex -0.14702458729939114 -24.75 1.6903634994294165
      vertex -0.15224093497742786 -24.76536686473018 2.5
    endloop
  endfacet
  facet normal 0.946930129495106 -0.32143946530316053 -1.7123437034637377e-19
    outer loop
      vertex -0.15224093497742786 -24.76536686473018 2.5
      vertex -0.14702458729939114 -24.75 1.6903634994294165
      vertex -0.14702458729939114 -24.75 2.5
    endloop
  endfacet
  facet normal 0.06540312923013929 -0.9978589232386037 0
    outer loop
      vertex -2 -26 2.49
      vertex -1.7389476155598977 -25.982889722747622 2.49
      vertex -2 -26 2.5
    endloop
  endfacet
  facet normal 0.06540312923013929 -0.9978589232386037 6.116951460510557e-18
    outer loop
      vertex -2 -26 2.5
      vertex -1.7389476155598977 -25.982889722747622 2.49
      vertex -1.7389476155598977 -25.982889722747622 2.5
    endloop
  endfacet
  facet normal 0 0 1
    outer loop
      vertex -2 -26 2.5
      vertex -1.7389476155598977 -25.982889722747622 2.5
      vertex -1.4823619097949603 -25.931851652578136 2.5
    endloop
  endfacet
  facet normal 0.19509032201613669 -0.9807852804032289 0
    outer loop
      vertex -1.7389476155598977 -25.982889722747622 2.49
      vertex -1.4823619097949603 -25.931851652578136 2.5
      vertex -1.7389476155598977 -25.982889722747622 2.5
    endloop
  endfacet
  facet normal 0.19509032201613669 -0.9807852804032289 2.4255188591504845e-16
    outer loop
      vertex -1.7389476155598977 -25.982889722747622 2.49
      vertex -1.4823619097949603 -25.931851652578136 2.49
      vertex -1.4823619097949603 -25.931851652578136 2.5
    endloop
  endfacet
  facet normal 0.3214394653031609 -0.9469301294951059 0
    outer loop
      vertex -1.4823619097949603 -25.931851652578136 2.49
      vertex -1.2346331352698208 -25.847759065022572 2.49
      vertex -1.4823619097949603 -25.931851652578136 2.5
    endloop
  endfacet
  facet normal 0 0 1
    outer loop
      vertex -2 -26 2.5
      vertex -1.4823619097949603 -25.931851652578136 2.5
      vertex -0.7824771419825574 -25.58670668058247 2.5
    endloop
  endfacet
  facet normal 0.3214394653031609 -0.9469301294951059 6.1571415605600455e-16
    outer loop
      vertex -1.4823619097949603 -25.931851652578136 2.5
      vertex -1.2346331352698208 -25.847759065022572 2.49
      vertex -1.2346331352698208 -25.847759065022572 2.5
    endloop
  endfacet
  facet normal 0 0 1
    outer loop
      vertex -1.4823619097949603 -25.931851652578136 2.5
      vertex -1.2346331352698208 -25.847759065022572 2.5
      vertex -1 -25.73205080756888 2.5
    endloop
  endfacet
  facet normal 0.44228869021899286 -0.8968727415326925 0
    outer loop
      vertex -1.2346331352698208 -25.847759065022572 2.49
      vertex -1 -25.73205080756888 2.5
      vertex -1.2346331352698208 -25.847759065022572 2.5
    endloop
  endfacet
  facet normal 0.44228869021899286 -0.8968727415326925 -7.247508583046869e-19
    outer loop
      vertex -1.2346331352698208 -25.847759065022572 2.49
      vertex -1 -25.73205080756888 2.49
      vertex -1 -25.73205080756888 2.5
    endloop
  endfacet
  facet normal 0 0 1
    outer loop
      vertex -1.4823619097949603 -25.931851652578136 2.5
      vertex -1 -25.73205080756888 2.5
      vertex -0.7824771419825574 -25.58670668058247 2.5
    endloop
  endfacet
  facet normal 0.5555702330196043 -0.8314696123025439 0
    outer loop
      vertex -1 -25.73205080756888 2.49
      vertex -0.7824771419825574 -25.58670668058247 2.5
      vertex -1 -25.73205080756888 2.5
    endloop
  endfacet
  facet normal 0.6593458151000673 -0.7518398074789787 -2.819764014702666e-16
    outer loop
      vertex -0.7824771419825574 -25.58670668058247 2.5
      vertex -0.5857864376269042 -25.414213562373096 2.49
      vertex -0.5857864376269042 -25.414213562373096 2.5
    endloop
  endfacet
  facet normal 0.7518398074789787 -0.6593458151000673 0
    outer loop
      vertex -0.5857864376269042 -25.414213562373096 2.49
      vertex -0.4132933194175301 -25.217522858017443 2.49
      vertex -0.5857864376269042 -25.414213562373096 2.5
    endloop
  endfacet
  facet normal 0 0 1
    outer loop
      vertex -0.7824771419825574 -25.58670668058247 2.5
      vertex -0.5857864376269042 -25.414213562373096 2.5
      vertex -0.2679491924311215 -25 2.5
    endloop
  endfacet
  facet normal 0.7518398074789787 -0.6593458151000673 -2.819764014702666e-16
    outer loop
      vertex -0.5857864376269042 -25.414213562373096 2.5
      vertex -0.4132933194175301 -25.217522858017443 2.49
      vertex -0.4132933194175301 -25.217522858017443 2.5
    endloop
  endfacet
  facet normal 0 0 1
    outer loop
      vertex -0.5857864376269042 -25.414213562373096 2.5
      vertex -0.4132933194175301 -25.217522858017443 2.5
      vertex -0.2679491924311215 -25 2.5
    endloop
  endfacet
  facet normal 0 0 1
    outer loop
      vertex -0.7824771419825574 -25.58670668058247 2.5
      vertex -0.2679491924311215 -25 2.5
      vertex -0.14702458729939114 -24.75 2.5
    endloop
  endfacet
  facet normal 0.8314696123025439 -0.5555702330196043 0
    outer loop
      vertex -0.4132933194175301 -25.217522858017443 2.49
      vertex -0.2679491924311215 -25 2.5
      vertex -0.4132933194175301 -25.217522858017443 2.5
    endloop
  endfacet
  facet normal 0.8314696123025439 -0.5555702330196043 4.075104095281781e-16
    outer loop
      vertex -0.4132933194175301 -25.217522858017443 2.49
      vertex -0.2679491924311215 -25 2.49
      vertex -0.2679491924311215 -25 2.5
    endloop
  endfacet
  facet normal 0.8968727415326925 -0.44228869021899286 0
    outer loop
      vertex -0.2679491924311215 -25 2.49
      vertex -0.15224093497742786 -24.76536686473018 2.49
      vertex -0.2679491924311215 -25 2.5
    endloop
  endfacet
  facet normal 0.8968727415326925 -0.44228869021899286 -7.247508583046869e-19
    outer loop
      vertex -0.2679491924311215 -25 2.5
      vertex -0.15224093497742786 -24.76536686473018 2.49
      vertex -0.15224093497742786 -24.76536686473018 2.5
    endloop
  endfacet
  facet normal 0 0 1
    outer loop
      vertex -0.2679491924311215 -25 2.5
      vertex -0.15224093497742786 -24.76536686473018 2.5
      vertex -0.14702458729939114 -24.75 2.5
    endloop
  endfacet
  facet normal 1 0 0
    outer loop
      vertex 0 -15.25 2.5
      vertex 0 -15.25 1.7
      vertex 0 -4.75 1.7
    endloop
  endfacet
  facet normal 0 0 1
    outer loop
      vertex -3.116449982956985 -15.25 2.5
      vertex 0 -15.25 2.5
      vertex 0 -4.75 2.5
    endloop
  endfacet
  facet normal 1 0 0
    outer loop
      vertex 0 -15.25 2.5
      vertex 0 -4.75 1.7
      vertex 0 -4.75 2.5
    endloop
  endfacet
  facet normal 0 0 1
    outer loop
      vertex -3.116449982956985 -15.25 2.5
      vertex 0 -4.75 2.5
      vertex -3.116449982956985 -4.75 2.5
    endloop
  endfacet
  facet normal 0 0 -1
    outer loop
      vertex -58 26 -2.5
      vertex -3.116449982956985 4.75 -2.5
      vertex -3.116449982956985 -4.75 -2.5
    endloop
  endfacet
  facet normal 0 0 -1
    outer loop
      vertex -58 26 -2.5
      vertex -3.116449982956985 15.25 -2.5
      vertex -3.116449982956985 4.75 -2.5
    endloop
  endfacet
  facet normal 0 1 0
    outer loop
      vertex -2 26 -2.5
      vertex -34 26 -1.7
      vertex -33.778105473225914 26 -1.6854562643354776
    endloop
  endfacet
  facet normal 0 1 0
    outer loop
      vertex -2 26 -2.5
      vertex -33.778105473225914 26 -1.6854562643354776
      vertex -33.56000762332572 26 -1.6420739046914161
    endloop
  endfacet
  facet normal 0 1 0
    outer loop
      vertex -2 26 -2.5
      vertex -33.56000762332572 26 -1.6420739046914161
      vertex -33.34943816497935 26 -1.5705952052691874
    endloop
  endfacet
  facet normal 0 0 -1
    outer loop
      vertex -58 26 -2.5
      vertex -3.116449982956985 24.75 -2.5
      vertex -3.116449982956985 15.25 -2.5
    endloop
  endfacet
  facet normal 0 0 -1
    outer loop
      vertex -58 26 -2.5
      vertex -0.14702458729939114 24.75 -2.5
      vertex -3.116449982956985 24.75 -2.5
    endloop
  endfacet
  facet normal 0 0 -1
    outer loop
      vertex -58 26 -2.5
      vertex -2 26 -2.5
      vertex -0.7824771419825574 25.58670668058247 -2.5
    endloop
  endfacet
  facet normal 0 0 -1
    outer loop
      vertex -58 26 -2.5
      vertex -0.7824771419825574 25.58670668058247 -2.5
      vertex -0.14702458729939114 24.75 -2.5
    endloop
  endfacet
  facet normal 0 1 0
    outer loop
      vertex -2 26 -2.5
      vertex -33.34943816497935 26 -1.5705952052691874
      vertex -33.15 26 -1.4722431864335457
    endloop
  endfacet
  facet normal 0 1 0
    outer loop
      vertex -2 26 -2.5
      vertex -33.15 26 -1.4722431864335457
      vertex -32.965105570685175 26 -1.3487006784950997
    endloop
  endfacet
  facet normal 0 1 0
    outer loop
      vertex -2 26 -2.5
      vertex -32.965105570685175 26 -1.3487006784950997
      vertex -32.79791847198287 26 -1.2020815280171309
    endloop
  endfacet
  facet normal 0 1 0
    outer loop
      vertex -2 26 -2.5
      vertex -32.79791847198287 26 -1.2020815280171309
      vertex -32.6512993215049 26 -1.034894429314825
    endloop
  endfacet
  facet normal 0 1 0
    outer loop
      vertex -2 26 -2.5
      vertex -32.6512993215049 26 -1.034894429314825
      vertex -32.527756813566455 26 -0.85
    endloop
  endfacet
  facet normal 0 1 0
    outer loop
      vertex -2 26 -2.5
      vertex -32.527756813566455 26 -0.85
      vertex -32.429404794730814 26 -0.6505618350206526
    endloop
  endfacet
  facet normal 0 1 0
    outer loop
      vertex -2 26 -2.5
      vertex -32.429404794730814 26 -0.6505618350206526
      vertex -32.357926095308585 26 -0.43999237667428526
    endloop
  endfacet
  facet normal 0 1 0
    outer loop
      vertex -2 26 -2.5
      vertex -32.357926095308585 26 -0.43999237667428526
      vertex -32.31454373566452 26 -0.22189452677408766
    endloop
  endfacet
  facet normal 0 1 0
    outer loop
      vertex -2 26 -2.5
      vertex -32.31454373566452 26 -0.22189452677408766
      vertex -32.3 26 0
    endloop
  endfacet
  facet normal 0 1 0
    outer loop
      vertex -2 26 -2.5
      vertex -32.3 26 0
      vertex -32.31454373566452 26 0.22189452677408766
    endloop
  endfacet
  facet normal 0 0 -1
    outer loop
      vertex -3.116449982956985 4.75 -2.5
      vertex -3.116449982956985 15.25 -2.5
      vertex 0 4.75 -2.5
    endloop
  endfacet
  facet normal 1 0 0
    outer loop
      vertex 0 4.75 -2.5
      vertex 0 15.25 -2.5
      vertex 0 4.75 -1.7
    endloop
  endfacet
  facet normal 0 0 -1
    outer loop
      vertex -3.116449982956985 15.25 -2.5
      vertex 0 15.25 -2.5
      vertex 0 4.75 -2.5
    endloop
  endfacet
  facet normal 1 0 0
    outer loop
      vertex 0 15.25 -2.5
      vertex 0 15.25 -1.7
      vertex 0 4.75 -1.7
    endloop
  endfacet
  facet normal 0 0 -1
    outer loop
      vertex -2 26 -2.5
      vertex -1.7389476155598977 25.982889722747622 -2.5
      vertex -1.4823619097949603 25.931851652578136 -2.5
    endloop
  endfacet
  facet normal 0 0 -1
    outer loop
      vertex -2 26 -2.5
      vertex -1.4823619097949603 25.931851652578136 -2.5
      vertex -0.7824771419825574 25.58670668058247 -2.5
    endloop
  endfacet
  facet normal 0 0 -1
    outer loop
      vertex -1.4823619097949603 25.931851652578136 -2.5
      vertex -1.2346331352698208 25.847759065022572 -2.5
      vertex -1 25.73205080756888 -2.5
    endloop
  endfacet
  facet normal 0 0 -1
    outer loop
      vertex -0.7824771419825574 25.58670668058247 -2.5
      vertex -0.15224093497742786 24.76536686473018 -2.5
      vertex -0.14702458729939114 24.75 -2.5
    endloop
  endfacet
  facet normal 0 0 -1
    outer loop
      vertex -0.2679491924311215 25 -2.5
      vertex -0.15224093497742786 24.76536686473018 -2.5
      vertex -0.4132933194175301 25.217522858017443 -2.5
    endloop
  endfacet
  facet normal 0 0 -1
    outer loop
      vertex -0.4132933194175301 25.217522858017443 -2.5
      vertex -0.15224093497742786 24.76536686473018 -2.5
      vertex -0.7824771419825574 25.58670668058247 -2.5
    endloop
  endfacet
  facet normal 0 0 -1
    outer loop
      vertex -0.5857864376269042 25.414213562373096 -2.5
      vertex -0.4132933194175301 25.217522858017443 -2.5
      vertex -0.7824771419825574 25.58670668058247 -2.5
    endloop
  endfacet
  facet normal 0 0 -1
    outer loop
      vertex -1.4823619097949603 25.931851652578136 -2.5
      vertex -1 25.73205080756888 -2.5
      vertex -0.7824771419825574 25.58670668058247 -2.5
    endloop
  endfacet
  facet normal 0.32143946530316087 0.9469301294951059 -4.611965078556338e-18
    outer loop
      vertex -1.4823619097949603 25.931851652578136 -2.5
      vertex -1.2346331352698208 25.847759065022572 -1.1649635338333362
      vertex -1.2346331352698208 25.847759065022572 -2.5
    endloop
  endfacet
  facet normal 0.19509032201613669 0.9807852804032288 -1.4519554910443116e-18
    outer loop
      vertex -1.7389476155598977 25.982889722747622 -2.5
      vertex -1.4823619097949603 25.931851652578136 -0.829481258818829
      vertex -1.4823619097949603 25.931851652578136 -2.5
    endloop
  endfacet
  facet normal 0.8968727415326924 0.44228869021899275 1.0849367940959334e-16
    outer loop
      vertex -0.2679491924311215 25 -2.5
      vertex -0.22189452677408766 24.90661037652185 -1.6854562643354776
      vertex -0.15224093497742786 24.76536686473018 -2.5
    endloop
  endfacet
  facet normal 0.8314696123025439 0.5555702330196043 0
    outer loop
      vertex -0.2679491924311215 25 -2.5
      vertex -0.4132933194175301 25.217522858017443 -2.5
      vertex -0.2679491924311215 25 -1.6762954217607584
    endloop
  endfacet
  facet normal 0.7518398074789787 0.6593458151000674 3.307193689679859e-18
    outer loop
      vertex -0.5857864376269042 25.414213562373096 -2.5
      vertex -0.4132933194175301 25.217522858017443 -1.6473846773771623
      vertex -0.4132933194175301 25.217522858017443 -2.5
    endloop
  endfacet
  facet normal 0.6593458151000674 0.7518398074789787 0
    outer loop
      vertex -0.5857864376269042 25.414213562373096 -2.5
      vertex -0.7824771419825574 25.58670668058247 -2.5
      vertex -0.5857864376269042 25.414213562373096 -1.592583489784063
    endloop
  endfacet
  facet normal 0.8968727415326928 0.44228869021899203 0
    outer loop
      vertex -0.2679491924311215 25 -2.5
      vertex -0.2679491924311215 25 -1.6762954217607584
      vertex -0.22189452677408766 24.90661037652185 -1.6854562643354776
    endloop
  endfacet
  facet normal 0.7518398074789787 0.6593458151000672 -2.0157606755340882e-16
    outer loop
      vertex -0.5857864376269042 25.414213562373096 -2.5
      vertex -0.43999237667428526 25.247967297957874 -1.6420739046914161
      vertex -0.4132933194175301 25.217522858017443 -1.6473846773771623
    endloop
  endfacet
  facet normal 0.6593458151000684 0.7518398074789779 -3.939701231947515e-16
    outer loop
      vertex -0.7824771419825574 25.58670668058247 -2.5
      vertex -0.6505618350206526 25.471020061268415 -1.5705952052691874
      vertex -0.5857864376269042 25.414213562373096 -1.592583489784063
    endloop
  endfacet
  facet normal 0.7518398074789786 0.6593458151000674 0
    outer loop
      vertex -0.5857864376269042 25.414213562373096 -2.5
      vertex -0.5857864376269042 25.414213562373096 -1.592583489784063
      vertex -0.43999237667428526 25.247967297957874 -1.6420739046914161
    endloop
  endfacet
  facet normal 0.8314696123025439 0.5555702330196042 0
    outer loop
      vertex -0.4132933194175301 25.217522858017443 -2.5
      vertex -0.4132933194175301 25.217522858017443 -1.6473846773771623
      vertex -0.2679491924311215 25 -1.6762954217607584
    endloop
  endfacet
  facet normal 0.5555702330196043 0.8314696123025439 -4.0978132544009394e-18
    outer loop
      vertex -1 25.73205080756888 -2.5
      vertex -0.7824771419825574 25.58670668058247 -1.5055417750174087
      vertex -0.7824771419825574 25.58670668058247 -2.5
    endloop
  endfacet
  facet normal 0.44228869021899275 0.8968727415326925 -5.241793799517e-16
    outer loop
      vertex -1.2346331352698208 25.847759065022572 -2.5
      vertex -1.034894429314825 25.749258835779457 -1.3487006784950997
      vertex -1 25.73205080756888 -2.5
    endloop
  endfacet
  facet normal 0.44228869021901784 0.8968727415326802 0
    outer loop
      vertex -1.2346331352698208 25.847759065022572 -2.5
      vertex -1.2346331352698208 25.847759065022572 -1.1649635338333362
      vertex -1.2020815280171309 25.83170638879594 -1.2020815280171309
    endloop
  endfacet
  facet normal 0.3214394653031599 0.9469301294951061 2.0654671134387854e-16
    outer loop
      vertex -1.4823619097949603 25.931851652578136 -2.5
      vertex -1.3487006784950997 25.886479778368475 -1.034894429314825
      vertex -1.2346331352698208 25.847759065022572 -1.1649635338333362
    endloop
  endfacet
  facet normal 0.6593458151000668 0.751839807478979 0
    outer loop
      vertex -0.7824771419825574 25.58670668058247 -2.5
      vertex -0.7824771419825574 25.58670668058247 -1.5055417750174087
      vertex -0.6505618350206526 25.471020061268415 -1.5705952052691874
    endloop
  endfacet
  facet normal 0.5555702330196048 0.8314696123025433 -2.687367755598e-16
    outer loop
      vertex -1 25.73205080756888 -2.5
      vertex -0.85 25.631824011880983 -1.4722431864335457
      vertex -0.7824771419825574 25.58670668058247 -1.5055417750174087
    endloop
  endfacet
  facet normal 0.5555702330196038 0.8314696123025441 0
    outer loop
      vertex -1 25.73205080756888 -2.5
      vertex -1 25.73205080756888 -1.3720163907456506
      vertex -0.85 25.631824011880983 -1.4722431864335457
    endloop
  endfacet
  facet normal 0.4422886902190069 0.8968727415326856 0
    outer loop
      vertex -1 25.73205080756888 -2.5
      vertex -1.034894429314825 25.749258835779457 -1.3487006784950997
      vertex -1 25.73205080756888 -1.3720163907456506
    endloop
  endfacet
  facet normal 0.4422886902189857 0.896872741532696 1.0027181069331421e-15
    outer loop
      vertex -1.2346331352698208 25.847759065022572 -2.5
      vertex -1.2020815280171309 25.83170638879594 -1.2020815280171309
      vertex -1.034894429314825 25.749258835779457 -1.3487006784950997
    endloop
  endfacet
  facet normal 0.946930129495106 0.32143946530316053 1.7123437034637377e-19
    outer loop
      vertex -0.15224093497742786 24.76536686473018 -2.5
      vertex -0.14702458729939114 24.75 -1.6903634994294165
      vertex -0.14702458729939114 24.75 -2.5
    endloop
  endfacet
  facet normal 0.9469301294951061 0.3214394653031605 0
    outer loop
      vertex -0.15224093497742786 24.76536686473018 -2.5
      vertex -0.15224093497742786 24.76536686473018 -1.6900216019393497
      vertex -0.14702458729939114 24.75 -1.6903634994294165
    endloop
  endfacet
  facet normal 0.8968727415326923 0.44228869021899336 0
    outer loop
      vertex -0.15224093497742786 24.76536686473018 -2.5
      vertex -0.22189452677408766 24.90661037652185 -1.6854562643354776
      vertex -0.15224093497742786 24.76536686473018 -1.6900216019393497
    endloop
  endfacet
  facet normal 0.3214394653031642 0.9469301294951048 -2.3441157060159505e-16
    outer loop
      vertex -1.4823619097949603 25.931851652578136 -2.5
      vertex -1.4722431864335457 25.928416808838843 -0.85
      vertex -1.3487006784950997 25.886479778368475 -1.034894429314825
    endloop
  endfacet
  facet normal 0.3214394653031299 0.9469301294951163 0
    outer loop
      vertex -1.4823619097949603 25.931851652578136 -2.5
      vertex -1.4823619097949603 25.931851652578136 -0.829481258818829
      vertex -1.4722431864335457 25.928416808838843 -0.85
    endloop
  endfacet
  facet normal 0.19509032201613197 0.9807852804032298 7.556701523594702e-16
    outer loop
      vertex -1.7389476155598977 25.982889722747622 -2.5
      vertex -1.5705952052691874 25.949402346262623 -0.6505618350206526
      vertex -1.4823619097949603 25.931851652578136 -0.829481258818829
    endloop
  endfacet
  facet normal 0.19509032201614582 0.9807852804032269 -5.596411465447139e-16
    outer loop
      vertex -1.7389476155598977 25.982889722747622 -2.5
      vertex -1.6420739046914161 25.96362034358192 -0.43999237667428526
      vertex -1.5705952052691874 25.949402346262623 -0.6505618350206526
    endloop
  endfacet
  facet normal 0.19509032201615956 0.9807852804032242 -1.230138094529632e-15
    outer loop
      vertex -1.7389476155598977 25.982889722747622 -2.5
      vertex -1.6854562643354776 25.972249631441237 -0.22189452677408766
      vertex -1.6420739046914161 25.96362034358192 -0.43999237667428526
    endloop
  endfacet
  facet normal 0.06540312923013929 0.9978589232386037 0
    outer loop
      vertex -2 26 -2.5
      vertex -2 26 2.5
      vertex -1.7389476155598977 25.982889722747622 -2.5
    endloop
  endfacet
  facet normal 0.19509032201605422 0.9807852804032452 1.3420220175502346e-15
    outer loop
      vertex -1.7389476155598977 25.982889722747622 -2.5
      vertex -1.7 25.97514256033281 0
      vertex -1.6854562643354776 25.972249631441237 -0.22189452677408766
    endloop
  endfacet
  facet normal 0 1 0
    outer loop
      vertex -2 26 2.5
      vertex -32.31454373566452 26 0.22189452677408766
      vertex -32.357926095308585 26 0.43999237667428526
    endloop
  endfacet
  facet normal 0 1 0
    outer loop
      vertex -2 26 2.5
      vertex -32.357926095308585 26 0.43999237667428526
      vertex -32.429404794730814 26 0.6505618350206526
    endloop
  endfacet
  facet normal 0 1 0
    outer loop
      vertex -2 26 2.5
      vertex -32.527756813566455 26 0.85
      vertex -32.6512993215049 26 1.034894429314825
    endloop
  endfacet
  facet normal 0 1 0
    outer loop
      vertex -2 26 2.5
      vertex -32.429404794730814 26 0.6505618350206526
      vertex -32.527756813566455 26 0.85
    endloop
  endfacet
  facet normal 0 1 0
    outer loop
      vertex -2 26 2.5
      vertex -33.778105473225914 26 1.6854562643354776
      vertex -34 26 1.7
    endloop
  endfacet
  facet normal 0 1 0
    outer loop
      vertex -2 26 2.5
      vertex -33.34943816497935 26 1.5705952052691874
      vertex -33.56000762332572 26 1.6420739046914161
    endloop
  endfacet
  facet normal 0 1 0
    outer loop
      vertex -2 26 2.5
      vertex -33.56000762332572 26 1.6420739046914161
      vertex -33.778105473225914 26 1.6854562643354776
    endloop
  endfacet
  facet normal 0 0 1
    outer loop
      vertex -59.217522858017446 25.58670668058247 2.5
      vertex -3.116449982956985 15.25 2.5
      vertex -3.116449982956985 24.75 2.5
    endloop
  endfacet
  facet normal 0 1 0
    outer loop
      vertex -2 26 2.5
      vertex -32.6512993215049 26 1.034894429314825
      vertex -32.79791847198287 26 1.2020815280171309
    endloop
  endfacet
  facet normal 0 1 0
    outer loop
      vertex -2 26 2.5
      vertex -32.79791847198287 26 1.2020815280171309
      vertex -32.965105570685175 26 1.3487006784950997
    endloop
  endfacet
  facet normal 0 1 0
    outer loop
      vertex -2 26 2.5
      vertex -32.965105570685175 26 1.3487006784950997
      vertex -33.15 26 1.4722431864335457
    endloop
  endfacet
  facet normal 0 1 0
    outer loop
      vertex -2 26 2.5
      vertex -33.15 26 1.4722431864335457
      vertex -33.34943816497935 26 1.5705952052691874
    endloop
  endfacet
  facet normal 0 0 1
    outer loop
      vertex -59.217522858017446 25.58670668058247 2.5
      vertex -3.116449982956985 24.75 2.5
      vertex -0.7824771419825574 25.58670668058247 2.5
    endloop
  endfacet
  facet normal 0 0 1
    outer loop
      vertex -58 26 2.5
      vertex -0.7824771419825574 25.58670668058247 2.5
      vertex -2 26 2.5
    endloop
  endfacet
  facet normal 0 1 0
    outer loop
      vertex -2 26 -2.5
      vertex -32.31454373566452 26 0.22189452677408766
      vertex -2 26 2.5
    endloop
  endfacet
  facet normal 1 0 0
    outer loop
      vertex 0 4.75 2.5
      vertex 0 4.75 1.7
      vertex 0 15.25 1.7
    endloop
  endfacet
  facet normal 0 0 1
    outer loop
      vertex -3.116449982956985 4.75 2.5
      vertex 0 4.75 2.5
      vertex 0 15.25 2.5
    endloop
  endfacet
  facet normal 1 0 0
    outer loop
      vertex 0 4.75 2.5
      vertex 0 15.25 1.7
      vertex 0 15.25 2.5
    endloop
  endfacet
  facet normal 0 0 1
    outer loop
      vertex -3.116449982956985 4.75 2.5
      vertex 0 15.25 2.5
      vertex -3.116449982956985 15.25 2.5
    endloop
  endfacet
  facet normal 0.19509032201613707 0.9807852804032287 0
    outer loop
      vertex -1.7389476155598977 25.982889722747622 -2.5
      vertex -1.7389476155598977 25.982889722747622 2.5
      vertex -1.7 25.97514256033281 0
    endloop
  endfacet
  facet normal 0.06540312923013929 0.9978589232386037 0
    outer loop
      vertex -1.7389476155598977 25.982889722747622 -2.5
      vertex -2 26 2.5
      vertex -1.7389476155598977 25.982889722747622 2.5
    endloop
  endfacet
  facet normal 0.19509032201605417 0.9807852804032452 -1.3419585105501174e-15
    outer loop
      vertex -1.7389476155598977 25.982889722747622 2.5
      vertex -1.6854562643354776 25.972249631441237 0.22189452677408766
      vertex -1.7 25.97514256033281 0
    endloop
  endfacet
  facet normal 0.19509032201615953 0.9807852804032242 1.2293673967629197e-15
    outer loop
      vertex -1.7389476155598977 25.982889722747622 2.5
      vertex -1.6420739046914161 25.96362034358192 0.43999237667428526
      vertex -1.6854562643354776 25.972249631441237 0.22189452677408766
    endloop
  endfacet
  facet normal 0.19509032201615015 0.9807852804032261 -9.750161404195629e-16
    outer loop
      vertex -1.4823619097949603 25.931851652578136 2.5
      vertex -1.5705952052691874 25.949402346262623 0.6505618350206526
      vertex -1.6420739046914161 25.96362034358192 0.43999237667428526
    endloop
  endfacet
  facet normal 0.19509032201613052 0.9807852804032301 0
    outer loop
      vertex -1.4823619097949603 25.931851652578136 2.5
      vertex -1.4823619097949603 25.931851652578136 0.829481258818829
      vertex -1.5705952052691874 25.949402346262623 0.6505618350206526
    endloop
  endfacet
  facet normal 0.3214394653031299 0.9469301294951163 0
    outer loop
      vertex -1.4823619097949603 25.931851652578136 2.5
      vertex -1.4722431864335457 25.928416808838843 0.85
      vertex -1.4823619097949603 25.931851652578136 0.829481258818829
    endloop
  endfacet
  facet normal 0.32143946530316425 0.9469301294951047 2.3437394233670025e-16
    outer loop
      vertex -1.4823619097949603 25.931851652578136 2.5
      vertex -1.3487006784950997 25.886479778368475 1.034894429314825
      vertex -1.4722431864335457 25.928416808838843 0.85
    endloop
  endfacet
  facet normal 0.3214394653031597 0.9469301294951064 0
    outer loop
      vertex -1.2346331352698208 25.847759065022572 2.5
      vertex -1.2346331352698208 25.847759065022572 1.1649635338333362
      vertex -1.3487006784950997 25.886479778368475 1.034894429314825
    endloop
  endfacet
  facet normal 0.44228869021901784 0.8968727415326802 0
    outer loop
      vertex -1.2346331352698208 25.847759065022572 2.5
      vertex -1.2020815280171309 25.83170638879594 1.2020815280171309
      vertex -1.2346331352698208 25.847759065022572 1.1649635338333362
    endloop
  endfacet
  facet normal 0.19509032201613666 0.9807852804032287 1.1196939862636943e-16
    outer loop
      vertex -1.7389476155598977 25.982889722747622 2.5
      vertex -1.4823619097949603 25.931851652578136 2.5
      vertex -1.6420739046914161 25.96362034358192 0.43999237667428526
    endloop
  endfacet
  facet normal 0.6593458151000668 0.751839807478979 0
    outer loop
      vertex -0.7824771419825574 25.58670668058247 2.5
      vertex -0.6505618350206526 25.471020061268415 1.5705952052691874
      vertex -0.7824771419825574 25.58670668058247 1.5055417750174087
    endloop
  endfacet
  facet normal 0.4422886902189857 0.896872741532696 -1.0024350072151014e-15
    outer loop
      vertex -1.2346331352698208 25.847759065022572 2.5
      vertex -1.034894429314825 25.749258835779457 1.3487006784950997
      vertex -1.2020815280171309 25.83170638879594 1.2020815280171309
    endloop
  endfacet
  facet normal 0.4422886902190048 0.8968727415326865 3.222904890652264e-15
    outer loop
      vertex -1.2346331352698208 25.847759065022572 2.5
      vertex -1 25.73205080756888 1.3720163907456506
      vertex -1.034894429314825 25.749258835779457 1.3487006784950997
    endloop
  endfacet
  facet normal 0.5555702330196038 0.8314696123025441 0
    outer loop
      vertex -1 25.73205080756888 2.5
      vertex -0.85 25.631824011880983 1.4722431864335457
      vertex -1 25.73205080756888 1.3720163907456506
    endloop
  endfacet
  facet normal 0.5555702330196051 0.8314696123025432 0
    outer loop
      vertex -0.7824771419825574 25.58670668058247 2.5
      vertex -0.7824771419825574 25.58670668058247 1.5055417750174087
      vertex -0.85 25.631824011880983 1.4722431864335457
    endloop
  endfacet
  facet normal 0.3214394653031609 0.9469301294951058 -1.0282270236308956e-16
    outer loop
      vertex -1.4823619097949603 25.931851652578136 2.5
      vertex -1.2346331352698208 25.847759065022572 2.5
      vertex -1.3487006784950997 25.886479778368475 1.034894429314825
    endloop
  endfacet
  facet normal 0.8968727415326928 0.44228869021899203 0
    outer loop
      vertex -0.2679491924311215 25 2.5
      vertex -0.22189452677408766 24.90661037652185 1.6854562643354776
      vertex -0.2679491924311215 25 1.6762954217607584
    endloop
  endfacet
  facet normal 0.8314696123025439 0.5555702330196043 0
    outer loop
      vertex -0.2679491924311215 25 2.5
      vertex -0.2679491924311215 25 1.6762954217607584
      vertex -0.4132933194175301 25.217522858017443 1.6473846773771623
    endloop
  endfacet
  facet normal 0.7518398074789786 0.6593458151000676 3.3654180613458485e-17
    outer loop
      vertex -0.4132933194175301 25.217522858017443 2.49
      vertex -0.43999237667428526 25.247967297957874 1.6420739046914161
      vertex -0.5857864376269042 25.414213562373096 1.592583489784063
    endloop
  endfacet
  facet normal 0.6593458151000684 0.7518398074789778 4.0029527451980684e-16
    outer loop
      vertex -0.7824771419825574 25.58670668058247 2.5
      vertex -0.5857864376269042 25.414213562373096 1.592583489784063
      vertex -0.6505618350206526 25.471020061268415 1.5705952052691874
    endloop
  endfacet
  facet normal 0.751839807478979 0.659345815100067 0
    outer loop
      vertex -0.4132933194175301 25.217522858017443 2.49
      vertex -0.4132933194175301 25.217522858017443 1.6473846773771623
      vertex -0.43999237667428526 25.247967297957874 1.6420739046914161
    endloop
  endfacet
  facet normal 0.8968727415326924 0.44228869021899275 -1.0673108664134103e-16
    outer loop
      vertex -0.2679491924311215 25 2.5
      vertex -0.15224093497742786 24.76536686473018 2.5
      vertex -0.22189452677408766 24.90661037652185 1.6854562643354776
    endloop
  endfacet
  facet normal 0.6593458151000674 0.7518398074789787 0
    outer loop
      vertex -0.5857864376269042 25.414213562373096 2.5
      vertex -0.5857864376269042 25.414213562373096 1.592583489784063
      vertex -0.7824771419825574 25.58670668058247 2.5
    endloop
  endfacet
  facet normal 0.7518398074789787 0.6593458151000674 0
    outer loop
      vertex -0.5857864376269042 25.414213562373096 2.5
      vertex -0.4132933194175301 25.217522858017443 2.49
      vertex -0.5857864376269042 25.414213562373096 1.592583489784063
    endloop
  endfacet
  facet normal 0.8314696123025439 0.5555702330196043 -4.836256813603836e-18
    outer loop
      vertex -0.2679491924311215 25 2.5
      vertex -0.4132933194175301 25.217522858017443 1.6473846773771623
      vertex -0.4132933194175301 25.217522858017443 2.49
    endloop
  endfacet
  facet normal 0.4422886902189928 0.8968727415326925 6.425189624730151e-21
    outer loop
      vertex -1.2346331352698208 25.847759065022572 2.5
      vertex -1 25.73205080756888 2.5
      vertex -1 25.73205080756888 1.3720163907456506
    endloop
  endfacet
  facet normal 0.5555702330196043 0.8314696123025439 8.416058136056143e-17
    outer loop
      vertex -1 25.73205080756888 2.5
      vertex -0.7824771419825574 25.58670668058247 2.5
      vertex -0.85 25.631824011880983 1.4722431864335457
    endloop
  endfacet
  facet normal 0.946930129495106 0.32143946530316053 0
    outer loop
      vertex -0.14702458729939114 24.75 2.5
      vertex -0.14702458729939114 24.75 1.6903634994294165
      vertex -0.15224093497742786 24.76536686473018 1.6900216019393497
    endloop
  endfacet
  facet normal 0.8968727415326923 0.44228869021899336 0
    outer loop
      vertex -0.15224093497742786 24.76536686473018 2.5
      vertex -0.15224093497742786 24.76536686473018 1.6900216019393497
      vertex -0.22189452677408766 24.90661037652185 1.6854562643354776
    endloop
  endfacet
  facet normal 0.9469301294951061 0.3214394653031605 0
    outer loop
      vertex -0.15224093497742786 24.76536686473018 2.5
      vertex -0.14702458729939114 24.75 2.5
      vertex -0.15224093497742786 24.76536686473018 1.6900216019393497
    endloop
  endfacet
  facet normal 0 0 1
    outer loop
      vertex -3.116449982956985 24.75 2.5
      vertex -0.2679491924311215 25 2.5
      vertex -0.7824771419825574 25.58670668058247 2.5
    endloop
  endfacet
  facet normal 0 0 1
    outer loop
      vertex -2 26 2.5
      vertex -1.4823619097949603 25.931851652578136 2.5
      vertex -1.7389476155598977 25.982889722747622 2.5
    endloop
  endfacet
  facet normal 0 0 1
    outer loop
      vertex -2 26 2.5
      vertex -0.7824771419825574 25.58670668058247 2.5
      vertex -1.4823619097949603 25.931851652578136 2.5
    endloop
  endfacet
  facet normal 0 0 1
    outer loop
      vertex -3.116449982956985 24.75 2.5
      vertex -0.15224093497742786 24.76536686473018 2.5
      vertex -0.2679491924311215 25 2.5
    endloop
  endfacet
  facet normal 0 0 1
    outer loop
      vertex -3.116449982956985 24.75 2.5
      vertex -0.14702458729939114 24.75 2.5
      vertex -0.15224093497742786 24.76536686473018 2.5
    endloop
  endfacet
  facet normal 0.7518398074789787 0.6593458151000673 2.819764014702666e-16
    outer loop
      vertex -0.5857864376269042 25.414213562373096 2.5
      vertex -0.4132933194175301 25.217522858017443 2.5
      vertex -0.4132933194175301 25.217522858017443 2.49
    endloop
  endfacet
  facet normal 0 0 1
    outer loop
      vertex -0.2679491924311215 25 2.5
      vertex -0.5857864376269042 25.414213562373096 2.5
      vertex -0.7824771419825574 25.58670668058247 2.5
    endloop
  endfacet
  facet normal 0 0 1
    outer loop
      vertex -0.2679491924311215 25 2.5
      vertex -0.4132933194175301 25.217522858017443 2.5
      vertex -0.5857864376269042 25.414213562373096 2.5
    endloop
  endfacet
  facet normal 0.8314696123025439 0.5555702330196043 -4.075104095281781e-16
    outer loop
      vertex -0.2679491924311215 25 2.5
      vertex -0.4132933194175301 25.217522858017443 2.49
      vertex -0.4132933194175301 25.217522858017443 2.5
    endloop
  endfacet
  facet normal 0 0 1
    outer loop
      vertex -1.4823619097949603 25.931851652578136 2.5
      vertex -0.7824771419825574 25.58670668058247 2.5
      vertex -1.2346331352698208 25.847759065022572 2.5
    endloop
  endfacet
  facet normal 0 0 1
    outer loop
      vertex -1.2346331352698208 25.847759065022572 2.5
      vertex -0.7824771419825574 25.58670668058247 2.5
      vertex -1 25.73205080756888 2.5
    endloop
  endfacet
  facet normal 0 -1 0
    outer loop
      vertex -36.25 27 -3.8971143170299736
      vertex -35.16468570296134 27 -4.346666218300808
      vertex -34.587367864990235 27 -4.4615018761821466
    endloop
  endfacet
  facet normal 0 -1 0
    outer loop
      vertex -35.7220754456429 27 -4.15745789630079
      vertex -35.16468570296134 27 -4.346666218300808
      vertex -36.25 27 -3.8971143170299736
    endloop
  endfacet
  facet normal -0.3214394653031641 0 -0.9469301294951048
    outer loop
      vertex -35.7220754456429 27 -4.15745789630079
      vertex -35.7220754456429 34 -4.15745789630079
      vertex -35.16468570296134 27 -4.346666218300808
    endloop
  endfacet
  facet normal -0.5555702330196044 0 -0.8314696123025437
    outer loop
      vertex -36.25 27 -3.8971143170299736
      vertex -36.73942643053924 27 -3.570090031310558
      vertex -36.25 34 -3.8971143170299736
    endloop
  endfacet
  facet normal -0.44228869021899886 0 -0.8968727415326895
    outer loop
      vertex -35.7220754456429 27 -4.15745789630079
      vertex -36.25 27 -3.8971143170299736
      vertex -35.7220754456429 34 -4.15745789630079
    endloop
  endfacet
  facet normal 0 -1 0
    outer loop
      vertex -36.25 27 -3.8971143170299736
      vertex -37.570090031310556 27 -2.739426430539243
      vertex -36.73942643053924 27 -3.570090031310558
    endloop
  endfacet
  facet normal 0 -1 0
    outer loop
      vertex -36.25 27 -3.8971143170299736
      vertex -34.587367864990235 27 -4.4615018761821466
      vertex -37.570090031310556 27 -2.739426430539243
    endloop
  endfacet
  facet normal 0 -1 0
    outer loop
      vertex -36.73942643053924 27 -3.570090031310558
      vertex -37.570090031310556 27 -2.739426430539243
      vertex -37.18198051533946 27 -3.1819805153394642
    endloop
  endfacet
  facet normal -0.6593458151000681 0 -0.7518398074789782
    outer loop
      vertex -36.73942643053924 27 -3.570090031310558
      vertex -37.18198051533946 27 -3.1819805153394642
      vertex -36.73942643053924 34 -3.570090031310558
    endloop
  endfacet
  facet normal -0.3214394653031641 1.2827375668881185e-18 -0.9469301294951048
    outer loop
      vertex -35.7220754456429 34 -4.15745789630079
      vertex -35.16468570296134 34 -4.346666218300808
      vertex -35.16468570296134 27 -4.346666218300808
    endloop
  endfacet
  facet normal -0.44228869021899886 0 -0.8968727415326895
    outer loop
      vertex -36.25 27 -3.8971143170299736
      vertex -36.25 34 -3.8971143170299736
      vertex -35.7220754456429 34 -4.15745789630079
    endloop
  endfacet
  facet normal 0 1 0
    outer loop
      vertex -36.25 34 -3.8971143170299736
      vertex -34.587367864990235 34 -4.4615018761821466
      vertex -35.16468570296134 34 -4.346666218300808
    endloop
  endfacet
  facet normal 0 1 0
    outer loop
      vertex -35.7220754456429 34 -4.15745789630079
      vertex -36.25 34 -3.8971143170299736
      vertex -35.16468570296134 34 -4.346666218300808
    endloop
  endfacet
  facet normal -0.5555702330196044 0 -0.8314696123025437
    outer loop
      vertex -36.73942643053924 27 -3.570090031310558
      vertex -36.73942643053924 34 -3.570090031310558
      vertex -36.25 34 -3.8971143170299736
    endloop
  endfacet
  facet normal -0.6593458151000681 0 -0.7518398074789782
    outer loop
      vertex -37.18198051533946 27 -3.1819805153394642
      vertex -37.18198051533946 34 -3.1819805153394642
      vertex -36.73942643053924 34 -3.570090031310558
    endloop
  endfacet
  facet normal -0.751839807478977 0 -0.6593458151000693
    outer loop
      vertex -37.18198051533946 27 -3.1819805153394642
      vertex -37.570090031310556 34 -2.739426430539243
      vertex -37.18198051533946 34 -3.1819805153394642
    endloop
  endfacet
  facet normal 0 1 0
    outer loop
      vertex -36.25 34 -3.8971143170299736
      vertex -36.73942643053924 34 -3.570090031310558
      vertex -37.18198051533946 34 -3.1819805153394642
    endloop
  endfacet
  facet normal 0 1 0
    outer loop
      vertex -36.25 34 -3.8971143170299736
      vertex -37.570090031310556 34 -2.739426430539243
      vertex -34.587367864990235 34 -4.4615018761821466
    endloop
  endfacet
  facet normal 0 1 0
    outer loop
      vertex -36.25 34 -3.8971143170299736
      vertex -37.18198051533946 34 -3.1819805153394642
      vertex -37.570090031310556 34 -2.739426430539243
    endloop
  endfacet
  facet normal -0.19509032201612825 0 -0.9807852804032304
    outer loop
      vertex -35.16468570296134 27 -4.346666218300808
      vertex -35.16468570296134 34 -4.346666218300808
      vertex -34.587367864990235 27 -4.4615018761821466
    endloop
  endfacet
  facet normal -0.06540312923014331 0 -0.9978589232386035
    outer loop
      vertex -34.587367864990235 27 -4.4615018761821466
      vertex -34.587367864990235 34 -4.4615018761821466
      vertex -34 27 -4.5
    endloop
  endfacet
  facet normal -0.19509032201612825 0 -0.9807852804032304
    outer loop
      vertex -34.587367864990235 27 -4.4615018761821466
      vertex -35.16468570296134 34 -4.346666218300808
      vertex -34.587367864990235 34 -4.4615018761821466
    endloop
  endfacet
  facet normal -0.06540312923014331 0 -0.9978589232386035
    outer loop
      vertex -34 27 -4.5
      vertex -34.587367864990235 34 -4.4615018761821466
      vertex -34 34 -4.5
    endloop
  endfacet
  facet normal -0.751839807478977 -1.4196830475253353e-18 -0.6593458151000693
    outer loop
      vertex -37.18198051533946 27 -3.1819805153394642
      vertex -37.570090031310556 27 -2.739426430539243
      vertex -37.570090031310556 34 -2.739426430539243
    endloop
  endfacet
  facet normal -0.8314696123025436 -3.8355768044748743e-19 -0.5555702330196045
    outer loop
      vertex -37.570090031310556 27 -2.739426430539243
      vertex -37.897114317029974 27 -2.25
      vertex -37.897114317029974 34 -2.25
    endloop
  endfacet
  facet normal 0 -1 0
    outer loop
      vertex -34.587367864990235 27 -4.4615018761821466
      vertex -38.5 27 0
      vertex -37.570090031310556 27 -2.739426430539243
    endloop
  endfacet
  facet normal 0 -1 0
    outer loop
      vertex -37.570090031310556 27 -2.739426430539243
      vertex -38.15745789630079 27 -1.722075445642904
      vertex -37.897114317029974 27 -2.25
    endloop
  endfacet
  facet normal -0.896872741532688 0 -0.44228869021900175
    outer loop
      vertex -37.897114317029974 27 -2.25
      vertex -38.15745789630079 27 -1.722075445642904
      vertex -37.897114317029974 34 -2.25
    endloop
  endfacet
  facet normal 0 -1 0
    outer loop
      vertex -34.587367864990235 27 -4.4615018761821466
      vertex -35.570595205269186 27 -0.6505618350206526
      vertex -38.5 27 0
    endloop
  endfacet
  facet normal -0.8314696123025436 0 -0.5555702330196045
    outer loop
      vertex -37.570090031310556 27 -2.739426430539243
      vertex -37.897114317029974 34 -2.25
      vertex -37.570090031310556 34 -2.739426430539243
    endloop
  endfacet
  facet normal 0 1 0
    outer loop
      vertex -34.587367864990235 34 -4.4615018761821466
      vertex -37.570090031310556 34 -2.739426430539243
      vertex -38.5 34 0
    endloop
  endfacet
  facet normal -0.896872741532688 0 -0.44228869021900175
    outer loop
      vertex -38.15745789630079 27 -1.722075445642904
      vertex -38.15745789630079 34 -1.722075445642904
      vertex -37.897114317029974 34 -2.25
    endloop
  endfacet
  facet normal -0.946930129495104 0 -0.3214394653031667
    outer loop
      vertex -38.15745789630079 27 -1.722075445642904
      vertex -38.34666621830081 34 -1.1646857029613433
      vertex -38.15745789630079 34 -1.722075445642904
    endloop
  endfacet
  facet normal 0 1 0
    outer loop
      vertex -37.570090031310556 34 -2.739426430539243
      vertex -37.897114317029974 34 -2.25
      vertex -38.15745789630079 34 -1.722075445642904
    endloop
  endfacet
  facet normal 0 1 0
    outer loop
      vertex -34.587367864990235 34 -4.4615018761821466
      vertex -38.5 34 0
      vertex -35.034894429314825 34 -1.3487006784950997
    endloop
  endfacet
  facet normal 0 -1 0
    outer loop
      vertex -37.570090031310556 27 -2.739426430539243
      vertex -38.5 27 0
      vertex -38.15745789630079 27 -1.722075445642904
    endloop
  endfacet
  facet normal 0 -1 0
    outer loop
      vertex -38.15745789630079 27 -1.722075445642904
      vertex -38.5 27 0
      vertex -38.34666621830081 27 -1.1646857029613433
    endloop
  endfacet
  facet normal -0.946930129495104 2.2535040781549787e-20 -0.3214394653031667
    outer loop
      vertex -38.15745789630079 27 -1.722075445642904
      vertex -38.34666621830081 27 -1.1646857029613433
      vertex -38.34666621830081 34 -1.1646857029613433
    endloop
  endfacet
  facet normal -0.9807852804032313 1.4264211806942643e-18 -0.19509032201612295
    outer loop
      vertex -38.34666621830081 27 -1.1646857029613433
      vertex -38.46150187618215 27 -0.5873678649902321
      vertex -38.46150187618215 34 -0.5873678649902321
    endloop
  endfacet
  facet normal 0 -1 0
    outer loop
      vertex -38.34666621830081 27 -1.1646857029613433
      vertex -38.5 27 0
      vertex -38.46150187618215 27 -0.5873678649902321
    endloop
  endfacet
  facet normal -0.9978589232386035 0 -0.06540312923014206
    outer loop
      vertex -38.46150187618215 27 -0.5873678649902321
      vertex -38.5 27 0
      vertex -38.46150187618215 34 -0.5873678649902321
    endloop
  endfacet
  facet normal 0 -1 0
    outer loop
      vertex -38.5 27 0
      vertex -35.570595205269186 27 -0.6505618350206526
      vertex -35.642073904691415 27 -0.43999237667428526
    endloop
  endfacet
  facet normal 0 -1 0
    outer loop
      vertex -38.5 27 0
      vertex -35.642073904691415 27 -0.43999237667428526
      vertex -35.68545626433548 27 -0.22189452677408766
    endloop
  endfacet
  facet normal 0 -1 0
    outer loop
      vertex -38.5 27 0
      vertex -35.68545626433548 27 -0.22189452677408766
      vertex -35.7 27 0
    endloop
  endfacet
  facet normal -0.9807852804032313 0 -0.19509032201612295
    outer loop
      vertex -38.34666621830081 27 -1.1646857029613433
      vertex -38.46150187618215 34 -0.5873678649902321
      vertex -38.34666621830081 34 -1.1646857029613433
    endloop
  endfacet
  facet normal 0 1 0
    outer loop
      vertex -37.570090031310556 34 -2.739426430539243
      vertex -38.15745789630079 34 -1.722075445642904
      vertex -38.5 34 0
    endloop
  endfacet
  facet normal 0 1 0
    outer loop
      vertex -38.15745789630079 34 -1.722075445642904
      vertex -38.34666621830081 34 -1.1646857029613433
      vertex -38.5 34 0
    endloop
  endfacet
  facet normal 0 1 0
    outer loop
      vertex -38.5 34 0
      vertex -35.20208152801713 34 -1.2020815280171309
      vertex -35.034894429314825 34 -1.3487006784950997
    endloop
  endfacet
  facet normal -0.9978589232386035 -1.5208253451551678e-19 -0.06540312923014206
    outer loop
      vertex -38.46150187618215 34 -0.5873678649902321
      vertex -38.5 27 0
      vertex -38.5 34 0
    endloop
  endfacet
  facet normal 0 1 0
    outer loop
      vertex -38.34666621830081 34 -1.1646857029613433
      vertex -38.46150187618215 34 -0.5873678649902321
      vertex -38.5 34 0
    endloop
  endfacet
  facet normal 0 1 0
    outer loop
      vertex -38.5 34 0
      vertex -35.3487006784951 34 -1.034894429314825
      vertex -35.20208152801713 34 -1.2020815280171309
    endloop
  endfacet
  facet normal 0 1 0
    outer loop
      vertex -38.5 34 0
      vertex -35.472243186433545 34 -0.85
      vertex -35.3487006784951 34 -1.034894429314825
    endloop
  endfacet
  facet normal 0 1 0
    outer loop
      vertex -38.5 34 0
      vertex -35.570595205269186 34 -0.6505618350206526
      vertex -35.472243186433545 34 -0.85
    endloop
  endfacet
  facet normal 0 1 0
    outer loop
      vertex -38.5 34 0
      vertex -35.642073904691415 34 -0.43999237667428526
      vertex -35.570595205269186 34 -0.6505618350206526
    endloop
  endfacet
  facet normal 0 1 0
    outer loop
      vertex -38.5 34 0
      vertex -35.68545626433548 34 -0.22189452677408766
      vertex -35.642073904691415 34 -0.43999237667428526
    endloop
  endfacet
  facet normal 0 1 0
    outer loop
      vertex -38.5 34 0
      vertex -35.7 34 0
      vertex -35.68545626433548 34 -0.22189452677408766
    endloop
  endfacet
  facet normal 0 -1 0
    outer loop
      vertex -34.587367864990235 27 -4.4615018761821466
      vertex -34.43999237667428 27 -1.6420739046914161
      vertex -34.65056183502065 27 -1.5705952052691874
    endloop
  endfacet
  facet normal 0 -1 0
    outer loop
      vertex -34.587367864990235 27 -4.4615018761821466
      vertex -34.221894526774086 27 -1.6854562643354776
      vertex -34.43999237667428 27 -1.6420739046914161
    endloop
  endfacet
  facet normal 0 -1 0
    outer loop
      vertex -34.587367864990235 27 -4.4615018761821466
      vertex -34 27 -1.7
      vertex -34.221894526774086 27 -1.6854562643354776
    endloop
  endfacet
  facet normal 0 -1 0
    outer loop
      vertex -34.587367864990235 27 -4.4615018761821466
      vertex -34.65056183502065 27 -1.5705952052691874
      vertex -34.85 27 -1.4722431864335457
    endloop
  endfacet
  facet normal 0 -1 0
    outer loop
      vertex -34.587367864990235 27 -4.4615018761821466
      vertex -34.85 27 -1.4722431864335457
      vertex -35.034894429314825 27 -1.3487006784950997
    endloop
  endfacet
  facet normal 0 -1 0
    outer loop
      vertex -34.587367864990235 27 -4.4615018761821466
      vertex -35.034894429314825 27 -1.3487006784950997
      vertex -35.20208152801713 27 -1.2020815280171309
    endloop
  endfacet
  facet normal 0 -1 0
    outer loop
      vertex -34.587367864990235 27 -4.4615018761821466
      vertex -33.778105473225914 27 -1.6854562643354776
      vertex -34 27 -1.7
    endloop
  endfacet
  facet normal 0 -1 0
    outer loop
      vertex -34.587367864990235 27 -4.4615018761821466
      vertex -33.56000762332572 27 -1.6420739046914161
      vertex -33.778105473225914 27 -1.6854562643354776
    endloop
  endfacet
  facet normal 0 -1 0
    outer loop
      vertex -34.587367864990235 27 -4.4615018761821466
      vertex -33.34943816497935 27 -1.5705952052691874
      vertex -33.56000762332572 27 -1.6420739046914161
    endloop
  endfacet
  facet normal 0 -1 0
    outer loop
      vertex -34.587367864990235 27 -4.4615018761821466
      vertex -33.15 27 -1.4722431864335457
      vertex -33.34943816497935 27 -1.5705952052691874
    endloop
  endfacet
  facet normal 0 -1 0
    outer loop
      vertex -34.587367864990235 27 -4.4615018761821466
      vertex -32.965105570685175 27 -1.3487006784950997
      vertex -33.15 27 -1.4722431864335457
    endloop
  endfacet
  facet normal 0 -1 0
    outer loop
      vertex -34.587367864990235 27 -4.4615018761821466
      vertex -32.79791847198287 27 -1.2020815280171309
      vertex -32.965105570685175 27 -1.3487006784950997
    endloop
  endfacet
  facet normal 0 -1 0
    outer loop
      vertex -34.587367864990235 27 -4.4615018761821466
      vertex -35.20208152801713 27 -1.2020815280171309
      vertex -35.3487006784951 27 -1.034894429314825
    endloop
  endfacet
  facet normal 0 -1 0
    outer loop
      vertex -34.587367864990235 27 -4.4615018761821466
      vertex -35.3487006784951 27 -1.034894429314825
      vertex -35.472243186433545 27 -0.85
    endloop
  endfacet
  facet normal 0 -1 0
    outer loop
      vertex -34.587367864990235 27 -4.4615018761821466
      vertex -35.472243186433545 27 -0.85
      vertex -35.570595205269186 27 -0.6505618350206526
    endloop
  endfacet
  facet normal 0 1 0
    outer loop
      vertex -34.587367864990235 34 -4.4615018761821466
      vertex -34.65056183502065 34 -1.5705952052691874
      vertex -34.43999237667428 34 -1.6420739046914161
    endloop
  endfacet
  facet normal 0 1 0
    outer loop
      vertex -34.587367864990235 34 -4.4615018761821466
      vertex -34.43999237667428 34 -1.6420739046914161
      vertex -34.221894526774086 34 -1.6854562643354776
    endloop
  endfacet
  facet normal 0 1 0
    outer loop
      vertex -34.587367864990235 34 -4.4615018761821466
      vertex -34.221894526774086 34 -1.6854562643354776
      vertex -34 34 -1.7
    endloop
  endfacet
  facet normal 0 1 0
    outer loop
      vertex -34.587367864990235 34 -4.4615018761821466
      vertex -34.85 34 -1.4722431864335457
      vertex -34.65056183502065 34 -1.5705952052691874
    endloop
  endfacet
  facet normal 0 1 0
    outer loop
      vertex -34.587367864990235 34 -4.4615018761821466
      vertex -35.034894429314825 34 -1.3487006784950997
      vertex -34.85 34 -1.4722431864335457
    endloop
  endfacet
  facet normal 0 -1 0
    outer loop
      vertex -38.5 27 0
      vertex -38.34666621830081 27 1.1646857029613433
      vertex -38.46150187618215 27 0.5873678649902321
    endloop
  endfacet
  facet normal -0.9978589232386035 1.5208253451551678e-19 0.06540312923014206
    outer loop
      vertex -38.5 27 0
      vertex -38.46150187618215 27 0.5873678649902321
      vertex -38.46150187618215 34 0.5873678649902321
    endloop
  endfacet
  facet normal 0 -1 0
    outer loop
      vertex -38.5 27 0
      vertex -35.7 27 0
      vertex -35.68545626433548 27 0.22189452677408766
    endloop
  endfacet
  facet normal 0 -1 0
    outer loop
      vertex -38.5 27 0
      vertex -35.68545626433548 27 0.22189452677408766
      vertex -35.642073904691415 27 0.43999237667428526
    endloop
  endfacet
  facet normal 0 -1 0
    outer loop
      vertex -38.5 27 0
      vertex -35.642073904691415 27 0.43999237667428526
      vertex -35.570595205269186 27 0.6505618350206526
    endloop
  endfacet
  facet normal 0 -1 0
    outer loop
      vertex -38.5 27 0
      vertex -35.570595205269186 27 0.6505618350206526
      vertex -35.472243186433545 27 0.85
    endloop
  endfacet
  facet normal 0 -1 0
    outer loop
      vertex -38.5 27 0
      vertex -35.472243186433545 27 0.85
      vertex -35.3487006784951 27 1.034894429314825
    endloop
  endfacet
  facet normal 0 -1 0
    outer loop
      vertex -38.5 27 0
      vertex -35.3487006784951 27 1.034894429314825
      vertex -35.20208152801713 27 1.2020815280171309
    endloop
  endfacet
  facet normal 0 -1 0
    outer loop
      vertex -38.5 27 0
      vertex -37.570090031310556 27 2.739426430539243
      vertex -38.34666621830081 27 1.1646857029613433
    endloop
  endfacet
  facet normal -0.9807852804032313 0 0.19509032201612295
    outer loop
      vertex -38.46150187618215 27 0.5873678649902321
      vertex -38.34666621830081 27 1.1646857029613433
      vertex -38.46150187618215 34 0.5873678649902321
    endloop
  endfacet
  facet normal -0.946930129495104 0 0.3214394653031667
    outer loop
      vertex -38.34666621830081 27 1.1646857029613433
      vertex -38.15745789630079 27 1.722075445642904
      vertex -38.34666621830081 34 1.1646857029613433
    endloop
  endfacet
  facet normal 0 -1 0
    outer loop
      vertex -38.5 27 0
      vertex -35.20208152801713 27 1.2020815280171309
      vertex -35.034894429314825 27 1.3487006784950997
    endloop
  endfacet
  facet normal 0 -1 0
    outer loop
      vertex -38.5 27 0
      vertex -35.034894429314825 27 1.3487006784950997
      vertex -34.85 27 1.4722431864335457
    endloop
  endfacet
  facet normal -0.9978589232386035 0 0.06540312923014206
    outer loop
      vertex -38.5 27 0
      vertex -38.46150187618215 34 0.5873678649902321
      vertex -38.5 34 0
    endloop
  endfacet
  facet normal 0 1 0
    outer loop
      vertex -38.5 34 0
      vertex -38.46150187618215 34 0.5873678649902321
      vertex -38.34666621830081 34 1.1646857029613433
    endloop
  endfacet
  facet normal 0 1 0
    outer loop
      vertex -38.5 34 0
      vertex -35.68545626433548 34 0.22189452677408766
      vertex -35.7 34 0
    endloop
  endfacet
  facet normal 0 1 0
    outer loop
      vertex -38.5 34 0
      vertex -35.642073904691415 34 0.43999237667428526
      vertex -35.68545626433548 34 0.22189452677408766
    endloop
  endfacet
  facet normal 0 1 0
    outer loop
      vertex -38.5 34 0
      vertex -35.570595205269186 34 0.6505618350206526
      vertex -35.642073904691415 34 0.43999237667428526
    endloop
  endfacet
  facet normal -0.9807852804032313 0 0.19509032201612295
    outer loop
      vertex -38.34666621830081 27 1.1646857029613433
      vertex -38.34666621830081 34 1.1646857029613433
      vertex -38.46150187618215 34 0.5873678649902321
    endloop
  endfacet
  facet normal 0 -1 0
    outer loop
      vertex -38.34666621830081 27 1.1646857029613433
      vertex -37.570090031310556 27 2.739426430539243
      vertex -38.15745789630079 27 1.722075445642904
    endloop
  endfacet
  facet normal 0 -1 0
    outer loop
      vertex -38.15745789630079 27 1.722075445642904
      vertex -37.570090031310556 27 2.739426430539243
      vertex -37.897114317029974 27 2.25
    endloop
  endfacet
  facet normal -0.896872741532688 0 0.44228869021900175
    outer loop
      vertex -38.15745789630079 27 1.722075445642904
      vertex -37.897114317029974 27 2.25
      vertex -38.15745789630079 34 1.722075445642904
    endloop
  endfacet
  facet normal 0 -1 0
    outer loop
      vertex -38.5 27 0
      vertex -34.85 27 1.4722431864335457
      vertex -34.587367864990235 27 4.4615018761821466
    endloop
  endfacet
  facet normal -0.8314696123025436 3.8355768044748743e-19 0.5555702330196045
    outer loop
      vertex -37.897114317029974 27 2.25
      vertex -37.570090031310556 27 2.739426430539243
      vertex -37.570090031310556 34 2.739426430539243
    endloop
  endfacet
  facet normal 0 -1 0
    outer loop
      vertex -38.5 27 0
      vertex -34.587367864990235 27 4.4615018761821466
      vertex -37.570090031310556 27 2.739426430539243
    endloop
  endfacet
  facet normal -0.946930129495104 -2.2535040781549787e-20 0.3214394653031667
    outer loop
      vertex -38.34666621830081 34 1.1646857029613433
      vertex -38.15745789630079 27 1.722075445642904
      vertex -38.15745789630079 34 1.722075445642904
    endloop
  endfacet
  facet normal -0.896872741532688 0 0.44228869021900175
    outer loop
      vertex -37.897114317029974 27 2.25
      vertex -37.897114317029974 34 2.25
      vertex -38.15745789630079 34 1.722075445642904
    endloop
  endfacet
  facet normal 0 1 0
    outer loop
      vertex -38.34666621830081 34 1.1646857029613433
      vertex -38.15745789630079 34 1.722075445642904
      vertex -37.897114317029974 34 2.25
    endloop
  endfacet
  facet normal 0 1 0
    outer loop
      vertex -38.34666621830081 34 1.1646857029613433
      vertex -37.897114317029974 34 2.25
      vertex -37.18198051533946 34 3.1819805153394642
    endloop
  endfacet
  facet normal 0 1 0
    outer loop
      vertex -38.5 34 0
      vertex -34.587367864990235 34 4.4615018761821466
      vertex -35.570595205269186 34 0.6505618350206526
    endloop
  endfacet
  facet normal 0 1 0
    outer loop
      vertex -38.5 34 0
      vertex -38.34666621830081 34 1.1646857029613433
      vertex -34.587367864990235 34 4.4615018761821466
    endloop
  endfacet
  facet normal -0.8314696123025436 0 0.5555702330196045
    outer loop
      vertex -37.897114317029974 27 2.25
      vertex -37.570090031310556 34 2.739426430539243
      vertex -37.897114317029974 34 2.25
    endloop
  endfacet
  facet normal -0.751839807478977 0 0.6593458151000693
    outer loop
      vertex -37.570090031310556 27 2.739426430539243
      vertex -37.18198051533946 34 3.1819805153394642
      vertex -37.570090031310556 34 2.739426430539243
    endloop
  endfacet
  facet normal 0 1 0
    outer loop
      vertex -37.897114317029974 34 2.25
      vertex -37.570090031310556 34 2.739426430539243
      vertex -37.18198051533946 34 3.1819805153394642
    endloop
  endfacet
  facet normal 0 1 0
    outer loop
      vertex -38.34666621830081 34 1.1646857029613433
      vertex -37.18198051533946 34 3.1819805153394642
      vertex -34.587367864990235 34 4.4615018761821466
    endloop
  endfacet
  facet normal 0 -1 0
    outer loop
      vertex -34.587367864990235 27 4.4615018761821466
      vertex -34.85 27 1.4722431864335457
      vertex -34.65056183502065 27 1.5705952052691874
    endloop
  endfacet
  facet normal 0 -1 0
    outer loop
      vertex -34.587367864990235 27 4.4615018761821466
      vertex -34.65056183502065 27 1.5705952052691874
      vertex -34.43999237667428 27 1.6420739046914161
    endloop
  endfacet
  facet normal 0 -1 0
    outer loop
      vertex -34.587367864990235 27 4.4615018761821466
      vertex -34.43999237667428 27 1.6420739046914161
      vertex -34.221894526774086 27 1.6854562643354776
    endloop
  endfacet
  facet normal 0 -1 0
    outer loop
      vertex -34.587367864990235 27 4.4615018761821466
      vertex -34.221894526774086 27 1.6854562643354776
      vertex -34 27 1.7
    endloop
  endfacet
  facet normal 0 -1 0
    outer loop
      vertex -34.587367864990235 27 4.4615018761821466
      vertex -32.965105570685175 27 1.3487006784950997
      vertex -32.79791847198287 27 1.2020815280171309
    endloop
  endfacet
  facet normal 0 -1 0
    outer loop
      vertex -34.587367864990235 27 4.4615018761821466
      vertex -33.15 27 1.4722431864335457
      vertex -32.965105570685175 27 1.3487006784950997
    endloop
  endfacet
  facet normal 0 -1 0
    outer loop
      vertex -34.587367864990235 27 4.4615018761821466
      vertex -34 27 1.7
      vertex -33.778105473225914 27 1.6854562643354776
    endloop
  endfacet
  facet normal 0 -1 0
    outer loop
      vertex -34.587367864990235 27 4.4615018761821466
      vertex -33.778105473225914 27 1.6854562643354776
      vertex -33.56000762332572 27 1.6420739046914161
    endloop
  endfacet
  facet normal 0 -1 0
    outer loop
      vertex -34.587367864990235 27 4.4615018761821466
      vertex -33.56000762332572 27 1.6420739046914161
      vertex -33.34943816497935 27 1.5705952052691874
    endloop
  endfacet
  facet normal 0 -1 0
    outer loop
      vertex -34.587367864990235 27 4.4615018761821466
      vertex -33.34943816497935 27 1.5705952052691874
      vertex -33.15 27 1.4722431864335457
    endloop
  endfacet
  facet normal 0 1 0
    outer loop
      vertex -34.587367864990235 34 4.4615018761821466
      vertex -35.472243186433545 34 0.85
      vertex -35.570595205269186 34 0.6505618350206526
    endloop
  endfacet
  facet normal 0 1 0
    outer loop
      vertex -34.587367864990235 34 4.4615018761821466
      vertex -35.3487006784951 34 1.034894429314825
      vertex -35.472243186433545 34 0.85
    endloop
  endfacet
  facet normal 0 1 0
    outer loop
      vertex -34.587367864990235 34 4.4615018761821466
      vertex -35.20208152801713 34 1.2020815280171309
      vertex -35.3487006784951 34 1.034894429314825
    endloop
  endfacet
  facet normal 0 1 0
    outer loop
      vertex -34.587367864990235 34 4.4615018761821466
      vertex -35.034894429314825 34 1.3487006784950997
      vertex -35.20208152801713 34 1.2020815280171309
    endloop
  endfacet
  facet normal 0 1 0
    outer loop
      vertex -34.587367864990235 34 4.4615018761821466
      vertex -34.85 34 1.4722431864335457
      vertex -35.034894429314825 34 1.3487006784950997
    endloop
  endfacet
  facet normal 0 1 0
    outer loop
      vertex -34.587367864990235 34 4.4615018761821466
      vertex -34.65056183502065 34 1.5705952052691874
      vertex -34.85 34 1.4722431864335457
    endloop
  endfacet
  facet normal 0 1 0
    outer loop
      vertex -34.587367864990235 34 4.4615018761821466
      vertex -34.43999237667428 34 1.6420739046914161
      vertex -34.65056183502065 34 1.5705952052691874
    endloop
  endfacet
  facet normal 0 1 0
    outer loop
      vertex -34.587367864990235 34 4.4615018761821466
      vertex -34.221894526774086 34 1.6854562643354776
      vertex -34.43999237667428 34 1.6420739046914161
    endloop
  endfacet
  facet normal 0 1 0
    outer loop
      vertex -34.587367864990235 34 4.4615018761821466
      vertex -34 34 1.7
      vertex -34.221894526774086 34 1.6854562643354776
    endloop
  endfacet
  facet normal 0 -1 0
    outer loop
      vertex -37.570090031310556 27 2.739426430539243
      vertex -36.25 27 3.8971143170299736
      vertex -37.18198051533946 27 3.1819805153394642
    endloop
  endfacet
  facet normal 0 -1 0
    outer loop
      vertex -37.18198051533946 27 3.1819805153394642
      vertex -36.25 27 3.8971143170299736
      vertex -36.73942643053924 27 3.570090031310558
    endloop
  endfacet
  facet normal 0 -1 0
    outer loop
      vertex -37.570090031310556 27 2.739426430539243
      vertex -34.587367864990235 27 4.4615018761821466
      vertex -36.25 27 3.8971143170299736
    endloop
  endfacet
  facet normal -0.751839807478977 1.4196830475253353e-18 0.6593458151000693
    outer loop
      vertex -37.570090031310556 27 2.739426430539243
      vertex -37.18198051533946 27 3.1819805153394642
      vertex -37.18198051533946 34 3.1819805153394642
    endloop
  endfacet
  facet normal -0.6593458151000681 0 0.7518398074789782
    outer loop
      vertex -37.18198051533946 27 3.1819805153394642
      vertex -36.73942643053924 27 3.570090031310558
      vertex -37.18198051533946 34 3.1819805153394642
    endloop
  endfacet
  facet normal 0 -1 0
    outer loop
      vertex -36.25 27 3.8971143170299736
      vertex -35.16468570296134 27 4.346666218300808
      vertex -35.7220754456429 27 4.15745789630079
    endloop
  endfacet
  facet normal 0 -1 0
    outer loop
      vertex -36.25 27 3.8971143170299736
      vertex -34.587367864990235 27 4.4615018761821466
      vertex -35.16468570296134 27 4.346666218300808
    endloop
  endfacet
  facet normal -0.5555702330196044 1.8598877430456887e-18 0.8314696123025437
    outer loop
      vertex -36.73942643053924 27 3.570090031310558
      vertex -36.25 27 3.8971143170299736
      vertex -36.25 34 3.8971143170299736
    endloop
  endfacet
  facet normal -0.44228869021899886 0 0.8968727415326895
    outer loop
      vertex -36.25 27 3.8971143170299736
      vertex -35.7220754456429 27 4.15745789630079
      vertex -36.25 34 3.8971143170299736
    endloop
  endfacet
  facet normal -0.3214394653031641 -1.2827375668881185e-18 0.9469301294951048
    outer loop
      vertex -35.7220754456429 27 4.15745789630079
      vertex -35.16468570296134 27 4.346666218300808
      vertex -35.16468570296134 34 4.346666218300808
    endloop
  endfacet
  facet normal -0.6593458151000681 0 0.7518398074789782
    outer loop
      vertex -36.73942643053924 27 3.570090031310558
      vertex -36.73942643053924 34 3.570090031310558
      vertex -37.18198051533946 34 3.1819805153394642
    endloop
  endfacet
  facet normal -0.5555702330196044 0 0.8314696123025437
    outer loop
      vertex -36.73942643053924 27 3.570090031310558
      vertex -36.25 34 3.8971143170299736
      vertex -36.73942643053924 34 3.570090031310558
    endloop
  endfacet
  facet normal 0 1 0
    outer loop
      vertex -37.18198051533946 34 3.1819805153394642
      vertex -36.73942643053924 34 3.570090031310558
      vertex -36.25 34 3.8971143170299736
    endloop
  endfacet
  facet normal -0.44228869021899886 0 0.8968727415326895
    outer loop
      vertex -35.7220754456429 27 4.15745789630079
      vertex -35.7220754456429 34 4.15745789630079
      vertex -36.25 34 3.8971143170299736
    endloop
  endfacet
  facet normal -0.3214394653031641 0 0.9469301294951048
    outer loop
      vertex -35.7220754456429 27 4.15745789630079
      vertex -35.16468570296134 34 4.346666218300808
      vertex -35.7220754456429 34 4.15745789630079
    endloop
  endfacet
  facet normal 0 1 0
    outer loop
      vertex -37.18198051533946 34 3.1819805153394642
      vertex -36.25 34 3.8971143170299736
      vertex -34.587367864990235 34 4.4615018761821466
    endloop
  endfacet
  facet normal 0 1 0
    outer loop
      vertex -36.25 34 3.8971143170299736
      vertex -35.7220754456429 34 4.15745789630079
      vertex -34.587367864990235 34 4.4615018761821466
    endloop
  endfacet
  facet normal -0.19509032201612825 -1.5638113378022339e-18 0.9807852804032304
    outer loop
      vertex -35.16468570296134 27 4.346666218300808
      vertex -34.587367864990235 27 4.4615018761821466
      vertex -34.587367864990235 34 4.4615018761821466
    endloop
  endfacet
  facet normal -0.06540312923014331 0 0.9978589232386035
    outer loop
      vertex -34.587367864990235 27 4.4615018761821466
      vertex -34 27 4.5
      vertex -34.587367864990235 34 4.4615018761821466
    endloop
  endfacet
  facet normal -0.19509032201612825 0 0.9807852804032304
    outer loop
      vertex -35.16468570296134 27 4.346666218300808
      vertex -34.587367864990235 34 4.4615018761821466
      vertex -35.16468570296134 34 4.346666218300808
    endloop
  endfacet
  facet normal -0.06540312923014331 -2.951529251760687e-19 0.9978589232386035
    outer loop
      vertex -34.587367864990235 34 4.4615018761821466
      vertex -34 27 4.5
      vertex -34 34 4.5
    endloop
  endfacet
  facet normal 0 1 0
    outer loop
      vertex -35.7220754456429 34 4.15745789630079
      vertex -35.16468570296134 34 4.346666218300808
      vertex -34.587367864990235 34 4.4615018761821466
    endloop
  endfacet
  facet normal 0 -1 0
    outer loop
      vertex -34.587367864990235 27 -4.4615018761821466
      vertex -34 27 -4.5
      vertex 0 27 -6
    endloop
  endfacet
  facet normal -0.04407477507077479 0 -0.999028234937562
    outer loop
      vertex -34 27 -4.5
      vertex -34 34 -4.5
      vertex 0 34 -6
    endloop
  endfacet
  facet normal 0 1 0
    outer loop
      vertex -34.587367864990235 34 -4.4615018761821466
      vertex 0 34 -6
      vertex -34 34 -4.5
    endloop
  endfacet
  facet normal 0 -1 0
    outer loop
      vertex -34.587367864990235 27 -4.4615018761821466
      vertex -3 27 -5.196152422706632
      vertex -32.79791847198287 27 -1.2020815280171309
    endloop
  endfacet
  facet normal 0 -1 0
    outer loop
      vertex -34.587367864990235 27 -4.4615018761821466
      vertex -1.5529142706151244 27 -5.79555495773441
      vertex -2.2961005941905386 27 -5.54327719506772
    endloop
  endfacet
  facet normal 0 -1 0
    outer loop
      vertex -34.587367864990235 27 -4.4615018761821466
      vertex 0 27 -6
      vertex -0.7831571533203094 27 -5.948669168242862
    endloop
  endfacet
  facet normal 0 -1 0
    outer loop
      vertex -34.587367864990235 27 -4.4615018761821466
      vertex -0.7831571533203094 27 -5.948669168242862
      vertex -1.5529142706151244 27 -5.79555495773441
    endloop
  endfacet
  facet normal -0.04407477507077479 0 -0.999028234937562
    outer loop
      vertex -34 27 -4.5
      vertex 0 34 -6
      vertex 0 27 -6
    endloop
  endfacet
  facet normal 0 -1 0
    outer loop
      vertex -34.587367864990235 27 -4.4615018761821466
      vertex -2.2961005941905386 27 -5.54327719506772
      vertex -3 27 -5.196152422706632
    endloop
  endfacet
  facet normal 0 1 0
    outer loop
      vertex -34.587367864990235 34 -4.4615018761821466
      vertex -0.7831571533203094 34 -5.948669168242862
      vertex 0 34 -6
    endloop
  endfacet
  facet normal 0 1 0
    outer loop
      vertex -34.587367864990235 34 -4.4615018761821466
      vertex -1.2990353785671116 34 -5.79555495773441
      vertex -1.2029796312429037 34 -5.865161285280085
    endloop
  endfacet
  facet normal 0 1 0
    outer loop
      vertex -34.587367864990235 34 -4.4615018761821466
      vertex -1.2029796312429037 34 -5.865161285280085
      vertex -0.7831571533203094 34 -5.948669168242862
    endloop
  endfacet
  facet normal 0 1 0
    outer loop
      vertex -34.587367864990235 34 -4.4615018761821466
      vertex -1.3802214589510902 34 -5.54327719506772
      vertex -1.2990353785671116 34 -5.79555495773441
    endloop
  endfacet
  facet normal 0 1 0
    outer loop
      vertex -34.587367864990235 34 -4.4615018761821466
      vertex -1.2696317317794075 34 -5.196152422706632
      vertex -1.3802214589510902 34 -5.54327719506772
    endloop
  endfacet
  facet normal 0 1 0
    outer loop
      vertex -34.587367864990235 34 -4.4615018761821466
      vertex -0.9497383700114796 34 -4.937272892721865
      vertex -1.2696317317794075 34 -5.196152422706632
    endloop
  endfacet
  facet normal 0 1 0
    outer loop
      vertex -34.587367864990235 34 -4.4615018761821466
      vertex -0.9241527006487087 34 -4.760120041747411
      vertex -0.9497383700114796 34 -4.937272892721865
    endloop
  endfacet
  facet normal 0 1 0
    outer loop
      vertex -34.587367864990235 34 -4.4615018761821466
      vertex -0.526435888173618 34 -4.4862136181727905
      vertex -0.9241527006487087 34 -4.760120041747411
    endloop
  endfacet
  facet normal 0 -1 0
    outer loop
      vertex -3 27 -5.196152422706632
      vertex -3.652568574052324 27 -4.760120041747411
      vertex -32.6512993215049 27 -1.034894429314825
    endloop
  endfacet
  facet normal 0 -1 0
    outer loop
      vertex -3.652568574052324 27 -4.760120041747411
      vertex -4.242640687119286 27 -4.242640687119286
      vertex -32.527756813566455 27 -0.85
    endloop
  endfacet
  facet normal 0 1 0
    outer loop
      vertex -34.587367864990235 34 -4.4615018761821466
      vertex -0.337954119206088 34 -4.242640687119286
      vertex -0.526435888173618 34 -4.4862136181727905
    endloop
  endfacet
  facet normal 0 1 0
    outer loop
      vertex -34.587367864990235 34 -4.4615018761821466
      vertex 0.10639218368771264 34 -3.9715366371400336
      vertex -0.337954119206088 34 -4.242640687119286
    endloop
  endfacet
  facet normal 0 1 0
    outer loop
      vertex -34.587367864990235 34 -4.4615018761821466
      vertex 0.48590341368050094 34 -3.652568574052324
      vertex 0.10639218368771264 34 -3.9715366371400336
    endloop
  endfacet
  facet normal 0 1 0
    outer loop
      vertex -34.587367864990235 34 -4.4615018761821466
      vertex 0.9376829680746002 34 -3.402032811850462
      vertex 0.48590341368050094 34 -3.652568574052324
    endloop
  endfacet
  facet normal 0 -1 0
    outer loop
      vertex -3.652568574052324 27 -4.760120041747411
      vertex -32.527756813566455 27 -0.85
      vertex -32.6512993215049 27 -1.034894429314825
    endloop
  endfacet
  facet normal 0 -1 0
    outer loop
      vertex -5.196152422706632 27 -3
      vertex -32.429404794730814 27 -0.6505618350206526
      vertex -32.527756813566455 27 -0.85
    endloop
  endfacet
  facet normal 0 1 0
    outer loop
      vertex -34.587367864990235 34 -4.4615018761821466
      vertex -34 34 -1.7
      vertex -6 34 0
    endloop
  endfacet
  facet normal 0 -1 0
    outer loop
      vertex -3 27 -5.196152422706632
      vertex -32.6512993215049 27 -1.034894429314825
      vertex -32.79791847198287 27 -1.2020815280171309
    endloop
  endfacet
  facet normal 0 -1 0
    outer loop
      vertex -5.54327719506772 27 -2.2961005941905386
      vertex -32.357926095308585 27 -0.43999237667428526
      vertex -32.429404794730814 27 -0.6505618350206526
    endloop
  endfacet
  facet normal 0 -1 0
    outer loop
      vertex -5.948669168242862 27 -0.7831571533203094
      vertex -32.31454373566452 27 -0.22189452677408766
      vertex -32.357926095308585 27 -0.43999237667428526
    endloop
  endfacet
  facet normal 0 -1 0
    outer loop
      vertex -6 27 0
      vertex -32.3 27 0
      vertex -32.31454373566452 27 -0.22189452677408766
    endloop
  endfacet
  facet normal 0 1 0
    outer loop
      vertex -6 34 0
      vertex -34 34 -1.7
      vertex -33.778105473225914 34 -1.6854562643354776
    endloop
  endfacet
  facet normal 0 1 0
    outer loop
      vertex -6 34 0
      vertex -33.778105473225914 34 -1.6854562643354776
      vertex -33.56000762332572 34 -1.6420739046914161
    endloop
  endfacet
  facet normal 0 1 0
    outer loop
      vertex -6 34 0
      vertex -33.56000762332572 34 -1.6420739046914161
      vertex -33.34943816497935 34 -1.5705952052691874
    endloop
  endfacet
  facet normal 0 1 0
    outer loop
      vertex -6 34 0
      vertex -33.34943816497935 34 -1.5705952052691874
      vertex -33.15 34 -1.4722431864335457
    endloop
  endfacet
  facet normal 0 1 0
    outer loop
      vertex -6 34 0
      vertex -33.15 34 -1.4722431864335457
      vertex -32.965105570685175 34 -1.3487006784950997
    endloop
  endfacet
  facet normal 0 1 0
    outer loop
      vertex -6 34 0
      vertex -32.965105570685175 34 -1.3487006784950997
      vertex -32.79791847198287 34 -1.2020815280171309
    endloop
  endfacet
  facet normal 0 1 0
    outer loop
      vertex -6 34 0
      vertex -32.79791847198287 34 -1.2020815280171309
      vertex -32.6512993215049 34 -1.034894429314825
    endloop
  endfacet
  facet normal 0 1 0
    outer loop
      vertex -6 34 0
      vertex -32.6512993215049 34 -1.034894429314825
      vertex -32.527756813566455 34 -0.85
    endloop
  endfacet
  facet normal 0 1 0
    outer loop
      vertex -6 34 0
      vertex -32.527756813566455 34 -0.85
      vertex -32.429404794730814 34 -0.6505618350206526
    endloop
  endfacet
  facet normal 0 1 0
    outer loop
      vertex -6 34 0
      vertex -32.429404794730814 34 -0.6505618350206526
      vertex -32.357926095308585 34 -0.43999237667428526
    endloop
  endfacet
  facet normal 0 1 0
    outer loop
      vertex -6 34 0
      vertex -32.357926095308585 34 -0.43999237667428526
      vertex -32.31454373566452 34 -0.22189452677408766
    endloop
  endfacet
  facet normal 0 1 0
    outer loop
      vertex -6 34 0
      vertex -32.31454373566452 34 -0.22189452677408766
      vertex -32.3 34 0
    endloop
  endfacet
  facet normal 0 1 0
    outer loop
      vertex -34.587367864990235 34 -4.4615018761821466
      vertex -6 34 0
      vertex -5.948669168242862 34 -0.7831571533203094
    endloop
  endfacet
  facet normal 0 -1 0
    outer loop
      vertex -4.242640687119286 27 -4.242640687119286
      vertex -4.760120041747411 27 -3.652568574052324
      vertex -32.527756813566455 27 -0.85
    endloop
  endfacet
  facet normal 0 -1 0
    outer loop
      vertex -4.760120041747411 27 -3.652568574052324
      vertex -5.196152422706632 27 -3
      vertex -32.527756813566455 27 -0.85
    endloop
  endfacet
  facet normal 0 -1 0
    outer loop
      vertex -5.196152422706632 27 -3
      vertex -5.54327719506772 27 -2.2961005941905386
      vertex -32.429404794730814 27 -0.6505618350206526
    endloop
  endfacet
  facet normal 0 1 0
    outer loop
      vertex -34.587367864990235 34 -4.4615018761821466
      vertex -5.948669168242862 34 -0.7831571533203094
      vertex 0.9376829680746002 34 -3.402032811850462
    endloop
  endfacet
  facet normal 0 -1 0
    outer loop
      vertex -5.79555495773441 27 -1.5529142706151244
      vertex -5.948669168242862 27 -0.7831571533203094
      vertex -32.357926095308585 27 -0.43999237667428526
    endloop
  endfacet
  facet normal 0 -1 0
    outer loop
      vertex -5.948669168242862 27 -0.7831571533203094
      vertex -6 27 0
      vertex -32.31454373566452 27 -0.22189452677408766
    endloop
  endfacet
  facet normal 0 -1 0
    outer loop
      vertex -5.54327719506772 27 -2.2961005941905386
      vertex -5.79555495773441 27 -1.5529142706151244
      vertex -32.357926095308585 27 -0.43999237667428526
    endloop
  endfacet
  facet normal 0.1950903220161273 0 -0.9807852804032305
    outer loop
      vertex 0.7831571533203094 27 -5.948669168242862
      vertex 0.7831571533203094 34 -5.948669168242862
      vertex 1.5529142706151244 27 -5.79555495773441
    endloop
  endfacet
  facet normal 0 1 0
    outer loop
      vertex -1.2990353785671116 34 -5.79555495773441
      vertex -1.3802214589510902 34 -5.54327719506772
      vertex -1.1062357515205812 34 -5.621265057138418
    endloop
  endfacet
  facet normal 0 1 0
    outer loop
      vertex -1.2990353785671116 34 -5.79555495773441
      vertex 0.7831571533203094 34 -5.948669168242862
      vertex -1.2029796312429037 34 -5.865161285280085
    endloop
  endfacet
  facet normal 0 1 0
    outer loop
      vertex -1.3802214589510902 34 -5.54327719506772
      vertex -1.2696317317794075 34 -5.196152422706632
      vertex -1.1522771071996254 34 -5.317258579423758
    endloop
  endfacet
  facet normal 0.5555702330196016 0 -0.8314696123025457
    outer loop
      vertex 3 27 -5.196152422706632
      vertex 3 34 -5.196152422706632
      vertex 3.326284287026162 30.5 -4.978136232227022
    endloop
  endfacet
  facet normal 0.5555702330196022 0 -0.8314696123025453
    outer loop
      vertex 3.652568574052324 27 -4.760120041747411
      vertex 3.326284287026162 30.5 -4.978136232227022
      vertex 3.652568574052324 34 -4.760120041747411
    endloop
  endfacet
  facet normal 0.555570233019602 3.4638891051752293e-17 -0.8314696123025455
    outer loop
      vertex 3.326284287026162 30.5 -4.978136232227022
      vertex 3 34 -5.196152422706632
      vertex 3.652568574052324 34 -4.760120041747411
    endloop
  endfacet
  facet normal 0.6593458151000685 2.2147296135324205e-18 -0.7518398074789777
    outer loop
      vertex 3.652568574052324 27 -4.760120041747411
      vertex 4.242640687119286 34 -4.242640687119286
      vertex 4.242640687119286 27 -4.242640687119286
    endloop
  endfacet
  facet normal 0.7518398074789777 0 -0.6593458151000685
    outer loop
      vertex 4.242640687119286 27 -4.242640687119286
      vertex 4.242640687119286 34 -4.242640687119286
      vertex 4.760120041747411 27 -3.652568574052324
    endloop
  endfacet
  facet normal 0.8314696123025455 0 -0.555570233019602
    outer loop
      vertex 4.760120041747411 27 -3.652568574052324
      vertex 4.760120041747411 30.5 -3.652568574052324
      vertex 5.196152422706632 27 -3
    endloop
  endfacet
  facet normal 0.7518398074789777 4.429459227064841e-18 -0.6593458151000685
    outer loop
      vertex 4.242640687119286 34 -4.242640687119286
      vertex 4.760120041747411 34 -3.652568574052324
      vertex 4.760120041747411 30.5 -3.652568574052324
    endloop
  endfacet
  facet normal 0.8314696123025455 0 -0.555570233019602
    outer loop
      vertex 4.760120041747411 30.5 -3.652568574052324
      vertex 4.760120041747411 34 -3.652568574052324
      vertex 5.196152422706632 27 -3
    endloop
  endfacet
  facet normal 0 1 0
    outer loop
      vertex -5.948669168242862 34 -0.7831571533203094
      vertex -0.6505618350206526 34 -1.5705952052691874
      vertex -0.43999237667428526 34 -1.6420739046914161
    endloop
  endfacet
  facet normal 0 1 0
    outer loop
      vertex -5.948669168242862 34 -0.7831571533203094
      vertex -0.85 34 -1.4722431864335457
      vertex -0.6505618350206526 34 -1.5705952052691874
    endloop
  endfacet
  facet normal 0 1 0
    outer loop
      vertex -5.948669168242862 34 -0.7831571533203094
      vertex -1.034894429314825 34 -1.3487006784950997
      vertex -0.85 34 -1.4722431864335457
    endloop
  endfacet
  facet normal 0 1 0
    outer loop
      vertex -5.948669168242862 34 -0.7831571533203094
      vertex -1.3024004752086027 34 -1.0876896926318058
      vertex -1.2020815280171309 34 -1.2020815280171309
    endloop
  endfacet
  facet normal 0 1 0
    outer loop
      vertex -5.948669168242862 34 -0.7831571533203094
      vertex -1.2020815280171309 34 -1.2020815280171309
      vertex -1.034894429314825 34 -1.3487006784950997
    endloop
  endfacet
  facet normal 0 1 0
    outer loop
      vertex 0.9376829680746002 34 -3.402032811850462
      vertex -5.948669168242862 34 -0.7831571533203094
      vertex 1.5394460641698178 34 -3
    endloop
  endfacet
  facet normal 0 1 0
    outer loop
      vertex -5.948669168242862 34 -0.7831571533203094
      vertex 1.9542724002377247 34 -2.7875159572958457
      vertex 1.5394460641698178 34 -3
    endloop
  endfacet
  facet normal 0 1 0
    outer loop
      vertex -5.948669168242862 34 -0.7831571533203094
      vertex 2.8110577046251586 34 -2.2961005941905386
      vertex 1.9542724002377247 34 -2.7875159572958457
    endloop
  endfacet
  facet normal 0 1 0
    outer loop
      vertex -5.948669168242862 34 -0.7831571533203094
      vertex -0.43999237667428526 34 -1.6420739046914161
      vertex 2.8110577046251586 34 -2.2961005941905386
    endloop
  endfacet
  facet normal 0 1 0
    outer loop
      vertex 2.8110577046251586 34 -2.2961005941905386
      vertex -0.22189452677408766 34 -1.6854562643354776
      vertex 0 34 -1.7
    endloop
  endfacet
  facet normal 0 1 0
    outer loop
      vertex 2.8110577046251586 34 -2.2961005941905386
      vertex 0 34 -1.7
      vertex 0.22189452677408766 34 -1.6854562643354776
    endloop
  endfacet
  facet normal 0 1 0
    outer loop
      vertex 2.8110577046251586 34 -2.2961005941905386
      vertex -0.43999237667428526 34 -1.6420739046914161
      vertex -0.22189452677408766 34 -1.6854562643354776
    endloop
  endfacet
  facet normal 0 1 0
    outer loop
      vertex 3.1405497286030952 34 -2.1386175158371628
      vertex 0.22189452677408766 34 -1.6854562643354776
      vertex 0.43999237667428526 34 -1.6420739046914161
    endloop
  endfacet
  facet normal 0 1 0
    outer loop
      vertex 3.1405497286030952 34 -2.1386175158371628
      vertex 0.43999237667428526 34 -1.6420739046914161
      vertex 0.6505618350206526 34 -1.5705952052691874
    endloop
  endfacet
  facet normal 0 1 0
    outer loop
      vertex 3.1405497286030952 34 -2.1386175158371628
      vertex 0.6505618350206526 34 -1.5705952052691874
      vertex 0.85 34 -1.4722431864335457
    endloop
  endfacet
  facet normal 0 1 0
    outer loop
      vertex 3.1405497286030952 34 -2.1386175158371628
      vertex 0.85 34 -1.4722431864335457
      vertex 1.034894429314825 34 -1.3487006784950997
    endloop
  endfacet
  facet normal 0 1 0
    outer loop
      vertex 3.1405497286030952 34 -2.1386175158371628
      vertex 1.034894429314825 34 -1.3487006784950997
      vertex 1.14928626470015 34 -1.2483817313036278
    endloop
  endfacet
  facet normal 0.8968727415326887 0 -0.4422886902190005
    outer loop
      vertex 5.196152422706632 27 -3
      vertex 5.196152422706632 34 -3
      vertex 5.54327719506772 27 -2.2961005941905386
    endloop
  endfacet
  facet normal 0.8968727415326887 0 -0.4422886902190005
    outer loop
      vertex 5.54327719506772 27 -2.2961005941905386
      vertex 5.196152422706632 34 -3
      vertex 5.54327719506772 34 -2.2961005941905386
    endloop
  endfacet
  facet normal 0 1 0
    outer loop
      vertex 2.8110577046251586 34 -2.2961005941905386
      vertex 0.22189452677408766 34 -1.6854562643354776
      vertex 3.1405497286030952 34 -2.1386175158371628
    endloop
  endfacet
  facet normal 0 1 0
    outer loop
      vertex 3.1405497286030952 34 -2.1386175158371628
      vertex 1.14928626470015 34 -1.2483817313036278
      vertex 4.28628814375028 34 -1.5529142706151244
    endloop
  endfacet
  facet normal 0.9807852804032305 4.895468809218378e-19 -0.1950903220161273
    outer loop
      vertex 5.79555495773441 27 -1.5529142706151244
      vertex 5.872112062988636 30.5 -1.168035711967717
      vertex 5.948669168242862 27 -0.7831571533203094
    endloop
  endfacet
  facet normal 0.9978589232386035 0 -0.06540312923014358
    outer loop
      vertex 5.948669168242862 27 -0.7831571533203094
      vertex 5.948669168242862 34 -0.7831571533203094
      vertex 6 27 0
    endloop
  endfacet
  facet normal 0 1 0
    outer loop
      vertex 4.28628814375028 34 -1.5529142706151244
      vertex 1.14928626470015 34 -1.2483817313036278
      vertex 4.478616590450164 34 -1.466597569709069
    endloop
  endfacet
  facet normal 0.9978589232386035 -3.684778551667387e-19 -0.06540312923014358
    outer loop
      vertex 5.948669168242862 34 -0.7831571533203094
      vertex 6 34 0
      vertex 6 27 0
    endloop
  endfacet
  facet normal 0 -1 0
    outer loop
      vertex -5.948669168242862 27 0.7831571533203094
      vertex -32.31454373566452 27 0.22189452677408766
      vertex -32.3 27 0
    endloop
  endfacet
  facet normal 0 -1 0
    outer loop
      vertex -5.54327719506772 27 2.2961005941905386
      vertex -32.357926095308585 27 0.43999237667428526
      vertex -32.31454373566452 27 0.22189452677408766
    endloop
  endfacet
  facet normal 0 -1 0
    outer loop
      vertex -5.196152422706632 27 3
      vertex -32.429404794730814 27 0.6505618350206526
      vertex -32.357926095308585 27 0.43999237667428526
    endloop
  endfacet
  facet normal 0 1 0
    outer loop
      vertex -6 34 0
      vertex -32.3 34 0
      vertex -32.31454373566452 34 0.22189452677408766
    endloop
  endfacet
  facet normal 0 1 0
    outer loop
      vertex -6 34 0
      vertex -32.31454373566452 34 0.22189452677408766
      vertex -32.357926095308585 34 0.43999237667428526
    endloop
  endfacet
  facet normal 0 1 0
    outer loop
      vertex -6 34 0
      vertex -32.357926095308585 34 0.43999237667428526
      vertex -32.429404794730814 34 0.6505618350206526
    endloop
  endfacet
  facet normal 0 1 0
    outer loop
      vertex -6 34 0
      vertex -32.429404794730814 34 0.6505618350206526
      vertex -32.527756813566455 34 0.85
    endloop
  endfacet
  facet normal 0 1 0
    outer loop
      vertex -6 34 0
      vertex -32.527756813566455 34 0.85
      vertex -32.6512993215049 34 1.034894429314825
    endloop
  endfacet
  facet normal 0 1 0
    outer loop
      vertex -6 34 0
      vertex -32.6512993215049 34 1.034894429314825
      vertex -32.79791847198287 34 1.2020815280171309
    endloop
  endfacet
  facet normal 0 1 0
    outer loop
      vertex -6 34 0
      vertex -32.79791847198287 34 1.2020815280171309
      vertex -32.965105570685175 34 1.3487006784950997
    endloop
  endfacet
  facet normal 0 1 0
    outer loop
      vertex -6 34 0
      vertex -33.56000762332572 34 1.6420739046914161
      vertex -33.778105473225914 34 1.6854562643354776
    endloop
  endfacet
  facet normal 0 1 0
    outer loop
      vertex -6 34 0
      vertex -33.15 34 1.4722431864335457
      vertex -33.34943816497935 34 1.5705952052691874
    endloop
  endfacet
  facet normal 0 1 0
    outer loop
      vertex -6 34 0
      vertex -32.965105570685175 34 1.3487006784950997
      vertex -33.15 34 1.4722431864335457
    endloop
  endfacet
  facet normal 0 1 0
    outer loop
      vertex -6 34 0
      vertex -33.34943816497935 34 1.5705952052691874
      vertex -33.56000762332572 34 1.6420739046914161
    endloop
  endfacet
  facet normal 0 1 0
    outer loop
      vertex -6 34 0
      vertex -33.778105473225914 34 1.6854562643354776
      vertex -34 34 1.7
    endloop
  endfacet
  facet normal 0 1 0
    outer loop
      vertex -34.587367864990235 34 4.4615018761821466
      vertex -6 34 0
      vertex -34 34 1.7
    endloop
  endfacet
  facet normal 0 -1 0
    outer loop
      vertex -3.652568574052324 27 4.760120041747411
      vertex -32.527756813566455 27 0.85
      vertex -32.429404794730814 27 0.6505618350206526
    endloop
  endfacet
  facet normal 0 -1 0
    outer loop
      vertex -2.2961005941905386 27 5.54327719506772
      vertex -32.6512993215049 27 1.034894429314825
      vertex -32.527756813566455 27 0.85
    endloop
  endfacet
  facet normal 0 -1 0
    outer loop
      vertex -2.2961005941905386 27 5.54327719506772
      vertex -32.79791847198287 27 1.2020815280171309
      vertex -32.6512993215049 27 1.034894429314825
    endloop
  endfacet
  facet normal 0 -1 0
    outer loop
      vertex -6 27 0
      vertex -5.948669168242862 27 0.7831571533203094
      vertex -32.3 27 0
    endloop
  endfacet
  facet normal 0 -1 0
    outer loop
      vertex -5.948669168242862 27 0.7831571533203094
      vertex -5.79555495773441 27 1.5529142706151244
      vertex -32.31454373566452 27 0.22189452677408766
    endloop
  endfacet
  facet normal 0 -1 0
    outer loop
      vertex -5.79555495773441 27 1.5529142706151244
      vertex -5.54327719506772 27 2.2961005941905386
      vertex -32.31454373566452 27 0.22189452677408766
    endloop
  endfacet
  facet normal 0 1 0
    outer loop
      vertex -34.587367864990235 34 4.4615018761821466
      vertex -5.948669168242862 34 0.7831571533203094
      vertex -6 34 0
    endloop
  endfacet
  facet normal 0 1 0
    outer loop
      vertex -34.587367864990235 34 4.4615018761821466
      vertex -5.79555495773441 34 1.5529142706151244
      vertex -5.948669168242862 34 0.7831571533203094
    endloop
  endfacet
  facet normal 0 -1 0
    outer loop
      vertex -5.54327719506772 27 2.2961005941905386
      vertex -5.196152422706632 27 3
      vertex -32.357926095308585 27 0.43999237667428526
    endloop
  endfacet
  facet normal 0 -1 0
    outer loop
      vertex -5.196152422706632 27 3
      vertex -4.760120041747411 27 3.652568574052324
      vertex -32.429404794730814 27 0.6505618350206526
    endloop
  endfacet
  facet normal 0 -1 0
    outer loop
      vertex -4.760120041747411 27 3.652568574052324
      vertex -4.242640687119286 27 4.242640687119286
      vertex -32.429404794730814 27 0.6505618350206526
    endloop
  endfacet
  facet normal 0 -1 0
    outer loop
      vertex -34.587367864990235 27 4.4615018761821466
      vertex -32.79791847198287 27 1.2020815280171309
      vertex -2.2961005941905386 27 5.54327719506772
    endloop
  endfacet
  facet normal 0 -1 0
    outer loop
      vertex -34.587367864990235 27 4.4615018761821466
      vertex 0 27 6
      vertex -34 27 4.5
    endloop
  endfacet
  facet normal -0.04407477507077479 0 0.999028234937562
    outer loop
      vertex -34 27 4.5
      vertex 0 34 6
      vertex -34 34 4.5
    endloop
  endfacet
  facet normal 0 1 0
    outer loop
      vertex -34.587367864990235 34 4.4615018761821466
      vertex -34 34 4.5
      vertex 0 34 6
    endloop
  endfacet
  facet normal 0 -1 0
    outer loop
      vertex -4.242640687119286 27 4.242640687119286
      vertex -3.652568574052324 27 4.760120041747411
      vertex -32.429404794730814 27 0.6505618350206526
    endloop
  endfacet
  facet normal 0 -1 0
    outer loop
      vertex -3.652568574052324 27 4.760120041747411
      vertex -3 27 5.196152422706632
      vertex -32.527756813566455 27 0.85
    endloop
  endfacet
  facet normal 0 -1 0
    outer loop
      vertex -3 27 5.196152422706632
      vertex -2.2961005941905386 27 5.54327719506772
      vertex -32.527756813566455 27 0.85
    endloop
  endfacet
  facet normal 0 1 0
    outer loop
      vertex -34.587367864990235 34 4.4615018761821466
      vertex -1.6903609649694018 34 5.503574922204148
      vertex -5.79555495773441 34 1.5529142706151244
    endloop
  endfacet
  facet normal 0 -1 0
    outer loop
      vertex -34.587367864990235 27 4.4615018761821466
      vertex -2.2961005941905386 27 5.54327719506772
      vertex -1.5529142706151244 27 5.79555495773441
    endloop
  endfacet
  facet normal 0 -1 0
    outer loop
      vertex -34.587367864990235 27 4.4615018761821466
      vertex -1.5529142706151244 27 5.79555495773441
      vertex -0.7831571533203094 27 5.948669168242862
    endloop
  endfacet
  facet normal 0 -1 0
    outer loop
      vertex -34.587367864990235 27 4.4615018761821466
      vertex -0.7831571533203094 27 5.948669168242862
      vertex 0 27 6
    endloop
  endfacet
  facet normal -0.04407477507077479 0 0.999028234937562
    outer loop
      vertex -34 27 4.5
      vertex 0 27 6
      vertex 0 34 6
    endloop
  endfacet
  facet normal 0 1 0
    outer loop
      vertex -34.587367864990235 34 4.4615018761821466
      vertex -1.608298058781092 34 5.54327719506772
      vertex -1.6903609649694018 34 5.503574922204148
    endloop
  endfacet
  facet normal 0 1 0
    outer loop
      vertex -34.587367864990235 34 4.4615018761821466
      vertex -1.4225887509382065 34 5.787012971881589
      vertex -1.608298058781092 34 5.54327719506772
    endloop
  endfacet
  facet normal 0 1 0
    outer loop
      vertex -34.587367864990235 34 4.4615018761821466
      vertex -1.3645175673720877 34 5.79555495773441
      vertex -1.4225887509382065 34 5.787012971881589
    endloop
  endfacet
  facet normal 0 1 0
    outer loop
      vertex -34.587367864990235 34 4.4615018761821466
      vertex -1.2029796312429037 34 5.865161285280085
      vertex -1.3645175673720877 34 5.79555495773441
    endloop
  endfacet
  facet normal 0 1 0
    outer loop
      vertex -34.587367864990235 34 4.4615018761821466
      vertex -0.7831571533203094 34 5.948669168242862
      vertex -1.2029796312429037 34 5.865161285280085
    endloop
  endfacet
  facet normal 0 1 0
    outer loop
      vertex -34.587367864990235 34 4.4615018761821466
      vertex 0 34 6
      vertex -0.7831571533203094 34 5.948669168242862
    endloop
  endfacet
  facet normal 0 1 0
    outer loop
      vertex -5.79555495773441 34 1.5529142706151244
      vertex -0.6505618350206526 34 1.5705952052691874
      vertex -0.6864152237387721 34 1.5529142706151244
    endloop
  endfacet
  facet normal 0 1 0
    outer loop
      vertex -5.79555495773441 34 1.5529142706151244
      vertex -0.43999237667428526 34 1.6420739046914161
      vertex -0.6505618350206526 34 1.5705952052691874
    endloop
  endfacet
  facet normal 0 1 0
    outer loop
      vertex -5.79555495773441 34 1.5529142706151244
      vertex -0.7921788271850319 34 3.652568574052324
      vertex -0.5385300008033003 34 3.3758709441825236
    endloop
  endfacet
  facet normal 0.9978589232386035 0 0.06540312923014358
    outer loop
      vertex 6 27 0
      vertex 6 34 0
      vertex 5.948669168242862 27 0.7831571533203094
    endloop
  endfacet
  facet normal 0.9807852804032305 0 0.1950903220161273
    outer loop
      vertex 5.948669168242862 27 0.7831571533203094
      vertex 5.948669168242862 34 0.7831571533203094
      vertex 5.79555495773441 27 1.5529142706151244
    endloop
  endfacet
  facet normal 0.9978589232386035 0 0.06540312923014358
    outer loop
      vertex 5.948669168242862 27 0.7831571533203094
      vertex 6 34 0
      vertex 5.948669168242862 34 0.7831571533203094
    endloop
  endfacet
  facet normal 0 1 0
    outer loop
      vertex -5.79555495773441 34 1.5529142706151244
      vertex -0.22189452677408766 34 1.6854562643354776
      vertex -0.43999237667428526 34 1.6420739046914161
    endloop
  endfacet
  facet normal 0 1 0
    outer loop
      vertex -5.79555495773441 34 1.5529142706151244
      vertex 1.4092966116576813 34 1.840404831419233
      vertex -0.22189452677408766 34 1.6854562643354776
    endloop
  endfacet
  facet normal 0 1 0
    outer loop
      vertex -5.79555495773441 34 1.5529142706151244
      vertex 0.32327631498321807 34 2.638237527769868
      vertex 0.7801469723770964 34 2.2961005941905386
    endloop
  endfacet
  facet normal 0 1 0
    outer loop
      vertex -5.79555495773441 34 1.5529142706151244
      vertex 0.7801469723770964 34 2.2961005941905386
      vertex 1.4092966116576813 34 1.840404831419233
    endloop
  endfacet
  facet normal 0 1 0
    outer loop
      vertex 1.4092966116576813 34 1.840404831419233
      vertex 0.6505618350206526 34 1.5705952052691874
      vertex 0.43999237667428526 34 1.6420739046914161
    endloop
  endfacet
  facet normal 0 1 0
    outer loop
      vertex 1.4092966116576813 34 1.840404831419233
      vertex 0 34 1.7
      vertex -0.22189452677408766 34 1.6854562643354776
    endloop
  endfacet
  facet normal 0 1 0
    outer loop
      vertex 1.4092966116576813 34 1.840404831419233
      vertex 0.22189452677408766 34 1.6854562643354776
      vertex 0 34 1.7
    endloop
  endfacet
  facet normal 0 1 0
    outer loop
      vertex 1.4092966116576813 34 1.840404831419233
      vertex 0.43999237667428526 34 1.6420739046914161
      vertex 0.22189452677408766 34 1.6854562643354776
    endloop
  endfacet
  facet normal 0 1 0
    outer loop
      vertex 1.4092966116576813 34 1.840404831419233
      vertex 0.686415223738772 34 1.5529142706151244
      vertex 0.6505618350206526 34 1.5705952052691874
    endloop
  endfacet
  facet normal 0 1 0
    outer loop
      vertex 1.8367933968303327 34 1.5529142706151244
      vertex 0.686415223738772 34 1.5529142706151244
      vertex 1.4092966116576813 34 1.840404831419233
    endloop
  endfacet
  facet normal 0 1 0
    outer loop
      vertex -5.79555495773441 34 1.5529142706151244
      vertex -0.5385300008033003 34 3.3758709441825236
      vertex 0.32327631498321807 34 2.638237527769868
    endloop
  endfacet
  facet normal 0.8968727415326887 -1.084385795585558e-18 0.4422886902190005
    outer loop
      vertex 5.54327719506772 27 2.2961005941905386
      vertex 5.369714808887176 30.5 2.6480502970952693
      vertex 5.196152422706632 27 3
    endloop
  endfacet
  facet normal 0.8968727415326887 0 0.4422886902190005
    outer loop
      vertex 5.54327719506772 27 2.2961005941905386
      vertex 5.54327719506772 30.5 2.2961005941905386
      vertex 5.369714808887176 30.5 2.6480502970952693
    endloop
  endfacet
  facet normal 0.9469301294951054 0 0.3214394653031626
    outer loop
      vertex 5.79555495773441 27 1.5529142706151244
      vertex 5.79555495773441 34 1.5529142706151244
      vertex 5.669416076401065 30.5 1.9245074324028315
    endloop
  endfacet
  facet normal 0.9469301294951054 2.3599907066663e-18 0.3214394653031626
    outer loop
      vertex 5.669416076401065 30.5 1.9245074324028315
      vertex 5.54327719506772 34 2.2961005941905386
      vertex 5.54327719506772 30.5 2.2961005941905386
    endloop
  endfacet
  facet normal 0.9469301294951054 -1.17999535333315e-18 0.3214394653031626
    outer loop
      vertex 5.669416076401065 30.5 1.9245074324028315
      vertex 5.79555495773441 34 1.5529142706151244
      vertex 5.54327719506772 34 2.2961005941905386
    endloop
  endfacet
  facet normal 0 1 0
    outer loop
      vertex -5.79555495773441 34 1.5529142706151244
      vertex -1.171410948522161 34 4.041341654950491
      vertex -0.7921788271850319 34 3.652568574052324
    endloop
  endfacet
  facet normal 0 1 0
    outer loop
      vertex -5.79555495773441 34 1.5529142706151244
      vertex -1.2911451177587638 34 4.242640687119286
      vertex -1.171410948522161 34 4.041341654950491
    endloop
  endfacet
  facet normal 0 1 0
    outer loop
      vertex -5.79555495773441 34 1.5529142706151244
      vertex -1.5730937881489346 34 4.623824063442327
      vertex -1.2911451177587638 34 4.242640687119286
    endloop
  endfacet
  facet normal 0 1 0
    outer loop
      vertex -5.79555495773441 34 1.5529142706151244
      vertex -1.592304574383974 34 4.760120041747411
      vertex -1.5730937881489346 34 4.623824063442327
    endloop
  endfacet
  facet normal 0 1 0
    outer loop
      vertex -5.79555495773441 34 1.5529142706151244
      vertex -1.7444371573737403 34 5.113858486218763
      vertex -1.592304574383974 34 4.760120041747411
    endloop
  endfacet
  facet normal 0 1 0
    outer loop
      vertex -5.79555495773441 34 1.5529142706151244
      vertex -1.6957000830649762 34 5.196152422706632
      vertex -1.7444371573737403 34 5.113858486218763
    endloop
  endfacet
  facet normal 0 1 0
    outer loop
      vertex -5.79555495773441 34 1.5529142706151244
      vertex -1.6903609649694018 34 5.503574922204148
      vertex -1.6957000830649762 34 5.196152422706632
    endloop
  endfacet
  facet normal 0.8314696123025455 0 0.555570233019602
    outer loop
      vertex 5.196152422706632 27 3
      vertex 5.196152422706632 34 3
      vertex 4.760120041747411 27 3.652568574052324
    endloop
  endfacet
  facet normal 0.7518398074789777 0 0.6593458151000685
    outer loop
      vertex 4.760120041747411 27 3.652568574052324
      vertex 4.760120041747411 34 3.652568574052324
      vertex 4.242640687119286 27 4.242640687119286
    endloop
  endfacet
  facet normal 0.7518398074789777 0 0.6593458151000685
    outer loop
      vertex 4.242640687119286 27 4.242640687119286
      vertex 4.760120041747411 34 3.652568574052324
      vertex 4.242640687119286 34 4.242640687119286
    endloop
  endfacet
  facet normal 0.1950903220161273 -4.895468809218378e-19 0.9807852804032305
    outer loop
      vertex 0.7831571533203094 27 5.948669168242862
      vertex 1.5529142706151244 27 5.79555495773441
      vertex 1.5529142706151244 34 5.79555495773441
    endloop
  endfacet
  facet normal 0.1950903220161273 0 0.9807852804032305
    outer loop
      vertex 0.7831571533203094 27 5.948669168242862
      vertex 1.5529142706151244 34 5.79555495773441
      vertex 0.7831571533203094 34 5.948669168242862
    endloop
  endfacet
  facet normal 0.6593458151000685 -2.2147296135324205e-18 0.7518398074789777
    outer loop
      vertex 4.242640687119286 27 4.242640687119286
      vertex 3.652568574052324 34 4.760120041747411
      vertex 3.652568574052324 27 4.760120041747411
    endloop
  endfacet
  facet normal 0.555570233019602 3.719041613025302e-18 0.8314696123025455
    outer loop
      vertex 3.652568574052324 27 4.760120041747411
      vertex 3 34 5.196152422706632
      vertex 3 27 5.196152422706632
    endloop
  endfacet
  facet normal 0.4422886902190005 -1.084385795585558e-18 0.8968727415326887
    outer loop
      vertex 3 27 5.196152422706632
      vertex 2.2961005941905386 34 5.54327719506772
      vertex 2.2961005941905386 27 5.54327719506772
    endloop
  endfacet
  facet normal 0 -1 0
    outer loop
      vertex -1.5529142706151244 27 -5.79555495773441
      vertex -0.7831571533203094 27 -5.948669168242862
      vertex 1.5529142706151244 27 -5.79555495773441
    endloop
  endfacet
  facet normal 0 -1 0
    outer loop
      vertex -2.2961005941905386 27 -5.54327719506772
      vertex -1.5529142706151244 27 -5.79555495773441
      vertex 2.2961005941905386 27 -5.54327719506772
    endloop
  endfacet
  facet normal 0 -1 0
    outer loop
      vertex -2.2961005941905386 27 -5.54327719506772
      vertex 3 27 -5.196152422706632
      vertex -3 27 -5.196152422706632
    endloop
  endfacet
  facet normal 0 -1 0
    outer loop
      vertex -0.7831571533203094 27 -5.948669168242862
      vertex 0 27 -6
      vertex 0.7831571533203094 27 -5.948669168242862
    endloop
  endfacet
  facet normal 0 -1 0
    outer loop
      vertex -0.7831571533203094 27 -5.948669168242862
      vertex 0.7831571533203094 27 -5.948669168242862
      vertex 1.5529142706151244 27 -5.79555495773441
    endloop
  endfacet
  facet normal 0 -1 0
    outer loop
      vertex -1.5529142706151244 27 -5.79555495773441
      vertex 1.5529142706151244 27 -5.79555495773441
      vertex 2.2961005941905386 27 -5.54327719506772
    endloop
  endfacet
  facet normal 0 -1 0
    outer loop
      vertex -2.2961005941905386 27 -5.54327719506772
      vertex 2.2961005941905386 27 -5.54327719506772
      vertex 3 27 -5.196152422706632
    endloop
  endfacet
  facet normal 0.06540312923014358 -3.684778551667387e-19 -0.9978589232386035
    outer loop
      vertex 0 27 -6
      vertex 0.7831571533203094 34 -5.948669168242862
      vertex 0.7831571533203094 27 -5.948669168242862
    endloop
  endfacet
  facet normal 0 -1 0
    outer loop
      vertex -3 27 -5.196152422706632
      vertex 3.652568574052324 27 -4.760120041747411
      vertex -3.652568574052324 27 -4.760120041747411
    endloop
  endfacet
  facet normal 0 -1 0
    outer loop
      vertex -3 27 -5.196152422706632
      vertex 3 27 -5.196152422706632
      vertex 3.652568574052324 27 -4.760120041747411
    endloop
  endfacet
  facet normal 0 -1 0
    outer loop
      vertex -3.652568574052324 27 -4.760120041747411
      vertex 3.652568574052324 27 -4.760120041747411
      vertex 4.242640687119286 27 -4.242640687119286
    endloop
  endfacet
  facet normal 0 1 0
    outer loop
      vertex -0.7831571533203094 34 -5.948669168242862
      vertex -1.2029796312429037 34 -5.865161285280085
      vertex 0.7831571533203094 34 -5.948669168242862
    endloop
  endfacet
  facet normal 0 1 0
    outer loop
      vertex -1.2990353785671116 34 -5.79555495773441
      vertex -1.1062357515205812 34 -5.621265057138418
      vertex 1.5529142706151244 34 -5.79555495773441
    endloop
  endfacet
  facet normal 0 1 0
    outer loop
      vertex -1.3802214589510902 34 -5.54327719506772
      vertex 1.5529142706151244 34 -5.79555495773441
      vertex -1.1062357515205812 34 -5.621265057138418
    endloop
  endfacet
  facet normal 0.06540312923014358 0 -0.9978589232386035
    outer loop
      vertex 0 27 -6
      vertex 0 34 -6
      vertex 0.7831571533203094 34 -5.948669168242862
    endloop
  endfacet
  facet normal 0.1950903220161273 0 -0.9807852804032305
    outer loop
      vertex 1.5529142706151244 27 -5.79555495773441
      vertex 0.7831571533203094 34 -5.948669168242862
      vertex 1.5529142706151244 34 -5.79555495773441
    endloop
  endfacet
  facet normal 0.3214394653031626 0 -0.9469301294951054
    outer loop
      vertex 1.5529142706151244 27 -5.79555495773441
      vertex 1.5529142706151244 34 -5.79555495773441
      vertex 2.2961005941905386 34 -5.54327719506772
    endloop
  endfacet
  facet normal 0 1 0
    outer loop
      vertex -0.7831571533203094 34 -5.948669168242862
      vertex 0.7831571533203094 34 -5.948669168242862
      vertex 0 34 -6
    endloop
  endfacet
  facet normal 0 1 0
    outer loop
      vertex -1.2990353785671116 34 -5.79555495773441
      vertex 1.5529142706151244 34 -5.79555495773441
      vertex 0.7831571533203094 34 -5.948669168242862
    endloop
  endfacet
  facet normal 0 1 0
    outer loop
      vertex -1.3802214589510902 34 -5.54327719506772
      vertex 2.2961005941905386 34 -5.54327719506772
      vertex 1.5529142706151244 34 -5.79555495773441
    endloop
  endfacet
  facet normal 0 1 0
    outer loop
      vertex -1.3802214589510902 34 -5.54327719506772
      vertex -1.1522771071996254 34 -5.317258579423758
      vertex 2.2961005941905386 34 -5.54327719506772
    endloop
  endfacet
  facet normal 0 1 0
    outer loop
      vertex -1.1522771071996254 34 -5.317258579423758
      vertex -1.2696317317794075 34 -5.196152422706632
      vertex 2.2961005941905386 34 -5.54327719506772
    endloop
  endfacet
  facet normal 0 1 0
    outer loop
      vertex -1.2696317317794075 34 -5.196152422706632
      vertex 3 34 -5.196152422706632
      vertex 2.2961005941905386 34 -5.54327719506772
    endloop
  endfacet
  facet normal 0 1 0
    outer loop
      vertex -1.2696317317794075 34 -5.196152422706632
      vertex -0.9497383700114796 34 -4.937272892721865
      vertex 3 34 -5.196152422706632
    endloop
  endfacet
  facet normal 0 1 0
    outer loop
      vertex -0.9497383700114796 34 -4.937272892721865
      vertex -0.9241527006487087 34 -4.760120041747411
      vertex 3 34 -5.196152422706632
    endloop
  endfacet
  facet normal 0 1 0
    outer loop
      vertex -0.9241527006487087 34 -4.760120041747411
      vertex -0.526435888173618 34 -4.4862136181727905
      vertex 3.652568574052324 34 -4.760120041747411
    endloop
  endfacet
  facet normal 0.3214394653031626 -2.3599907066663e-18 -0.9469301294951054
    outer loop
      vertex 1.5529142706151244 27 -5.79555495773441
      vertex 2.2961005941905386 34 -5.54327719506772
      vertex 2.2961005941905386 27 -5.54327719506772
    endloop
  endfacet
  facet normal 0.4422886902190005 1.084385795585558e-18 -0.8968727415326887
    outer loop
      vertex 2.2961005941905386 27 -5.54327719506772
      vertex 3 34 -5.196152422706632
      vertex 3 27 -5.196152422706632
    endloop
  endfacet
  facet normal 0.555570233019602 -3.403167556094885e-17 -0.8314696123025455
    outer loop
      vertex 3 27 -5.196152422706632
      vertex 3.326284287026162 30.5 -4.978136232227022
      vertex 3.652568574052324 27 -4.760120041747411
    endloop
  endfacet
  facet normal 0.4422886902190005 0 -0.8968727415326887
    outer loop
      vertex 2.2961005941905386 27 -5.54327719506772
      vertex 2.2961005941905386 34 -5.54327719506772
      vertex 3 34 -5.196152422706632
    endloop
  endfacet
  facet normal 0.6593458151000685 0 -0.7518398074789777
    outer loop
      vertex 3.652568574052324 27 -4.760120041747411
      vertex 3.652568574052324 34 -4.760120041747411
      vertex 4.242640687119286 34 -4.242640687119286
    endloop
  endfacet
  facet normal 0 1 0
    outer loop
      vertex -0.9241527006487087 34 -4.760120041747411
      vertex 3.652568574052324 34 -4.760120041747411
      vertex 3 34 -5.196152422706632
    endloop
  endfacet
  facet normal 0 -1 0
    outer loop
      vertex -3.652568574052324 27 -4.760120041747411
      vertex 4.242640687119286 27 -4.242640687119286
      vertex -4.242640687119286 27 -4.242640687119286
    endloop
  endfacet
  facet normal 0 -1 0
    outer loop
      vertex -4.242640687119286 27 -4.242640687119286
      vertex 4.760120041747411 27 -3.652568574052324
      vertex -4.760120041747411 27 -3.652568574052324
    endloop
  endfacet
  facet normal 0 -1 0
    outer loop
      vertex -4.242640687119286 27 -4.242640687119286
      vertex 4.242640687119286 27 -4.242640687119286
      vertex 4.760120041747411 27 -3.652568574052324
    endloop
  endfacet
  facet normal 0 -1 0
    outer loop
      vertex -4.760120041747411 27 -3.652568574052324
      vertex 5.196152422706632 27 -3
      vertex -5.196152422706632 27 -3
    endloop
  endfacet
  facet normal 0 -1 0
    outer loop
      vertex -4.760120041747411 27 -3.652568574052324
      vertex 4.760120041747411 27 -3.652568574052324
      vertex 5.196152422706632 27 -3
    endloop
  endfacet
  facet normal 0 1 0
    outer loop
      vertex 3.652568574052324 34 -4.760120041747411
      vertex -0.526435888173618 34 -4.4862136181727905
      vertex -0.337954119206088 34 -4.242640687119286
    endloop
  endfacet
  facet normal 0 1 0
    outer loop
      vertex -0.337954119206088 34 -4.242640687119286
      vertex 0.10639218368771264 34 -3.9715366371400336
      vertex 4.242640687119286 34 -4.242640687119286
    endloop
  endfacet
  facet normal 0 1 0
    outer loop
      vertex 0.10639218368771264 34 -3.9715366371400336
      vertex 0.48590341368050094 34 -3.652568574052324
      vertex 4.242640687119286 34 -4.242640687119286
    endloop
  endfacet
  facet normal 0 1 0
    outer loop
      vertex 3.652568574052324 34 -4.760120041747411
      vertex -0.337954119206088 34 -4.242640687119286
      vertex 4.242640687119286 34 -4.242640687119286
    endloop
  endfacet
  facet normal 0 1 0
    outer loop
      vertex 0.48590341368050094 34 -3.652568574052324
      vertex 4.760120041747411 34 -3.652568574052324
      vertex 4.242640687119286 34 -4.242640687119286
    endloop
  endfacet
  facet normal 0.7518398074789777 0 -0.6593458151000685
    outer loop
      vertex 4.760120041747411 27 -3.652568574052324
      vertex 4.242640687119286 34 -4.242640687119286
      vertex 4.760120041747411 30.5 -3.652568574052324
    endloop
  endfacet
  facet normal 0 1 0
    outer loop
      vertex 0.48590341368050094 34 -3.652568574052324
      vertex 0.9376829680746002 34 -3.402032811850462
      vertex 4.760120041747411 34 -3.652568574052324
    endloop
  endfacet
  facet normal 0 1 0
    outer loop
      vertex 0.9376829680746002 34 -3.402032811850462
      vertex 1.5394460641698178 34 -3
      vertex 4.760120041747411 34 -3.652568574052324
    endloop
  endfacet
  facet normal 0 1 0
    outer loop
      vertex 4.760120041747411 34 -3.652568574052324
      vertex 1.5394460641698178 34 -3
      vertex 5.196152422706632 34 -3
    endloop
  endfacet
  facet normal 0.8314696123025455 -3.719041613025302e-18 -0.555570233019602
    outer loop
      vertex 4.760120041747411 34 -3.652568574052324
      vertex 5.196152422706632 34 -3
      vertex 5.196152422706632 27 -3
    endloop
  endfacet
  facet normal 0 -1 0
    outer loop
      vertex -5.54327719506772 27 -2.2961005941905386
      vertex -0.85 27 -1.4722431864335457
      vertex -5.79555495773441 27 -1.5529142706151244
    endloop
  endfacet
  facet normal 0 -1 0
    outer loop
      vertex -5.54327719506772 27 -2.2961005941905386
      vertex -0.6505618350206526 27 -1.5705952052691874
      vertex -0.85 27 -1.4722431864335457
    endloop
  endfacet
  facet normal 0 -1 0
    outer loop
      vertex -5.79555495773441 27 -1.5529142706151244
      vertex -1.5705952052691874 27 -0.6505618350206526
      vertex -5.948669168242862 27 -0.7831571533203094
    endloop
  endfacet
  facet normal 0 -1 0
    outer loop
      vertex -5.79555495773441 27 -1.5529142706151244
      vertex -0.85 27 -1.4722431864335457
      vertex -1.034894429314825 27 -1.3487006784950997
    endloop
  endfacet
  facet normal 0 -1 0
    outer loop
      vertex -5.79555495773441 27 -1.5529142706151244
      vertex -1.034894429314825 27 -1.3487006784950997
      vertex -1.2020815280171309 27 -1.2020815280171309
    endloop
  endfacet
  facet normal 0 -1 0
    outer loop
      vertex -5.79555495773441 27 -1.5529142706151244
      vertex -1.2020815280171309 27 -1.2020815280171309
      vertex -1.3487006784950997 27 -1.034894429314825
    endloop
  endfacet
  facet normal 0 -1 0
    outer loop
      vertex -5.79555495773441 27 -1.5529142706151244
      vertex -1.3487006784950997 27 -1.034894429314825
      vertex -1.4722431864335457 27 -0.85
    endloop
  endfacet
  facet normal 0 -1 0
    outer loop
      vertex -5.79555495773441 27 -1.5529142706151244
      vertex -1.4722431864335457 27 -0.85
      vertex -1.5705952052691874 27 -0.6505618350206526
    endloop
  endfacet
  facet normal 0 -1 0
    outer loop
      vertex -5.948669168242862 27 -0.7831571533203094
      vertex -1.7 27 0
      vertex -6 27 0
    endloop
  endfacet
  facet normal 0 -1 0
    outer loop
      vertex -5.948669168242862 27 -0.7831571533203094
      vertex -1.5705952052691874 27 -0.6505618350206526
      vertex -1.6420739046914161 27 -0.43999237667428526
    endloop
  endfacet
  facet normal 0 -1 0
    outer loop
      vertex -5.948669168242862 27 -0.7831571533203094
      vertex -1.6420739046914161 27 -0.43999237667428526
      vertex -1.6854562643354776 27 -0.22189452677408766
    endloop
  endfacet
  facet normal 0 -1 0
    outer loop
      vertex -5.948669168242862 27 -0.7831571533203094
      vertex -1.6854562643354776 27 -0.22189452677408766
      vertex -1.7 27 0
    endloop
  endfacet
  facet normal 0 1 0
    outer loop
      vertex -5.948669168242862 34 -0.7831571533203094
      vertex -1.3487006784950997 34 -1.034894429314825
      vertex -1.3024004752086027 34 -1.0876896926318058
    endloop
  endfacet
  facet normal 0 1 0
    outer loop
      vertex -5.948669168242862 34 -0.7831571533203094
      vertex -1.4722431864335457 34 -0.85
      vertex -1.3487006784950997 34 -1.034894429314825
    endloop
  endfacet
  facet normal 0 1 0
    outer loop
      vertex -5.948669168242862 34 -0.7831571533203094
      vertex -1.5705952052691874 34 -0.6505618350206526
      vertex -1.4722431864335457 34 -0.85
    endloop
  endfacet
  facet normal 0 1 0
    outer loop
      vertex -5.948669168242862 34 -0.7831571533203094
      vertex -6 34 0
      vertex -1.6420739046914161 34 -0.43999237667428526
    endloop
  endfacet
  facet normal 0 1 0
    outer loop
      vertex -5.948669168242862 34 -0.7831571533203094
      vertex -1.6420739046914161 34 -0.43999237667428526
      vertex -1.5705952052691874 34 -0.6505618350206526
    endloop
  endfacet
  facet normal 0 1 0
    outer loop
      vertex -6 34 0
      vertex -1.6854562643354776 34 -0.22189452677408766
      vertex -1.6420739046914161 34 -0.43999237667428526
    endloop
  endfacet
  facet normal 0 1 0
    outer loop
      vertex -6 34 0
      vertex -1.7 34 0
      vertex -1.6854562643354776 34 -0.22189452677408766
    endloop
  endfacet
  facet normal 0 -1 0
    outer loop
      vertex -5.196152422706632 27 -3
      vertex 5.54327719506772 27 -2.2961005941905386
      vertex -5.54327719506772 27 -2.2961005941905386
    endloop
  endfacet
  facet normal 0 -1 0
    outer loop
      vertex -5.196152422706632 27 -3
      vertex 5.196152422706632 27 -3
      vertex 5.54327719506772 27 -2.2961005941905386
    endloop
  endfacet
  facet normal 0 -1 0
    outer loop
      vertex -5.54327719506772 27 -2.2961005941905386
      vertex 0 27 -1.7
      vertex -0.22189452677408766 27 -1.6854562643354776
    endloop
  endfacet
  facet normal 0 -1 0
    outer loop
      vertex -5.54327719506772 27 -2.2961005941905386
      vertex 0.22189452677408766 27 -1.6854562643354776
      vertex 0 27 -1.7
    endloop
  endfacet
  facet normal 0 -1 0
    outer loop
      vertex -5.54327719506772 27 -2.2961005941905386
      vertex -0.43999237667428526 27 -1.6420739046914161
      vertex -0.6505618350206526 27 -1.5705952052691874
    endloop
  endfacet
  facet normal 0 -1 0
    outer loop
      vertex -5.54327719506772 27 -2.2961005941905386
      vertex -0.22189452677408766 27 -1.6854562643354776
      vertex -0.43999237667428526 27 -1.6420739046914161
    endloop
  endfacet
  facet normal 0 -1 0
    outer loop
      vertex -5.54327719506772 27 -2.2961005941905386
      vertex 5.79555495773441 27 -1.5529142706151244
      vertex 0.22189452677408766 27 -1.6854562643354776
    endloop
  endfacet
  facet normal 0 -1 0
    outer loop
      vertex -5.54327719506772 27 -2.2961005941905386
      vertex 5.54327719506772 27 -2.2961005941905386
      vertex 5.79555495773441 27 -1.5529142706151244
    endloop
  endfacet
  facet normal 0 -1 0
    outer loop
      vertex 5.79555495773441 27 -1.5529142706151244
      vertex 0.43999237667428526 27 -1.6420739046914161
      vertex 0.22189452677408766 27 -1.6854562643354776
    endloop
  endfacet
  facet normal 0 -1 0
    outer loop
      vertex 5.79555495773441 27 -1.5529142706151244
      vertex 0.6505618350206526 27 -1.5705952052691874
      vertex 0.43999237667428526 27 -1.6420739046914161
    endloop
  endfacet
  facet normal 0 -1 0
    outer loop
      vertex 5.79555495773441 27 -1.5529142706151244
      vertex 0.85 27 -1.4722431864335457
      vertex 0.6505618350206526 27 -1.5705952052691874
    endloop
  endfacet
  facet normal 0.9469301294951054 0 -0.3214394653031626
    outer loop
      vertex 5.54327719506772 27 -2.2961005941905386
      vertex 5.54327719506772 34 -2.2961005941905386
      vertex 5.79555495773441 27 -1.5529142706151244
    endloop
  endfacet
  facet normal 0 1 0
    outer loop
      vertex 1.5394460641698178 34 -3
      vertex 1.9542724002377247 34 -2.7875159572958457
      vertex 5.196152422706632 34 -3
    endloop
  endfacet
  facet normal 0 1 0
    outer loop
      vertex 1.9542724002377247 34 -2.7875159572958457
      vertex 2.8110577046251586 34 -2.2961005941905386
      vertex 5.196152422706632 34 -3
    endloop
  endfacet
  facet normal 0 1 0
    outer loop
      vertex 2.8110577046251586 34 -2.2961005941905386
      vertex 5.54327719506772 34 -2.2961005941905386
      vertex 5.196152422706632 34 -3
    endloop
  endfacet
  facet normal 0 1 0
    outer loop
      vertex 2.8110577046251586 34 -2.2961005941905386
      vertex 3.1405497286030952 34 -2.1386175158371628
      vertex 5.54327719506772 34 -2.2961005941905386
    endloop
  endfacet
  facet normal 0.9469301294951054 0 -0.3214394653031626
    outer loop
      vertex 5.79555495773441 27 -1.5529142706151244
      vertex 5.54327719506772 34 -2.2961005941905386
      vertex 5.79555495773441 34 -1.5529142706151244
    endloop
  endfacet
  facet normal 0 1 0
    outer loop
      vertex 5.54327719506772 34 -2.2961005941905386
      vertex 3.1405497286030952 34 -2.1386175158371628
      vertex 4.28628814375028 34 -1.5529142706151244
    endloop
  endfacet
  facet normal 0 1 0
    outer loop
      vertex 4.28628814375028 34 -1.5529142706151244
      vertex 4.478616590450164 34 -1.466597569709069
      vertex 5.79555495773441 34 -1.5529142706151244
    endloop
  endfacet
  facet normal 0 1 0
    outer loop
      vertex 5.54327719506772 34 -2.2961005941905386
      vertex 4.28628814375028 34 -1.5529142706151244
      vertex 5.79555495773441 34 -1.5529142706151244
    endloop
  endfacet
  facet normal 0 -1 0
    outer loop
      vertex 5.79555495773441 27 -1.5529142706151244
      vertex 1.034894429314825 27 -1.3487006784950997
      vertex 0.85 27 -1.4722431864335457
    endloop
  endfacet
  facet normal 0 -1 0
    outer loop
      vertex 5.79555495773441 27 -1.5529142706151244
      vertex 1.2020815280171309 27 -1.2020815280171309
      vertex 1.034894429314825 27 -1.3487006784950997
    endloop
  endfacet
  facet normal 0 -1 0
    outer loop
      vertex 5.948669168242862 27 -0.7831571533203094
      vertex 1.3487006784950997 27 -1.034894429314825
      vertex 1.2020815280171309 27 -1.2020815280171309
    endloop
  endfacet
  facet normal 0 -1 0
    outer loop
      vertex 5.948669168242862 27 -0.7831571533203094
      vertex 1.4722431864335457 27 -0.85
      vertex 1.3487006784950997 27 -1.034894429314825
    endloop
  endfacet
  facet normal 0 -1 0
    outer loop
      vertex 5.948669168242862 27 -0.7831571533203094
      vertex 1.5705952052691874 27 -0.6505618350206526
      vertex 1.4722431864335457 27 -0.85
    endloop
  endfacet
  facet normal 0 -1 0
    outer loop
      vertex 5.79555495773441 27 -1.5529142706151244
      vertex 5.948669168242862 27 -0.7831571533203094
      vertex 1.2020815280171309 27 -1.2020815280171309
    endloop
  endfacet
  facet normal 0 -1 0
    outer loop
      vertex 5.948669168242862 27 -0.7831571533203094
      vertex 1.6420739046914161 27 -0.43999237667428526
      vertex 1.5705952052691874 27 -0.6505618350206526
    endloop
  endfacet
  facet normal 0 -1 0
    outer loop
      vertex 6 27 0
      vertex 1.6854562643354776 27 -0.22189452677408766
      vertex 1.6420739046914161 27 -0.43999237667428526
    endloop
  endfacet
  facet normal 0 -1 0
    outer loop
      vertex 6 27 0
      vertex 1.7 27 0
      vertex 1.6854562643354776 27 -0.22189452677408766
    endloop
  endfacet
  facet normal 0 -1 0
    outer loop
      vertex 5.948669168242862 27 -0.7831571533203094
      vertex 6 27 0
      vertex 1.6420739046914161 27 -0.43999237667428526
    endloop
  endfacet
  facet normal 0 1 0
    outer loop
      vertex 4.478616590450164 34 -1.466597569709069
      vertex 1.14928626470015 34 -1.2483817313036278
      vertex 1.2020815280171309 34 -1.2020815280171309
    endloop
  endfacet
  facet normal 0 1 0
    outer loop
      vertex 4.478616590450164 34 -1.466597569709069
      vertex 1.2020815280171309 34 -1.2020815280171309
      vertex 1.3487006784950997 34 -1.034894429314825
    endloop
  endfacet
  facet normal 0 1 0
    outer loop
      vertex 4.478616590450164 34 -1.466597569709069
      vertex 1.3487006784950997 34 -1.034894429314825
      vertex 1.4722431864335457 34 -0.85
    endloop
  endfacet
  facet normal 0 1 0
    outer loop
      vertex 4.478616590450164 34 -1.466597569709069
      vertex 1.4722431864335457 34 -0.85
      vertex 1.5705952052691874 34 -0.6505618350206526
    endloop
  endfacet
  facet normal 0.9807852804032305 0 -0.1950903220161273
    outer loop
      vertex 5.79555495773441 27 -1.5529142706151244
      vertex 5.79555495773441 34 -1.5529142706151244
      vertex 5.872112062988636 30.5 -1.168035711967717
    endloop
  endfacet
  facet normal 0.9807852804032305 0 -0.1950903220161273
    outer loop
      vertex 5.948669168242862 27 -0.7831571533203094
      vertex 5.872112062988636 30.5 -1.168035711967717
      vertex 5.948669168242862 34 -0.7831571533203094
    endloop
  endfacet
  facet normal 0.9807852804032305 4.895468809218378e-19 -0.1950903220161273
    outer loop
      vertex 5.79555495773441 34 -1.5529142706151244
      vertex 5.948669168242862 34 -0.7831571533203094
      vertex 5.872112062988636 30.5 -1.168035711967717
    endloop
  endfacet
  facet normal 0 1 0
    outer loop
      vertex 5.79555495773441 34 -1.5529142706151244
      vertex 4.478616590450164 34 -1.466597569709069
      vertex 5.948669168242862 34 -0.7831571533203094
    endloop
  endfacet
  facet normal 0 1 0
    outer loop
      vertex 4.478616590450164 34 -1.466597569709069
      vertex 1.5705952052691874 34 -0.6505618350206526
      vertex 5.948669168242862 34 -0.7831571533203094
    endloop
  endfacet
  facet normal 0 1 0
    outer loop
      vertex 5.948669168242862 34 -0.7831571533203094
      vertex 1.5705952052691874 34 -0.6505618350206526
      vertex 1.6420739046914161 34 -0.43999237667428526
    endloop
  endfacet
  facet normal 0 1 0
    outer loop
      vertex 5.948669168242862 34 -0.7831571533203094
      vertex 1.6420739046914161 34 -0.43999237667428526
      vertex 1.6854562643354776 34 -0.22189452677408766
    endloop
  endfacet
  facet normal 0 1 0
    outer loop
      vertex 5.948669168242862 34 -0.7831571533203094
      vertex 1.6854562643354776 34 -0.22189452677408766
      vertex 1.7 34 0
    endloop
  endfacet
  facet normal 0 1 0
    outer loop
      vertex 5.948669168242862 34 -0.7831571533203094
      vertex 1.7 34 0
      vertex 6 34 0
    endloop
  endfacet
  facet normal 0 -1 0
    outer loop
      vertex -6 27 0
      vertex -1.6420739046914161 27 0.43999237667428526
      vertex -5.948669168242862 27 0.7831571533203094
    endloop
  endfacet
  facet normal 0 -1 0
    outer loop
      vertex -6 27 0
      vertex -1.7 27 0
      vertex -1.6854562643354776 27 0.22189452677408766
    endloop
  endfacet
  facet normal 0 -1 0
    outer loop
      vertex -6 27 0
      vertex -1.6854562643354776 27 0.22189452677408766
      vertex -1.6420739046914161 27 0.43999237667428526
    endloop
  endfacet
  facet normal 0 -1 0
    outer loop
      vertex -5.948669168242862 27 0.7831571533203094
      vertex -1.6420739046914161 27 0.43999237667428526
      vertex -1.5705952052691874 27 0.6505618350206526
    endloop
  endfacet
  facet normal 0 -1 0
    outer loop
      vertex -5.948669168242862 27 0.7831571533203094
      vertex -1.2020815280171309 27 1.2020815280171309
      vertex -5.79555495773441 27 1.5529142706151244
    endloop
  endfacet
  facet normal 0 -1 0
    outer loop
      vertex -5.948669168242862 27 0.7831571533203094
      vertex -1.5705952052691874 27 0.6505618350206526
      vertex -1.4722431864335457 27 0.85
    endloop
  endfacet
  facet normal 0 -1 0
    outer loop
      vertex -5.948669168242862 27 0.7831571533203094
      vertex -1.4722431864335457 27 0.85
      vertex -1.3487006784950997 27 1.034894429314825
    endloop
  endfacet
  facet normal 0 -1 0
    outer loop
      vertex -5.948669168242862 27 0.7831571533203094
      vertex -1.3487006784950997 27 1.034894429314825
      vertex -1.2020815280171309 27 1.2020815280171309
    endloop
  endfacet
  facet normal 0 -1 0
    outer loop
      vertex -5.79555495773441 27 1.5529142706151244
      vertex -1.2020815280171309 27 1.2020815280171309
      vertex -1.034894429314825 27 1.3487006784950997
    endloop
  endfacet
  facet normal 0 -1 0
    outer loop
      vertex -5.79555495773441 27 1.5529142706151244
      vertex -1.034894429314825 27 1.3487006784950997
      vertex -0.85 27 1.4722431864335457
    endloop
  endfacet
  facet normal 0 1 0
    outer loop
      vertex -6 34 0
      vertex -5.948669168242862 34 0.7831571533203094
      vertex -1.7 34 0
    endloop
  endfacet
  facet normal 0 1 0
    outer loop
      vertex -5.948669168242862 34 0.7831571533203094
      vertex -1.6854562643354776 34 0.22189452677408766
      vertex -1.7 34 0
    endloop
  endfacet
  facet normal 0 1 0
    outer loop
      vertex -5.948669168242862 34 0.7831571533203094
      vertex -1.6420739046914161 34 0.43999237667428526
      vertex -1.6854562643354776 34 0.22189452677408766
    endloop
  endfacet
  facet normal 0 1 0
    outer loop
      vertex -5.948669168242862 34 0.7831571533203094
      vertex -1.5705952052691874 34 0.6505618350206526
      vertex -1.6420739046914161 34 0.43999237667428526
    endloop
  endfacet
  facet normal 0 1 0
    outer loop
      vertex -5.948669168242862 34 0.7831571533203094
      vertex -5.79555495773441 34 1.5529142706151244
      vertex -1.5705952052691874 34 0.6505618350206526
    endloop
  endfacet
  facet normal 0 1 0
    outer loop
      vertex -5.79555495773441 34 1.5529142706151244
      vertex -1.4722431864335457 34 0.85
      vertex -1.5705952052691874 34 0.6505618350206526
    endloop
  endfacet
  facet normal 0 1 0
    outer loop
      vertex -5.79555495773441 34 1.5529142706151244
      vertex -1.3487006784950997 34 1.034894429314825
      vertex -1.4722431864335457 34 0.85
    endloop
  endfacet
  facet normal 0 1 0
    outer loop
      vertex -5.79555495773441 34 1.5529142706151244
      vertex -1.2020815280171309 34 1.2020815280171309
      vertex -1.3487006784950997 34 1.034894429314825
    endloop
  endfacet
  facet normal 0 1 0
    outer loop
      vertex -5.79555495773441 34 1.5529142706151244
      vertex -1.034894429314825 34 1.3487006784950997
      vertex -1.2020815280171309 34 1.2020815280171309
    endloop
  endfacet
  facet normal 0 1 0
    outer loop
      vertex -5.79555495773441 34 1.5529142706151244
      vertex -0.85 34 1.4722431864335457
      vertex -1.034894429314825 34 1.3487006784950997
    endloop
  endfacet
  facet normal 0 -1 0
    outer loop
      vertex -5.79555495773441 27 1.5529142706151244
      vertex -0.85 27 1.4722431864335457
      vertex -0.6505618350206526 27 1.5705952052691874
    endloop
  endfacet
  facet normal 0 -1 0
    outer loop
      vertex -5.79555495773441 27 1.5529142706151244
      vertex -0.6505618350206526 27 1.5705952052691874
      vertex -0.43999237667428526 27 1.6420739046914161
    endloop
  endfacet
  facet normal 0 1 0
    outer loop
      vertex -5.79555495773441 34 1.5529142706151244
      vertex -0.6864152237387721 34 1.5529142706151244
      vertex -0.85 34 1.4722431864335457
    endloop
  endfacet
  facet normal 0 1 0
    outer loop
      vertex 1.8367933968303327 34 1.5529142706151244
      vertex 1.2020815280171309 34 1.2020815280171309
      vertex 1.034894429314825 34 1.3487006784950997
    endloop
  endfacet
  facet normal 0 1 0
    outer loop
      vertex 1.8367933968303327 34 1.5529142706151244
      vertex 1.034894429314825 34 1.3487006784950997
      vertex 0.85 34 1.4722431864335457
    endloop
  endfacet
  facet normal 0 -1 0
    outer loop
      vertex 5.948669168242862 27 0.7831571533203094
      vertex 1.6854562643354776 27 0.22189452677408766
      vertex 1.7 27 0
    endloop
  endfacet
  facet normal 0 -1 0
    outer loop
      vertex 5.948669168242862 27 0.7831571533203094
      vertex 1.6420739046914161 27 0.43999237667428526
      vertex 1.6854562643354776 27 0.22189452677408766
    endloop
  endfacet
  facet normal 0 -1 0
    outer loop
      vertex 5.948669168242862 27 0.7831571533203094
      vertex 1.5705952052691874 27 0.6505618350206526
      vertex 1.6420739046914161 27 0.43999237667428526
    endloop
  endfacet
  facet normal 0 -1 0
    outer loop
      vertex 6 27 0
      vertex 5.948669168242862 27 0.7831571533203094
      vertex 1.7 27 0
    endloop
  endfacet
  facet normal 0 -1 0
    outer loop
      vertex 5.79555495773441 27 1.5529142706151244
      vertex 1.4722431864335457 27 0.85
      vertex 1.5705952052691874 27 0.6505618350206526
    endloop
  endfacet
  facet normal 0 -1 0
    outer loop
      vertex 5.79555495773441 27 1.5529142706151244
      vertex 1.3487006784950997 27 1.034894429314825
      vertex 1.4722431864335457 27 0.85
    endloop
  endfacet
  facet normal 0 -1 0
    outer loop
      vertex 5.79555495773441 27 1.5529142706151244
      vertex 1.2020815280171309 27 1.2020815280171309
      vertex 1.3487006784950997 27 1.034894429314825
    endloop
  endfacet
  facet normal 0 -1 0
    outer loop
      vertex 5.79555495773441 27 1.5529142706151244
      vertex 1.034894429314825 27 1.3487006784950997
      vertex 1.2020815280171309 27 1.2020815280171309
    endloop
  endfacet
  facet normal 0 -1 0
    outer loop
      vertex 5.79555495773441 27 1.5529142706151244
      vertex 0.85 27 1.4722431864335457
      vertex 1.034894429314825 27 1.3487006784950997
    endloop
  endfacet
  facet normal 0 -1 0
    outer loop
      vertex 5.948669168242862 27 0.7831571533203094
      vertex 5.79555495773441 27 1.5529142706151244
      vertex 1.5705952052691874 27 0.6505618350206526
    endloop
  endfacet
  facet normal 0 1 0
    outer loop
      vertex 6 34 0
      vertex 1.7 34 0
      vertex 1.6854562643354776 34 0.22189452677408766
    endloop
  endfacet
  facet normal 0 1 0
    outer loop
      vertex 6 34 0
      vertex 1.6854562643354776 34 0.22189452677408766
      vertex 1.6420739046914161 34 0.43999237667428526
    endloop
  endfacet
  facet normal 0 1 0
    outer loop
      vertex 5.948669168242862 34 0.7831571533203094
      vertex 1.6420739046914161 34 0.43999237667428526
      vertex 1.5705952052691874 34 0.6505618350206526
    endloop
  endfacet
  facet normal 0 1 0
    outer loop
      vertex 6 34 0
      vertex 1.6420739046914161 34 0.43999237667428526
      vertex 5.948669168242862 34 0.7831571533203094
    endloop
  endfacet
  facet normal 0 1 0
    outer loop
      vertex 5.948669168242862 34 0.7831571533203094
      vertex 1.3487006784950997 34 1.034894429314825
      vertex 1.2020815280171309 34 1.2020815280171309
    endloop
  endfacet
  facet normal 0 1 0
    outer loop
      vertex 5.948669168242862 34 0.7831571533203094
      vertex 1.5705952052691874 34 0.6505618350206526
      vertex 1.4722431864335457 34 0.85
    endloop
  endfacet
  facet normal 0 1 0
    outer loop
      vertex 5.948669168242862 34 0.7831571533203094
      vertex 1.4722431864335457 34 0.85
      vertex 1.3487006784950997 34 1.034894429314825
    endloop
  endfacet
  facet normal 0 1 0
    outer loop
      vertex 5.948669168242862 34 0.7831571533203094
      vertex 1.2020815280171309 34 1.2020815280171309
      vertex 1.8367933968303327 34 1.5529142706151244
    endloop
  endfacet
  facet normal 0.9807852804032305 -4.895468809218378e-19 0.1950903220161273
    outer loop
      vertex 5.948669168242862 34 0.7831571533203094
      vertex 5.79555495773441 34 1.5529142706151244
      vertex 5.79555495773441 27 1.5529142706151244
    endloop
  endfacet
  facet normal 0 1 0
    outer loop
      vertex 5.948669168242862 34 0.7831571533203094
      vertex 1.8367933968303327 34 1.5529142706151244
      vertex 5.79555495773441 34 1.5529142706151244
    endloop
  endfacet
  facet normal 0 -1 0
    outer loop
      vertex -5.79555495773441 27 1.5529142706151244
      vertex -0.43999237667428526 27 1.6420739046914161
      vertex -0.22189452677408766 27 1.6854562643354776
    endloop
  endfacet
  facet normal 0 -1 0
    outer loop
      vertex -5.79555495773441 27 1.5529142706151244
      vertex 5.54327719506772 27 2.2961005941905386
      vertex -5.54327719506772 27 2.2961005941905386
    endloop
  endfacet
  facet normal 0 -1 0
    outer loop
      vertex -5.79555495773441 27 1.5529142706151244
      vertex -0.22189452677408766 27 1.6854562643354776
      vertex 5.54327719506772 27 2.2961005941905386
    endloop
  endfacet
  facet normal 0 -1 0
    outer loop
      vertex 5.54327719506772 27 2.2961005941905386
      vertex -0.22189452677408766 27 1.6854562643354776
      vertex 0 27 1.7
    endloop
  endfacet
  facet normal 0 -1 0
    outer loop
      vertex -5.54327719506772 27 2.2961005941905386
      vertex 5.196152422706632 27 3
      vertex -5.196152422706632 27 3
    endloop
  endfacet
  facet normal 0 -1 0
    outer loop
      vertex -5.54327719506772 27 2.2961005941905386
      vertex 5.54327719506772 27 2.2961005941905386
      vertex 5.196152422706632 27 3
    endloop
  endfacet
  facet normal 0 1 0
    outer loop
      vertex 1.8367933968303327 34 1.5529142706151244
      vertex 0.85 34 1.4722431864335457
      vertex 0.686415223738772 34 1.5529142706151244
    endloop
  endfacet
  facet normal 0 -1 0
    outer loop
      vertex 5.54327719506772 27 2.2961005941905386
      vertex 0.6505618350206526 27 1.5705952052691874
      vertex 0.85 27 1.4722431864335457
    endloop
  endfacet
  facet normal 0 -1 0
    outer loop
      vertex 5.54327719506772 27 2.2961005941905386
      vertex 0.22189452677408766 27 1.6854562643354776
      vertex 0.43999237667428526 27 1.6420739046914161
    endloop
  endfacet
  facet normal 0 -1 0
    outer loop
      vertex 5.54327719506772 27 2.2961005941905386
      vertex 0.43999237667428526 27 1.6420739046914161
      vertex 0.6505618350206526 27 1.5705952052691874
    endloop
  endfacet
  facet normal 0 -1 0
    outer loop
      vertex 5.54327719506772 27 2.2961005941905386
      vertex 0 27 1.7
      vertex 0.22189452677408766 27 1.6854562643354776
    endloop
  endfacet
  facet normal 0 -1 0
    outer loop
      vertex 5.79555495773441 27 1.5529142706151244
      vertex 5.54327719506772 27 2.2961005941905386
      vertex 0.85 27 1.4722431864335457
    endloop
  endfacet
  facet normal 0.9469301294951054 2.3599907066663e-18 0.3214394653031626
    outer loop
      vertex 5.79555495773441 27 1.5529142706151244
      vertex 5.669416076401065 30.5 1.9245074324028315
      vertex 5.54327719506772 27 2.2961005941905386
    endloop
  endfacet
  facet normal 0.9469301294951054 0 0.3214394653031626
    outer loop
      vertex 5.54327719506772 27 2.2961005941905386
      vertex 5.669416076401065 30.5 1.9245074324028315
      vertex 5.54327719506772 30.5 2.2961005941905386
    endloop
  endfacet
  facet normal 0 1 0
    outer loop
      vertex 1.8367933968303327 34 1.5529142706151244
      vertex 1.4092966116576813 34 1.840404831419233
      vertex 5.79555495773441 34 1.5529142706151244
    endloop
  endfacet
  facet normal 0 1 0
    outer loop
      vertex 1.4092966116576813 34 1.840404831419233
      vertex 0.7801469723770964 34 2.2961005941905386
      vertex 5.54327719506772 34 2.2961005941905386
    endloop
  endfacet
  facet normal 0 1 0
    outer loop
      vertex 1.4092966116576813 34 1.840404831419233
      vertex 5.54327719506772 34 2.2961005941905386
      vertex 5.79555495773441 34 1.5529142706151244
    endloop
  endfacet
  facet normal 0 1 0
    outer loop
      vertex 0.7801469723770964 34 2.2961005941905386
      vertex 0.32327631498321807 34 2.638237527769868
      vertex 5.54327719506772 34 2.2961005941905386
    endloop
  endfacet
  facet normal 0 1 0
    outer loop
      vertex 0.32327631498321807 34 2.638237527769868
      vertex 5.196152422706632 34 3
      vertex 5.54327719506772 34 2.2961005941905386
    endloop
  endfacet
  facet normal 0.8968727415326887 0 0.4422886902190005
    outer loop
      vertex 5.54327719506772 30.5 2.2961005941905386
      vertex 5.54327719506772 34 2.2961005941905386
      vertex 5.369714808887176 30.5 2.6480502970952693
    endloop
  endfacet
  facet normal 0.8968727415326887 -5.42192897792779e-19 0.4422886902190005
    outer loop
      vertex 5.369714808887176 30.5 2.6480502970952693
      vertex 5.196152422706632 34 3
      vertex 5.196152422706632 27 3
    endloop
  endfacet
  facet normal 0.8968727415326887 5.42192897792779e-19 0.4422886902190005
    outer loop
      vertex 5.369714808887176 30.5 2.6480502970952693
      vertex 5.54327719506772 34 2.2961005941905386
      vertex 5.196152422706632 34 3
    endloop
  endfacet
  facet normal 0 -1 0
    outer loop
      vertex -5.196152422706632 27 3
      vertex 4.760120041747411 27 3.652568574052324
      vertex -4.760120041747411 27 3.652568574052324
    endloop
  endfacet
  facet normal 0 -1 0
    outer loop
      vertex -5.196152422706632 27 3
      vertex 5.196152422706632 27 3
      vertex 4.760120041747411 27 3.652568574052324
    endloop
  endfacet
  facet normal 0 -1 0
    outer loop
      vertex -4.760120041747411 27 3.652568574052324
      vertex 4.242640687119286 27 4.242640687119286
      vertex -4.242640687119286 27 4.242640687119286
    endloop
  endfacet
  facet normal 0 -1 0
    outer loop
      vertex -4.760120041747411 27 3.652568574052324
      vertex 4.760120041747411 27 3.652568574052324
      vertex 4.242640687119286 27 4.242640687119286
    endloop
  endfacet
  facet normal 0 -1 0
    outer loop
      vertex -4.242640687119286 27 4.242640687119286
      vertex 4.242640687119286 27 4.242640687119286
      vertex 3.652568574052324 27 4.760120041747411
    endloop
  endfacet
  facet normal 0 1 0
    outer loop
      vertex 0.32327631498321807 34 2.638237527769868
      vertex -0.5385300008033003 34 3.3758709441825236
      vertex 5.196152422706632 34 3
    endloop
  endfacet
  facet normal 0 1 0
    outer loop
      vertex -0.5385300008033003 34 3.3758709441825236
      vertex -0.7921788271850319 34 3.652568574052324
      vertex 4.760120041747411 34 3.652568574052324
    endloop
  endfacet
  facet normal 0 1 0
    outer loop
      vertex -0.7921788271850319 34 3.652568574052324
      vertex -1.171410948522161 34 4.041341654950491
      vertex 4.760120041747411 34 3.652568574052324
    endloop
  endfacet
  facet normal 0 1 0
    outer loop
      vertex -1.171410948522161 34 4.041341654950491
      vertex -1.2911451177587638 34 4.242640687119286
      vertex 4.242640687119286 34 4.242640687119286
    endloop
  endfacet
  facet normal 0 1 0
    outer loop
      vertex -1.2911451177587638 34 4.242640687119286
      vertex -1.5730937881489346 34 4.623824063442327
      vertex 4.242640687119286 34 4.242640687119286
    endloop
  endfacet
  facet normal 0 1 0
    outer loop
      vertex -0.5385300008033003 34 3.3758709441825236
      vertex 4.760120041747411 34 3.652568574052324
      vertex 5.196152422706632 34 3
    endloop
  endfacet
  facet normal 0.8314696123025455 0 0.555570233019602
    outer loop
      vertex 4.760120041747411 27 3.652568574052324
      vertex 5.196152422706632 34 3
      vertex 4.760120041747411 34 3.652568574052324
    endloop
  endfacet
  facet normal 0 1 0
    outer loop
      vertex -1.171410948522161 34 4.041341654950491
      vertex 4.242640687119286 34 4.242640687119286
      vertex 4.760120041747411 34 3.652568574052324
    endloop
  endfacet
  facet normal 0.6593458151000685 0 0.7518398074789777
    outer loop
      vertex 4.242640687119286 27 4.242640687119286
      vertex 4.242640687119286 34 4.242640687119286
      vertex 3.652568574052324 34 4.760120041747411
    endloop
  endfacet
  facet normal 0 -1 0
    outer loop
      vertex -4.242640687119286 27 4.242640687119286
      vertex 3.652568574052324 27 4.760120041747411
      vertex -3.652568574052324 27 4.760120041747411
    endloop
  endfacet
  facet normal 0 -1 0
    outer loop
      vertex -3.652568574052324 27 4.760120041747411
      vertex 3 27 5.196152422706632
      vertex -3 27 5.196152422706632
    endloop
  endfacet
  facet normal 0 -1 0
    outer loop
      vertex -3.652568574052324 27 4.760120041747411
      vertex 3.652568574052324 27 4.760120041747411
      vertex 3 27 5.196152422706632
    endloop
  endfacet
  facet normal 0 -1 0
    outer loop
      vertex -3 27 5.196152422706632
      vertex 2.2961005941905386 27 5.54327719506772
      vertex -2.2961005941905386 27 5.54327719506772
    endloop
  endfacet
  facet normal 0 -1 0
    outer loop
      vertex -2.2961005941905386 27 5.54327719506772
      vertex 1.5529142706151244 27 5.79555495773441
      vertex -1.5529142706151244 27 5.79555495773441
    endloop
  endfacet
  facet normal 0 -1 0
    outer loop
      vertex -1.5529142706151244 27 5.79555495773441
      vertex 0.7831571533203094 27 5.948669168242862
      vertex -0.7831571533203094 27 5.948669168242862
    endloop
  endfacet
  facet normal 0 -1 0
    outer loop
      vertex -3 27 5.196152422706632
      vertex 3 27 5.196152422706632
      vertex 2.2961005941905386 27 5.54327719506772
    endloop
  endfacet
  facet normal 0 -1 0
    outer loop
      vertex -2.2961005941905386 27 5.54327719506772
      vertex 2.2961005941905386 27 5.54327719506772
      vertex 1.5529142706151244 27 5.79555495773441
    endloop
  endfacet
  facet normal 0 -1 0
    outer loop
      vertex -1.5529142706151244 27 5.79555495773441
      vertex 1.5529142706151244 27 5.79555495773441
      vertex 0.7831571533203094 27 5.948669168242862
    endloop
  endfacet
  facet normal 0 -1 0
    outer loop
      vertex -0.7831571533203094 27 5.948669168242862
      vertex 0.7831571533203094 27 5.948669168242862
      vertex 0 27 6
    endloop
  endfacet
  facet normal 0.06540312923014358 3.684778551667387e-19 0.9978589232386035
    outer loop
      vertex 0 27 6
      vertex 0.7831571533203094 27 5.948669168242862
      vertex 0.7831571533203094 34 5.948669168242862
    endloop
  endfacet
  facet normal 0 1 0
    outer loop
      vertex -1.5730937881489346 34 4.623824063442327
      vertex -1.592304574383974 34 4.760120041747411
      vertex 3.652568574052324 34 4.760120041747411
    endloop
  endfacet
  facet normal 0 1 0
    outer loop
      vertex -1.592304574383974 34 4.760120041747411
      vertex -1.7444371573737403 34 5.113858486218763
      vertex 3.652568574052324 34 4.760120041747411
    endloop
  endfacet
  facet normal 0 1 0
    outer loop
      vertex -1.7444371573737403 34 5.113858486218763
      vertex -1.6957000830649762 34 5.196152422706632
      vertex 3 34 5.196152422706632
    endloop
  endfacet
  facet normal 0 1 0
    outer loop
      vertex -1.7444371573737403 34 5.113858486218763
      vertex 3 34 5.196152422706632
      vertex 3.652568574052324 34 4.760120041747411
    endloop
  endfacet
  facet normal 0 1 0
    outer loop
      vertex -1.6903609649694018 34 5.503574922204148
      vertex -1.608298058781092 34 5.54327719506772
      vertex 2.2961005941905386 34 5.54327719506772
    endloop
  endfacet
  facet normal 0 1 0
    outer loop
      vertex -1.608298058781092 34 5.54327719506772
      vertex -1.4225887509382065 34 5.787012971881589
      vertex 2.2961005941905386 34 5.54327719506772
    endloop
  endfacet
  facet normal 0 1 0
    outer loop
      vertex -1.4225887509382065 34 5.787012971881589
      vertex -1.3645175673720877 34 5.79555495773441
      vertex 1.5529142706151244 34 5.79555495773441
    endloop
  endfacet
  facet normal 0 1 0
    outer loop
      vertex -1.3645175673720877 34 5.79555495773441
      vertex -1.2029796312429037 34 5.865161285280085
      vertex 1.5529142706151244 34 5.79555495773441
    endloop
  endfacet
  facet normal 0.06540312923014358 0 0.9978589232386035
    outer loop
      vertex 0 27 6
      vertex 0.7831571533203094 34 5.948669168242862
      vertex 0 34 6
    endloop
  endfacet
  facet normal 0.3214394653031626 0 0.9469301294951054
    outer loop
      vertex 1.5529142706151244 27 5.79555495773441
      vertex 2.2961005941905386 34 5.54327719506772
      vertex 1.5529142706151244 34 5.79555495773441
    endloop
  endfacet
  facet normal 0 1 0
    outer loop
      vertex -1.6957000830649762 34 5.196152422706632
      vertex -1.6903609649694018 34 5.503574922204148
      vertex 3 34 5.196152422706632
    endloop
  endfacet
  facet normal 0 1 0
    outer loop
      vertex -1.6903609649694018 34 5.503574922204148
      vertex 2.2961005941905386 34 5.54327719506772
      vertex 3 34 5.196152422706632
    endloop
  endfacet
  facet normal 0 1 0
    outer loop
      vertex -1.4225887509382065 34 5.787012971881589
      vertex 1.5529142706151244 34 5.79555495773441
      vertex 2.2961005941905386 34 5.54327719506772
    endloop
  endfacet
  facet normal 0 1 0
    outer loop
      vertex -1.2029796312429037 34 5.865161285280085
      vertex -0.7831571533203094 34 5.948669168242862
      vertex 1.5529142706151244 34 5.79555495773441
    endloop
  endfacet
  facet normal 0 1 0
    outer loop
      vertex -0.7831571533203094 34 5.948669168242862
      vertex 0 34 6
      vertex 0.7831571533203094 34 5.948669168242862
    endloop
  endfacet
  facet normal 0 1 0
    outer loop
      vertex -0.7831571533203094 34 5.948669168242862
      vertex 0.7831571533203094 34 5.948669168242862
      vertex 1.5529142706151244 34 5.79555495773441
    endloop
  endfacet
  facet normal 0.3214394653031626 2.3599907066663e-18 0.9469301294951054
    outer loop
      vertex 1.5529142706151244 27 5.79555495773441
      vertex 2.2961005941905386 27 5.54327719506772
      vertex 2.2961005941905386 34 5.54327719506772
    endloop
  endfacet
  facet normal 0.555570233019602 0 0.8314696123025455
    outer loop
      vertex 3.652568574052324 27 4.760120041747411
      vertex 3.652568574052324 34 4.760120041747411
      vertex 3 34 5.196152422706632
    endloop
  endfacet
  facet normal 0 1 0
    outer loop
      vertex 4.242640687119286 34 4.242640687119286
      vertex -1.5730937881489346 34 4.623824063442327
      vertex 3.652568574052324 34 4.760120041747411
    endloop
  endfacet
  facet normal 0.4422886902190005 0 0.8968727415326887
    outer loop
      vertex 3 27 5.196152422706632
      vertex 3 34 5.196152422706632
      vertex 2.2961005941905386 34 5.54327719506772
    endloop
  endfacet
  facet normal 0.06540312923014255 2.062651300357452e-17 0.9978589232386036
    outer loop
      vertex -0.15224093497742786 -24.76536686473018 -1.6900216019393497
      vertex 0 -15.25 -1.7
      vertex -0.22189452677408766 -24.90661037652185 -1.6854562643354776
    endloop
  endfacet
  facet normal 0.06540312923016345 -3.147452816483921e-16 0.9978589232386021
    outer loop
      vertex 0 -15.25 -1.7
      vertex -0.15224093497742786 -24.76536686473018 -1.6900216019393497
      vertex -0.14702458729939114 -24.75 -1.6903634994294165
    endloop
  endfacet
  facet normal 0.06540312923014317 0 0.9978589232386035
    outer loop
      vertex 0 -15.25 -1.7
      vertex -0.14702458729939114 -24.75 -1.6903634994294165
      vertex 0 -24.75 -1.7
    endloop
  endfacet
  facet normal -0.06540312923014345 0 0.9978589232386035
    outer loop
      vertex 0.22189452677408766 -15.25 -1.6854562643354776
      vertex 0 -24.75 -1.7
      vertex 0.22189452677408766 -24.75 -1.6854562643354776
    endloop
  endfacet
  facet normal -0.19509032201612758 1.8600634687477778e-19 0.9807852804032307
    outer loop
      vertex 0.22189452677408766 -24.75 -1.6854562643354776
      vertex 0.43999237667428526 -24.75 -1.6420739046914161
      vertex 0.43999237667428526 -15.25 -1.6420739046914161
    endloop
  endfacet
  facet normal -0.3214394653031621 -2.2306081330534577e-19 0.9469301294951054
    outer loop
      vertex 0.43999237667428526 -24.75 -1.6420739046914161
      vertex 0.6505618350206526 -24.75 -1.5705952052691874
      vertex 0.6505618350206526 -15.25 -1.5705952052691874
    endloop
  endfacet
  facet normal -0.4422886902190009 -4.057667111325195e-19 0.8968727415326884
    outer loop
      vertex 0.6505618350206526 -24.75 -1.5705952052691874
      vertex 0.85 -24.75 -1.4722431864335457
      vertex 0.85 -15.25 -1.4722431864335457
    endloop
  endfacet
  facet normal -0.5555702330196026 0 0.831469612302545
    outer loop
      vertex 1.034894429314825 -15.25 -1.3487006784950997
      vertex 0.85 -24.75 -1.4722431864335457
      vertex 1.034894429314825 -24.75 -1.3487006784950997
    endloop
  endfacet
  facet normal -0.659345815100068 0 0.751839807478978
    outer loop
      vertex 1.2020815280171309 -15.25 -1.2020815280171309
      vertex 1.034894429314825 -24.75 -1.3487006784950997
      vertex 1.2020815280171309 -24.75 -1.2020815280171309
    endloop
  endfacet
  facet normal -0.751839807478978 0 0.659345815100068
    outer loop
      vertex 1.3487006784950997 -15.25 -1.034894429314825
      vertex 1.2020815280171309 -24.75 -1.2020815280171309
      vertex 1.3487006784950997 -24.75 -1.034894429314825
    endloop
  endfacet
  facet normal -0.831469612302545 0 0.5555702330196026
    outer loop
      vertex 1.4722431864335457 -15.25 -0.85
      vertex 1.3487006784950997 -24.75 -1.034894429314825
      vertex 1.4722431864335457 -24.75 -0.85
    endloop
  endfacet
  facet normal -0.8968727415326884 0 0.4422886902190009
    outer loop
      vertex 1.5705952052691874 -15.25 -0.6505618350206526
      vertex 1.4722431864335457 -24.75 -0.85
      vertex 1.5705952052691874 -24.75 -0.6505618350206526
    endloop
  endfacet
  facet normal -0.9469301294951054 0 0.3214394653031621
    outer loop
      vertex 1.6420739046914161 -15.25 -0.43999237667428526
      vertex 1.5705952052691874 -24.75 -0.6505618350206526
      vertex 1.6420739046914161 -24.75 -0.43999237667428526
    endloop
  endfacet
  facet normal -0.9807852804032307 0 0.19509032201612758
    outer loop
      vertex 1.6854562643354776 -15.25 -0.22189452677408766
      vertex 1.6420739046914161 -24.75 -0.43999237667428526
      vertex 1.6854562643354776 -24.75 -0.22189452677408766
    endloop
  endfacet
  facet normal -0.9978589232386035 0 0.06540312923014345
    outer loop
      vertex 1.7 -15.25 0
      vertex 1.6854562643354776 -24.75 -0.22189452677408766
      vertex 1.7 -24.75 0
    endloop
  endfacet
  facet normal -0.06540312923014345 1.9721328287969126e-20 0.9978589232386035
    outer loop
      vertex 0.22189452677408766 -15.25 -1.6854562643354776
      vertex 0 -15.25 -1.7
      vertex 0 -24.75 -1.7
    endloop
  endfacet
  facet normal -0.19509032201612758 1.8600634687477778e-19 0.9807852804032307
    outer loop
      vertex 0.43999237667428526 -15.25 -1.6420739046914161
      vertex 0.22189452677408766 -15.25 -1.6854562643354776
      vertex 0.22189452677408766 -24.75 -1.6854562643354776
    endloop
  endfacet
  facet normal -0.3214394653031621 -2.2306081330534577e-19 0.9469301294951054
    outer loop
      vertex 0.6505618350206526 -15.25 -1.5705952052691874
      vertex 0.43999237667428526 -15.25 -1.6420739046914161
      vertex 0.43999237667428526 -24.75 -1.6420739046914161
    endloop
  endfacet
  facet normal -0.4422886902190009 -4.057667111325195e-19 0.8968727415326884
    outer loop
      vertex 0.85 -15.25 -1.4722431864335457
      vertex 0.6505618350206526 -15.25 -1.5705952052691874
      vertex 0.6505618350206526 -24.75 -1.5705952052691874
    endloop
  endfacet
  facet normal 0.06540312923014345 0 0.9978589232386035
    outer loop
      vertex 0 -15.25 -1.7
      vertex 0 -4.75 -1.7
      vertex -0.22189452677408766 -24.90661037652185 -1.6854562643354776
    endloop
  endfacet
  facet normal -0.5555702330196026 5.839904031950727e-19 0.831469612302545
    outer loop
      vertex 1.034894429314825 -15.25 -1.3487006784950997
      vertex 0.85 -15.25 -1.4722431864335457
      vertex 0.85 -24.75 -1.4722431864335457
    endloop
  endfacet
  facet normal -0.659345815100068 1.9968868705818855e-20 0.751839807478978
    outer loop
      vertex 1.2020815280171309 -15.25 -1.2020815280171309
      vertex 1.034894429314825 -15.25 -1.3487006784950997
      vertex 1.034894429314825 -24.75 -1.3487006784950997
    endloop
  endfacet
  facet normal -0.751839807478978 0 0.659345815100068
    outer loop
      vertex 1.2020815280171309 -15.25 -1.2020815280171309
      vertex 1.2020815280171309 -24.75 -1.2020815280171309
      vertex 1.3487006784950997 -15.25 -1.034894429314825
    endloop
  endfacet
  facet normal -0.831469612302545 0 0.5555702330196026
    outer loop
      vertex 1.3487006784950997 -15.25 -1.034894429314825
      vertex 1.3487006784950997 -24.75 -1.034894429314825
      vertex 1.4722431864335457 -15.25 -0.85
    endloop
  endfacet
  facet normal -0.8968727415326884 0 0.4422886902190009
    outer loop
      vertex 1.4722431864335457 -24.75 -0.85
      vertex 1.5705952052691874 -15.25 -0.6505618350206526
      vertex 1.4722431864335457 -15.25 -0.85
    endloop
  endfacet
  facet normal -0.9469301294951054 -2.2306081330534577e-19 0.3214394653031621
    outer loop
      vertex 1.6420739046914161 -15.25 -0.43999237667428526
      vertex 1.5705952052691874 -15.25 -0.6505618350206526
      vertex 1.5705952052691874 -24.75 -0.6505618350206526
    endloop
  endfacet
  facet normal -0.9807852804032307 0 0.19509032201612758
    outer loop
      vertex 1.6420739046914161 -15.25 -0.43999237667428526
      vertex 1.6420739046914161 -24.75 -0.43999237667428526
      vertex 1.6854562643354776 -15.25 -0.22189452677408766
    endloop
  endfacet
  facet normal -0.9978589232386035 1.9721328287969126e-20 0.06540312923014345
    outer loop
      vertex 1.7 -15.25 0
      vertex 1.6854562643354776 -15.25 -0.22189452677408766
      vertex 1.6854562643354776 -24.75 -0.22189452677408766
    endloop
  endfacet
  facet normal 0.4422886902190015 -3.131987299839781e-18 0.896872741532688
    outer loop
      vertex -0.7824771419825574 -25.58670668058247 -1.5055417750174087
      vertex -0.6505618350206526 25.471020061268415 -1.5705952052691874
      vertex -0.85 -25.631824011880983 -1.4722431864335457
    endloop
  endfacet
  facet normal 0.32143946530316225 -8.000186409638004e-19 0.9469301294951055
    outer loop
      vertex -0.5857864376269042 -25.414213562373096 -1.592583489784063
      vertex -0.43999237667428526 25.247967297957874 -1.6420739046914161
      vertex -0.6505618350206526 -25.471020061268415 -1.5705952052691874
    endloop
  endfacet
  facet normal 0.32143946530316203 4.060083653386536e-20 0.9469301294951055
    outer loop
      vertex -0.5857864376269042 -25.414213562373096 -1.592583489784063
      vertex -0.43999237667428526 -25.247967297957874 -1.6420739046914161
      vertex -0.43999237667428526 25.247967297957874 -1.6420739046914161
    endloop
  endfacet
  facet normal 0.1950903220161282 -1.6474746221505015e-18 0.9807852804032304
    outer loop
      vertex -0.4132933194175301 -25.217522858017443 -1.6473846773771623
      vertex -0.2679491924311215 25 -1.6762954217607584
      vertex -0.43999237667428526 -25.247967297957874 -1.6420739046914161
    endloop
  endfacet
  facet normal 0.19509032201612764 4.970890040263844e-21 0.9807852804032305
    outer loop
      vertex -0.4132933194175301 -25.217522858017443 -1.6473846773771623
      vertex -0.2679491924311215 -25 -1.6762954217607584
      vertex -0.2679491924311215 25 -1.6762954217607584
    endloop
  endfacet
  facet normal 0.19509032201612697 -3.826659784240843e-21 0.9807852804032308
    outer loop
      vertex -0.2679491924311215 -25 -1.6762954217607584
      vertex -0.22189452677408766 -24.90661037652185 -1.6854562643354776
      vertex -0.22189452677408766 24.90661037652185 -1.6854562643354776
    endloop
  endfacet
  facet normal 0.44228869021900064 8.194392159901715e-20 0.8968727415326886
    outer loop
      vertex -0.7824771419825574 -25.58670668058247 -1.5055417750174087
      vertex -0.6505618350206526 -25.471020061268415 -1.5705952052691874
      vertex -0.6505618350206526 25.471020061268415 -1.5705952052691874
    endloop
  endfacet
  facet normal 0.06540312923014345 0 0.9978589232386035
    outer loop
      vertex 0 4.75 -1.7
      vertex -0.22189452677408766 -24.90661037652185 -1.6854562643354776
      vertex 0 -4.75 -1.7
    endloop
  endfacet
  facet normal 0.5555702330196031 2.1964518908098216e-20 0.8314696123025448
    outer loop
      vertex -1 -25.73205080756888 -1.3720163907456506
      vertex -0.85 -25.631824011880983 -1.4722431864335457
      vertex -0.85 25.631824011880983 -1.4722431864335457
    endloop
  endfacet
  facet normal 0.5555702330196012 8.142247512342905e-18 0.831469612302546
    outer loop
      vertex -1 -25.73205080756888 -1.3720163907456506
      vertex -0.85 25.631824011880983 -1.4722431864335457
      vertex -1.034894429314825 -25.749258835779457 -1.3487006784950997
    endloop
  endfacet
  facet normal 0.6593458151000681 -3.683683750183883e-21 0.751839807478978
    outer loop
      vertex -1.2020815280171309 -25.83170638879594 -1.2020815280171309
      vertex -1.034894429314825 -25.749258835779457 -1.3487006784950997
      vertex -1.034894429314825 25.749258835779457 -1.3487006784950997
    endloop
  endfacet
  facet normal 0.7518398074789782 -6.317529506355361e-21 0.659345815100068
    outer loop
      vertex -1.2346331352698208 -25.847759065022572 -1.1649635338333362
      vertex -1.2020815280171309 -25.83170638879594 -1.2020815280171309
      vertex -1.2020815280171309 25.83170638879594 -1.2020815280171309
    endloop
  endfacet
  facet normal 0.7518398074789782 0 0.6593458151000682
    outer loop
      vertex -1.2346331352698208 -25.847759065022572 -1.1649635338333362
      vertex -1.2346331352698208 25.847759065022572 -1.1649635338333362
      vertex -1.3487006784950997 -25.886479778368475 -1.034894429314825
    endloop
  endfacet
  facet normal 0.831469612302545 0 0.5555702330196026
    outer loop
      vertex -1.3487006784950997 -25.886479778368475 -1.034894429314825
      vertex -1.3487006784950997 25.886479778368475 -1.034894429314825
      vertex -1.4722431864335457 -25.928416808838843 -0.85
    endloop
  endfacet
  facet normal 0.8968727415326885 0 0.44228869021900113
    outer loop
      vertex -1.4823619097949603 -25.931851652578136 -0.829481258818829
      vertex -1.4823619097949603 25.931851652578136 -0.829481258818829
      vertex -1.5705952052691874 -25.949402346262623 -0.6505618350206526
    endloop
  endfacet
  facet normal 0.8968727415326889 -6.720982870597842e-21 0.44228869021900014
    outer loop
      vertex -1.4823619097949603 -25.931851652578136 -0.829481258818829
      vertex -1.4722431864335457 -25.928416808838843 -0.85
      vertex -1.4722431864335457 25.928416808838843 -0.85
    endloop
  endfacet
  facet normal 0.9469301294951056 4.083095437275045e-20 0.3214394653031621
    outer loop
      vertex -1.6420739046914161 -25.96362034358192 -0.43999237667428526
      vertex -1.5705952052691874 -25.949402346262623 -0.6505618350206526
      vertex -1.5705952052691874 25.949402346262623 -0.6505618350206526
    endloop
  endfacet
  facet normal 0.9807852804032305 0 0.19509032201612758
    outer loop
      vertex -1.6420739046914161 -25.96362034358192 -0.43999237667428526
      vertex -1.6420739046914161 25.96362034358192 -0.43999237667428526
      vertex -1.6854562643354776 -25.972249631441237 -0.22189452677408766
    endloop
  endfacet
  facet normal 0.9978589232386035 0 0.06540312923014344
    outer loop
      vertex -1.6854562643354776 -25.972249631441237 -0.22189452677408766
      vertex -1.6854562643354776 25.972249631441237 -0.22189452677408766
      vertex -1.7 -25.97514256033281 0
    endloop
  endfacet
  facet normal 0.06540312923014345 0 0.9978589232386035
    outer loop
      vertex 0 4.75 -1.7
      vertex 0 15.25 -1.7
      vertex -0.22189452677408766 -24.90661037652185 -1.6854562643354776
    endloop
  endfacet
  facet normal -0.06540312923014345 1.9721328287969126e-20 0.9978589232386035
    outer loop
      vertex 0 -4.75 -1.7
      vertex 0.22189452677408766 -4.75 -1.6854562643354776
      vertex 0.22189452677408766 4.75 -1.6854562643354776
    endloop
  endfacet
  facet normal -0.19509032201612758 1.8600634687477778e-19 0.9807852804032307
    outer loop
      vertex 0.22189452677408766 -4.75 -1.6854562643354776
      vertex 0.43999237667428526 -4.75 -1.6420739046914161
      vertex 0.43999237667428526 4.75 -1.6420739046914161
    endloop
  endfacet
  facet normal -0.3214394653031621 -2.2306081330534577e-19 0.9469301294951054
    outer loop
      vertex 0.43999237667428526 -4.75 -1.6420739046914161
      vertex 0.6505618350206526 -4.75 -1.5705952052691874
      vertex 0.6505618350206526 4.75 -1.5705952052691874
    endloop
  endfacet
  facet normal -0.4422886902190009 -4.057667111325195e-19 0.8968727415326884
    outer loop
      vertex 0.6505618350206526 -4.75 -1.5705952052691874
      vertex 0.85 -4.75 -1.4722431864335457
      vertex 0.85 4.75 -1.4722431864335457
    endloop
  endfacet
  facet normal -0.06540312923014345 0 0.9978589232386035
    outer loop
      vertex 0 -4.75 -1.7
      vertex 0.22189452677408766 4.75 -1.6854562643354776
      vertex 0 4.75 -1.7
    endloop
  endfacet
  facet normal -0.19509032201612758 0 0.9807852804032307
    outer loop
      vertex 0.22189452677408766 -4.75 -1.6854562643354776
      vertex 0.43999237667428526 4.75 -1.6420739046914161
      vertex 0.22189452677408766 4.75 -1.6854562643354776
    endloop
  endfacet
  facet normal -0.3214394653031621 0 0.9469301294951054
    outer loop
      vertex 0.43999237667428526 -4.75 -1.6420739046914161
      vertex 0.6505618350206526 4.75 -1.5705952052691874
      vertex 0.43999237667428526 4.75 -1.6420739046914161
    endloop
  endfacet
  facet normal -0.4422886902190009 0 0.8968727415326884
    outer loop
      vertex 0.6505618350206526 -4.75 -1.5705952052691874
      vertex 0.85 4.75 -1.4722431864335457
      vertex 0.6505618350206526 4.75 -1.5705952052691874
    endloop
  endfacet
  facet normal -0.5555702330196026 5.839904031950727e-19 0.831469612302545
    outer loop
      vertex 0.85 -4.75 -1.4722431864335457
      vertex 1.034894429314825 -4.75 -1.3487006784950997
      vertex 1.034894429314825 4.75 -1.3487006784950997
    endloop
  endfacet
  facet normal -0.659345815100068 1.9968868705818855e-20 0.751839807478978
    outer loop
      vertex 1.034894429314825 -4.75 -1.3487006784950997
      vertex 1.2020815280171309 -4.75 -1.2020815280171309
      vertex 1.2020815280171309 4.75 -1.2020815280171309
    endloop
  endfacet
  facet normal -0.751839807478978 0 0.659345815100068
    outer loop
      vertex 1.3487006784950997 -4.75 -1.034894429314825
      vertex 1.3487006784950997 4.75 -1.034894429314825
      vertex 1.2020815280171309 -4.75 -1.2020815280171309
    endloop
  endfacet
  facet normal -0.831469612302545 0 0.5555702330196026
    outer loop
      vertex 1.4722431864335457 -4.75 -0.85
      vertex 1.4722431864335457 4.75 -0.85
      vertex 1.3487006784950997 -4.75 -1.034894429314825
    endloop
  endfacet
  facet normal -0.8968727415326884 0 0.4422886902190009
    outer loop
      vertex 1.5705952052691874 -4.75 -0.6505618350206526
      vertex 1.5705952052691874 4.75 -0.6505618350206526
      vertex 1.4722431864335457 -4.75 -0.85
    endloop
  endfacet
  facet normal -0.9469301294951054 0 0.3214394653031621
    outer loop
      vertex 1.6420739046914161 4.75 -0.43999237667428526
      vertex 1.5705952052691874 -4.75 -0.6505618350206526
      vertex 1.6420739046914161 -4.75 -0.43999237667428526
    endloop
  endfacet
  facet normal -0.9807852804032307 0 0.19509032201612758
    outer loop
      vertex 1.6854562643354776 -4.75 -0.22189452677408766
      vertex 1.6854562643354776 4.75 -0.22189452677408766
      vertex 1.6420739046914161 -4.75 -0.43999237667428526
    endloop
  endfacet
  facet normal -0.9978589232386035 0 0.06540312923014345
    outer loop
      vertex 1.7 -4.75 0
      vertex 1.7 4.75 0
      vertex 1.6854562643354776 -4.75 -0.22189452677408766
    endloop
  endfacet
  facet normal -0.5555702330196026 0 0.831469612302545
    outer loop
      vertex 0.85 -4.75 -1.4722431864335457
      vertex 1.034894429314825 4.75 -1.3487006784950997
      vertex 0.85 4.75 -1.4722431864335457
    endloop
  endfacet
  facet normal -0.659345815100068 0 0.751839807478978
    outer loop
      vertex 1.034894429314825 -4.75 -1.3487006784950997
      vertex 1.2020815280171309 4.75 -1.2020815280171309
      vertex 1.034894429314825 4.75 -1.3487006784950997
    endloop
  endfacet
  facet normal -0.751839807478978 0 0.659345815100068
    outer loop
      vertex 1.2020815280171309 -4.75 -1.2020815280171309
      vertex 1.3487006784950997 4.75 -1.034894429314825
      vertex 1.2020815280171309 4.75 -1.2020815280171309
    endloop
  endfacet
  facet normal -0.831469612302545 0 0.5555702330196026
    outer loop
      vertex 1.3487006784950997 -4.75 -1.034894429314825
      vertex 1.4722431864335457 4.75 -0.85
      vertex 1.3487006784950997 4.75 -1.034894429314825
    endloop
  endfacet
  facet normal -0.8968727415326884 0 0.4422886902190009
    outer loop
      vertex 1.4722431864335457 -4.75 -0.85
      vertex 1.5705952052691874 4.75 -0.6505618350206526
      vertex 1.4722431864335457 4.75 -0.85
    endloop
  endfacet
  facet normal -0.9469301294951054 0 0.3214394653031621
    outer loop
      vertex 1.5705952052691874 -4.75 -0.6505618350206526
      vertex 1.6420739046914161 4.75 -0.43999237667428526
      vertex 1.5705952052691874 4.75 -0.6505618350206526
    endloop
  endfacet
  facet normal -0.9807852804032307 0 0.19509032201612758
    outer loop
      vertex 1.6420739046914161 -4.75 -0.43999237667428526
      vertex 1.6854562643354776 4.75 -0.22189452677408766
      vertex 1.6420739046914161 4.75 -0.43999237667428526
    endloop
  endfacet
  facet normal -0.9978589232386035 1.9721328287969126e-20 0.06540312923014345
    outer loop
      vertex 1.7 4.75 0
      vertex 1.6854562643354776 4.75 -0.22189452677408766
      vertex 1.6854562643354776 -4.75 -0.22189452677408766
    endloop
  endfacet
  facet normal -0.9978589232386035 0 -0.06540312923014345
    outer loop
      vertex 1.6854562643354776 -15.25 0.22189452677408766
      vertex 1.7 -24.75 0
      vertex 1.6854562643354776 -24.75 0.22189452677408766
    endloop
  endfacet
  facet normal -0.9807852804032307 0 -0.19509032201612758
    outer loop
      vertex 1.6420739046914161 -15.25 0.43999237667428526
      vertex 1.6854562643354776 -24.75 0.22189452677408766
      vertex 1.6420739046914161 -24.75 0.43999237667428526
    endloop
  endfacet
  facet normal -0.9469301294951054 2.2306081330534577e-19 -0.3214394653031621
    outer loop
      vertex 1.6420739046914161 -24.75 0.43999237667428526
      vertex 1.5705952052691874 -24.75 0.6505618350206526
      vertex 1.5705952052691874 -15.25 0.6505618350206526
    endloop
  endfacet
  facet normal -0.8968727415326884 0 -0.4422886902190009
    outer loop
      vertex 1.4722431864335457 -15.25 0.85
      vertex 1.5705952052691874 -24.75 0.6505618350206526
      vertex 1.4722431864335457 -24.75 0.85
    endloop
  endfacet
  facet normal -0.831469612302545 0 -0.5555702330196026
    outer loop
      vertex 1.3487006784950997 -15.25 1.034894429314825
      vertex 1.4722431864335457 -24.75 0.85
      vertex 1.3487006784950997 -24.75 1.034894429314825
    endloop
  endfacet
  facet normal -0.751839807478978 -1.9968868705818855e-20 -0.659345815100068
    outer loop
      vertex 1.3487006784950997 -24.75 1.034894429314825
      vertex 1.2020815280171309 -24.75 1.2020815280171309
      vertex 1.2020815280171309 -15.25 1.2020815280171309
    endloop
  endfacet
  facet normal -0.659345815100068 0 -0.751839807478978
    outer loop
      vertex 1.034894429314825 -15.25 1.3487006784950997
      vertex 1.2020815280171309 -24.75 1.2020815280171309
      vertex 1.034894429314825 -24.75 1.3487006784950997
    endloop
  endfacet
  facet normal -0.5555702330196026 0 -0.831469612302545
    outer loop
      vertex 0.85 -15.25 1.4722431864335457
      vertex 1.034894429314825 -24.75 1.3487006784950997
      vertex 0.85 -24.75 1.4722431864335457
    endloop
  endfacet
  facet normal -0.19509032201612758 0 -0.9807852804032307
    outer loop
      vertex 0.22189452677408766 -15.25 1.6854562643354776
      vertex 0.43999237667428526 -24.75 1.6420739046914161
      vertex 0.22189452677408766 -24.75 1.6854562643354776
    endloop
  endfacet
  facet normal -0.4422886902190009 0 -0.8968727415326884
    outer loop
      vertex 0.6505618350206526 -15.25 1.5705952052691874
      vertex 0.85 -24.75 1.4722431864335457
      vertex 0.6505618350206526 -24.75 1.5705952052691874
    endloop
  endfacet
  facet normal -0.3214394653031621 0 -0.9469301294951054
    outer loop
      vertex 0.43999237667428526 -15.25 1.6420739046914161
      vertex 0.6505618350206526 -24.75 1.5705952052691874
      vertex 0.43999237667428526 -24.75 1.6420739046914161
    endloop
  endfacet
  facet normal -0.06540312923014345 0 -0.9978589232386035
    outer loop
      vertex 0 -15.25 1.7
      vertex 0.22189452677408766 -24.75 1.6854562643354776
      vertex 0 -24.75 1.7
    endloop
  endfacet
  facet normal -0.9978589232386035 0 -0.06540312923014345
    outer loop
      vertex 1.7 -15.25 0
      vertex 1.7 -24.75 0
      vertex 1.6854562643354776 -15.25 0.22189452677408766
    endloop
  endfacet
  facet normal -0.9807852804032307 -1.8600634687477778e-19 -0.19509032201612758
    outer loop
      vertex 1.6420739046914161 -15.25 0.43999237667428526
      vertex 1.6854562643354776 -15.25 0.22189452677408766
      vertex 1.6854562643354776 -24.75 0.22189452677408766
    endloop
  endfacet
  facet normal -0.9469301294951054 0 -0.3214394653031621
    outer loop
      vertex 1.6420739046914161 -15.25 0.43999237667428526
      vertex 1.6420739046914161 -24.75 0.43999237667428526
      vertex 1.5705952052691874 -15.25 0.6505618350206526
    endloop
  endfacet
  facet normal -0.8968727415326884 0 -0.4422886902190009
    outer loop
      vertex 1.5705952052691874 -15.25 0.6505618350206526
      vertex 1.5705952052691874 -24.75 0.6505618350206526
      vertex 1.4722431864335457 -15.25 0.85
    endloop
  endfacet
  facet normal -0.831469612302545 0 -0.5555702330196026
    outer loop
      vertex 1.4722431864335457 -15.25 0.85
      vertex 1.4722431864335457 -24.75 0.85
      vertex 1.3487006784950997 -15.25 1.034894429314825
    endloop
  endfacet
  facet normal -0.751839807478978 0 -0.659345815100068
    outer loop
      vertex 1.3487006784950997 -15.25 1.034894429314825
      vertex 1.3487006784950997 -24.75 1.034894429314825
      vertex 1.2020815280171309 -15.25 1.2020815280171309
    endloop
  endfacet
  facet normal -0.659345815100068 -1.9968868705818855e-20 -0.751839807478978
    outer loop
      vertex 1.034894429314825 -15.25 1.3487006784950997
      vertex 1.2020815280171309 -15.25 1.2020815280171309
      vertex 1.2020815280171309 -24.75 1.2020815280171309
    endloop
  endfacet
  facet normal -0.5555702330196026 -5.839904031950727e-19 -0.831469612302545
    outer loop
      vertex 0.85 -15.25 1.4722431864335457
      vertex 1.034894429314825 -15.25 1.3487006784950997
      vertex 1.034894429314825 -24.75 1.3487006784950997
    endloop
  endfacet
  facet normal -0.4422886902190009 4.057667111325195e-19 -0.8968727415326884
    outer loop
      vertex 0.6505618350206526 -15.25 1.5705952052691874
      vertex 0.85 -15.25 1.4722431864335457
      vertex 0.85 -24.75 1.4722431864335457
    endloop
  endfacet
  facet normal -0.3214394653031621 2.2306081330534577e-19 -0.9469301294951054
    outer loop
      vertex 0.43999237667428526 -15.25 1.6420739046914161
      vertex 0.6505618350206526 -15.25 1.5705952052691874
      vertex 0.6505618350206526 -24.75 1.5705952052691874
    endloop
  endfacet
  facet normal -0.19509032201612758 -1.8600634687477778e-19 -0.9807852804032307
    outer loop
      vertex 0.22189452677408766 -15.25 1.6854562643354776
      vertex 0.43999237667428526 -15.25 1.6420739046914161
      vertex 0.43999237667428526 -24.75 1.6420739046914161
    endloop
  endfacet
  facet normal -0.06540312923014345 -1.9721328287969126e-20 -0.9978589232386035
    outer loop
      vertex 0 -15.25 1.7
      vertex 0.22189452677408766 -15.25 1.6854562643354776
      vertex 0.22189452677408766 -24.75 1.6854562643354776
    endloop
  endfacet
  facet normal 0.9978589232386035 0 -0.06540312923014345
    outer loop
      vertex -1.7 -25.97514256033281 0
      vertex -1.7 25.97514256033281 0
      vertex -1.6854562643354776 -25.972249631441237 0.22189452677408766
    endloop
  endfacet
  facet normal 0.9807852804032304 0 -0.19509032201612753
    outer loop
      vertex -1.6854562643354776 -25.972249631441237 0.22189452677408766
      vertex -1.6854562643354776 25.972249631441237 0.22189452677408766
      vertex -1.6420739046914161 -25.96362034358192 0.43999237667428526
    endloop
  endfacet
  facet normal 0.9469301294951055 -4.080859484075399e-20 -0.3214394653031621
    outer loop
      vertex -1.5705952052691874 -25.949402346262623 0.6505618350206526
      vertex -1.6420739046914161 -25.96362034358192 0.43999237667428526
      vertex -1.6420739046914161 25.96362034358192 0.43999237667428526
    endloop
  endfacet
  facet normal 0.8968727415326885 0 -0.4422886902190011
    outer loop
      vertex -1.5705952052691874 -25.949402346262623 0.6505618350206526
      vertex -1.5705952052691874 25.949402346262623 0.6505618350206526
      vertex -1.4823619097949603 -25.931851652578136 0.829481258818829
    endloop
  endfacet
  facet normal 0.8968727415326889 0 -0.4422886902190001
    outer loop
      vertex -1.4823619097949603 -25.931851652578136 0.829481258818829
      vertex -1.4823619097949603 25.931851652578136 0.829481258818829
      vertex -1.4722431864335457 -25.928416808838843 0.85
    endloop
  endfacet
  facet normal 0.831469612302545 0 -0.5555702330196026
    outer loop
      vertex -1.4722431864335457 -25.928416808838843 0.85
      vertex -1.4722431864335457 25.928416808838843 0.85
      vertex -1.3487006784950997 -25.886479778368475 1.034894429314825
    endloop
  endfacet
  facet normal 0.751839807478978 0 -0.6593458151000681
    outer loop
      vertex -1.3487006784950997 -25.886479778368475 1.034894429314825
      vertex -1.3487006784950997 25.886479778368475 1.034894429314825
      vertex -1.2346331352698208 -25.847759065022572 1.1649635338333362
    endloop
  endfacet
  facet normal 0.7518398074789783 0 -0.659345815100068
    outer loop
      vertex -1.2346331352698208 -25.847759065022572 1.1649635338333362
      vertex -1.2346331352698208 25.847759065022572 1.1649635338333362
      vertex -1.2020815280171309 -25.83170638879594 1.2020815280171309
    endloop
  endfacet
  facet normal 0.6593458151000681 3.671926466064977e-21 -0.7518398074789782
    outer loop
      vertex -1.034894429314825 -25.749258835779457 1.3487006784950997
      vertex -1.2020815280171309 -25.83170638879594 1.2020815280171309
      vertex -1.2020815280171309 25.83170638879594 1.2020815280171309
    endloop
  endfacet
  facet normal 0.5555702330196011 1.370872232614878e-21 -0.8314696123025459
    outer loop
      vertex -1 -25.73205080756888 1.3720163907456506
      vertex -1.034894429314825 -25.749258835779457 1.3487006784950997
      vertex -1.034894429314825 25.749258835779457 1.3487006784950997
    endloop
  endfacet
  facet normal 0.5555702330196031 1.8643688491225164e-18 -0.8314696123025448
    outer loop
      vertex -0.85 -25.631824011880983 1.4722431864335457
      vertex -1 -25.73205080756888 1.3720163907456506
      vertex -1.034894429314825 25.749258835779457 1.3487006784950997
    endloop
  endfacet
  facet normal 0.44228869021900163 1.727684033391618e-20 -0.8968727415326881
    outer loop
      vertex -0.7824771419825574 -25.58670668058247 1.5055417750174087
      vertex -0.85 -25.631824011880983 1.4722431864335457
      vertex -0.85 25.631824011880983 1.4722431864335457
    endloop
  endfacet
  facet normal 0.44228869021900064 -1.6099347460680006e-18 -0.8968727415326887
    outer loop
      vertex -0.7824771419825574 -25.58670668058247 1.5055417750174087
      vertex -0.85 25.631824011880983 1.4722431864335457
      vertex -0.6505618350206526 -25.471020061268415 1.5705952052691874
    endloop
  endfacet
  facet normal 0.3214394653031623 1.4753029577293437e-20 -0.9469301294951054
    outer loop
      vertex -0.5857864376269042 -25.414213562373096 1.592583489784063
      vertex -0.6505618350206526 -25.471020061268415 1.5705952052691874
      vertex -0.6505618350206526 25.471020061268415 1.5705952052691874
    endloop
  endfacet
  facet normal 0.32143946530316203 -3.537378392287194e-19 -0.9469301294951055
    outer loop
      vertex -0.5857864376269042 -25.414213562373096 1.592583489784063
      vertex -0.6505618350206526 25.471020061268415 1.5705952052691874
      vertex -0.43999237667428526 -25.247967297957874 1.6420739046914161
    endloop
  endfacet
  facet normal 0.19509032201612822 7.374595581037613e-21 -0.9807852804032305
    outer loop
      vertex -0.4132933194175301 -25.217522858017443 1.6473846773771623
      vertex -0.43999237667428526 -25.247967297957874 1.6420739046914161
      vertex -0.43999237667428526 25.247967297957874 1.6420739046914161
    endloop
  endfacet
  facet normal 0.19509032201612767 -2.996152979571454e-19 -0.9807852804032305
    outer loop
      vertex -0.4132933194175301 -25.217522858017443 1.6473846773771623
      vertex -0.43999237667428526 25.247967297957874 1.6420739046914161
      vertex -0.2679491924311215 -25 1.6762954217607584
    endloop
  endfacet
  facet normal 0.19509032201612697 0 -0.9807852804032309
    outer loop
      vertex -0.2679491924311215 -25 1.6762954217607584
      vertex -0.2679491924311215 25 1.6762954217607584
      vertex -0.22189452677408766 -24.90661037652185 1.6854562643354776
    endloop
  endfacet
  facet normal 0.06540312923014259 -3.654308752280326e-21 -0.9978589232386035
    outer loop
      vertex -0.15224093497742786 -24.76536686473018 1.6900216019393497
      vertex -0.22189452677408766 -24.90661037652185 1.6854562643354776
      vertex -0.22189452677408766 24.90661037652185 1.6854562643354776
    endloop
  endfacet
  facet normal 0.06540312923016238 2.7870663281052496e-17 -0.9978589232386021
    outer loop
      vertex -0.15224093497742786 -24.76536686473018 1.6900216019393497
      vertex -0.22189452677408766 24.90661037652185 1.6854562643354776
      vertex -0.14702458729939114 -24.75 1.6903634994294165
    endloop
  endfacet
  facet normal 0.06540312923014317 -1.2080380999487743e-18 -0.9978589232386035
    outer loop
      vertex -0.14702458729939114 -24.75 1.6903634994294165
      vertex -0.22189452677408766 24.90661037652185 1.6854562643354776
      vertex 0 -24.75 1.7
    endloop
  endfacet
  facet normal 0.06540312923014345 0 -0.9978589232386035
    outer loop
      vertex 0 -15.25 1.7
      vertex 0 -24.75 1.7
      vertex -0.22189452677408766 24.90661037652185 1.6854562643354776
    endloop
  endfacet
  facet normal -0.9978589232386035 -1.9721328287969126e-20 -0.06540312923014345
    outer loop
      vertex 1.7 -4.75 0
      vertex 1.6854562643354776 -4.75 0.22189452677408766
      vertex 1.6854562643354776 4.75 0.22189452677408766
    endloop
  endfacet
  facet normal -0.9807852804032307 0 -0.19509032201612758
    outer loop
      vertex 1.6420739046914161 4.75 0.43999237667428526
      vertex 1.6854562643354776 -4.75 0.22189452677408766
      vertex 1.6420739046914161 -4.75 0.43999237667428526
    endloop
  endfacet
  facet normal -0.9469301294951054 0 -0.3214394653031621
    outer loop
      vertex 1.5705952052691874 -4.75 0.6505618350206526
      vertex 1.5705952052691874 4.75 0.6505618350206526
      vertex 1.6420739046914161 -4.75 0.43999237667428526
    endloop
  endfacet
  facet normal -0.8968727415326884 0 -0.4422886902190009
    outer loop
      vertex 1.4722431864335457 -4.75 0.85
      vertex 1.4722431864335457 4.75 0.85
      vertex 1.5705952052691874 -4.75 0.6505618350206526
    endloop
  endfacet
  facet normal -0.831469612302545 0 -0.5555702330196026
    outer loop
      vertex 1.3487006784950997 4.75 1.034894429314825
      vertex 1.4722431864335457 -4.75 0.85
      vertex 1.3487006784950997 -4.75 1.034894429314825
    endloop
  endfacet
  facet normal -0.751839807478978 -1.9968868705818855e-20 -0.659345815100068
    outer loop
      vertex 1.3487006784950997 -4.75 1.034894429314825
      vertex 1.2020815280171309 -4.75 1.2020815280171309
      vertex 1.2020815280171309 4.75 1.2020815280171309
    endloop
  endfacet
  facet normal -0.659345815100068 -1.9968868705818855e-20 -0.751839807478978
    outer loop
      vertex 1.2020815280171309 -4.75 1.2020815280171309
      vertex 1.034894429314825 -4.75 1.3487006784950997
      vertex 1.034894429314825 4.75 1.3487006784950997
    endloop
  endfacet
  facet normal -0.5555702330196026 -5.839904031950727e-19 -0.831469612302545
    outer loop
      vertex 1.034894429314825 -4.75 1.3487006784950997
      vertex 0.85 -4.75 1.4722431864335457
      vertex 0.85 4.75 1.4722431864335457
    endloop
  endfacet
  facet normal -0.9978589232386035 0 -0.06540312923014345
    outer loop
      vertex 1.7 -4.75 0
      vertex 1.6854562643354776 4.75 0.22189452677408766
      vertex 1.7 4.75 0
    endloop
  endfacet
  facet normal -0.9807852804032307 0 -0.19509032201612758
    outer loop
      vertex 1.6854562643354776 -4.75 0.22189452677408766
      vertex 1.6420739046914161 4.75 0.43999237667428526
      vertex 1.6854562643354776 4.75 0.22189452677408766
    endloop
  endfacet
  facet normal -0.9469301294951054 0 -0.3214394653031621
    outer loop
      vertex 1.6420739046914161 -4.75 0.43999237667428526
      vertex 1.5705952052691874 4.75 0.6505618350206526
      vertex 1.6420739046914161 4.75 0.43999237667428526
    endloop
  endfacet
  facet normal -0.8968727415326884 0 -0.4422886902190009
    outer loop
      vertex 1.5705952052691874 -4.75 0.6505618350206526
      vertex 1.4722431864335457 4.75 0.85
      vertex 1.5705952052691874 4.75 0.6505618350206526
    endloop
  endfacet
  facet normal -0.831469612302545 0 -0.5555702330196026
    outer loop
      vertex 1.4722431864335457 -4.75 0.85
      vertex 1.3487006784950997 4.75 1.034894429314825
      vertex 1.4722431864335457 4.75 0.85
    endloop
  endfacet
  facet normal -0.751839807478978 0 -0.659345815100068
    outer loop
      vertex 1.3487006784950997 -4.75 1.034894429314825
      vertex 1.2020815280171309 4.75 1.2020815280171309
      vertex 1.3487006784950997 4.75 1.034894429314825
    endloop
  endfacet
  facet normal -0.659345815100068 -1.9968868705818855e-20 -0.751839807478978
    outer loop
      vertex 1.034894429314825 4.75 1.3487006784950997
      vertex 1.2020815280171309 4.75 1.2020815280171309
      vertex 1.2020815280171309 -4.75 1.2020815280171309
    endloop
  endfacet
  facet normal -0.5555702330196026 0 -0.831469612302545
    outer loop
      vertex 1.034894429314825 -4.75 1.3487006784950997
      vertex 0.85 4.75 1.4722431864335457
      vertex 1.034894429314825 4.75 1.3487006784950997
    endloop
  endfacet
  facet normal -0.19509032201612758 -1.8600634687477778e-19 -0.9807852804032307
    outer loop
      vertex 0.43999237667428526 -4.75 1.6420739046914161
      vertex 0.22189452677408766 -4.75 1.6854562643354776
      vertex 0.22189452677408766 4.75 1.6854562643354776
    endloop
  endfacet
  facet normal -0.4422886902190009 4.057667111325195e-19 -0.8968727415326884
    outer loop
      vertex 0.85 -4.75 1.4722431864335457
      vertex 0.6505618350206526 -4.75 1.5705952052691874
      vertex 0.6505618350206526 4.75 1.5705952052691874
    endloop
  endfacet
  facet normal -0.3214394653031621 0 -0.9469301294951054
    outer loop
      vertex 0.43999237667428526 4.75 1.6420739046914161
      vertex 0.6505618350206526 -4.75 1.5705952052691874
      vertex 0.43999237667428526 -4.75 1.6420739046914161
    endloop
  endfacet
  facet normal -0.06540312923014345 -1.9721328287969126e-20 -0.9978589232386035
    outer loop
      vertex 0.22189452677408766 -4.75 1.6854562643354776
      vertex 0 -4.75 1.7
      vertex 0 4.75 1.7
    endloop
  endfacet
  facet normal -0.4422886902190009 4.057667111325195e-19 -0.8968727415326884
    outer loop
      vertex 0.6505618350206526 4.75 1.5705952052691874
      vertex 0.85 4.75 1.4722431864335457
      vertex 0.85 -4.75 1.4722431864335457
    endloop
  endfacet
  facet normal -0.3214394653031621 2.2306081330534577e-19 -0.9469301294951054
    outer loop
      vertex 0.43999237667428526 4.75 1.6420739046914161
      vertex 0.6505618350206526 4.75 1.5705952052691874
      vertex 0.6505618350206526 -4.75 1.5705952052691874
    endloop
  endfacet
  facet normal -0.19509032201612758 0 -0.9807852804032307
    outer loop
      vertex 0.43999237667428526 -4.75 1.6420739046914161
      vertex 0.22189452677408766 4.75 1.6854562643354776
      vertex 0.43999237667428526 4.75 1.6420739046914161
    endloop
  endfacet
  facet normal 0.06540312923014345 0 -0.9978589232386035
    outer loop
      vertex 0 -4.75 1.7
      vertex 0 -15.25 1.7
      vertex -0.22189452677408766 24.90661037652185 1.6854562643354776
    endloop
  endfacet
  facet normal -0.06540312923014345 0 -0.9978589232386035
    outer loop
      vertex 0.22189452677408766 -4.75 1.6854562643354776
      vertex 0 4.75 1.7
      vertex 0.22189452677408766 4.75 1.6854562643354776
    endloop
  endfacet
  facet normal 0.06540312923014345 0 0.9978589232386035
    outer loop
      vertex 0 15.25 -1.7
      vertex 0 24.75 -1.7
      vertex -0.22189452677408766 -24.90661037652185 -1.6854562643354776
    endloop
  endfacet
  facet normal 0.44228869021900064 1.6099347460680006e-18 0.8968727415326887
    outer loop
      vertex -0.7824771419825574 25.58670668058247 -1.5055417750174087
      vertex -0.85 -25.631824011880983 -1.4722431864335457
      vertex -0.6505618350206526 25.471020061268415 -1.5705952052691874
    endloop
  endfacet
  facet normal 0.32143946530316203 2.821628553554498e-19 0.9469301294951055
    outer loop
      vertex -0.43999237667428526 25.247967297957874 -1.6420739046914161
      vertex -0.5857864376269042 25.414213562373096 -1.592583489784063
      vertex -0.6505618350206526 -25.471020061268415 -1.5705952052691874
    endloop
  endfacet
  facet normal 0.19509032201612767 3.4829439745122645e-19 0.9807852804032305
    outer loop
      vertex -0.2679491924311215 25 -1.6762954217607584
      vertex -0.4132933194175301 25.217522858017443 -1.6473846773771623
      vertex -0.43999237667428526 -25.247967297957874 -1.6420739046914161
    endloop
  endfacet
  facet normal 0.19509032201612822 -7.374595581037613e-21 0.9807852804032305
    outer loop
      vertex -0.4132933194175301 25.217522858017443 -1.6473846773771623
      vertex -0.43999237667428526 25.247967297957874 -1.6420739046914161
      vertex -0.43999237667428526 -25.247967297957874 -1.6420739046914161
    endloop
  endfacet
  facet normal 0.19509032201612697 0 0.9807852804032309
    outer loop
      vertex -0.2679491924311215 -25 -1.6762954217607584
      vertex -0.22189452677408766 24.90661037652185 -1.6854562643354776
      vertex -0.2679491924311215 25 -1.6762954217607584
    endloop
  endfacet
  facet normal 0.06540312923014259 3.654308752280326e-21 0.9978589232386035
    outer loop
      vertex -0.15224093497742786 24.76536686473018 -1.6900216019393497
      vertex -0.22189452677408766 24.90661037652185 -1.6854562643354776
      vertex -0.22189452677408766 -24.90661037652185 -1.6854562643354776
    endloop
  endfacet
  facet normal 0.3214394653031623 -1.4753029577293437e-20 0.9469301294951054
    outer loop
      vertex -0.5857864376269042 25.414213562373096 -1.592583489784063
      vertex -0.6505618350206526 25.471020061268415 -1.5705952052691874
      vertex -0.6505618350206526 -25.471020061268415 -1.5705952052691874
    endloop
  endfacet
  facet normal 0.0654031292301624 -2.786036946630296e-17 0.9978589232386021
    outer loop
      vertex -0.14702458729939114 24.75 -1.6903634994294165
      vertex -0.15224093497742786 24.76536686473018 -1.6900216019393497
      vertex -0.22189452677408766 -24.90661037652185 -1.6854562643354776
    endloop
  endfacet
  facet normal 0.06540312923014317 1.2080380999487743e-18 0.9978589232386035
    outer loop
      vertex -0.14702458729939114 24.75 -1.6903634994294165
      vertex -0.22189452677408766 -24.90661037652185 -1.6854562643354776
      vertex 0 24.75 -1.7
    endloop
  endfacet
  facet normal 0.7518398074789783 0 0.659345815100068
    outer loop
      vertex -1.2346331352698208 -25.847759065022572 -1.1649635338333362
      vertex -1.2020815280171309 25.83170638879594 -1.2020815280171309
      vertex -1.2346331352698208 25.847759065022572 -1.1649635338333362
    endloop
  endfacet
  facet normal 0.44228869021900163 -1.727684033391618e-20 0.8968727415326881
    outer loop
      vertex -0.7824771419825574 25.58670668058247 -1.5055417750174087
      vertex -0.85 25.631824011880983 -1.4722431864335457
      vertex -0.85 -25.631824011880983 -1.4722431864335457
    endloop
  endfacet
  facet normal 0.5555702330196031 -1.8643688491225164e-18 0.8314696123025448
    outer loop
      vertex -0.85 25.631824011880983 -1.4722431864335457
      vertex -1 25.73205080756888 -1.3720163907456506
      vertex -1.034894429314825 -25.749258835779457 -1.3487006784950997
    endloop
  endfacet
  facet normal 0.5555702330196011 -1.370872232614878e-21 0.8314696123025459
    outer loop
      vertex -1 25.73205080756888 -1.3720163907456506
      vertex -1.034894429314825 25.749258835779457 -1.3487006784950997
      vertex -1.034894429314825 -25.749258835779457 -1.3487006784950997
    endloop
  endfacet
  facet normal 0.6593458151000681 -3.671926466064977e-21 0.7518398074789782
    outer loop
      vertex -1.034894429314825 25.749258835779457 -1.3487006784950997
      vertex -1.2020815280171309 25.83170638879594 -1.2020815280171309
      vertex -1.2020815280171309 -25.83170638879594 -1.2020815280171309
    endloop
  endfacet
  facet normal 0.751839807478978 0 0.6593458151000681
    outer loop
      vertex -1.3487006784950997 25.886479778368475 -1.034894429314825
      vertex -1.3487006784950997 -25.886479778368475 -1.034894429314825
      vertex -1.2346331352698208 25.847759065022572 -1.1649635338333362
    endloop
  endfacet
  facet normal 0.831469612302545 0 0.5555702330196026
    outer loop
      vertex -1.4722431864335457 -25.928416808838843 -0.85
      vertex -1.3487006784950997 25.886479778368475 -1.034894429314825
      vertex -1.4722431864335457 25.928416808838843 -0.85
    endloop
  endfacet
  facet normal 0.8968727415326889 0 0.4422886902190001
    outer loop
      vertex -1.4823619097949603 -25.931851652578136 -0.829481258818829
      vertex -1.4722431864335457 25.928416808838843 -0.85
      vertex -1.4823619097949603 25.931851652578136 -0.829481258818829
    endloop
  endfacet
  facet normal 0.8968727415326885 0 0.4422886902190011
    outer loop
      vertex -1.5705952052691874 25.949402346262623 -0.6505618350206526
      vertex -1.5705952052691874 -25.949402346262623 -0.6505618350206526
      vertex -1.4823619097949603 25.931851652578136 -0.829481258818829
    endloop
  endfacet
  facet normal 0.9469301294951055 4.080859484075399e-20 0.3214394653031621
    outer loop
      vertex -1.5705952052691874 25.949402346262623 -0.6505618350206526
      vertex -1.6420739046914161 25.96362034358192 -0.43999237667428526
      vertex -1.6420739046914161 -25.96362034358192 -0.43999237667428526
    endloop
  endfacet
  facet normal 0.9807852804032304 0 0.19509032201612753
    outer loop
      vertex -1.6854562643354776 25.972249631441237 -0.22189452677408766
      vertex -1.6854562643354776 -25.972249631441237 -0.22189452677408766
      vertex -1.6420739046914161 25.96362034358192 -0.43999237667428526
    endloop
  endfacet
  facet normal 0.9978589232386035 0 0.06540312923014345
    outer loop
      vertex -1.7 25.97514256033281 0
      vertex -1.7 -25.97514256033281 0
      vertex -1.6854562643354776 25.972249631441237 -0.22189452677408766
    endloop
  endfacet
  facet normal -0.06540312923014345 0 0.9978589232386035
    outer loop
      vertex 0.22189452677408766 24.75 -1.6854562643354776
      vertex 0 15.25 -1.7
      vertex 0.22189452677408766 15.25 -1.6854562643354776
    endloop
  endfacet
  facet normal -0.19509032201612758 0 0.9807852804032307
    outer loop
      vertex 0.43999237667428526 24.75 -1.6420739046914161
      vertex 0.22189452677408766 15.25 -1.6854562643354776
      vertex 0.43999237667428526 15.25 -1.6420739046914161
    endloop
  endfacet
  facet normal -0.3214394653031621 -2.2306081330534577e-19 0.9469301294951054
    outer loop
      vertex 0.43999237667428526 15.25 -1.6420739046914161
      vertex 0.6505618350206526 15.25 -1.5705952052691874
      vertex 0.6505618350206526 24.75 -1.5705952052691874
    endloop
  endfacet
  facet normal -0.4422886902190009 0 0.8968727415326884
    outer loop
      vertex 0.85 24.75 -1.4722431864335457
      vertex 0.6505618350206526 15.25 -1.5705952052691874
      vertex 0.85 15.25 -1.4722431864335457
    endloop
  endfacet
  facet normal -0.5555702330196026 0 0.831469612302545
    outer loop
      vertex 1.034894429314825 24.75 -1.3487006784950997
      vertex 0.85 15.25 -1.4722431864335457
      vertex 1.034894429314825 15.25 -1.3487006784950997
    endloop
  endfacet
  facet normal -0.659345815100068 1.9968868705818855e-20 0.751839807478978
    outer loop
      vertex 1.034894429314825 15.25 -1.3487006784950997
      vertex 1.2020815280171309 15.25 -1.2020815280171309
      vertex 1.2020815280171309 24.75 -1.2020815280171309
    endloop
  endfacet
  facet normal -0.751839807478978 0 0.659345815100068
    outer loop
      vertex 1.3487006784950997 24.75 -1.034894429314825
      vertex 1.2020815280171309 15.25 -1.2020815280171309
      vertex 1.3487006784950997 15.25 -1.034894429314825
    endloop
  endfacet
  facet normal -0.831469612302545 0 0.5555702330196026
    outer loop
      vertex 1.4722431864335457 24.75 -0.85
      vertex 1.3487006784950997 15.25 -1.034894429314825
      vertex 1.4722431864335457 15.25 -0.85
    endloop
  endfacet
  facet normal -0.8968727415326884 0 0.4422886902190009
    outer loop
      vertex 1.5705952052691874 24.75 -0.6505618350206526
      vertex 1.4722431864335457 15.25 -0.85
      vertex 1.5705952052691874 15.25 -0.6505618350206526
    endloop
  endfacet
  facet normal -0.9469301294951054 0 0.3214394653031621
    outer loop
      vertex 1.6420739046914161 24.75 -0.43999237667428526
      vertex 1.5705952052691874 15.25 -0.6505618350206526
      vertex 1.6420739046914161 15.25 -0.43999237667428526
    endloop
  endfacet
  facet normal -0.9807852804032307 0 0.19509032201612758
    outer loop
      vertex 1.6854562643354776 24.75 -0.22189452677408766
      vertex 1.6420739046914161 15.25 -0.43999237667428526
      vertex 1.6854562643354776 15.25 -0.22189452677408766
    endloop
  endfacet
  facet normal -0.9978589232386035 0 0.06540312923014345
    outer loop
      vertex 1.7 24.75 0
      vertex 1.6854562643354776 15.25 -0.22189452677408766
      vertex 1.7 15.25 0
    endloop
  endfacet
  facet normal -0.06540312923014345 1.9721328287969126e-20 0.9978589232386035
    outer loop
      vertex 0.22189452677408766 24.75 -1.6854562643354776
      vertex 0 24.75 -1.7
      vertex 0 15.25 -1.7
    endloop
  endfacet
  facet normal -0.19509032201612758 1.8600634687477778e-19 0.9807852804032307
    outer loop
      vertex 0.43999237667428526 24.75 -1.6420739046914161
      vertex 0.22189452677408766 24.75 -1.6854562643354776
      vertex 0.22189452677408766 15.25 -1.6854562643354776
    endloop
  endfacet
  facet normal -0.3214394653031621 0 0.9469301294951054
    outer loop
      vertex 0.43999237667428526 15.25 -1.6420739046914161
      vertex 0.6505618350206526 24.75 -1.5705952052691874
      vertex 0.43999237667428526 24.75 -1.6420739046914161
    endloop
  endfacet
  facet normal -0.4422886902190009 0 0.8968727415326884
    outer loop
      vertex 0.6505618350206526 15.25 -1.5705952052691874
      vertex 0.85 24.75 -1.4722431864335457
      vertex 0.6505618350206526 24.75 -1.5705952052691874
    endloop
  endfacet
  facet normal -0.5555702330196026 5.839904031950727e-19 0.831469612302545
    outer loop
      vertex 1.034894429314825 24.75 -1.3487006784950997
      vertex 0.85 24.75 -1.4722431864335457
      vertex 0.85 15.25 -1.4722431864335457
    endloop
  endfacet
  facet normal -0.659345815100068 1.9968868705818855e-20 0.751839807478978
    outer loop
      vertex 1.2020815280171309 24.75 -1.2020815280171309
      vertex 1.034894429314825 24.75 -1.3487006784950997
      vertex 1.034894429314825 15.25 -1.3487006784950997
    endloop
  endfacet
  facet normal -0.751839807478978 0 0.659345815100068
    outer loop
      vertex 1.2020815280171309 24.75 -1.2020815280171309
      vertex 1.2020815280171309 15.25 -1.2020815280171309
      vertex 1.3487006784950997 24.75 -1.034894429314825
    endloop
  endfacet
  facet normal -0.831469612302545 0 0.5555702330196026
    outer loop
      vertex 1.3487006784950997 15.25 -1.034894429314825
      vertex 1.4722431864335457 24.75 -0.85
      vertex 1.3487006784950997 24.75 -1.034894429314825
    endloop
  endfacet
  facet normal -0.8968727415326884 0 0.4422886902190009
    outer loop
      vertex 1.4722431864335457 24.75 -0.85
      vertex 1.4722431864335457 15.25 -0.85
      vertex 1.5705952052691874 24.75 -0.6505618350206526
    endloop
  endfacet
  facet normal -0.9469301294951054 -2.2306081330534577e-19 0.3214394653031621
    outer loop
      vertex 1.6420739046914161 24.75 -0.43999237667428526
      vertex 1.5705952052691874 24.75 -0.6505618350206526
      vertex 1.5705952052691874 15.25 -0.6505618350206526
    endloop
  endfacet
  facet normal -0.9807852804032307 0 0.19509032201612758
    outer loop
      vertex 1.6420739046914161 24.75 -0.43999237667428526
      vertex 1.6420739046914161 15.25 -0.43999237667428526
      vertex 1.6854562643354776 24.75 -0.22189452677408766
    endloop
  endfacet
  facet normal -0.9978589232386035 0 0.06540312923014345
    outer loop
      vertex 1.6854562643354776 24.75 -0.22189452677408766
      vertex 1.6854562643354776 15.25 -0.22189452677408766
      vertex 1.7 24.75 0
    endloop
  endfacet
  facet normal 0.44228869021900097 5.506833936798479e-19 0.8968727415326886
    outer loop
      vertex -0.85 27 -1.4722431864335457
      vertex -0.6505618350206526 27 -1.5705952052691874
      vertex -0.6505618350206526 34 -1.5705952052691874
    endloop
  endfacet
  facet normal 0.3214394653031621 3.0272538948582644e-19 0.9469301294951055
    outer loop
      vertex -0.6505618350206526 27 -1.5705952052691874
      vertex -0.43999237667428526 27 -1.6420739046914161
      vertex -0.43999237667428526 34 -1.6420739046914161
    endloop
  endfacet
  facet normal 0.19509032201612758 -2.5243718504434124e-19 0.9807852804032307
    outer loop
      vertex -0.43999237667428526 27 -1.6420739046914161
      vertex -0.22189452677408766 27 -1.6854562643354776
      vertex -0.22189452677408766 34 -1.6854562643354776
    endloop
  endfacet
  facet normal 0.06540312923014345 -2.676465981938667e-20 0.9978589232386034
    outer loop
      vertex -0.22189452677408766 27 -1.6854562643354776
      vertex 0 27 -1.7
      vertex 0 34 -1.7
    endloop
  endfacet
  facet normal -0.06540312923014345 2.676465981938667e-20 0.9978589232386034
    outer loop
      vertex 0 27 -1.7
      vertex 0.22189452677408766 27 -1.6854562643354776
      vertex 0.22189452677408766 34 -1.6854562643354776
    endloop
  endfacet
  facet normal -0.19509032201612758 2.5243718504434124e-19 0.9807852804032307
    outer loop
      vertex 0.22189452677408766 27 -1.6854562643354776
      vertex 0.43999237667428526 27 -1.6420739046914161
      vertex 0.43999237667428526 34 -1.6420739046914161
    endloop
  endfacet
  facet normal -0.3214394653031621 -3.0272538948582644e-19 0.9469301294951055
    outer loop
      vertex 0.43999237667428526 27 -1.6420739046914161
      vertex 0.6505618350206526 27 -1.5705952052691874
      vertex 0.6505618350206526 34 -1.5705952052691874
    endloop
  endfacet
  facet normal -0.44228869021900097 0 0.8968727415326886
    outer loop
      vertex 0.85 34 -1.4722431864335457
      vertex 0.6505618350206526 27 -1.5705952052691874
      vertex 0.85 27 -1.4722431864335457
    endloop
  endfacet
  facet normal 0.44228869021900097 5.506833936798479e-19 0.8968727415326886
    outer loop
      vertex -0.6505618350206526 34 -1.5705952052691874
      vertex -0.85 34 -1.4722431864335457
      vertex -0.85 27 -1.4722431864335457
    endloop
  endfacet
  facet normal 0.3214394653031621 3.0272538948582644e-19 0.9469301294951055
    outer loop
      vertex -0.43999237667428526 34 -1.6420739046914161
      vertex -0.6505618350206526 34 -1.5705952052691874
      vertex -0.6505618350206526 27 -1.5705952052691874
    endloop
  endfacet
  facet normal 0.19509032201612758 0 0.9807852804032307
    outer loop
      vertex -0.43999237667428526 27 -1.6420739046914161
      vertex -0.22189452677408766 34 -1.6854562643354776
      vertex -0.43999237667428526 34 -1.6420739046914161
    endloop
  endfacet
  facet normal 0.06540312923014345 0 0.9978589232386034
    outer loop
      vertex -0.22189452677408766 27 -1.6854562643354776
      vertex 0 34 -1.7
      vertex -0.22189452677408766 34 -1.6854562643354776
    endloop
  endfacet
  facet normal -0.06540312923014345 2.676465981938667e-20 0.9978589232386034
    outer loop
      vertex 0.22189452677408766 34 -1.6854562643354776
      vertex 0 34 -1.7
      vertex 0 27 -1.7
    endloop
  endfacet
  facet normal -0.19509032201612758 0 0.9807852804032307
    outer loop
      vertex 0.22189452677408766 27 -1.6854562643354776
      vertex 0.43999237667428526 34 -1.6420739046914161
      vertex 0.22189452677408766 34 -1.6854562643354776
    endloop
  endfacet
  facet normal -0.3214394653031621 0 0.9469301294951055
    outer loop
      vertex 0.43999237667428526 27 -1.6420739046914161
      vertex 0.6505618350206526 34 -1.5705952052691874
      vertex 0.43999237667428526 34 -1.6420739046914161
    endloop
  endfacet
  facet normal -0.44228869021900097 0 0.8968727415326886
    outer loop
      vertex 0.6505618350206526 27 -1.5705952052691874
      vertex 0.85 34 -1.4722431864335457
      vertex 0.6505618350206526 34 -1.5705952052691874
    endloop
  endfacet
  facet normal 0.7518398074789782 0 0.6593458151000681
    outer loop
      vertex -1.2020815280171309 34 -1.2020815280171309
      vertex -1.3487006784950997 27 -1.034894429314825
      vertex -1.2020815280171309 27 -1.2020815280171309
    endloop
  endfacet
  facet normal 0.5555702330196026 0 0.831469612302545
    outer loop
      vertex -0.85 34 -1.4722431864335457
      vertex -1.034894429314825 27 -1.3487006784950997
      vertex -0.85 27 -1.4722431864335457
    endloop
  endfacet
  facet normal 0.6593458151000681 0 0.7518398074789782
    outer loop
      vertex -1.034894429314825 34 -1.3487006784950997
      vertex -1.2020815280171309 27 -1.2020815280171309
      vertex -1.034894429314825 27 -1.3487006784950997
    endloop
  endfacet
  facet normal 0.831469612302545 0 0.5555702330196026
    outer loop
      vertex -1.3487006784950997 27 -1.034894429314825
      vertex -1.3487006784950997 34 -1.034894429314825
      vertex -1.4722431864335457 27 -0.85
    endloop
  endfacet
  facet normal 0.8968727415326886 5.506833936798479e-19 0.44228869021900097
    outer loop
      vertex -1.5705952052691874 27 -0.6505618350206526
      vertex -1.4722431864335457 27 -0.85
      vertex -1.4722431864335457 34 -0.85
    endloop
  endfacet
  facet normal -0.5555702330196026 0 0.831469612302545
    outer loop
      vertex 1.034894429314825 34 -1.3487006784950997
      vertex 0.85 27 -1.4722431864335457
      vertex 1.034894429314825 27 -1.3487006784950997
    endloop
  endfacet
  facet normal -0.6593458151000681 0 0.7518398074789782
    outer loop
      vertex 1.2020815280171309 34 -1.2020815280171309
      vertex 1.034894429314825 27 -1.3487006784950997
      vertex 1.2020815280171309 27 -1.2020815280171309
    endloop
  endfacet
  facet normal -0.7518398074789782 2.710060752932559e-20 0.6593458151000681
    outer loop
      vertex 1.2020815280171309 27 -1.2020815280171309
      vertex 1.3487006784950997 27 -1.034894429314825
      vertex 1.3487006784950997 34 -1.034894429314825
    endloop
  endfacet
  facet normal -0.831469612302545 0 0.5555702330196026
    outer loop
      vertex 1.4722431864335457 27 -0.85
      vertex 1.4722431864335457 34 -0.85
      vertex 1.3487006784950997 27 -1.034894429314825
    endloop
  endfacet
  facet normal 0.9469301294951055 0 0.3214394653031621
    outer loop
      vertex -1.5705952052691874 34 -0.6505618350206526
      vertex -1.6420739046914161 27 -0.43999237667428526
      vertex -1.5705952052691874 27 -0.6505618350206526
    endloop
  endfacet
  facet normal 0.9807852804032307 0 0.19509032201612758
    outer loop
      vertex -1.6420739046914161 27 -0.43999237667428526
      vertex -1.6420739046914161 34 -0.43999237667428526
      vertex -1.6854562643354776 27 -0.22189452677408766
    endloop
  endfacet
  facet normal 0.9978589232386034 0 0.06540312923014345
    outer loop
      vertex -1.6854562643354776 27 -0.22189452677408766
      vertex -1.6854562643354776 34 -0.22189452677408766
      vertex -1.7 27 0
    endloop
  endfacet
  facet normal -0.8968727415326886 -5.506833936798479e-19 0.44228869021900097
    outer loop
      vertex 1.4722431864335457 27 -0.85
      vertex 1.5705952052691874 27 -0.6505618350206526
      vertex 1.5705952052691874 34 -0.6505618350206526
    endloop
  endfacet
  facet normal -0.9469301294951055 0 0.3214394653031621
    outer loop
      vertex 1.6420739046914161 34 -0.43999237667428526
      vertex 1.5705952052691874 27 -0.6505618350206526
      vertex 1.6420739046914161 27 -0.43999237667428526
    endloop
  endfacet
  facet normal -0.9807852804032307 2.5243718504434124e-19 0.19509032201612758
    outer loop
      vertex 1.6420739046914161 27 -0.43999237667428526
      vertex 1.6854562643354776 27 -0.22189452677408766
      vertex 1.6854562643354776 34 -0.22189452677408766
    endloop
  endfacet
  facet normal -0.9978589232386034 0 0.06540312923014345
    outer loop
      vertex 1.7 27 0
      vertex 1.7 34 0
      vertex 1.6854562643354776 27 -0.22189452677408766
    endloop
  endfacet
  facet normal 0.5555702330196026 -7.925584043361702e-19 0.831469612302545
    outer loop
      vertex -0.85 34 -1.4722431864335457
      vertex -1.034894429314825 34 -1.3487006784950997
      vertex -1.034894429314825 27 -1.3487006784950997
    endloop
  endfacet
  facet normal 0.6593458151000681 0 0.7518398074789782
    outer loop
      vertex -1.2020815280171309 27 -1.2020815280171309
      vertex -1.034894429314825 34 -1.3487006784950997
      vertex -1.2020815280171309 34 -1.2020815280171309
    endloop
  endfacet
  facet normal 0.751839807478978 -6.535584667126028e-20 0.6593458151000681
    outer loop
      vertex -1.2020815280171309 34 -1.2020815280171309
      vertex -1.3024004752086027 34 -1.0876896926318058
      vertex -1.3487006784950997 27 -1.034894429314825
    endloop
  endfacet
  facet normal 0.7518398074789782 0 0.6593458151000681
    outer loop
      vertex -1.3487006784950997 27 -1.034894429314825
      vertex -1.3024004752086027 34 -1.0876896926318058
      vertex -1.3487006784950997 34 -1.034894429314825
    endloop
  endfacet
  facet normal 0.831469612302545 0 0.5555702330196026
    outer loop
      vertex -1.4722431864335457 27 -0.85
      vertex -1.3487006784950997 34 -1.034894429314825
      vertex -1.4722431864335457 34 -0.85
    endloop
  endfacet
  facet normal -0.5555702330196026 7.925584043361702e-19 0.831469612302545
    outer loop
      vertex 1.034894429314825 34 -1.3487006784950997
      vertex 0.85 34 -1.4722431864335457
      vertex 0.85 27 -1.4722431864335457
    endloop
  endfacet
  facet normal -0.6593458151000681 1.3309605278056981e-19 0.751839807478978
    outer loop
      vertex 1.14928626470015 34 -1.2483817313036278
      vertex 1.034894429314825 34 -1.3487006784950997
      vertex 1.034894429314825 27 -1.3487006784950997
    endloop
  endfacet
  facet normal -0.6593458151000681 1.4472093033761137e-19 0.7518398074789782
    outer loop
      vertex 1.14928626470015 34 -1.2483817313036278
      vertex 1.034894429314825 27 -1.3487006784950997
      vertex 1.2020815280171309 34 -1.2020815280171309
    endloop
  endfacet
  facet normal -0.7518398074789782 0 0.6593458151000681
    outer loop
      vertex 1.2020815280171309 34 -1.2020815280171309
      vertex 1.2020815280171309 27 -1.2020815280171309
      vertex 1.3487006784950997 34 -1.034894429314825
    endloop
  endfacet
  facet normal -0.831469612302545 0 0.5555702330196026
    outer loop
      vertex 1.3487006784950997 27 -1.034894429314825
      vertex 1.4722431864335457 34 -0.85
      vertex 1.3487006784950997 34 -1.034894429314825
    endloop
  endfacet
  facet normal -0.8968727415326886 0 0.44228869021900097
    outer loop
      vertex 1.4722431864335457 27 -0.85
      vertex 1.5705952052691874 34 -0.6505618350206526
      vertex 1.4722431864335457 34 -0.85
    endloop
  endfacet
  facet normal 0.8968727415326886 0 0.44228869021900097
    outer loop
      vertex -1.5705952052691874 34 -0.6505618350206526
      vertex -1.5705952052691874 27 -0.6505618350206526
      vertex -1.4722431864335457 34 -0.85
    endloop
  endfacet
  facet normal 0.9469301294951055 0 0.3214394653031621
    outer loop
      vertex -1.6420739046914161 27 -0.43999237667428526
      vertex -1.5705952052691874 34 -0.6505618350206526
      vertex -1.6420739046914161 34 -0.43999237667428526
    endloop
  endfacet
  facet normal 0.9807852804032307 0 0.19509032201612758
    outer loop
      vertex -1.6854562643354776 27 -0.22189452677408766
      vertex -1.6420739046914161 34 -0.43999237667428526
      vertex -1.6854562643354776 34 -0.22189452677408766
    endloop
  endfacet
  facet normal 0.9978589232386034 0 0.06540312923014345
    outer loop
      vertex -1.7 27 0
      vertex -1.6854562643354776 34 -0.22189452677408766
      vertex -1.7 34 0
    endloop
  endfacet
  facet normal -0.9469301294951055 0 0.3214394653031621
    outer loop
      vertex 1.5705952052691874 34 -0.6505618350206526
      vertex 1.5705952052691874 27 -0.6505618350206526
      vertex 1.6420739046914161 34 -0.43999237667428526
    endloop
  endfacet
  facet normal -0.9807852804032307 0 0.19509032201612758
    outer loop
      vertex 1.6420739046914161 27 -0.43999237667428526
      vertex 1.6854562643354776 34 -0.22189452677408766
      vertex 1.6420739046914161 34 -0.43999237667428526
    endloop
  endfacet
  facet normal -0.9978589232386034 0 0.06540312923014345
    outer loop
      vertex 1.6854562643354776 27 -0.22189452677408766
      vertex 1.7 34 0
      vertex 1.6854562643354776 34 -0.22189452677408766
    endloop
  endfacet
  facet normal 0.9978589232386035 0 -0.06540312923014344
    outer loop
      vertex -1.6854562643354776 -25.972249631441237 0.22189452677408766
      vertex -1.7 25.97514256033281 0
      vertex -1.6854562643354776 25.972249631441237 0.22189452677408766
    endloop
  endfacet
  facet normal 0.9807852804032305 0 -0.19509032201612758
    outer loop
      vertex -1.6420739046914161 -25.96362034358192 0.43999237667428526
      vertex -1.6854562643354776 25.972249631441237 0.22189452677408766
      vertex -1.6420739046914161 25.96362034358192 0.43999237667428526
    endloop
  endfacet
  facet normal 0.9469301294951056 -4.083095437275045e-20 -0.3214394653031621
    outer loop
      vertex -1.6420739046914161 25.96362034358192 0.43999237667428526
      vertex -1.5705952052691874 25.949402346262623 0.6505618350206526
      vertex -1.5705952052691874 -25.949402346262623 0.6505618350206526
    endloop
  endfacet
  facet normal 0.8968727415326885 0 -0.44228869021900113
    outer loop
      vertex -1.4823619097949603 -25.931851652578136 0.829481258818829
      vertex -1.5705952052691874 25.949402346262623 0.6505618350206526
      vertex -1.4823619097949603 25.931851652578136 0.829481258818829
    endloop
  endfacet
  facet normal 0.8968727415326889 6.720982870597842e-21 -0.44228869021900014
    outer loop
      vertex -1.4823619097949603 25.931851652578136 0.829481258818829
      vertex -1.4722431864335457 25.928416808838843 0.85
      vertex -1.4722431864335457 -25.928416808838843 0.85
    endloop
  endfacet
  facet normal 0.831469612302545 0 -0.5555702330196026
    outer loop
      vertex -1.3487006784950997 -25.886479778368475 1.034894429314825
      vertex -1.4722431864335457 25.928416808838843 0.85
      vertex -1.3487006784950997 25.886479778368475 1.034894429314825
    endloop
  endfacet
  facet normal 0.7518398074789782 0 -0.6593458151000682
    outer loop
      vertex -1.2346331352698208 -25.847759065022572 1.1649635338333362
      vertex -1.3487006784950997 25.886479778368475 1.034894429314825
      vertex -1.2346331352698208 25.847759065022572 1.1649635338333362
    endloop
  endfacet
  facet normal 0.7518398074789782 6.317529506355361e-21 -0.659345815100068
    outer loop
      vertex -1.2346331352698208 25.847759065022572 1.1649635338333362
      vertex -1.2020815280171309 25.83170638879594 1.2020815280171309
      vertex -1.2020815280171309 -25.83170638879594 1.2020815280171309
    endloop
  endfacet
  facet normal 0.659345815100068 0 -0.751839807478978
    outer loop
      vertex -1.034894429314825 -25.749258835779457 1.3487006784950997
      vertex -1.2020815280171309 25.83170638879594 1.2020815280171309
      vertex -1.034894429314825 25.749258835779457 1.3487006784950997
    endloop
  endfacet
  facet normal 0.5555702330196011 -8.07417429735651e-18 -0.8314696123025461
    outer loop
      vertex -0.85 -25.631824011880983 1.4722431864335457
      vertex -1.034894429314825 25.749258835779457 1.3487006784950997
      vertex -1 25.73205080756888 1.3720163907456506
    endloop
  endfacet
  facet normal 0.5555702330196031 0 -0.8314696123025448
    outer loop
      vertex -0.85 -25.631824011880983 1.4722431864335457
      vertex -1 25.73205080756888 1.3720163907456506
      vertex -0.85 25.631824011880983 1.4722431864335457
    endloop
  endfacet
  facet normal 0.4422886902190015 3.131987299839781e-18 -0.896872741532688
    outer loop
      vertex -0.7824771419825574 25.58670668058247 1.5055417750174087
      vertex -0.6505618350206526 -25.471020061268415 1.5705952052691874
      vertex -0.85 25.631824011880983 1.4722431864335457
    endloop
  endfacet
  facet normal 0.44228869021900064 -8.194392159901715e-20 -0.8968727415326886
    outer loop
      vertex -0.7824771419825574 25.58670668058247 1.5055417750174087
      vertex -0.6505618350206526 25.471020061268415 1.5705952052691874
      vertex -0.6505618350206526 -25.471020061268415 1.5705952052691874
    endloop
  endfacet
  facet normal 0.32143946530316225 8.000186409638004e-19 -0.9469301294951055
    outer loop
      vertex -0.5857864376269042 25.414213562373096 1.592583489784063
      vertex -0.43999237667428526 -25.247967297957874 1.6420739046914161
      vertex -0.6505618350206526 25.471020061268415 1.5705952052691874
    endloop
  endfacet
  facet normal 0.32143946530316203 -4.060083653386536e-20 -0.9469301294951055
    outer loop
      vertex -0.5857864376269042 25.414213562373096 1.592583489784063
      vertex -0.43999237667428526 25.247967297957874 1.6420739046914161
      vertex -0.43999237667428526 -25.247967297957874 1.6420739046914161
    endloop
  endfacet
  facet normal 0.19509032201612697 3.826659784240843e-21 -0.9807852804032308
    outer loop
      vertex -0.2679491924311215 25 1.6762954217607584
      vertex -0.22189452677408766 24.90661037652185 1.6854562643354776
      vertex -0.22189452677408766 -24.90661037652185 1.6854562643354776
    endloop
  endfacet
  facet normal 0.19509032201612767 0 -0.9807852804032305
    outer loop
      vertex -0.2679491924311215 25 1.6762954217607584
      vertex -0.2679491924311215 -25 1.6762954217607584
      vertex -0.4132933194175301 25.217522858017443 1.6473846773771623
    endloop
  endfacet
  facet normal 0.1950903220161282 1.6474746221505015e-18 -0.9807852804032304
    outer loop
      vertex -0.4132933194175301 25.217522858017443 1.6473846773771623
      vertex -0.2679491924311215 -25 1.6762954217607584
      vertex -0.43999237667428526 25.247967297957874 1.6420739046914161
    endloop
  endfacet
  facet normal 0.06540312923014345 0 -0.9978589232386035
    outer loop
      vertex 0 -4.75 1.7
      vertex -0.22189452677408766 24.90661037652185 1.6854562643354776
      vertex 0 4.75 1.7
    endloop
  endfacet
  facet normal -0.9978589232386035 0 -0.06540312923014345
    outer loop
      vertex 1.6854562643354776 24.75 0.22189452677408766
      vertex 1.7 15.25 0
      vertex 1.6854562643354776 15.25 0.22189452677408766
    endloop
  endfacet
  facet normal -0.9807852804032307 0 -0.19509032201612758
    outer loop
      vertex 1.6420739046914161 24.75 0.43999237667428526
      vertex 1.6854562643354776 15.25 0.22189452677408766
      vertex 1.6420739046914161 15.25 0.43999237667428526
    endloop
  endfacet
  facet normal -0.9469301294951054 2.2306081330534577e-19 -0.3214394653031621
    outer loop
      vertex 1.6420739046914161 15.25 0.43999237667428526
      vertex 1.5705952052691874 15.25 0.6505618350206526
      vertex 1.5705952052691874 24.75 0.6505618350206526
    endloop
  endfacet
  facet normal -0.8968727415326884 0 -0.4422886902190009
    outer loop
      vertex 1.4722431864335457 24.75 0.85
      vertex 1.5705952052691874 15.25 0.6505618350206526
      vertex 1.4722431864335457 15.25 0.85
    endloop
  endfacet
  facet normal -0.831469612302545 0 -0.5555702330196026
    outer loop
      vertex 1.3487006784950997 24.75 1.034894429314825
      vertex 1.4722431864335457 15.25 0.85
      vertex 1.3487006784950997 15.25 1.034894429314825
    endloop
  endfacet
  facet normal -0.751839807478978 -1.9968868705818855e-20 -0.659345815100068
    outer loop
      vertex 1.3487006784950997 15.25 1.034894429314825
      vertex 1.2020815280171309 15.25 1.2020815280171309
      vertex 1.2020815280171309 24.75 1.2020815280171309
    endloop
  endfacet
  facet normal -0.659345815100068 0 -0.751839807478978
    outer loop
      vertex 1.034894429314825 24.75 1.3487006784950997
      vertex 1.2020815280171309 15.25 1.2020815280171309
      vertex 1.034894429314825 15.25 1.3487006784950997
    endloop
  endfacet
  facet normal -0.5555702330196026 0 -0.831469612302545
    outer loop
      vertex 0.85 24.75 1.4722431864335457
      vertex 1.034894429314825 15.25 1.3487006784950997
      vertex 0.85 15.25 1.4722431864335457
    endloop
  endfacet
  facet normal 0.06540312923014345 0 -0.9978589232386035
    outer loop
      vertex 0 15.25 1.7
      vertex 0 4.75 1.7
      vertex -0.22189452677408766 24.90661037652185 1.6854562643354776
    endloop
  endfacet
  facet normal -0.19509032201612758 0 -0.9807852804032307
    outer loop
      vertex 0.22189452677408766 24.75 1.6854562643354776
      vertex 0.43999237667428526 15.25 1.6420739046914161
      vertex 0.22189452677408766 15.25 1.6854562643354776
    endloop
  endfacet
  facet normal -0.4422886902190009 0 -0.8968727415326884
    outer loop
      vertex 0.6505618350206526 24.75 1.5705952052691874
      vertex 0.85 15.25 1.4722431864335457
      vertex 0.6505618350206526 15.25 1.5705952052691874
    endloop
  endfacet
  facet normal -0.3214394653031621 0 -0.9469301294951054
    outer loop
      vertex 0.43999237667428526 24.75 1.6420739046914161
      vertex 0.6505618350206526 15.25 1.5705952052691874
      vertex 0.43999237667428526 15.25 1.6420739046914161
    endloop
  endfacet
  facet normal -0.06540312923014345 0 -0.9978589232386035
    outer loop
      vertex 0 24.75 1.7
      vertex 0.22189452677408766 15.25 1.6854562643354776
      vertex 0 15.25 1.7
    endloop
  endfacet
  facet normal -0.9978589232386035 0 -0.06540312923014345
    outer loop
      vertex 1.7 24.75 0
      vertex 1.7 15.25 0
      vertex 1.6854562643354776 24.75 0.22189452677408766
    endloop
  endfacet
  facet normal -0.9807852804032307 0 -0.19509032201612758
    outer loop
      vertex 1.6854562643354776 24.75 0.22189452677408766
      vertex 1.6854562643354776 15.25 0.22189452677408766
      vertex 1.6420739046914161 24.75 0.43999237667428526
    endloop
  endfacet
  facet normal -0.9469301294951054 0 -0.3214394653031621
    outer loop
      vertex 1.6420739046914161 24.75 0.43999237667428526
      vertex 1.6420739046914161 15.25 0.43999237667428526
      vertex 1.5705952052691874 24.75 0.6505618350206526
    endloop
  endfacet
  facet normal -0.8968727415326884 0 -0.4422886902190009
    outer loop
      vertex 1.5705952052691874 24.75 0.6505618350206526
      vertex 1.5705952052691874 15.25 0.6505618350206526
      vertex 1.4722431864335457 24.75 0.85
    endloop
  endfacet
  facet normal -0.831469612302545 0 -0.5555702330196026
    outer loop
      vertex 1.4722431864335457 24.75 0.85
      vertex 1.4722431864335457 15.25 0.85
      vertex 1.3487006784950997 24.75 1.034894429314825
    endloop
  endfacet
  facet normal -0.751839807478978 0 -0.659345815100068
    outer loop
      vertex 1.3487006784950997 24.75 1.034894429314825
      vertex 1.3487006784950997 15.25 1.034894429314825
      vertex 1.2020815280171309 24.75 1.2020815280171309
    endloop
  endfacet
  facet normal -0.659345815100068 -1.9968868705818855e-20 -0.751839807478978
    outer loop
      vertex 1.034894429314825 24.75 1.3487006784950997
      vertex 1.2020815280171309 24.75 1.2020815280171309
      vertex 1.2020815280171309 15.25 1.2020815280171309
    endloop
  endfacet
  facet normal -0.5555702330196026 -5.839904031950727e-19 -0.831469612302545
    outer loop
      vertex 0.85 24.75 1.4722431864335457
      vertex 1.034894429314825 24.75 1.3487006784950997
      vertex 1.034894429314825 15.25 1.3487006784950997
    endloop
  endfacet
  facet normal -0.4422886902190009 4.057667111325195e-19 -0.8968727415326884
    outer loop
      vertex 0.6505618350206526 24.75 1.5705952052691874
      vertex 0.85 24.75 1.4722431864335457
      vertex 0.85 15.25 1.4722431864335457
    endloop
  endfacet
  facet normal -0.3214394653031621 2.2306081330534577e-19 -0.9469301294951054
    outer loop
      vertex 0.43999237667428526 24.75 1.6420739046914161
      vertex 0.6505618350206526 24.75 1.5705952052691874
      vertex 0.6505618350206526 15.25 1.5705952052691874
    endloop
  endfacet
  facet normal -0.19509032201612758 -1.8600634687477778e-19 -0.9807852804032307
    outer loop
      vertex 0.22189452677408766 24.75 1.6854562643354776
      vertex 0.43999237667428526 24.75 1.6420739046914161
      vertex 0.43999237667428526 15.25 1.6420739046914161
    endloop
  endfacet
  facet normal 0.06540312923014255 -2.0710620750406094e-17 -0.9978589232386036
    outer loop
      vertex 0 15.25 1.7
      vertex -0.22189452677408766 24.90661037652185 1.6854562643354776
      vertex -0.15224093497742786 24.76536686473018 1.6900216019393497
    endloop
  endfacet
  facet normal 0.06540312923016339 3.1414114450799175e-16 -0.9978589232386021
    outer loop
      vertex -0.15224093497742786 24.76536686473018 1.6900216019393497
      vertex -0.14702458729939114 24.75 1.6903634994294165
      vertex 0 15.25 1.7
    endloop
  endfacet
  facet normal 0.06540312923014317 -3.435926798213782e-20 -0.9978589232386035
    outer loop
      vertex -0.14702458729939114 24.75 1.6903634994294165
      vertex 0 24.75 1.7
      vertex 0 15.25 1.7
    endloop
  endfacet
  facet normal -0.06540312923014345 -1.9721328287969126e-20 -0.9978589232386035
    outer loop
      vertex 0 24.75 1.7
      vertex 0.22189452677408766 24.75 1.6854562643354776
      vertex 0.22189452677408766 15.25 1.6854562643354776
    endloop
  endfacet
  facet normal 0.9978589232386034 0 -0.06540312923014345
    outer loop
      vertex -1.7 34 0
      vertex -1.6854562643354776 27 0.22189452677408766
      vertex -1.7 27 0
    endloop
  endfacet
  facet normal 0.9807852804032307 2.5243718504434124e-19 -0.19509032201612758
    outer loop
      vertex -1.6420739046914161 27 0.43999237667428526
      vertex -1.6854562643354776 27 0.22189452677408766
      vertex -1.6854562643354776 34 0.22189452677408766
    endloop
  endfacet
  facet normal 0.9469301294951055 0 -0.3214394653031621
    outer loop
      vertex -1.6420739046914161 34 0.43999237667428526
      vertex -1.5705952052691874 27 0.6505618350206526
      vertex -1.6420739046914161 27 0.43999237667428526
    endloop
  endfacet
  facet normal 0.8968727415326886 -5.506833936798479e-19 -0.44228869021900097
    outer loop
      vertex -1.4722431864335457 27 0.85
      vertex -1.5705952052691874 27 0.6505618350206526
      vertex -1.5705952052691874 34 0.6505618350206526
    endloop
  endfacet
  facet normal -0.9978589232386034 0 -0.06540312923014345
    outer loop
      vertex 1.6854562643354776 34 0.22189452677408766
      vertex 1.7 27 0
      vertex 1.6854562643354776 27 0.22189452677408766
    endloop
  endfacet
  facet normal -0.9807852804032307 0 -0.19509032201612758
    outer loop
      vertex 1.6420739046914161 27 0.43999237667428526
      vertex 1.6420739046914161 34 0.43999237667428526
      vertex 1.6854562643354776 27 0.22189452677408766
    endloop
  endfacet
  facet normal -0.9469301294951055 0 -0.3214394653031621
    outer loop
      vertex 1.5705952052691874 27 0.6505618350206526
      vertex 1.5705952052691874 34 0.6505618350206526
      vertex 1.6420739046914161 27 0.43999237667428526
    endloop
  endfacet
  facet normal 0.831469612302545 0 -0.5555702330196026
    outer loop
      vertex -1.4722431864335457 34 0.85
      vertex -1.3487006784950997 27 1.034894429314825
      vertex -1.4722431864335457 27 0.85
    endloop
  endfacet
  facet normal 0.7518398074789782 2.710060752932559e-20 -0.6593458151000681
    outer loop
      vertex -1.2020815280171309 27 1.2020815280171309
      vertex -1.3487006784950997 27 1.034894429314825
      vertex -1.3487006784950997 34 1.034894429314825
    endloop
  endfacet
  facet normal 0.6593458151000681 0 -0.7518398074789782
    outer loop
      vertex -1.2020815280171309 27 1.2020815280171309
      vertex -1.2020815280171309 34 1.2020815280171309
      vertex -1.034894429314825 27 1.3487006784950997
    endloop
  endfacet
  facet normal 0.5555702330196026 7.925584043361702e-19 -0.831469612302545
    outer loop
      vertex -0.85 27 1.4722431864335457
      vertex -1.034894429314825 27 1.3487006784950997
      vertex -1.034894429314825 34 1.3487006784950997
    endloop
  endfacet
  facet normal -0.8968727415326886 5.506833936798479e-19 -0.44228869021900097
    outer loop
      vertex 1.5705952052691874 27 0.6505618350206526
      vertex 1.4722431864335457 27 0.85
      vertex 1.4722431864335457 34 0.85
    endloop
  endfacet
  facet normal -0.831469612302545 0 -0.5555702330196026
    outer loop
      vertex 1.3487006784950997 34 1.034894429314825
      vertex 1.4722431864335457 27 0.85
      vertex 1.3487006784950997 27 1.034894429314825
    endloop
  endfacet
  facet normal -0.7518398074789782 0 -0.6593458151000681
    outer loop
      vertex 1.2020815280171309 34 1.2020815280171309
      vertex 1.3487006784950997 27 1.034894429314825
      vertex 1.2020815280171309 27 1.2020815280171309
    endloop
  endfacet
  facet normal -0.6593458151000681 -2.710060752932559e-20 -0.7518398074789782
    outer loop
      vertex 1.2020815280171309 27 1.2020815280171309
      vertex 1.034894429314825 27 1.3487006784950997
      vertex 1.034894429314825 34 1.3487006784950997
    endloop
  endfacet
  facet normal -0.5555702330196026 -7.925584043361702e-19 -0.831469612302545
    outer loop
      vertex 1.034894429314825 27 1.3487006784950997
      vertex 0.85 27 1.4722431864335457
      vertex 0.85 34 1.4722431864335457
    endloop
  endfacet
  facet normal 0.9978589232386034 0 -0.06540312923014345
    outer loop
      vertex -1.6854562643354776 34 0.22189452677408766
      vertex -1.6854562643354776 27 0.22189452677408766
      vertex -1.7 34 0
    endloop
  endfacet
  facet normal 0.9807852804032307 0 -0.19509032201612758
    outer loop
      vertex -1.6420739046914161 27 0.43999237667428526
      vertex -1.6854562643354776 34 0.22189452677408766
      vertex -1.6420739046914161 34 0.43999237667428526
    endloop
  endfacet
  facet normal 0.9469301294951055 0 -0.3214394653031621
    outer loop
      vertex -1.5705952052691874 27 0.6505618350206526
      vertex -1.6420739046914161 34 0.43999237667428526
      vertex -1.5705952052691874 34 0.6505618350206526
    endloop
  endfacet
  facet normal -0.9978589232386034 0 -0.06540312923014345
    outer loop
      vertex 1.7 27 0
      vertex 1.6854562643354776 34 0.22189452677408766
      vertex 1.7 34 0
    endloop
  endfacet
  facet normal -0.9807852804032307 0 -0.19509032201612758
    outer loop
      vertex 1.6854562643354776 34 0.22189452677408766
      vertex 1.6854562643354776 27 0.22189452677408766
      vertex 1.6420739046914161 34 0.43999237667428526
    endloop
  endfacet
  facet normal -0.9469301294951055 0 -0.3214394653031621
    outer loop
      vertex 1.6420739046914161 27 0.43999237667428526
      vertex 1.5705952052691874 34 0.6505618350206526
      vertex 1.6420739046914161 34 0.43999237667428526
    endloop
  endfacet
  facet normal -0.8968727415326886 0 -0.44228869021900097
    outer loop
      vertex 1.5705952052691874 27 0.6505618350206526
      vertex 1.4722431864335457 34 0.85
      vertex 1.5705952052691874 34 0.6505618350206526
    endloop
  endfacet
  facet normal 0.8968727415326886 0 -0.44228869021900097
    outer loop
      vertex -1.4722431864335457 34 0.85
      vertex -1.4722431864335457 27 0.85
      vertex -1.5705952052691874 34 0.6505618350206526
    endloop
  endfacet
  facet normal 0.831469612302545 0 -0.5555702330196026
    outer loop
      vertex -1.3487006784950997 34 1.034894429314825
      vertex -1.3487006784950997 27 1.034894429314825
      vertex -1.4722431864335457 34 0.85
    endloop
  endfacet
  facet normal 0.7518398074789782 0 -0.6593458151000681
    outer loop
      vertex -1.2020815280171309 27 1.2020815280171309
      vertex -1.3487006784950997 34 1.034894429314825
      vertex -1.2020815280171309 34 1.2020815280171309
    endloop
  endfacet
  facet normal 0.6593458151000681 2.710060752932559e-20 -0.7518398074789782
    outer loop
      vertex -1.2020815280171309 34 1.2020815280171309
      vertex -1.034894429314825 34 1.3487006784950997
      vertex -1.034894429314825 27 1.3487006784950997
    endloop
  endfacet
  facet normal 0.5555702330196026 0 -0.831469612302545
    outer loop
      vertex -0.85 27 1.4722431864335457
      vertex -1.034894429314825 34 1.3487006784950997
      vertex -0.85 34 1.4722431864335457
    endloop
  endfacet
  facet normal -0.831469612302545 0 -0.5555702330196026
    outer loop
      vertex 1.4722431864335457 34 0.85
      vertex 1.4722431864335457 27 0.85
      vertex 1.3487006784950997 34 1.034894429314825
    endloop
  endfacet
  facet normal -0.7518398074789782 0 -0.6593458151000681
    outer loop
      vertex 1.3487006784950997 34 1.034894429314825
      vertex 1.3487006784950997 27 1.034894429314825
      vertex 1.2020815280171309 34 1.2020815280171309
    endloop
  endfacet
  facet normal -0.4422886902190008 0 -0.8968727415326886
    outer loop
      vertex 0.85 27 1.4722431864335457
      vertex 0.686415223738772 34 1.5529142706151244
      vertex 0.85 34 1.4722431864335457
    endloop
  endfacet
  facet normal -0.6593458151000681 0 -0.7518398074789782
    outer loop
      vertex 1.2020815280171309 27 1.2020815280171309
      vertex 1.034894429314825 34 1.3487006784950997
      vertex 1.2020815280171309 34 1.2020815280171309
    endloop
  endfacet
  facet normal -0.5555702330196026 0 -0.831469612302545
    outer loop
      vertex 1.034894429314825 27 1.3487006784950997
      vertex 0.85 34 1.4722431864335457
      vertex 1.034894429314825 34 1.3487006784950997
    endloop
  endfacet
  facet normal 0.44228869021900097 -5.506833936798479e-19 -0.8968727415326886
    outer loop
      vertex -0.6505618350206526 27 1.5705952052691874
      vertex -0.85 27 1.4722431864335457
      vertex -0.85 34 1.4722431864335457
    endloop
  endfacet
  facet normal 0.3214394653031621 -3.0272538948582644e-19 -0.9469301294951055
    outer loop
      vertex -0.43999237667428526 27 1.6420739046914161
      vertex -0.6505618350206526 27 1.5705952052691874
      vertex -0.6505618350206526 34 1.5705952052691874
    endloop
  endfacet
  facet normal 0.19509032201612758 2.5243718504434124e-19 -0.9807852804032307
    outer loop
      vertex -0.22189452677408766 27 1.6854562643354776
      vertex -0.43999237667428526 27 1.6420739046914161
      vertex -0.43999237667428526 34 1.6420739046914161
    endloop
  endfacet
  facet normal -0.19509032201612758 -2.5243718504434124e-19 -0.9807852804032307
    outer loop
      vertex 0.43999237667428526 27 1.6420739046914161
      vertex 0.22189452677408766 27 1.6854562643354776
      vertex 0.22189452677408766 34 1.6854562643354776
    endloop
  endfacet
  facet normal -0.44228869021900097 5.506833936798479e-19 -0.8968727415326886
    outer loop
      vertex 0.85 27 1.4722431864335457
      vertex 0.6505618350206526 27 1.5705952052691874
      vertex 0.6505618350206526 34 1.5705952052691874
    endloop
  endfacet
  facet normal -0.3214394653031621 3.0272538948582644e-19 -0.9469301294951055
    outer loop
      vertex 0.6505618350206526 27 1.5705952052691874
      vertex 0.43999237667428526 27 1.6420739046914161
      vertex 0.43999237667428526 34 1.6420739046914161
    endloop
  endfacet
  facet normal 0.06540312923014345 2.676465981938667e-20 -0.9978589232386034
    outer loop
      vertex 0 27 1.7
      vertex -0.22189452677408766 27 1.6854562643354776
      vertex -0.22189452677408766 34 1.6854562643354776
    endloop
  endfacet
  facet normal -0.06540312923014345 -2.676465981938667e-20 -0.9978589232386034
    outer loop
      vertex 0.22189452677408766 27 1.6854562643354776
      vertex 0 27 1.7
      vertex 0 34 1.7
    endloop
  endfacet
  facet normal 0.442288690219001 3.464326888097702e-18 -0.8968727415326884
    outer loop
      vertex -0.6864152237387721 34 1.5529142706151244
      vertex -0.6505618350206526 27 1.5705952052691874
      vertex -0.85 34 1.4722431864335457
    endloop
  endfacet
  facet normal 0.44228869021900047 -4.859901790332261e-20 -0.8968727415326886
    outer loop
      vertex -0.6864152237387721 34 1.5529142706151244
      vertex -0.6505618350206526 34 1.5705952052691874
      vertex -0.6505618350206526 27 1.5705952052691874
    endloop
  endfacet
  facet normal 0.3214394653031621 0 -0.9469301294951055
    outer loop
      vertex -0.43999237667428526 27 1.6420739046914161
      vertex -0.6505618350206526 34 1.5705952052691874
      vertex -0.43999237667428526 34 1.6420739046914161
    endloop
  endfacet
  facet normal 0.19509032201612758 0 -0.9807852804032307
    outer loop
      vertex -0.22189452677408766 27 1.6854562643354776
      vertex -0.43999237667428526 34 1.6420739046914161
      vertex -0.22189452677408766 34 1.6854562643354776
    endloop
  endfacet
  facet normal -0.44228869021900163 -2.212485022909534e-17 -0.8968727415326881
    outer loop
      vertex 0.686415223738772 34 1.5529142706151244
      vertex 0.85 27 1.4722431864335457
      vertex 0.6505618350206526 34 1.5705952052691874
    endloop
  endfacet
  facet normal -0.3214394653031621 0 -0.9469301294951055
    outer loop
      vertex 0.6505618350206526 27 1.5705952052691874
      vertex 0.43999237667428526 34 1.6420739046914161
      vertex 0.6505618350206526 34 1.5705952052691874
    endloop
  endfacet
  facet normal -0.19509032201612758 0 -0.9807852804032307
    outer loop
      vertex 0.43999237667428526 27 1.6420739046914161
      vertex 0.22189452677408766 34 1.6854562643354776
      vertex 0.43999237667428526 34 1.6420739046914161
    endloop
  endfacet
  facet normal 0.06540312923014345 0 -0.9978589232386034
    outer loop
      vertex 0 27 1.7
      vertex -0.22189452677408766 34 1.6854562643354776
      vertex 0 34 1.7
    endloop
  endfacet
  facet normal -0.06540312923014345 0 -0.9978589232386034
    outer loop
      vertex 0.22189452677408766 27 1.6854562643354776
      vertex 0 34 1.7
      vertex 0.22189452677408766 34 1.6854562643354776
    endloop
  endfacet
  facet normal 0.7518398074789816 0 0.6593458151000641
    outer loop
      vertex -35.20208152801713 20.5 -1.2020815280171309
      vertex -35.20208152801713 26 -1.2020815280171309
      vertex -35.3487006784951 20.5 -1.034894429314825
    endloop
  endfacet
  facet normal 0.8314696123025458 0 0.5555702330196012
    outer loop
      vertex -35.3487006784951 20.5 -1.034894429314825
      vertex -35.3487006784951 26 -1.034894429314825
      vertex -35.472243186433545 20.5 -0.85
    endloop
  endfacet
  facet normal 0.89687274153269 0 0.4422886902189977
    outer loop
      vertex -35.472243186433545 20.5 -0.85
      vertex -35.472243186433545 26 -0.85
      vertex -35.570595205269186 20.5 -0.6505618350206526
    endloop
  endfacet
  facet normal 0.9469301294951046 0 0.3214394653031648
    outer loop
      vertex -35.570595205269186 20.5 -0.6505618350206526
      vertex -35.570595205269186 26 -0.6505618350206526
      vertex -35.642073904691415 20.5 -0.43999237667428526
    endloop
  endfacet
  facet normal 0.9807852804032291 0 0.19509032201613527
    outer loop
      vertex -35.642073904691415 20.5 -0.43999237667428526
      vertex -35.642073904691415 26 -0.43999237667428526
      vertex -35.68545626433548 20.5 -0.22189452677408766
    endloop
  endfacet
  facet normal 0.9978589232386027 0 0.06540312923015339
    outer loop
      vertex -35.68545626433548 20.5 -0.22189452677408766
      vertex -35.68545626433548 26 -0.22189452677408766
      vertex -35.7 20.5 0
    endloop
  endfacet
  facet normal 0.7518398074789816 0 0.6593458151000641
    outer loop
      vertex -35.3487006784951 20.5 -1.034894429314825
      vertex -35.20208152801713 26 -1.2020815280171309
      vertex -35.3487006784951 26 -1.034894429314825
    endloop
  endfacet
  facet normal 0.8314696123025458 0 0.5555702330196012
    outer loop
      vertex -35.472243186433545 20.5 -0.85
      vertex -35.3487006784951 26 -1.034894429314825
      vertex -35.472243186433545 26 -0.85
    endloop
  endfacet
  facet normal 0.89687274153269 0 0.4422886902189977
    outer loop
      vertex -35.570595205269186 20.5 -0.6505618350206526
      vertex -35.472243186433545 26 -0.85
      vertex -35.570595205269186 26 -0.6505618350206526
    endloop
  endfacet
  facet normal 0.9469301294951046 0 0.3214394653031648
    outer loop
      vertex -35.642073904691415 20.5 -0.43999237667428526
      vertex -35.570595205269186 26 -0.6505618350206526
      vertex -35.642073904691415 26 -0.43999237667428526
    endloop
  endfacet
  facet normal 0.9807852804032291 0 0.19509032201613527
    outer loop
      vertex -35.68545626433548 20.5 -0.22189452677408766
      vertex -35.642073904691415 26 -0.43999237667428526
      vertex -35.68545626433548 26 -0.22189452677408766
    endloop
  endfacet
  facet normal 0.9978589232386027 0 0.06540312923015339
    outer loop
      vertex -35.7 20.5 0
      vertex -35.68545626433548 26 -0.22189452677408766
      vertex -35.7 26 0
    endloop
  endfacet
  facet normal 0.7518398074789816 0 0.6593458151000642
    outer loop
      vertex -35.20208152801713 34 -1.2020815280171309
      vertex -35.3487006784951 27 -1.034894429314825
      vertex -35.20208152801713 27 -1.2020815280171309
    endloop
  endfacet
  facet normal 0.8314696123025459 0 0.5555702330196013
    outer loop
      vertex -35.3487006784951 34 -1.034894429314825
      vertex -35.472243186433545 27 -0.85
      vertex -35.3487006784951 27 -1.034894429314825
    endloop
  endfacet
  facet normal 0.8968727415326901 0 0.44228869021899775
    outer loop
      vertex -35.472243186433545 34 -0.85
      vertex -35.570595205269186 27 -0.6505618350206526
      vertex -35.472243186433545 27 -0.85
    endloop
  endfacet
  facet normal 0.9469301294951045 0 0.32143946530316475
    outer loop
      vertex -35.570595205269186 34 -0.6505618350206526
      vertex -35.642073904691415 27 -0.43999237667428526
      vertex -35.570595205269186 27 -0.6505618350206526
    endloop
  endfacet
  facet normal 0.9807852804032291 4.917844527688216e-19 0.19509032201613524
    outer loop
      vertex -35.68545626433548 27 -0.22189452677408766
      vertex -35.642073904691415 27 -0.43999237667428526
      vertex -35.642073904691415 34 -0.43999237667428526
    endloop
  endfacet
  facet normal 0.9978589232386028 -5.461915182424066e-20 0.06540312923015339
    outer loop
      vertex -35.7 27 0
      vertex -35.68545626433548 27 -0.22189452677408766
      vertex -35.68545626433548 34 -0.22189452677408766
    endloop
  endfacet
  facet normal 0.7518398074789816 0 0.6593458151000642
    outer loop
      vertex -35.3487006784951 34 -1.034894429314825
      vertex -35.3487006784951 27 -1.034894429314825
      vertex -35.20208152801713 34 -1.2020815280171309
    endloop
  endfacet
  facet normal 0.8314696123025459 0 0.5555702330196013
    outer loop
      vertex -35.472243186433545 34 -0.85
      vertex -35.472243186433545 27 -0.85
      vertex -35.3487006784951 34 -1.034894429314825
    endloop
  endfacet
  facet normal 0.8968727415326901 0 0.44228869021899775
    outer loop
      vertex -35.570595205269186 34 -0.6505618350206526
      vertex -35.570595205269186 27 -0.6505618350206526
      vertex -35.472243186433545 34 -0.85
    endloop
  endfacet
  facet normal 0.9469301294951045 0 0.32143946530316475
    outer loop
      vertex -35.642073904691415 34 -0.43999237667428526
      vertex -35.642073904691415 27 -0.43999237667428526
      vertex -35.570595205269186 34 -0.6505618350206526
    endloop
  endfacet
  facet normal 0.9807852804032291 0 0.19509032201613524
    outer loop
      vertex -35.68545626433548 27 -0.22189452677408766
      vertex -35.642073904691415 34 -0.43999237667428526
      vertex -35.68545626433548 34 -0.22189452677408766
    endloop
  endfacet
  facet normal 0.9978589232386028 0 0.06540312923015339
    outer loop
      vertex -35.7 27 0
      vertex -35.68545626433548 34 -0.22189452677408766
      vertex -35.7 34 0
    endloop
  endfacet
  facet normal 0 1 0
    outer loop
      vertex -34.221894526774086 20.5 -1.6854562643354776
      vertex -33.778105473225914 20.5 -1.6854562643354776
      vertex -34 20.5 -1.7
    endloop
  endfacet
  facet normal 0 1 0
    outer loop
      vertex -34.221894526774086 20.5 -1.6854562643354776
      vertex -34.43999237667428 20.5 -1.6420739046914161
      vertex -33.56000762332572 20.5 -1.6420739046914161
    endloop
  endfacet
  facet normal 0 1 0
    outer loop
      vertex -34.65056183502065 20.5 -1.5705952052691874
      vertex -33.34943816497935 20.5 -1.5705952052691874
      vertex -34.43999237667428 20.5 -1.6420739046914161
    endloop
  endfacet
  facet normal 0 1 0
    outer loop
      vertex -34.221894526774086 20.5 -1.6854562643354776
      vertex -33.56000762332572 20.5 -1.6420739046914161
      vertex -33.778105473225914 20.5 -1.6854562643354776
    endloop
  endfacet
  facet normal 0 1 0
    outer loop
      vertex -34.43999237667428 20.5 -1.6420739046914161
      vertex -33.34943816497935 20.5 -1.5705952052691874
      vertex -33.56000762332572 20.5 -1.6420739046914161
    endloop
  endfacet
  facet normal 0 1 0
    outer loop
      vertex -34.65056183502065 20.5 -1.5705952052691874
      vertex -34.85 20.5 -1.4722431864335457
      vertex -33.15 20.5 -1.4722431864335457
    endloop
  endfacet
  facet normal 0 1 0
    outer loop
      vertex -34.65056183502065 20.5 -1.5705952052691874
      vertex -33.15 20.5 -1.4722431864335457
      vertex -33.34943816497935 20.5 -1.5705952052691874
    endloop
  endfacet
  facet normal 0.32143946530315815 4.696007880650676e-19 0.9469301294951068
    outer loop
      vertex -34.65056183502065 20.5 -1.5705952052691874
      vertex -34.43999237667428 20.5 -1.6420739046914161
      vertex -34.43999237667428 26 -1.6420739046914161
    endloop
  endfacet
  facet normal 0.1950903220161284 0 0.9807852804032304
    outer loop
      vertex -34.221894526774086 20.5 -1.6854562643354776
      vertex -34.221894526774086 26 -1.6854562643354776
      vertex -34.43999237667428 20.5 -1.6420739046914161
    endloop
  endfacet
  facet normal 0.4422886902189996 0 0.8968727415326893
    outer loop
      vertex -34.65056183502065 20.5 -1.5705952052691874
      vertex -34.65056183502065 26 -1.5705952052691874
      vertex -34.85 20.5 -1.4722431864335457
    endloop
  endfacet
  facet normal 0.06540312923014382 -9.904051106114874e-20 0.9978589232386035
    outer loop
      vertex -34.221894526774086 20.5 -1.6854562643354776
      vertex -34 20.5 -1.7
      vertex -34 26 -1.7
    endloop
  endfacet
  facet normal -0.06540312923014382 9.904051106114874e-20 0.9978589232386035
    outer loop
      vertex -34 20.5 -1.7
      vertex -33.778105473225914 20.5 -1.6854562643354776
      vertex -33.778105473225914 26 -1.6854562643354776
    endloop
  endfacet
  facet normal -0.1950903220161284 -5.297446274483225e-19 0.9807852804032304
    outer loop
      vertex -33.778105473225914 20.5 -1.6854562643354776
      vertex -33.56000762332572 20.5 -1.6420739046914161
      vertex -33.56000762332572 26 -1.6420739046914161
    endloop
  endfacet
  facet normal -0.32143946530315815 -4.696007880650676e-19 0.9469301294951068
    outer loop
      vertex -33.56000762332572 20.5 -1.6420739046914161
      vertex -33.34943816497935 20.5 -1.5705952052691874
      vertex -33.34943816497935 26 -1.5705952052691874
    endloop
  endfacet
  facet normal -0.4422886902189996 -6.133499317130498e-19 0.8968727415326893
    outer loop
      vertex -33.34943816497935 20.5 -1.5705952052691874
      vertex -33.15 20.5 -1.4722431864335457
      vertex -33.15 26 -1.4722431864335457
    endloop
  endfacet
  facet normal 0.4422886902189996 0 0.8968727415326893
    outer loop
      vertex -34.85 20.5 -1.4722431864335457
      vertex -34.65056183502065 26 -1.5705952052691874
      vertex -34.85 26 -1.4722431864335457
    endloop
  endfacet
  facet normal 0.32143946530315815 0 0.9469301294951068
    outer loop
      vertex -34.65056183502065 20.5 -1.5705952052691874
      vertex -34.43999237667428 26 -1.6420739046914161
      vertex -34.65056183502065 26 -1.5705952052691874
    endloop
  endfacet
  facet normal 0.1950903220161284 0 0.9807852804032304
    outer loop
      vertex -34.43999237667428 20.5 -1.6420739046914161
      vertex -34.221894526774086 26 -1.6854562643354776
      vertex -34.43999237667428 26 -1.6420739046914161
    endloop
  endfacet
  facet normal 0.06540312923014382 0 0.9978589232386035
    outer loop
      vertex -34.221894526774086 20.5 -1.6854562643354776
      vertex -34 26 -1.7
      vertex -34.221894526774086 26 -1.6854562643354776
    endloop
  endfacet
  facet normal -0.06540312923014382 0 0.9978589232386035
    outer loop
      vertex -34 20.5 -1.7
      vertex -33.778105473225914 26 -1.6854562643354776
      vertex -34 26 -1.7
    endloop
  endfacet
  facet normal -0.1950903220161284 0 0.9807852804032304
    outer loop
      vertex -33.778105473225914 20.5 -1.6854562643354776
      vertex -33.56000762332572 26 -1.6420739046914161
      vertex -33.778105473225914 26 -1.6854562643354776
    endloop
  endfacet
  facet normal -0.32143946530315815 0 0.9469301294951068
    outer loop
      vertex -33.56000762332572 20.5 -1.6420739046914161
      vertex -33.34943816497935 26 -1.5705952052691874
      vertex -33.56000762332572 26 -1.6420739046914161
    endloop
  endfacet
  facet normal -0.4422886902189996 0 0.8968727415326893
    outer loop
      vertex -33.34943816497935 20.5 -1.5705952052691874
      vertex -33.15 26 -1.4722431864335457
      vertex -33.34943816497935 26 -1.5705952052691874
    endloop
  endfacet
  facet normal 0 1 0
    outer loop
      vertex -34.85 20.5 -1.4722431864335457
      vertex -35.034894429314825 20.5 -1.3487006784950997
      vertex -32.965105570685175 20.5 -1.3487006784950997
    endloop
  endfacet
  facet normal 0 1 0
    outer loop
      vertex -35.034894429314825 20.5 -1.3487006784950997
      vertex -35.20208152801713 20.5 -1.2020815280171309
      vertex -32.79791847198287 20.5 -1.2020815280171309
    endloop
  endfacet
  facet normal 0 1 0
    outer loop
      vertex -34.85 20.5 -1.4722431864335457
      vertex -32.965105570685175 20.5 -1.3487006784950997
      vertex -33.15 20.5 -1.4722431864335457
    endloop
  endfacet
  facet normal 0 1 0
    outer loop
      vertex -35.034894429314825 20.5 -1.3487006784950997
      vertex -32.79791847198287 20.5 -1.2020815280171309
      vertex -32.965105570685175 20.5 -1.3487006784950997
    endloop
  endfacet
  facet normal 0 1 0
    outer loop
      vertex -35.20208152801713 20.5 -1.2020815280171309
      vertex -32.6512993215049 20.5 -1.034894429314825
      vertex -32.79791847198287 20.5 -1.2020815280171309
    endloop
  endfacet
  facet normal 0 1 0
    outer loop
      vertex -35.20208152801713 20.5 -1.2020815280171309
      vertex -35.3487006784951 20.5 -1.034894429314825
      vertex -32.6512993215049 20.5 -1.034894429314825
    endloop
  endfacet
  facet normal 0 1 0
    outer loop
      vertex -35.3487006784951 20.5 -1.034894429314825
      vertex -35.472243186433545 20.5 -0.85
      vertex -32.527756813566455 20.5 -0.85
    endloop
  endfacet
  facet normal 0 1 0
    outer loop
      vertex -35.3487006784951 20.5 -1.034894429314825
      vertex -32.527756813566455 20.5 -0.85
      vertex -32.6512993215049 20.5 -1.034894429314825
    endloop
  endfacet
  facet normal 0 1 0
    outer loop
      vertex -35.472243186433545 20.5 -0.85
      vertex -32.429404794730814 20.5 -0.6505618350206526
      vertex -32.527756813566455 20.5 -0.85
    endloop
  endfacet
  facet normal 0.5555702330196056 0 0.8314696123025429
    outer loop
      vertex -34.85 20.5 -1.4722431864335457
      vertex -34.85 26 -1.4722431864335457
      vertex -35.034894429314825 20.5 -1.3487006784950997
    endloop
  endfacet
  facet normal 0.6593458151000656 0 0.7518398074789803
    outer loop
      vertex -35.034894429314825 20.5 -1.3487006784950997
      vertex -35.034894429314825 26 -1.3487006784950997
      vertex -35.20208152801713 20.5 -1.2020815280171309
    endloop
  endfacet
  facet normal -0.5555702330196056 -1.0806797814508381e-19 0.8314696123025429
    outer loop
      vertex -33.15 20.5 -1.4722431864335457
      vertex -32.965105570685175 20.5 -1.3487006784950997
      vertex -32.965105570685175 26 -1.3487006784950997
    endloop
  endfacet
  facet normal -0.6593458151000656 -1.977577737309293e-19 0.7518398074789803
    outer loop
      vertex -32.965105570685175 20.5 -1.3487006784950997
      vertex -32.79791847198287 20.5 -1.2020815280171309
      vertex -32.79791847198287 26 -1.2020815280171309
    endloop
  endfacet
  facet normal -0.7518398074789816 3.1867605785712373e-19 0.6593458151000641
    outer loop
      vertex -32.79791847198287 20.5 -1.2020815280171309
      vertex -32.6512993215049 20.5 -1.034894429314825
      vertex -32.6512993215049 26 -1.034894429314825
    endloop
  endfacet
  facet normal -0.8314696123025458 -8.819420457172149e-19 0.5555702330196012
    outer loop
      vertex -32.6512993215049 20.5 -1.034894429314825
      vertex -32.527756813566455 20.5 -0.85
      vertex -32.527756813566455 26 -0.85
    endloop
  endfacet
  facet normal 0 1 0
    outer loop
      vertex -35.472243186433545 20.5 -0.85
      vertex -35.570595205269186 20.5 -0.6505618350206526
      vertex -32.429404794730814 20.5 -0.6505618350206526
    endloop
  endfacet
  facet normal 0 1 0
    outer loop
      vertex -35.570595205269186 20.5 -0.6505618350206526
      vertex -35.642073904691415 20.5 -0.43999237667428526
      vertex -32.357926095308585 20.5 -0.43999237667428526
    endloop
  endfacet
  facet normal 0 1 0
    outer loop
      vertex -35.570595205269186 20.5 -0.6505618350206526
      vertex -32.357926095308585 20.5 -0.43999237667428526
      vertex -32.429404794730814 20.5 -0.6505618350206526
    endloop
  endfacet
  facet normal 0 1 0
    outer loop
      vertex -35.642073904691415 20.5 -0.43999237667428526
      vertex -35.68545626433548 20.5 -0.22189452677408766
      vertex -32.31454373566452 20.5 -0.22189452677408766
    endloop
  endfacet
  facet normal 0 1 0
    outer loop
      vertex -35.68545626433548 20.5 -0.22189452677408766
      vertex -35.7 20.5 0
      vertex -32.3 20.5 0
    endloop
  endfacet
  facet normal 0 1 0
    outer loop
      vertex -35.642073904691415 20.5 -0.43999237667428526
      vertex -32.31454373566452 20.5 -0.22189452677408766
      vertex -32.357926095308585 20.5 -0.43999237667428526
    endloop
  endfacet
  facet normal 0 1 0
    outer loop
      vertex -35.68545626433548 20.5 -0.22189452677408766
      vertex -32.3 20.5 0
      vertex -32.31454373566452 20.5 -0.22189452677408766
    endloop
  endfacet
  facet normal -0.89687274153269 -8.602103398887308e-19 0.4422886902189977
    outer loop
      vertex -32.527756813566455 20.5 -0.85
      vertex -32.429404794730814 20.5 -0.6505618350206526
      vertex -32.429404794730814 26 -0.6505618350206526
    endloop
  endfacet
  facet normal -0.9469301294951046 -5.85742517448082e-19 0.3214394653031648
    outer loop
      vertex -32.429404794730814 20.5 -0.6505618350206526
      vertex -32.357926095308585 20.5 -0.43999237667428526
      vertex -32.357926095308585 26 -0.43999237667428526
    endloop
  endfacet
  facet normal -0.9807852804032291 -6.259074853421366e-19 0.19509032201613527
    outer loop
      vertex -32.357926095308585 20.5 -0.43999237667428526
      vertex -32.31454373566452 20.5 -0.22189452677408766
      vertex -32.31454373566452 26 -0.22189452677408766
    endloop
  endfacet
  facet normal -0.9978589232386027 6.951528413994265e-20 0.06540312923015339
    outer loop
      vertex -32.31454373566452 20.5 -0.22189452677408766
      vertex -32.3 20.5 0
      vertex -32.3 26 0
    endloop
  endfacet
  facet normal 0.5555702330196056 0 0.8314696123025429
    outer loop
      vertex -35.034894429314825 20.5 -1.3487006784950997
      vertex -34.85 26 -1.4722431864335457
      vertex -35.034894429314825 26 -1.3487006784950997
    endloop
  endfacet
  facet normal 0.6593458151000656 0 0.7518398074789803
    outer loop
      vertex -35.20208152801713 20.5 -1.2020815280171309
      vertex -35.034894429314825 26 -1.3487006784950997
      vertex -35.20208152801713 26 -1.2020815280171309
    endloop
  endfacet
  facet normal -0.5555702330196056 0 0.8314696123025429
    outer loop
      vertex -33.15 20.5 -1.4722431864335457
      vertex -32.965105570685175 26 -1.3487006784950997
      vertex -33.15 26 -1.4722431864335457
    endloop
  endfacet
  facet normal -0.6593458151000656 0 0.7518398074789803
    outer loop
      vertex -32.965105570685175 20.5 -1.3487006784950997
      vertex -32.79791847198287 26 -1.2020815280171309
      vertex -32.965105570685175 26 -1.3487006784950997
    endloop
  endfacet
  facet normal -0.7518398074789816 0 0.6593458151000641
    outer loop
      vertex -32.79791847198287 20.5 -1.2020815280171309
      vertex -32.6512993215049 26 -1.034894429314825
      vertex -32.79791847198287 26 -1.2020815280171309
    endloop
  endfacet
  facet normal -0.8314696123025458 0 0.5555702330196012
    outer loop
      vertex -32.6512993215049 20.5 -1.034894429314825
      vertex -32.527756813566455 26 -0.85
      vertex -32.6512993215049 26 -1.034894429314825
    endloop
  endfacet
  facet normal -0.89687274153269 0 0.4422886902189977
    outer loop
      vertex -32.527756813566455 20.5 -0.85
      vertex -32.429404794730814 26 -0.6505618350206526
      vertex -32.527756813566455 26 -0.85
    endloop
  endfacet
  facet normal -0.9469301294951046 0 0.3214394653031648
    outer loop
      vertex -32.429404794730814 20.5 -0.6505618350206526
      vertex -32.357926095308585 26 -0.43999237667428526
      vertex -32.429404794730814 26 -0.6505618350206526
    endloop
  endfacet
  facet normal -0.9807852804032291 0 0.19509032201613527
    outer loop
      vertex -32.357926095308585 20.5 -0.43999237667428526
      vertex -32.31454373566452 26 -0.22189452677408766
      vertex -32.357926095308585 26 -0.43999237667428526
    endloop
  endfacet
  facet normal -0.9978589232386027 0 0.06540312923015339
    outer loop
      vertex -32.31454373566452 20.5 -0.22189452677408766
      vertex -32.3 26 0
      vertex -32.31454373566452 26 -0.22189452677408766
    endloop
  endfacet
  facet normal 0.32143946530315815 3.6897204776541025e-19 0.9469301294951068
    outer loop
      vertex -34.65056183502065 27 -1.5705952052691874
      vertex -34.43999237667428 27 -1.6420739046914161
      vertex -34.43999237667428 34 -1.6420739046914161
    endloop
  endfacet
  facet normal 0.1950903220161284 4.1622792156653913e-19 0.9807852804032304
    outer loop
      vertex -34.43999237667428 27 -1.6420739046914161
      vertex -34.221894526774086 27 -1.6854562643354776
      vertex -34.221894526774086 34 -1.6854562643354776
    endloop
  endfacet
  facet normal 0.4422886902189996 0 0.8968727415326891
    outer loop
      vertex -34.65056183502065 34 -1.5705952052691874
      vertex -34.85 27 -1.4722431864335457
      vertex -34.65056183502065 27 -1.5705952052691874
    endloop
  endfacet
  facet normal 0.06540312923014382 -7.781754440518829e-20 0.9978589232386034
    outer loop
      vertex -34.221894526774086 27 -1.6854562643354776
      vertex -34 27 -1.7
      vertex -34 34 -1.7
    endloop
  endfacet
  facet normal -0.06540312923014382 7.781754440518829e-20 0.9978589232386034
    outer loop
      vertex -34 27 -1.7
      vertex -33.778105473225914 27 -1.6854562643354776
      vertex -33.778105473225914 34 -1.6854562643354776
    endloop
  endfacet
  facet normal -0.1950903220161284 -4.1622792156653913e-19 0.9807852804032304
    outer loop
      vertex -33.778105473225914 27 -1.6854562643354776
      vertex -33.56000762332572 27 -1.6420739046914161
      vertex -33.56000762332572 34 -1.6420739046914161
    endloop
  endfacet
  facet normal -0.32143946530315815 -3.6897204776541025e-19 0.9469301294951068
    outer loop
      vertex -33.56000762332572 27 -1.6420739046914161
      vertex -33.34943816497935 27 -1.5705952052691874
      vertex -33.34943816497935 34 -1.5705952052691874
    endloop
  endfacet
  facet normal -0.4422886902189996 -4.819178034888248e-19 0.8968727415326891
    outer loop
      vertex -33.34943816497935 27 -1.5705952052691874
      vertex -33.15 27 -1.4722431864335457
      vertex -33.15 34 -1.4722431864335457
    endloop
  endfacet
  facet normal 0.4422886902189996 4.819178034888248e-19 0.8968727415326891
    outer loop
      vertex -34.65056183502065 34 -1.5705952052691874
      vertex -34.85 34 -1.4722431864335457
      vertex -34.85 27 -1.4722431864335457
    endloop
  endfacet
  facet normal 0.32143946530315815 3.6897204776541025e-19 0.9469301294951068
    outer loop
      vertex -34.43999237667428 34 -1.6420739046914161
      vertex -34.65056183502065 34 -1.5705952052691874
      vertex -34.65056183502065 27 -1.5705952052691874
    endloop
  endfacet
  facet normal 0.1950903220161284 0 0.9807852804032304
    outer loop
      vertex -34.43999237667428 27 -1.6420739046914161
      vertex -34.221894526774086 34 -1.6854562643354776
      vertex -34.43999237667428 34 -1.6420739046914161
    endloop
  endfacet
  facet normal 0.06540312923014382 0 0.9978589232386034
    outer loop
      vertex -34.221894526774086 27 -1.6854562643354776
      vertex -34 34 -1.7
      vertex -34.221894526774086 34 -1.6854562643354776
    endloop
  endfacet
  facet normal -0.06540312923014382 0 0.9978589232386034
    outer loop
      vertex -34 27 -1.7
      vertex -33.778105473225914 34 -1.6854562643354776
      vertex -34 34 -1.7
    endloop
  endfacet
  facet normal -0.1950903220161284 0 0.9807852804032304
    outer loop
      vertex -33.778105473225914 27 -1.6854562643354776
      vertex -33.56000762332572 34 -1.6420739046914161
      vertex -33.778105473225914 34 -1.6854562643354776
    endloop
  endfacet
  facet normal -0.32143946530315815 0 0.9469301294951068
    outer loop
      vertex -33.56000762332572 27 -1.6420739046914161
      vertex -33.34943816497935 34 -1.5705952052691874
      vertex -33.56000762332572 34 -1.6420739046914161
    endloop
  endfacet
  facet normal -0.4422886902189996 0 0.8968727415326891
    outer loop
      vertex -33.34943816497935 27 -1.5705952052691874
      vertex -33.15 34 -1.4722431864335457
      vertex -33.34943816497935 34 -1.5705952052691874
    endloop
  endfacet
  facet normal 0.5555702330196056 0 0.8314696123025429
    outer loop
      vertex -34.85 34 -1.4722431864335457
      vertex -35.034894429314825 27 -1.3487006784950997
      vertex -34.85 27 -1.4722431864335457
    endloop
  endfacet
  facet normal 0.6593458151000656 0 0.7518398074789803
    outer loop
      vertex -35.034894429314825 34 -1.3487006784950997
      vertex -35.20208152801713 27 -1.2020815280171309
      vertex -35.034894429314825 27 -1.3487006784950997
    endloop
  endfacet
  facet normal -0.5555702330196056 -8.491055425685157e-20 0.8314696123025429
    outer loop
      vertex -33.15 27 -1.4722431864335457
      vertex -32.965105570685175 27 -1.3487006784950997
      vertex -32.965105570685175 34 -1.3487006784950997
    endloop
  endfacet
  facet normal -0.6593458151000656 -1.5538110793144445e-19 0.7518398074789803
    outer loop
      vertex -32.965105570685175 27 -1.3487006784950997
      vertex -32.79791847198287 27 -1.2020815280171309
      vertex -32.79791847198287 34 -1.2020815280171309
    endloop
  endfacet
  facet normal -0.7518398074789816 0 0.6593458151000642
    outer loop
      vertex -32.6512993215049 27 -1.034894429314825
      vertex -32.6512993215049 34 -1.034894429314825
      vertex -32.79791847198287 27 -1.2020815280171309
    endloop
  endfacet
  facet normal -0.8314696123025459 -6.929544644920975e-19 0.5555702330196013
    outer loop
      vertex -32.6512993215049 27 -1.034894429314825
      vertex -32.527756813566455 27 -0.85
      vertex -32.527756813566455 34 -0.85
    endloop
  endfacet
  facet normal -0.8968727415326901 -6.758795527697171e-19 0.44228869021899775
    outer loop
      vertex -32.527756813566455 27 -0.85
      vertex -32.429404794730814 27 -0.6505618350206526
      vertex -32.429404794730814 34 -0.6505618350206526
    endloop
  endfacet
  facet normal -0.9469301294951045 0 0.32143946530316475
    outer loop
      vertex -32.357926095308585 27 -0.43999237667428526
      vertex -32.357926095308585 34 -0.43999237667428526
      vertex -32.429404794730814 27 -0.6505618350206526
    endloop
  endfacet
  facet normal -0.9807852804032291 0 0.19509032201613524
    outer loop
      vertex -32.31454373566452 27 -0.22189452677408766
      vertex -32.31454373566452 34 -0.22189452677408766
      vertex -32.357926095308585 27 -0.43999237667428526
    endloop
  endfacet
  facet normal -0.9978589232386028 5.461915182424066e-20 0.06540312923015339
    outer loop
      vertex -32.31454373566452 27 -0.22189452677408766
      vertex -32.3 27 0
      vertex -32.3 34 0
    endloop
  endfacet
  facet normal 0.5555702330196056 8.491055425685157e-20 0.8314696123025429
    outer loop
      vertex -34.85 34 -1.4722431864335457
      vertex -35.034894429314825 34 -1.3487006784950997
      vertex -35.034894429314825 27 -1.3487006784950997
    endloop
  endfacet
  facet normal 0.6593458151000656 1.5538110793144445e-19 0.7518398074789803
    outer loop
      vertex -35.034894429314825 34 -1.3487006784950997
      vertex -35.20208152801713 34 -1.2020815280171309
      vertex -35.20208152801713 27 -1.2020815280171309
    endloop
  endfacet
  facet normal -0.5555702330196056 0 0.8314696123025429
    outer loop
      vertex -33.15 27 -1.4722431864335457
      vertex -32.965105570685175 34 -1.3487006784950997
      vertex -33.15 34 -1.4722431864335457
    endloop
  endfacet
  facet normal -0.6593458151000656 0 0.7518398074789803
    outer loop
      vertex -32.965105570685175 27 -1.3487006784950997
      vertex -32.79791847198287 34 -1.2020815280171309
      vertex -32.965105570685175 34 -1.3487006784950997
    endloop
  endfacet
  facet normal -0.7518398074789816 0 0.6593458151000642
    outer loop
      vertex -32.79791847198287 27 -1.2020815280171309
      vertex -32.6512993215049 34 -1.034894429314825
      vertex -32.79791847198287 34 -1.2020815280171309
    endloop
  endfacet
  facet normal -0.8314696123025459 0 0.5555702330196013
    outer loop
      vertex -32.6512993215049 27 -1.034894429314825
      vertex -32.527756813566455 34 -0.85
      vertex -32.6512993215049 34 -1.034894429314825
    endloop
  endfacet
  facet normal -0.8968727415326901 0 0.44228869021899775
    outer loop
      vertex -32.527756813566455 27 -0.85
      vertex -32.429404794730814 34 -0.6505618350206526
      vertex -32.527756813566455 34 -0.85
    endloop
  endfacet
  facet normal -0.9469301294951045 0 0.32143946530316475
    outer loop
      vertex -32.429404794730814 27 -0.6505618350206526
      vertex -32.357926095308585 34 -0.43999237667428526
      vertex -32.429404794730814 34 -0.6505618350206526
    endloop
  endfacet
  facet normal -0.9807852804032291 0 0.19509032201613524
    outer loop
      vertex -32.357926095308585 27 -0.43999237667428526
      vertex -32.31454373566452 34 -0.22189452677408766
      vertex -32.357926095308585 34 -0.43999237667428526
    endloop
  endfacet
  facet normal -0.9978589232386028 5.461915182424066e-20 0.06540312923015339
    outer loop
      vertex -32.3 34 0
      vertex -32.31454373566452 34 -0.22189452677408766
      vertex -32.31454373566452 27 -0.22189452677408766
    endloop
  endfacet
  facet normal 0.9978589232386027 0 -0.06540312923015339
    outer loop
      vertex -35.7 20.5 0
      vertex -35.7 26 0
      vertex -35.68545626433548 20.5 0.22189452677408766
    endloop
  endfacet
  facet normal 0.9807852804032291 0 -0.19509032201613527
    outer loop
      vertex -35.68545626433548 20.5 0.22189452677408766
      vertex -35.68545626433548 26 0.22189452677408766
      vertex -35.642073904691415 20.5 0.43999237667428526
    endloop
  endfacet
  facet normal 0.9469301294951046 0 -0.3214394653031648
    outer loop
      vertex -35.642073904691415 20.5 0.43999237667428526
      vertex -35.642073904691415 26 0.43999237667428526
      vertex -35.570595205269186 20.5 0.6505618350206526
    endloop
  endfacet
  facet normal 0.89687274153269 0 -0.4422886902189977
    outer loop
      vertex -35.570595205269186 20.5 0.6505618350206526
      vertex -35.570595205269186 26 0.6505618350206526
      vertex -35.472243186433545 20.5 0.85
    endloop
  endfacet
  facet normal 0.8314696123025458 0 -0.5555702330196012
    outer loop
      vertex -35.472243186433545 20.5 0.85
      vertex -35.472243186433545 26 0.85
      vertex -35.3487006784951 20.5 1.034894429314825
    endloop
  endfacet
  facet normal 0.7518398074789816 0 -0.6593458151000641
    outer loop
      vertex -35.3487006784951 20.5 1.034894429314825
      vertex -35.3487006784951 26 1.034894429314825
      vertex -35.20208152801713 20.5 1.2020815280171309
    endloop
  endfacet
  facet normal 0.9978589232386027 0 -0.06540312923015339
    outer loop
      vertex -35.68545626433548 20.5 0.22189452677408766
      vertex -35.7 26 0
      vertex -35.68545626433548 26 0.22189452677408766
    endloop
  endfacet
  facet normal 0.9807852804032291 0 -0.19509032201613527
    outer loop
      vertex -35.642073904691415 20.5 0.43999237667428526
      vertex -35.68545626433548 26 0.22189452677408766
      vertex -35.642073904691415 26 0.43999237667428526
    endloop
  endfacet
  facet normal 0.9469301294951046 0 -0.3214394653031648
    outer loop
      vertex -35.570595205269186 20.5 0.6505618350206526
      vertex -35.642073904691415 26 0.43999237667428526
      vertex -35.570595205269186 26 0.6505618350206526
    endloop
  endfacet
  facet normal 0.89687274153269 0 -0.4422886902189977
    outer loop
      vertex -35.472243186433545 20.5 0.85
      vertex -35.570595205269186 26 0.6505618350206526
      vertex -35.472243186433545 26 0.85
    endloop
  endfacet
  facet normal 0.8314696123025458 0 -0.5555702330196012
    outer loop
      vertex -35.3487006784951 20.5 1.034894429314825
      vertex -35.472243186433545 26 0.85
      vertex -35.3487006784951 26 1.034894429314825
    endloop
  endfacet
  facet normal 0.7518398074789816 0 -0.6593458151000641
    outer loop
      vertex -35.20208152801713 20.5 1.2020815280171309
      vertex -35.3487006784951 26 1.034894429314825
      vertex -35.20208152801713 26 1.2020815280171309
    endloop
  endfacet
  facet normal 0.9978589232386028 5.461915182424066e-20 -0.06540312923015339
    outer loop
      vertex -35.68545626433548 27 0.22189452677408766
      vertex -35.7 27 0
      vertex -35.7 34 0
    endloop
  endfacet
  facet normal 0.9807852804032291 -4.917844527688216e-19 -0.19509032201613524
    outer loop
      vertex -35.642073904691415 27 0.43999237667428526
      vertex -35.68545626433548 27 0.22189452677408766
      vertex -35.68545626433548 34 0.22189452677408766
    endloop
  endfacet
  facet normal 0.9469301294951045 0 -0.32143946530316475
    outer loop
      vertex -35.642073904691415 34 0.43999237667428526
      vertex -35.570595205269186 27 0.6505618350206526
      vertex -35.642073904691415 27 0.43999237667428526
    endloop
  endfacet
  facet normal 0.8968727415326901 0 -0.44228869021899775
    outer loop
      vertex -35.570595205269186 34 0.6505618350206526
      vertex -35.472243186433545 27 0.85
      vertex -35.570595205269186 27 0.6505618350206526
    endloop
  endfacet
  facet normal 0.8314696123025459 0 -0.5555702330196013
    outer loop
      vertex -35.472243186433545 34 0.85
      vertex -35.3487006784951 27 1.034894429314825
      vertex -35.472243186433545 27 0.85
    endloop
  endfacet
  facet normal 0.7518398074789816 0 -0.6593458151000642
    outer loop
      vertex -35.3487006784951 34 1.034894429314825
      vertex -35.20208152801713 27 1.2020815280171309
      vertex -35.3487006784951 27 1.034894429314825
    endloop
  endfacet
  facet normal 0.9978589232386028 0 -0.06540312923015339
    outer loop
      vertex -35.68545626433548 27 0.22189452677408766
      vertex -35.7 34 0
      vertex -35.68545626433548 34 0.22189452677408766
    endloop
  endfacet
  facet normal 0.9807852804032291 0 -0.19509032201613524
    outer loop
      vertex -35.642073904691415 27 0.43999237667428526
      vertex -35.68545626433548 34 0.22189452677408766
      vertex -35.642073904691415 34 0.43999237667428526
    endloop
  endfacet
  facet normal 0.9469301294951045 0 -0.32143946530316475
    outer loop
      vertex -35.570595205269186 34 0.6505618350206526
      vertex -35.570595205269186 27 0.6505618350206526
      vertex -35.642073904691415 34 0.43999237667428526
    endloop
  endfacet
  facet normal 0.8968727415326901 0 -0.44228869021899775
    outer loop
      vertex -35.472243186433545 34 0.85
      vertex -35.472243186433545 27 0.85
      vertex -35.570595205269186 34 0.6505618350206526
    endloop
  endfacet
  facet normal 0.8314696123025459 0 -0.5555702330196013
    outer loop
      vertex -35.3487006784951 34 1.034894429314825
      vertex -35.3487006784951 27 1.034894429314825
      vertex -35.472243186433545 34 0.85
    endloop
  endfacet
  facet normal 0.7518398074789816 0 -0.6593458151000642
    outer loop
      vertex -35.20208152801713 34 1.2020815280171309
      vertex -35.20208152801713 27 1.2020815280171309
      vertex -35.3487006784951 34 1.034894429314825
    endloop
  endfacet
  facet normal 0 1 0
    outer loop
      vertex -35.7 20.5 0
      vertex -35.68545626433548 20.5 0.22189452677408766
      vertex -32.31454373566452 20.5 0.22189452677408766
    endloop
  endfacet
  facet normal 0 1 0
    outer loop
      vertex -35.68545626433548 20.5 0.22189452677408766
      vertex -35.642073904691415 20.5 0.43999237667428526
      vertex -32.357926095308585 20.5 0.43999237667428526
    endloop
  endfacet
  facet normal 0 1 0
    outer loop
      vertex -35.7 20.5 0
      vertex -32.31454373566452 20.5 0.22189452677408766
      vertex -32.3 20.5 0
    endloop
  endfacet
  facet normal 0 1 0
    outer loop
      vertex -35.68545626433548 20.5 0.22189452677408766
      vertex -32.357926095308585 20.5 0.43999237667428526
      vertex -32.31454373566452 20.5 0.22189452677408766
    endloop
  endfacet
  facet normal 0 1 0
    outer loop
      vertex -35.642073904691415 20.5 0.43999237667428526
      vertex -35.570595205269186 20.5 0.6505618350206526
      vertex -32.429404794730814 20.5 0.6505618350206526
    endloop
  endfacet
  facet normal 0 1 0
    outer loop
      vertex -35.642073904691415 20.5 0.43999237667428526
      vertex -32.429404794730814 20.5 0.6505618350206526
      vertex -32.357926095308585 20.5 0.43999237667428526
    endloop
  endfacet
  facet normal 0 1 0
    outer loop
      vertex -35.570595205269186 20.5 0.6505618350206526
      vertex -32.527756813566455 20.5 0.85
      vertex -32.429404794730814 20.5 0.6505618350206526
    endloop
  endfacet
  facet normal -0.9978589232386027 -6.951528413994265e-20 -0.06540312923015339
    outer loop
      vertex -32.3 20.5 0
      vertex -32.31454373566452 20.5 0.22189452677408766
      vertex -32.31454373566452 26 0.22189452677408766
    endloop
  endfacet
  facet normal -0.9807852804032291 6.259074853421366e-19 -0.19509032201613527
    outer loop
      vertex -32.31454373566452 20.5 0.22189452677408766
      vertex -32.357926095308585 20.5 0.43999237667428526
      vertex -32.357926095308585 26 0.43999237667428526
    endloop
  endfacet
  facet normal -0.9469301294951046 5.85742517448082e-19 -0.3214394653031648
    outer loop
      vertex -32.357926095308585 20.5 0.43999237667428526
      vertex -32.429404794730814 20.5 0.6505618350206526
      vertex -32.429404794730814 26 0.6505618350206526
    endloop
  endfacet
  facet normal 0 1 0
    outer loop
      vertex -35.570595205269186 20.5 0.6505618350206526
      vertex -35.472243186433545 20.5 0.85
      vertex -32.527756813566455 20.5 0.85
    endloop
  endfacet
  facet normal 0 1 0
    outer loop
      vertex -35.472243186433545 20.5 0.85
      vertex -35.3487006784951 20.5 1.034894429314825
      vertex -32.6512993215049 20.5 1.034894429314825
    endloop
  endfacet
  facet normal 0 1 0
    outer loop
      vertex -35.472243186433545 20.5 0.85
      vertex -32.6512993215049 20.5 1.034894429314825
      vertex -32.527756813566455 20.5 0.85
    endloop
  endfacet
  facet normal 0 1 0
    outer loop
      vertex -35.3487006784951 20.5 1.034894429314825
      vertex -32.79791847198287 20.5 1.2020815280171309
      vertex -32.6512993215049 20.5 1.034894429314825
    endloop
  endfacet
  facet normal 0 1 0
    outer loop
      vertex -35.3487006784951 20.5 1.034894429314825
      vertex -35.20208152801713 20.5 1.2020815280171309
      vertex -32.79791847198287 20.5 1.2020815280171309
    endloop
  endfacet
  facet normal 0 1 0
    outer loop
      vertex -35.20208152801713 20.5 1.2020815280171309
      vertex -35.034894429314825 20.5 1.3487006784950997
      vertex -32.965105570685175 20.5 1.3487006784950997
    endloop
  endfacet
  facet normal 0 1 0
    outer loop
      vertex -35.034894429314825 20.5 1.3487006784950997
      vertex -34.85 20.5 1.4722431864335457
      vertex -33.15 20.5 1.4722431864335457
    endloop
  endfacet
  facet normal 0 1 0
    outer loop
      vertex -35.20208152801713 20.5 1.2020815280171309
      vertex -32.965105570685175 20.5 1.3487006784950997
      vertex -32.79791847198287 20.5 1.2020815280171309
    endloop
  endfacet
  facet normal 0 1 0
    outer loop
      vertex -35.034894429314825 20.5 1.3487006784950997
      vertex -33.15 20.5 1.4722431864335457
      vertex -32.965105570685175 20.5 1.3487006784950997
    endloop
  endfacet
  facet normal 0.6593458151000656 0 -0.7518398074789803
    outer loop
      vertex -35.20208152801713 20.5 1.2020815280171309
      vertex -35.20208152801713 26 1.2020815280171309
      vertex -35.034894429314825 20.5 1.3487006784950997
    endloop
  endfacet
  facet normal 0.5555702330196056 0 -0.8314696123025429
    outer loop
      vertex -35.034894429314825 20.5 1.3487006784950997
      vertex -35.034894429314825 26 1.3487006784950997
      vertex -34.85 20.5 1.4722431864335457
    endloop
  endfacet
  facet normal -0.89687274153269 8.602103398887308e-19 -0.4422886902189977
    outer loop
      vertex -32.429404794730814 20.5 0.6505618350206526
      vertex -32.527756813566455 20.5 0.85
      vertex -32.527756813566455 26 0.85
    endloop
  endfacet
  facet normal -0.8314696123025458 8.819420457172149e-19 -0.5555702330196012
    outer loop
      vertex -32.527756813566455 20.5 0.85
      vertex -32.6512993215049 20.5 1.034894429314825
      vertex -32.6512993215049 26 1.034894429314825
    endloop
  endfacet
  facet normal -0.7518398074789816 -3.1867605785712373e-19 -0.6593458151000641
    outer loop
      vertex -32.6512993215049 20.5 1.034894429314825
      vertex -32.79791847198287 20.5 1.2020815280171309
      vertex -32.79791847198287 26 1.2020815280171309
    endloop
  endfacet
  facet normal -0.6593458151000656 1.977577737309293e-19 -0.7518398074789803
    outer loop
      vertex -32.79791847198287 20.5 1.2020815280171309
      vertex -32.965105570685175 20.5 1.3487006784950997
      vertex -32.965105570685175 26 1.3487006784950997
    endloop
  endfacet
  facet normal -0.5555702330196056 1.0806797814508381e-19 -0.8314696123025429
    outer loop
      vertex -32.965105570685175 20.5 1.3487006784950997
      vertex -33.15 20.5 1.4722431864335457
      vertex -33.15 26 1.4722431864335457
    endloop
  endfacet
  facet normal -0.9978589232386027 0 -0.06540312923015339
    outer loop
      vertex -32.3 20.5 0
      vertex -32.31454373566452 26 0.22189452677408766
      vertex -32.3 26 0
    endloop
  endfacet
  facet normal -0.9807852804032291 0 -0.19509032201613527
    outer loop
      vertex -32.31454373566452 20.5 0.22189452677408766
      vertex -32.357926095308585 26 0.43999237667428526
      vertex -32.31454373566452 26 0.22189452677408766
    endloop
  endfacet
  facet normal -0.9469301294951046 0 -0.3214394653031648
    outer loop
      vertex -32.357926095308585 20.5 0.43999237667428526
      vertex -32.429404794730814 26 0.6505618350206526
      vertex -32.357926095308585 26 0.43999237667428526
    endloop
  endfacet
  facet normal -0.89687274153269 0 -0.4422886902189977
    outer loop
      vertex -32.429404794730814 20.5 0.6505618350206526
      vertex -32.527756813566455 26 0.85
      vertex -32.429404794730814 26 0.6505618350206526
    endloop
  endfacet
  facet normal 0.6593458151000656 0 -0.7518398074789803
    outer loop
      vertex -35.034894429314825 20.5 1.3487006784950997
      vertex -35.20208152801713 26 1.2020815280171309
      vertex -35.034894429314825 26 1.3487006784950997
    endloop
  endfacet
  facet normal 0.5555702330196056 0 -0.8314696123025429
    outer loop
      vertex -34.85 20.5 1.4722431864335457
      vertex -35.034894429314825 26 1.3487006784950997
      vertex -34.85 26 1.4722431864335457
    endloop
  endfacet
  facet normal -0.8314696123025458 0 -0.5555702330196012
    outer loop
      vertex -32.527756813566455 20.5 0.85
      vertex -32.6512993215049 26 1.034894429314825
      vertex -32.527756813566455 26 0.85
    endloop
  endfacet
  facet normal -0.7518398074789816 0 -0.6593458151000641
    outer loop
      vertex -32.6512993215049 20.5 1.034894429314825
      vertex -32.79791847198287 26 1.2020815280171309
      vertex -32.6512993215049 26 1.034894429314825
    endloop
  endfacet
  facet normal -0.6593458151000656 0 -0.7518398074789803
    outer loop
      vertex -32.79791847198287 20.5 1.2020815280171309
      vertex -32.965105570685175 26 1.3487006784950997
      vertex -32.79791847198287 26 1.2020815280171309
    endloop
  endfacet
  facet normal -0.5555702330196056 0 -0.8314696123025429
    outer loop
      vertex -32.965105570685175 20.5 1.3487006784950997
      vertex -33.15 26 1.4722431864335457
      vertex -32.965105570685175 26 1.3487006784950997
    endloop
  endfacet
  facet normal 0 1 0
    outer loop
      vertex -34.85 20.5 1.4722431864335457
      vertex -34.65056183502065 20.5 1.5705952052691874
      vertex -33.34943816497935 20.5 1.5705952052691874
    endloop
  endfacet
  facet normal 0 1 0
    outer loop
      vertex -34.85 20.5 1.4722431864335457
      vertex -33.34943816497935 20.5 1.5705952052691874
      vertex -33.15 20.5 1.4722431864335457
    endloop
  endfacet
  facet normal 0 1 0
    outer loop
      vertex -34.65056183502065 20.5 1.5705952052691874
      vertex -34.43999237667428 20.5 1.6420739046914161
      vertex -33.56000762332572 20.5 1.6420739046914161
    endloop
  endfacet
  facet normal 0 1 0
    outer loop
      vertex -34.43999237667428 20.5 1.6420739046914161
      vertex -34.221894526774086 20.5 1.6854562643354776
      vertex -33.778105473225914 20.5 1.6854562643354776
    endloop
  endfacet
  facet normal 0 1 0
    outer loop
      vertex -34.65056183502065 20.5 1.5705952052691874
      vertex -33.56000762332572 20.5 1.6420739046914161
      vertex -33.34943816497935 20.5 1.5705952052691874
    endloop
  endfacet
  facet normal 0 1 0
    outer loop
      vertex -34.43999237667428 20.5 1.6420739046914161
      vertex -33.778105473225914 20.5 1.6854562643354776
      vertex -33.56000762332572 20.5 1.6420739046914161
    endloop
  endfacet
  facet normal 0 1 0
    outer loop
      vertex -34.221894526774086 20.5 1.6854562643354776
      vertex -34 20.5 1.7
      vertex -33.778105473225914 20.5 1.6854562643354776
    endloop
  endfacet
  facet normal 0.4422886902189996 0 -0.8968727415326893
    outer loop
      vertex -34.85 20.5 1.4722431864335457
      vertex -34.85 26 1.4722431864335457
      vertex -34.65056183502065 20.5 1.5705952052691874
    endloop
  endfacet
  facet normal 0.32143946530315815 0 -0.9469301294951068
    outer loop
      vertex -34.65056183502065 20.5 1.5705952052691874
      vertex -34.65056183502065 26 1.5705952052691874
      vertex -34.43999237667428 20.5 1.6420739046914161
    endloop
  endfacet
  facet normal 0.1950903220161284 0 -0.9807852804032304
    outer loop
      vertex -34.43999237667428 20.5 1.6420739046914161
      vertex -34.43999237667428 26 1.6420739046914161
      vertex -34.221894526774086 20.5 1.6854562643354776
    endloop
  endfacet
  facet normal -0.1950903220161284 5.297446274483225e-19 -0.9807852804032304
    outer loop
      vertex -33.56000762332572 20.5 1.6420739046914161
      vertex -33.778105473225914 20.5 1.6854562643354776
      vertex -33.778105473225914 26 1.6854562643354776
    endloop
  endfacet
  facet normal -0.4422886902189996 6.133499317130498e-19 -0.8968727415326893
    outer loop
      vertex -33.15 20.5 1.4722431864335457
      vertex -33.34943816497935 20.5 1.5705952052691874
      vertex -33.34943816497935 26 1.5705952052691874
    endloop
  endfacet
  facet normal -0.32143946530315815 0 -0.9469301294951068
    outer loop
      vertex -33.56000762332572 20.5 1.6420739046914161
      vertex -33.56000762332572 26 1.6420739046914161
      vertex -33.34943816497935 20.5 1.5705952052691874
    endloop
  endfacet
  facet normal 0.06540312923014382 0 -0.9978589232386035
    outer loop
      vertex -34.221894526774086 20.5 1.6854562643354776
      vertex -34.221894526774086 26 1.6854562643354776
      vertex -34 20.5 1.7
    endloop
  endfacet
  facet normal -0.06540312923014382 0 -0.9978589232386035
    outer loop
      vertex -34 20.5 1.7
      vertex -34 26 1.7
      vertex -33.778105473225914 20.5 1.6854562643354776
    endloop
  endfacet
  facet normal 0.4422886902189996 0 -0.8968727415326893
    outer loop
      vertex -34.65056183502065 20.5 1.5705952052691874
      vertex -34.85 26 1.4722431864335457
      vertex -34.65056183502065 26 1.5705952052691874
    endloop
  endfacet
  facet normal 0.32143946530315815 0 -0.9469301294951068
    outer loop
      vertex -34.43999237667428 20.5 1.6420739046914161
      vertex -34.65056183502065 26 1.5705952052691874
      vertex -34.43999237667428 26 1.6420739046914161
    endloop
  endfacet
  facet normal 0.1950903220161284 0 -0.9807852804032304
    outer loop
      vertex -34.221894526774086 20.5 1.6854562643354776
      vertex -34.43999237667428 26 1.6420739046914161
      vertex -34.221894526774086 26 1.6854562643354776
    endloop
  endfacet
  facet normal -0.4422886902189996 0 -0.8968727415326893
    outer loop
      vertex -33.15 20.5 1.4722431864335457
      vertex -33.34943816497935 26 1.5705952052691874
      vertex -33.15 26 1.4722431864335457
    endloop
  endfacet
  facet normal -0.1950903220161284 0 -0.9807852804032304
    outer loop
      vertex -33.56000762332572 20.5 1.6420739046914161
      vertex -33.778105473225914 26 1.6854562643354776
      vertex -33.56000762332572 26 1.6420739046914161
    endloop
  endfacet
  facet normal -0.32143946530315815 0 -0.9469301294951068
    outer loop
      vertex -33.34943816497935 20.5 1.5705952052691874
      vertex -33.56000762332572 26 1.6420739046914161
      vertex -33.34943816497935 26 1.5705952052691874
    endloop
  endfacet
  facet normal 0.06540312923014382 0 -0.9978589232386035
    outer loop
      vertex -34 20.5 1.7
      vertex -34.221894526774086 26 1.6854562643354776
      vertex -34 26 1.7
    endloop
  endfacet
  facet normal -0.06540312923014382 0 -0.9978589232386035
    outer loop
      vertex -33.778105473225914 20.5 1.6854562643354776
      vertex -34 26 1.7
      vertex -33.778105473225914 26 1.6854562643354776
    endloop
  endfacet
  facet normal -0.9978589232386028 0 -0.06540312923015339
    outer loop
      vertex -32.31454373566452 34 0.22189452677408766
      vertex -32.3 27 0
      vertex -32.31454373566452 27 0.22189452677408766
    endloop
  endfacet
  facet normal -0.9807852804032291 4.917844527688216e-19 -0.19509032201613524
    outer loop
      vertex -32.31454373566452 27 0.22189452677408766
      vertex -32.357926095308585 27 0.43999237667428526
      vertex -32.357926095308585 34 0.43999237667428526
    endloop
  endfacet
  facet normal -0.9469301294951045 0 -0.32143946530316475
    outer loop
      vertex -32.429404794730814 34 0.6505618350206526
      vertex -32.357926095308585 27 0.43999237667428526
      vertex -32.429404794730814 27 0.6505618350206526
    endloop
  endfacet
  facet normal 0.6593458151000656 0 -0.7518398074789803
    outer loop
      vertex -35.20208152801713 27 1.2020815280171309
      vertex -35.20208152801713 34 1.2020815280171309
      vertex -35.034894429314825 27 1.3487006784950997
    endloop
  endfacet
  facet normal 0.5555702330196056 0 -0.8314696123025429
    outer loop
      vertex -35.034894429314825 34 1.3487006784950997
      vertex -34.85 27 1.4722431864335457
      vertex -35.034894429314825 27 1.3487006784950997
    endloop
  endfacet
  facet normal -0.8968727415326901 6.758795527697171e-19 -0.44228869021899775
    outer loop
      vertex -32.429404794730814 27 0.6505618350206526
      vertex -32.527756813566455 27 0.85
      vertex -32.527756813566455 34 0.85
    endloop
  endfacet
  facet normal -0.8314696123025459 0 -0.5555702330196013
    outer loop
      vertex -32.6512993215049 34 1.034894429314825
      vertex -32.527756813566455 27 0.85
      vertex -32.6512993215049 27 1.034894429314825
    endloop
  endfacet
  facet normal -0.7518398074789816 -2.503883311734544e-19 -0.6593458151000642
    outer loop
      vertex -32.6512993215049 27 1.034894429314825
      vertex -32.79791847198287 27 1.2020815280171309
      vertex -32.79791847198287 34 1.2020815280171309
    endloop
  endfacet
  facet normal -0.6593458151000656 0 -0.7518398074789803
    outer loop
      vertex -32.965105570685175 34 1.3487006784950997
      vertex -32.79791847198287 27 1.2020815280171309
      vertex -32.965105570685175 27 1.3487006784950997
    endloop
  endfacet
  facet normal -0.5555702330196056 0 -0.8314696123025429
    outer loop
      vertex -33.15 34 1.4722431864335457
      vertex -32.965105570685175 27 1.3487006784950997
      vertex -33.15 27 1.4722431864335457
    endloop
  endfacet
  facet normal -0.9978589232386028 0 -0.06540312923015339
    outer loop
      vertex -32.3 27 0
      vertex -32.31454373566452 34 0.22189452677408766
      vertex -32.3 34 0
    endloop
  endfacet
  facet normal -0.9807852804032291 0 -0.19509032201613524
    outer loop
      vertex -32.31454373566452 34 0.22189452677408766
      vertex -32.31454373566452 27 0.22189452677408766
      vertex -32.357926095308585 34 0.43999237667428526
    endloop
  endfacet
  facet normal -0.9469301294951045 0 -0.32143946530316475
    outer loop
      vertex -32.357926095308585 34 0.43999237667428526
      vertex -32.357926095308585 27 0.43999237667428526
      vertex -32.429404794730814 34 0.6505618350206526
    endloop
  endfacet
  facet normal -0.8968727415326901 0 -0.44228869021899775
    outer loop
      vertex -32.429404794730814 27 0.6505618350206526
      vertex -32.527756813566455 34 0.85
      vertex -32.429404794730814 34 0.6505618350206526
    endloop
  endfacet
  facet normal 0.6593458151000656 -1.5538110793144445e-19 -0.7518398074789803
    outer loop
      vertex -35.20208152801713 34 1.2020815280171309
      vertex -35.034894429314825 34 1.3487006784950997
      vertex -35.034894429314825 27 1.3487006784950997
    endloop
  endfacet
  facet normal 0.5555702330196056 -8.491055425685157e-20 -0.8314696123025429
    outer loop
      vertex -35.034894429314825 34 1.3487006784950997
      vertex -34.85 34 1.4722431864335457
      vertex -34.85 27 1.4722431864335457
    endloop
  endfacet
  facet normal -0.8314696123025459 0 -0.5555702330196013
    outer loop
      vertex -32.527756813566455 27 0.85
      vertex -32.6512993215049 34 1.034894429314825
      vertex -32.527756813566455 34 0.85
    endloop
  endfacet
  facet normal -0.7518398074789816 0 -0.6593458151000642
    outer loop
      vertex -32.6512993215049 34 1.034894429314825
      vertex -32.6512993215049 27 1.034894429314825
      vertex -32.79791847198287 34 1.2020815280171309
    endloop
  endfacet
  facet normal -0.6593458151000656 1.5538110793144445e-19 -0.7518398074789803
    outer loop
      vertex -32.965105570685175 34 1.3487006784950997
      vertex -32.79791847198287 34 1.2020815280171309
      vertex -32.79791847198287 27 1.2020815280171309
    endloop
  endfacet
  facet normal -0.5555702330196056 8.491055425685157e-20 -0.8314696123025429
    outer loop
      vertex -33.15 34 1.4722431864335457
      vertex -32.965105570685175 34 1.3487006784950997
      vertex -32.965105570685175 27 1.3487006784950997
    endloop
  endfacet
  facet normal 0.4422886902189996 0 -0.8968727415326891
    outer loop
      vertex -34.85 34 1.4722431864335457
      vertex -34.65056183502065 27 1.5705952052691874
      vertex -34.85 27 1.4722431864335457
    endloop
  endfacet
  facet normal 0.32143946530315815 0 -0.9469301294951068
    outer loop
      vertex -34.65056183502065 34 1.5705952052691874
      vertex -34.43999237667428 27 1.6420739046914161
      vertex -34.65056183502065 27 1.5705952052691874
    endloop
  endfacet
  facet normal 0.1950903220161284 0 -0.9807852804032304
    outer loop
      vertex -34.43999237667428 34 1.6420739046914161
      vertex -34.221894526774086 27 1.6854562643354776
      vertex -34.43999237667428 27 1.6420739046914161
    endloop
  endfacet
  facet normal -0.1950903220161284 0 -0.9807852804032304
    outer loop
      vertex -33.778105473225914 34 1.6854562643354776
      vertex -33.56000762332572 27 1.6420739046914161
      vertex -33.778105473225914 27 1.6854562643354776
    endloop
  endfacet
  facet normal -0.4422886902189996 0 -0.8968727415326891
    outer loop
      vertex -33.34943816497935 34 1.5705952052691874
      vertex -33.15 27 1.4722431864335457
      vertex -33.34943816497935 27 1.5705952052691874
    endloop
  endfacet
  facet normal -0.32143946530315815 0 -0.9469301294951068
    outer loop
      vertex -33.56000762332572 34 1.6420739046914161
      vertex -33.34943816497935 27 1.5705952052691874
      vertex -33.56000762332572 27 1.6420739046914161
    endloop
  endfacet
  facet normal 0.06540312923014382 0 -0.9978589232386034
    outer loop
      vertex -34.221894526774086 34 1.6854562643354776
      vertex -34 27 1.7
      vertex -34.221894526774086 27 1.6854562643354776
    endloop
  endfacet
  facet normal -0.06540312923014382 0 -0.9978589232386034
    outer loop
      vertex -34 34 1.7
      vertex -33.778105473225914 27 1.6854562643354776
      vertex -34 27 1.7
    endloop
  endfacet
  facet normal 0.4422886902189996 -4.819178034888248e-19 -0.8968727415326891
    outer loop
      vertex -34.85 34 1.4722431864335457
      vertex -34.65056183502065 34 1.5705952052691874
      vertex -34.65056183502065 27 1.5705952052691874
    endloop
  endfacet
  facet normal 0.32143946530315815 -3.6897204776541025e-19 -0.9469301294951068
    outer loop
      vertex -34.65056183502065 34 1.5705952052691874
      vertex -34.43999237667428 34 1.6420739046914161
      vertex -34.43999237667428 27 1.6420739046914161
    endloop
  endfacet
  facet normal 0.1950903220161284 -4.1622792156653913e-19 -0.9807852804032304
    outer loop
      vertex -34.43999237667428 34 1.6420739046914161
      vertex -34.221894526774086 34 1.6854562643354776
      vertex -34.221894526774086 27 1.6854562643354776
    endloop
  endfacet
  facet normal -0.4422886902189996 4.819178034888248e-19 -0.8968727415326891
    outer loop
      vertex -33.34943816497935 34 1.5705952052691874
      vertex -33.15 34 1.4722431864335457
      vertex -33.15 27 1.4722431864335457
    endloop
  endfacet
  facet normal -0.1950903220161284 4.1622792156653913e-19 -0.9807852804032304
    outer loop
      vertex -33.778105473225914 34 1.6854562643354776
      vertex -33.56000762332572 34 1.6420739046914161
      vertex -33.56000762332572 27 1.6420739046914161
    endloop
  endfacet
  facet normal -0.32143946530315815 3.6897204776541025e-19 -0.9469301294951068
    outer loop
      vertex -33.56000762332572 34 1.6420739046914161
      vertex -33.34943816497935 34 1.5705952052691874
      vertex -33.34943816497935 27 1.5705952052691874
    endloop
  endfacet
  facet normal 0.06540312923014382 7.781754440518829e-20 -0.9978589232386034
    outer loop
      vertex -34.221894526774086 34 1.6854562643354776
      vertex -34 34 1.7
      vertex -34 27 1.7
    endloop
  endfacet
  facet normal -0.06540312923014382 -7.781754440518829e-20 -0.9978589232386034
    outer loop
      vertex -34 34 1.7
      vertex -33.778105473225914 34 1.6854562643354776
      vertex -33.778105473225914 27 1.6854562643354776
    endloop
  endfacet
endsolid OpenSCAD_Model
