solid OpenSCAD_Model
  facet normal 0 0 -1
    outer loop
      vertex -69.14999999850988 -54.729999996721745 0
      vertex -55.479999996721745 -60.07999999821186 0
      vertex -56.35999999940395 -60.96000000089407 0
    endloop
  endfacet
  facet normal 0 0 -1
    outer loop
      vertex -69.14999999850988 -54.729999996721745 0
      vertex -49.627647154033184 -50.76603380590677 0
      vertex -55.479999996721745 -60.07999999821186 0
    endloop
  endfacet
  facet normal -0.5661072429174933 -0.8243316016727456 0
    outer loop
      vertex -72.4699999988079 -52.45000000298023 0
      vertex -69.14999999850988 -54.729999996721745 0
      vertex -72.4699999988079 -52.45000000298023 8.5
    endloop
  endfacet
  facet normal -0.4379111582665411 -0.8990182520203116 0
    outer loop
      vertex -69.14999999850988 -54.729999996721745 0
      vertex -56.35999999940395 -60.96000000089407 0
      vertex -69.14999999850988 -54.729999996721745 8.5
    endloop
  endfacet
  facet normal 0.7071067811865475 -0.7071067811865475 0
    outer loop
      vertex -56.35999999940395 -60.96000000089407 0
      vertex -55.479999996721745 -60.07999999821186 0
      vertex -56.35999999940395 -60.96000000089407 8.5
    endloop
  endfacet
  facet normal 0 0 -1
    outer loop
      vertex -75.52000000327826 -48.38000000268221 0
      vertex -76.00999999791384 -45.78999999910593 0
      vertex -62.472154535353184 -45.747204661369324 0
    endloop
  endfacet
  facet normal 0 0 -1
    outer loop
      vertex -74.31000000238419 -50.53000000119209 0
      vertex -75.52000000327826 -48.38000000268221 0
      vertex -62.472154535353184 -45.747204661369324 0
    endloop
  endfacet
  facet normal 0 0 -1
    outer loop
      vertex -72.4699999988079 -52.45000000298023 0
      vertex -74.31000000238419 -50.53000000119209 0
      vertex -55.488032311201096 -49.14916568994522 0
    endloop
  endfacet
  facet normal 0 0 -1
    outer loop
      vertex -76.00999999791384 -45.78999999910593 0
      vertex -75.64999999850988 -44.04999999701977 0
      vertex -59.378691621124744 -42.917833775281906 0
    endloop
  endfacet
  facet normal 0 0 -1
    outer loop
      vertex -76.00999999791384 -45.78999999910593 0
      vertex -60.042017579078674 -43.56578978151083 0
      vertex -62.472154535353184 -45.747204661369324 0
    endloop
  endfacet
  facet normal 0 0 -1
    outer loop
      vertex -75.64999999850988 -44.04999999701977 0
      vertex -73.35000000149012 -40.729999996721745 0
      vertex -57.90222603082657 -40.94616072624922 0
    endloop
  endfacet
  facet normal 0 0 -1
    outer loop
      vertex -72.4699999988079 -52.45000000298023 0
      vertex -55.488032311201096 -49.14916568994522 0
      vertex -69.14999999850988 -54.729999996721745 0
    endloop
  endfacet
  facet normal 0 0 -1
    outer loop
      vertex -74.31000000238419 -50.53000000119209 0
      vertex -62.472154535353184 -45.747204661369324 0
      vertex -55.488032311201096 -49.14916568994522 0
    endloop
  endfacet
  facet normal 0 0 -1
    outer loop
      vertex -76.00999999791384 -45.78999999910593 0
      vertex -59.378691621124744 -42.917833775281906 0
      vertex -60.042017579078674 -43.56578978151083 0
    endloop
  endfacet
  facet normal 0 0 -1
    outer loop
      vertex -75.64999999850988 -44.04999999701977 0
      vertex -57.90222603082657 -40.94616072624922 0
      vertex -59.378691621124744 -42.917833775281906 0
    endloop
  endfacet
  facet normal 0 0 -1
    outer loop
      vertex -69.14999999850988 -54.729999996721745 0
      vertex -55.488032311201096 -49.14916568994522 0
      vertex -54.24839075654745 -49.14916568994522 0
    endloop
  endfacet
  facet normal 0 0 -1
    outer loop
      vertex -69.14999999850988 -54.729999996721745 0
      vertex -54.24839075654745 -49.14916568994522 0
      vertex -51.8469303175807 -49.6972833648324 0
    endloop
  endfacet
  facet normal 0 0 -1
    outer loop
      vertex -69.14999999850988 -54.729999996721745 0
      vertex -51.8469303175807 -49.6972833648324 0
      vertex -49.627647154033184 -50.76603380590677 0
    endloop
  endfacet
  facet normal 0 0 -1
    outer loop
      vertex -73.35000000149012 -40.729999996721745 0
      vertex -67.39000000059605 -35.38000000268221 0
      vertex -56.14222603291273 -37.94616072624922 0
    endloop
  endfacet
  facet normal 0 0 -1
    outer loop
      vertex -73.35000000149012 -40.729999996721745 0
      vertex -56.14222603291273 -37.94616072624922 0
      vertex -57.90222603082657 -40.94616072624922 0
    endloop
  endfacet
  facet normal 0 0 -1
    outer loop
      vertex -67.39000000059605 -35.38000000268221 0
      vertex -65.63000000268221 -32.38000000268221 0
      vertex -55.33592703938484 -36.25712029635906 0
    endloop
  endfacet
  facet normal 0 0 -1
    outer loop
      vertex -67.39000000059605 -35.38000000268221 0
      vertex -55.33592703938484 -36.25712029635906 0
      vertex -56.14222603291273 -37.94616072624922 0
    endloop
  endfacet
  facet normal 0 0 -1
    outer loop
      vertex -65.63000000268221 -32.38000000268221 0
      vertex -54.731280505657196 -33.86926606297493 0
      vertex -55.33592703938484 -36.25712029635906 0
    endloop
  endfacet
  facet normal 0 0 -1
    outer loop
      vertex -65.63000000268221 -32.38000000268221 0
      vertex -54.51128049939871 -32.259266063570976 0
      vertex -54.731280505657196 -33.86926606297493 0
    endloop
  endfacet
  facet normal -0.7219882047655307 -0.6919053636007211 0
    outer loop
      vertex -72.4699999988079 -52.45000000298023 0
      vertex -74.31000000238419 -50.53000000119209 8.5
      vertex -74.31000000238419 -50.53000000119209 0
    endloop
  endfacet
  facet normal -0.8714672662460264 -0.4904536714733383 -2.6471218190534837e-18
    outer loop
      vertex -74.31000000238419 -50.53000000119209 0
      vertex -75.52000000327826 -48.38000000268221 8.5
      vertex -75.52000000327826 -48.38000000268221 0
    endloop
  endfacet
  facet normal -0.9825702461156657 -0.18589166589226186 0
    outer loop
      vertex -75.52000000327826 -48.38000000268221 0
      vertex -76.00999999791384 -45.78999999910593 8.5
      vertex -76.00999999791384 -45.78999999910593 0
    endloop
  endfacet
  facet normal -0.9792604196218522 0.2026056034813298 0
    outer loop
      vertex -76.00999999791384 -45.78999999910593 0
      vertex -75.64999999850988 -44.04999999701977 8.5
      vertex -75.64999999850988 -44.04999999701977 0
    endloop
  endfacet
  facet normal -0.8220138836197377 0.5694674487065933 9.701829270810642e-18
    outer loop
      vertex -75.64999999850988 -44.04999999701977 0
      vertex -73.35000000149012 -40.729999996721745 8.5
      vertex -73.35000000149012 -40.729999996721745 0
    endloop
  endfacet
  facet normal -0.6679984022846973 0.7441627070373062 3.2616919514262328e-18
    outer loop
      vertex -73.35000000149012 -40.729999996721745 0
      vertex -67.39000000059605 -35.38000000268221 8.5
      vertex -67.39000000059605 -35.38000000268221 0
    endloop
  endfacet
  facet normal -0.8625249060280142 0.506014610936646 0
    outer loop
      vertex -67.39000000059605 -35.38000000268221 0
      vertex -65.63000000268221 -32.38000000268221 8.5
      vertex -65.63000000268221 -32.38000000268221 0
    endloop
  endfacet
  facet normal 0 0 -1
    outer loop
      vertex -55.479999996721745 -60.07999999821186 0
      vertex -49.627647154033184 -50.76603380590677 0
      vertex -49.256238393485546 -51.01000598073006 0
    endloop
  endfacet
  facet normal 0 0 -1
    outer loop
      vertex -55.479999996721745 -60.07999999821186 0
      vertex -49.256238393485546 -51.01000598073006 0
      vertex -46.86623840034008 -52.6500059813261 0
    endloop
  endfacet
  facet normal 0 0 -1
    outer loop
      vertex -55.479999996721745 -60.07999999821186 0
      vertex -39.6934262663126 -59.93673248589039 0
      vertex -53.09000000357628 -61.71999999880791 0
    endloop
  endfacet
  facet normal 0 0 -1
    outer loop
      vertex -55.479999996721745 -60.07999999821186 0
      vertex -45.05834197998047 -54.203852750360966 0
      vertex -39.6934262663126 -59.93673248589039 0
    endloop
  endfacet
  facet normal 0 0 -1
    outer loop
      vertex -55.479999996721745 -60.07999999821186 0
      vertex -46.86623840034008 -52.6500059813261 0
      vertex -45.05834197998047 -54.203852750360966 0
    endloop
  endfacet
  facet normal 0 0 -1
    outer loop
      vertex -45.79999999701977 -69.50999999791384 0
      vertex -32.03000000119209 -68.86999999731779 0
      vertex -43.060000002384186 -71.64000000059605 0
    endloop
  endfacet
  facet normal 0 0 -1
    outer loop
      vertex -45.79999999701977 -69.50999999791384 0
      vertex -53.09000000357628 -61.71999999880791 0
      vertex -29.67000000178814 -64.5300000011921 0
    endloop
  endfacet
  facet normal 0 0 -1
    outer loop
      vertex -43.060000002384186 -71.64000000059605 0
      vertex -35.03999999910593 -71.71000000089407 0
      vertex -39.439999997615814 -72.77000000327826 0
    endloop
  endfacet
  facet normal 0 0 -1
    outer loop
      vertex -43.060000002384186 -71.64000000059605 0
      vertex -32.03000000119209 -68.86999999731779 0
      vertex -35.03999999910593 -71.71000000089407 0
    endloop
  endfacet
  facet normal 0 0 -1
    outer loop
      vertex -45.79999999701977 -69.50999999791384 0
      vertex -29.67000000178814 -64.5300000011921 0
      vertex -32.03000000119209 -68.86999999731779 0
    endloop
  endfacet
  facet normal 0 0 -1
    outer loop
      vertex -53.09000000357628 -61.71999999880791 0
      vertex -39.6934262663126 -59.93673248589039 0
      vertex -29.67000000178814 -64.5300000011921 0
    endloop
  endfacet
  facet normal 0 0 -1
    outer loop
      vertex -39.6934262663126 -59.93673248589039 0
      vertex -39.6206554248929 -59.80290814489126 0
      vertex -29.67000000178814 -64.5300000011921 0
    endloop
  endfacet
  facet normal 0 0 -1
    outer loop
      vertex -39.6206554248929 -59.80290814489126 0
      vertex -37.92857729643583 -55.67391365021467 0
      vertex -29.67000000178814 -64.5300000011921 0
    endloop
  endfacet
  facet normal -0.730150729293207 -0.6832861132150996 -1.8363591736038782e-17
    outer loop
      vertex -45.79999999701977 -69.50999999791384 0
      vertex -53.09000000357628 -61.71999999880791 8.5
      vertex -53.09000000357628 -61.71999999880791 0
    endloop
  endfacet
  facet normal -0.5657965095821149 -0.824544910689949 0
    outer loop
      vertex -55.479999996721745 -60.07999999821186 0
      vertex -53.09000000357628 -61.71999999880791 0
      vertex -55.479999996721745 -60.07999999821186 8.5
    endloop
  endfacet
  facet normal -0.6137411126560007 -0.7895073442570208 0
    outer loop
      vertex -45.79999999701977 -69.50999999791384 0
      vertex -43.060000002384186 -71.64000000059605 0
      vertex -45.79999999701977 -69.50999999791384 8.5
    endloop
  endfacet
  facet normal -0.2979746860918032 -0.9545737721352349 0
    outer loop
      vertex -43.060000002384186 -71.64000000059605 0
      vertex -39.439999997615814 -72.77000000327826 0
      vertex -43.060000002384186 -71.64000000059605 8.5
    endloop
  endfacet
  facet normal 0.23420853801069108 -0.9721863816794055 0
    outer loop
      vertex -39.439999997615814 -72.77000000327826 0
      vertex -35.03999999910593 -71.71000000089407 0
      vertex -39.439999997615814 -72.77000000327826 8.5
    endloop
  endfacet
  facet normal -0.5661072429174933 -0.8243316016727456 0
    outer loop
      vertex -69.14999999850988 -54.729999996721745 0
      vertex -69.14999999850988 -54.729999996721745 8.5
      vertex -72.4699999988079 -52.45000000298023 8.5
    endloop
  endfacet
  facet normal -0.4379111582665411 -0.8990182520203116 0
    outer loop
      vertex -56.35999999940395 -60.96000000089407 0
      vertex -56.35999999940395 -60.96000000089407 8.5
      vertex -69.14999999850988 -54.729999996721745 8.5
    endloop
  endfacet
  facet normal 0.7071067811865475 -0.7071067811865475 0
    outer loop
      vertex -55.479999996721745 -60.07999999821186 0
      vertex -55.479999996721745 -60.07999999821186 8.5
      vertex -56.35999999940395 -60.96000000089407 8.5
    endloop
  endfacet
  facet normal -0.8714672662460264 -0.4904536714733383 0
    outer loop
      vertex -74.31000000238419 -50.53000000119209 0
      vertex -74.31000000238419 -50.53000000119209 8.5
      vertex -75.52000000327826 -48.38000000268221 8.5
    endloop
  endfacet
  facet normal -0.9825702461156657 -0.18589166589226186 0
    outer loop
      vertex -75.52000000327826 -48.38000000268221 0
      vertex -75.52000000327826 -48.38000000268221 8.5
      vertex -76.00999999791384 -45.78999999910593 8.5
    endloop
  endfacet
  facet normal -0.7219882047655307 -0.6919053636007211 0
    outer loop
      vertex -72.4699999988079 -52.45000000298023 0
      vertex -72.4699999988079 -52.45000000298023 8.5
      vertex -74.31000000238419 -50.53000000119209 8.5
    endloop
  endfacet
  facet normal -0.9792604196218522 0.2026056034813298 0
    outer loop
      vertex -76.00999999791384 -45.78999999910593 0
      vertex -76.00999999791384 -45.78999999910593 8.5
      vertex -75.64999999850988 -44.04999999701977 8.5
    endloop
  endfacet
  facet normal -0.8220138836197377 0.5694674487065933 0
    outer loop
      vertex -75.64999999850988 -44.04999999701977 0
      vertex -75.64999999850988 -44.04999999701977 8.5
      vertex -73.35000000149012 -40.729999996721745 8.5
    endloop
  endfacet
  facet normal -0.6679984022846973 0.7441627070373062 0
    outer loop
      vertex -73.35000000149012 -40.729999996721745 0
      vertex -73.35000000149012 -40.729999996721745 8.5
      vertex -67.39000000059605 -35.38000000268221 8.5
    endloop
  endfacet
  facet normal -0.8625249060280142 0.506014610936646 0
    outer loop
      vertex -67.39000000059605 -35.38000000268221 0
      vertex -67.39000000059605 -35.38000000268221 8.5
      vertex -65.63000000268221 -32.38000000268221 8.5
    endloop
  endfacet
  facet normal -0.730150729293207 -0.6832861132150996 0
    outer loop
      vertex -45.79999999701977 -69.50999999791384 0
      vertex -45.79999999701977 -69.50999999791384 8.5
      vertex -53.09000000357628 -61.71999999880791 8.5
    endloop
  endfacet
  facet normal -0.5657965095821149 -0.824544910689949 0
    outer loop
      vertex -53.09000000357628 -61.71999999880791 0
      vertex -53.09000000357628 -61.71999999880791 8.5
      vertex -55.479999996721745 -60.07999999821186 8.5
    endloop
  endfacet
  facet normal -0.6137411126560007 -0.7895073442570208 0
    outer loop
      vertex -43.060000002384186 -71.64000000059605 0
      vertex -43.060000002384186 -71.64000000059605 8.5
      vertex -45.79999999701977 -69.50999999791384 8.5
    endloop
  endfacet
  facet normal -0.2979746860918032 -0.9545737721352349 0
    outer loop
      vertex -39.439999997615814 -72.77000000327826 0
      vertex -39.439999997615814 -72.77000000327826 8.5
      vertex -43.060000002384186 -71.64000000059605 8.5
    endloop
  endfacet
  facet normal 0.23420853801069108 -0.9721863816794055 0
    outer loop
      vertex -35.03999999910593 -71.71000000089407 0
      vertex -35.03999999910593 -71.71000000089407 8.5
      vertex -39.439999997615814 -72.77000000327826 8.5
    endloop
  endfacet
  facet normal 0 0 -1
    outer loop
      vertex -68.7199999988079 -27.96000000089407 0
      vertex -69.35000000149012 -24.71000000089407 0
      vertex -66.00999999791384 -29.57999999821186 0
    endloop
  endfacet
  facet normal 0 0 -1
    outer loop
      vertex -69.54999999701977 -26.86999999731779 0
      vertex -69.35000000149012 -24.71000000089407 0
      vertex -68.7199999988079 -27.96000000089407 0
    endloop
  endfacet
  facet normal 0 0 -1
    outer loop
      vertex -66.00999999791384 -29.57999999821186 0
      vertex -69.35000000149012 -24.71000000089407 0
      vertex -68.00999999791384 -22.259999997913837 0
    endloop
  endfacet
  facet normal 0 0 -1
    outer loop
      vertex -66.00999999791384 -29.57999999821186 0
      vertex -68.00999999791384 -22.259999997913837 0
      vertex -66.07000000029802 -20.11999999731779 0
    endloop
  endfacet
  facet normal 0 0 -1
    outer loop
      vertex -65.63000000268221 -32.38000000268221 0
      vertex -65.40999999642372 -30.770000003278255 0
      vertex -54.51128049939871 -32.259266063570976 0
    endloop
  endfacet
  facet normal 0 0 -1
    outer loop
      vertex -66.00999999791384 -29.57999999821186 0
      vertex -59.70000000298023 -14.939999997615814 0
      vertex -65.40999999642372 -30.770000003278255 0
    endloop
  endfacet
  facet normal 0 0 -1
    outer loop
      vertex -54.51128049939871 -32.259266063570976 0
      vertex -65.40999999642372 -30.770000003278255 0
      vertex -54.41182263940573 -30.569763213396072 0
    endloop
  endfacet
  facet normal 0 0 -1
    outer loop
      vertex -65.40999999642372 -30.770000003278255 0
      vertex -54.7321267798543 -28.12745887041092 0
      vertex -54.41182263940573 -30.569763213396072 0
    endloop
  endfacet
  facet normal 0 0 -1
    outer loop
      vertex -65.40999999642372 -30.770000003278255 0
      vertex -55.58786407858133 -25.817662574350834 0
      vertex -54.7321267798543 -28.12745887041092 0
    endloop
  endfacet
  facet normal 0 0 -1
    outer loop
      vertex -65.40999999642372 -30.770000003278255 0
      vertex -55.60347504168749 -25.786700814962387 0
      vertex -55.58786407858133 -25.817662574350834 0
    endloop
  endfacet
  facet normal 0 0 -1
    outer loop
      vertex -65.40999999642372 -30.770000003278255 0
      vertex -59.70000000298023 -14.939999997615814 0
      vertex -55.60347504168749 -25.786700814962387 0
    endloop
  endfacet
  facet normal 0 0 -1
    outer loop
      vertex -66.00999999791384 -29.57999999821186 0
      vertex -66.07000000029802 -20.11999999731779 0
      vertex -59.70000000298023 -14.939999997615814 0
    endloop
  endfacet
  facet normal 0 0 -1
    outer loop
      vertex -55.60347504168749 -25.786700814962387 0
      vertex -59.70000000298023 -14.939999997615814 0
      vertex -52.75995101034641 -23.47438456863165 0
    endloop
  endfacet
  facet normal 0 0 -1
    outer loop
      vertex -59.70000000298023 -14.939999997615814 0
      vertex -55.245885781921075 -14 0
      vertex -51.70036306977272 -22.4902191311121 0
    endloop
  endfacet
  facet normal 0 0 -1
    outer loop
      vertex -59.70000000298023 -14.939999997615814 0
      vertex -56.34000000357628 -11.380000002682209 0
      vertex -55.245885781921075 -14 0
    endloop
  endfacet
  facet normal -0.7955992453229092 -0.6058232752557609 0
    outer loop
      vertex -69.54999999701977 -26.86999999731779 0
      vertex -68.7199999988079 -27.96000000089407 0
      vertex -69.54999999701977 -26.86999999731779 8.5
    endloop
  endfacet
  facet normal -0.892921447087323 -0.4502124935310893 0
    outer loop
      vertex -66.00999999791384 -29.57999999821186 0
      vertex -65.40999999642372 -30.770000003278255 0
      vertex -66.00999999791384 -29.57999999821186 8.5
    endloop
  endfacet
  facet normal -0.5130977465545568 -0.8583301826690216 0
    outer loop
      vertex -68.7199999988079 -27.96000000089407 0
      vertex -66.00999999791384 -29.57999999821186 0
      vertex -68.7199999988079 -27.96000000089407 8.5
    endloop
  endfacet
  facet normal -0.9957406742311279 0.09219820866881684 0
    outer loop
      vertex -69.54999999701977 -26.86999999731779 0
      vertex -69.35000000149012 -24.71000000089407 8.5
      vertex -69.35000000149012 -24.71000000089407 0
    endloop
  endfacet
  facet normal -0.8773475833494289 0.47985541363093615 0
    outer loop
      vertex -69.35000000149012 -24.71000000089407 0
      vertex -68.00999999791384 -22.259999997913837 8.5
      vertex -68.00999999791384 -22.259999997913837 0
    endloop
  endfacet
  facet normal -0.740879275361537 0.6716382205769441 0
    outer loop
      vertex -68.00999999791384 -22.259999997913837 0
      vertex -66.07000000029802 -20.11999999731779 8.5
      vertex -66.07000000029802 -20.11999999731779 0
    endloop
  endfacet
  facet normal -0.9907926812377574 0.13538782369805458 0
    outer loop
      vertex -65.63000000268221 -32.38000000268221 0
      vertex -65.40999999642372 -30.770000003278255 8.5
      vertex -65.40999999642372 -30.770000003278255 0
    endloop
  endfacet
  facet normal -0.6309135448099741 0.775853142659945 1.9885724052810817e-17
    outer loop
      vertex -66.07000000029802 -20.11999999731779 0
      vertex -59.70000000298023 -14.939999997615814 8.5
      vertex -59.70000000298023 -14.939999997615814 0
    endloop
  endfacet
  facet normal -0.7272397209435981 0.6863835577007055 2.6682031849391966e-18
    outer loop
      vertex -59.70000000298023 -14.939999997615814 0
      vertex -56.34000000357628 -11.380000002682209 8.5
      vertex -56.34000000357628 -11.380000002682209 0
    endloop
  endfacet
  facet normal 0 0 -1
    outer loop
      vertex -59.70000000298023 -14.939999997615814 0
      vertex -51.70036306977272 -22.4902191311121 0
      vertex -52.75995101034641 -23.47438456863165 0
    endloop
  endfacet
  facet normal 0 0 -1
    outer loop
      vertex -51.70036306977272 -22.4902191311121 0
      vertex -55.245885781921075 -14 0
      vertex -48.34036307036877 -18.930219136178493 0
    endloop
  endfacet
  facet normal 0 0 -1
    outer loop
      vertex -56.34000000357628 -11.380000002682209 0
      vertex -51.92140970123323 -11.58697948825488 0
      vertex -52.57696080576386 -14 0
    endloop
  endfacet
  facet normal 0 0 -1
    outer loop
      vertex -55.245885781921075 -14 0
      vertex -52.57696080576386 -14 0
      vertex -48.34036307036877 -18.930219136178493 0
    endloop
  endfacet
  facet normal 0 0 -1
    outer loop
      vertex -52.57696080576386 -14 0
      vertex -51.92140970123323 -11.58697948825488 0
      vertex -47.3125554472208 -17.66531978547573 0
    endloop
  endfacet
  facet normal 0 0 -1
    outer loop
      vertex -52.57696080576386 -14 0
      vertex -47.3125554472208 -17.66531978547573 0
      vertex -48.34036307036877 -18.930219136178493 0
    endloop
  endfacet
  facet normal 0 0 -1
    outer loop
      vertex -51.92140970123323 -11.58697948825488 0
      vertex -45.27255544066429 -14.735319785773754 0
      vertex -47.3125554472208 -17.66531978547573 0
    endloop
  endfacet
  facet normal 0 0 -1
    outer loop
      vertex -51.92140970123323 -11.58697948825488 0
      vertex -46.72093388280457 -11.830584741509682 0
      vertex -45.27255544066429 -14.735319785773754 0
    endloop
  endfacet
  facet normal 0 0 -1
    outer loop
      vertex -45.27255544066429 -14.735319785773754 0
      vertex -46.72093388280457 -11.830584741509682 0
      vertex -44.857494145415245 -14 0
    endloop
  endfacet
  facet normal 0 0 -1
    outer loop
      vertex -56.34000000357628 -11.380000002682209 0
      vertex -54.29999999701977 -8.450000002980232 0
      vertex -51.92140970123323 -11.58697948825488 0
    endloop
  endfacet
  facet normal 0 0 -1
    outer loop
      vertex -52.25999999791384 1.869999997317791 0
      vertex -50.53000000119209 4.200000002980232 0
      vertex -49.28999999910593 4.53999999910593 0
    endloop
  endfacet
  facet normal -0.8028852138024934 0.5961336540217507 -1.2752241034740421e-17
    outer loop
      vertex -52.25999999791384 1.869999997317791 0
      vertex -50.53000000119209 4.200000002980232 1.4999999999999998
      vertex -50.53000000119209 4.200000002980232 0
    endloop
  endfacet
  facet normal 0 0 -1
    outer loop
      vertex -52.25999999791384 1.869999997317791 0
      vertex -49.28999999910593 4.53999999910593 0
      vertex -47.729999996721745 4.170000001788139 0
    endloop
  endfacet
  facet normal 0.2307772088031614 0.9730066186296072 0
    outer loop
      vertex -49.28999999910593 4.53999999910593 0
      vertex -47.729999996721745 4.170000001788139 2.0347143486675967
      vertex -47.729999996721745 4.170000001788139 0
    endloop
  endfacet
  facet normal -0.9940633368534285 0.10880295181578063 0
    outer loop
      vertex -47.729999996721745 4.170000001788139 0
      vertex -47.28999999910593 8.189999997615814 1.7806802316006713
      vertex -47.28999999910593 8.189999997615814 0
    endloop
  endfacet
  facet normal -0.8028852138024934 0.5961336540217507 0
    outer loop
      vertex -52.25999999791384 1.869999997317791 0
      vertex -52.25999999791384 1.869999997317791 1.4999999999999998
      vertex -50.53000000119209 4.200000002980232 1.4999999999999998
    endloop
  endfacet
  facet normal -0.2644333417898301 0.9644039650218484 0
    outer loop
      vertex -50.53000000119209 4.200000002980232 0
      vertex -50.53000000119209 4.200000002980232 1.4999999999999998
      vertex -50.400000000000006 4.235645164131272 1.4999999999999998
    endloop
  endfacet
  facet normal -0.2644333417898272 0.9644039650218493 0
    outer loop
      vertex -50.53000000119209 4.200000002980232 0
      vertex -49.28999999910593 4.53999999910593 4.5
      vertex -49.28999999910593 4.53999999910593 0
    endloop
  endfacet
  facet normal 0.23077720880316147 0.9730066186296074 -1.5673147930829226e-17
    outer loop
      vertex -49.28999999910593 4.53999999910593 0
      vertex -49.05884572681199 4.485174947825135 2.8019237886466843
      vertex -47.729999996721745 4.170000001788139 2.0347143486675967
    endloop
  endfacet
  facet normal -0.9940633368534285 0.10880295181578063 0
    outer loop
      vertex -47.729999996721745 4.170000001788139 0
      vertex -47.729999996721745 4.170000001788139 2.0347143486675967
      vertex -47.28999999910593 8.189999997615814 1.7806802316006713
    endloop
  endfacet
  facet normal 0 0 -1
    outer loop
      vertex -47.729999996721745 4.170000001788139 0
      vertex -37.4682234838497 0.29269959895843994 0
      vertex -37.493608994366646 0.2395542481333246 0
    endloop
  endfacet
  facet normal -0.820676777994215 0.57139270739224 -1.0975317263164517e-17
    outer loop
      vertex -56.34000000357628 -11.380000002682209 0
      vertex -54.29999999701977 -8.450000002980232 8.5
      vertex -54.29999999701977 -8.450000002980232 0
    endloop
  endfacet
  facet normal -0.2644333417898258 0.9644039650218497 -3.9221336725048507e-16
    outer loop
      vertex -50.53000000119209 4.200000002980232 0
      vertex -50.400000000000006 4.235645164131272 1.4999999999999998
      vertex -49.28999999910593 4.53999999910593 4.5
    endloop
  endfacet
  facet normal 0.23077720880316124 0.9730066186296072 0
    outer loop
      vertex -49.28999999910593 4.53999999910593 0
      vertex -49.28999999910593 4.53999999910593 4.5
      vertex -49.05884572681199 4.485174947825135 2.8019237886466843
    endloop
  endfacet
  facet normal -0.7955992453229092 -0.6058232752557609 0
    outer loop
      vertex -68.7199999988079 -27.96000000089407 0
      vertex -68.7199999988079 -27.96000000089407 8.5
      vertex -69.54999999701977 -26.86999999731779 8.5
    endloop
  endfacet
  facet normal -0.5130977465545568 -0.8583301826690216 0
    outer loop
      vertex -66.00999999791384 -29.57999999821186 0
      vertex -66.00999999791384 -29.57999999821186 8.5
      vertex -68.7199999988079 -27.96000000089407 8.5
    endloop
  endfacet
  facet normal -0.9957406742311279 0.09219820866881684 0
    outer loop
      vertex -69.54999999701977 -26.86999999731779 0
      vertex -69.54999999701977 -26.86999999731779 8.5
      vertex -69.35000000149012 -24.71000000089407 8.5
    endloop
  endfacet
  facet normal -0.8773475833494289 0.47985541363093615 0
    outer loop
      vertex -69.35000000149012 -24.71000000089407 0
      vertex -69.35000000149012 -24.71000000089407 8.5
      vertex -68.00999999791384 -22.259999997913837 8.5
    endloop
  endfacet
  facet normal -0.740879275361537 0.6716382205769441 0
    outer loop
      vertex -68.00999999791384 -22.259999997913837 0
      vertex -68.00999999791384 -22.259999997913837 8.5
      vertex -66.07000000029802 -20.11999999731779 8.5
    endloop
  endfacet
  facet normal -0.9907926812377574 0.13538782369805458 0
    outer loop
      vertex -65.63000000268221 -32.38000000268221 0
      vertex -65.63000000268221 -32.38000000268221 8.5
      vertex -65.40999999642372 -30.770000003278255 8.5
    endloop
  endfacet
  facet normal -0.892921447087323 -0.4502124935310893 0
    outer loop
      vertex -65.40999999642372 -30.770000003278255 0
      vertex -65.40999999642372 -30.770000003278255 8.5
      vertex -66.00999999791384 -29.57999999821186 8.5
    endloop
  endfacet
  facet normal -0.6309135448099741 0.775853142659945 0
    outer loop
      vertex -66.07000000029802 -20.11999999731779 0
      vertex -66.07000000029802 -20.11999999731779 8.5
      vertex -59.70000000298023 -14.939999997615814 8.5
    endloop
  endfacet
  facet normal -0.7272397209435981 0.6863835577007055 0
    outer loop
      vertex -59.70000000298023 -14.939999997615814 0
      vertex -59.70000000298023 -14.939999997615814 8.5
      vertex -56.34000000357628 -11.380000002682209 8.5
    endloop
  endfacet
  facet normal -0.820676777994215 0.57139270739224 0
    outer loop
      vertex -56.34000000357628 -11.380000002682209 0
      vertex -56.34000000357628 -11.380000002682209 8.5
      vertex -54.29999999701977 -8.450000002980232 8.5
    endloop
  endfacet
  facet normal -0.26443334178982686 0.9644039650218494 1.6184138263229983e-18
    outer loop
      vertex -49.28999999910593 4.53999999910593 4.5
      vertex -50.400000000000006 4.235645164131272 1.4999999999999998
      vertex -50.400000000000006 4.235645164131272 4.5
    endloop
  endfacet
  facet normal 0.23077720880316172 0.9730066186296072 6.799658754351926e-17
    outer loop
      vertex -49.05884572681199 4.485174947825135 2.8019237886466843
      vertex -49.28999999910593 4.53999999910593 4.5
      vertex -48.078460969082656 4.252647795789321 4.5
    endloop
  endfacet
  facet normal 0 0 -1
    outer loop
      vertex -37.92857729643583 -55.67391365021467 0
      vertex -27.07999999821186 -54.32999999821186 0
      vertex -29.67000000178814 -64.5300000011921 0
    endloop
  endfacet
  facet normal 0 0 -1
    outer loop
      vertex -37.92857729643583 -55.67391365021467 0
      vertex -38.07999999821186 -54.32999999821186 0
      vertex -26.96000000089407 -53.42999999970198 0
    endloop
  endfacet
  facet normal 0 0 -1
    outer loop
      vertex -38.07999999821186 -54.32999999821186 0
      vertex -37.98350691050291 -52.87619910389185 0
      vertex -26.96000000089407 -53.42999999970198 0
    endloop
  endfacet
  facet normal 0 0 -1
    outer loop
      vertex -37.98350691050291 -52.87619910389185 0
      vertex -37.86350691318512 -51.976199105381966 0
      vertex -26.96000000089407 -53.42999999970198 0
    endloop
  endfacet
  facet normal 0 0 -1
    outer loop
      vertex -37.92857729643583 -55.67391365021467 0
      vertex -26.96000000089407 -53.42999999970198 0
      vertex -27.07999999821186 -54.32999999821186 0
    endloop
  endfacet
  facet normal 0 0 -1
    outer loop
      vertex -29.67000000178814 -64.5300000011921 0
      vertex -27.07999999821186 -54.32999999821186 0
      vertex -25.490000002086163 -54.32999999821186 0
    endloop
  endfacet
  facet normal 0.6862686729461548 -0.7273481343433303 0
    outer loop
      vertex -35.03999999910593 -71.71000000089407 0
      vertex -32.03000000119209 -68.86999999731779 0
      vertex -35.03999999910593 -71.71000000089407 8.5
    endloop
  endfacet
  facet normal 0.8785137109860255 -0.477717133468711 0
    outer loop
      vertex -32.03000000119209 -68.86999999731779 0
      vertex -29.67000000178814 -64.5300000011921 0
      vertex -32.03000000119209 -68.86999999731779 8.5
    endloop
  endfacet
  facet normal 0.9253155752216071 -0.3791979512765151 0
    outer loop
      vertex -29.67000000178814 -64.5300000011921 0
      vertex -25.490000002086163 -54.32999999821186 0
      vertex -29.67000000178814 -64.5300000011921 8.5
    endloop
  endfacet
  facet normal 0.9912279010409667 -0.13216371740352764 0
    outer loop
      vertex -27.07999999821186 -54.32999999821186 0
      vertex -26.96000000089407 -53.42999999970198 0
      vertex -27.07999999821186 -54.32999999821186 8.5
    endloop
  endfacet
  facet normal 0 1 0
    outer loop
      vertex -27.07999999821186 -54.32999999821186 0
      vertex -25.490000002086163 -54.32999999821186 8.5
      vertex -25.490000002086163 -54.32999999821186 0
    endloop
  endfacet
  facet normal 0 0 -1
    outer loop
      vertex -37.86350691318512 -51.976199105381966 0
      vertex -37.266632094979286 -49.586390390992165 0
      vertex -17.640000000596046 -42.899999998509884 0
    endloop
  endfacet
  facet normal 0 0 -1
    outer loop
      vertex -37.266632094979286 -49.586390390992165 0
      vertex -36.15293971449137 -47.38931630551815 0
      vertex -17.640000000596046 -42.899999998509884 0
    endloop
  endfacet
  facet normal 0 0 -1
    outer loop
      vertex -37.86350691318512 -51.976199105381966 0
      vertex -17.640000000596046 -42.899999998509884 0
      vertex -26.96000000089407 -53.42999999970198 0
    endloop
  endfacet
  facet normal 0 0 -1
    outer loop
      vertex -36.15293971449137 -47.38931630551815 0
      vertex -35.19702089577913 -46.13949337601662 0
      vertex -17.640000000596046 -42.899999998509884 0
    endloop
  endfacet
  facet normal 0 0 -1
    outer loop
      vertex -35.19702089577913 -46.13949337601662 0
      vertex -27.084229476749897 -36.97343182563782 0
      vertex -17.640000000596046 -42.899999998509884 0
    endloop
  endfacet
  facet normal 0 0 -1
    outer loop
      vertex -27.084229476749897 -36.97343182563782 0
      vertex -16.03999999910593 -39.78000000119209 0
      vertex -17.640000000596046 -42.899999998509884 0
    endloop
  endfacet
  facet normal 0 0 -1
    outer loop
      vertex -27.54560384899378 -35.76580763608217 0
      vertex -17.270000003278255 -31.84000000357628 0
      vertex -27.084229476749897 -36.97343182563782 0
    endloop
  endfacet
  facet normal 0 0 -1
    outer loop
      vertex -27.54560384899378 -35.76580763608217 0
      vertex -28.161547392606735 -33.380842477083206 0
      vertex -17.270000003278255 -31.84000000357628 0
    endloop
  endfacet
  facet normal 0 0 -1
    outer loop
      vertex -28.161547392606735 -33.380842477083206 0
      vertex -28.26479659974575 -32.17830143123865 0
      vertex -17.310000002384186 -30.53999999910593 0
    endloop
  endfacet
  facet normal 0 0 -1
    outer loop
      vertex -27.084229476749897 -36.97343182563782 0
      vertex -17.270000003278255 -31.84000000357628 0
      vertex -15.780000001192093 -35.74000000208616 0
    endloop
  endfacet
  facet normal 0 0 -1
    outer loop
      vertex -28.161547392606735 -33.380842477083206 0
      vertex -17.310000002384186 -30.53999999910593 0
      vertex -17.270000003278255 -31.84000000357628 0
    endloop
  endfacet
  facet normal 0 0 -1
    outer loop
      vertex -27.084229476749897 -36.97343182563782 0
      vertex -15.590000003576279 -37.689999997615814 0
      vertex -16.03999999910593 -39.78000000119209 0
    endloop
  endfacet
  facet normal 0 0 -1
    outer loop
      vertex -27.084229476749897 -36.97343182563782 0
      vertex -15.780000001192093 -35.74000000208616 0
      vertex -15.590000003576279 -37.689999997615814 0
    endloop
  endfacet
  facet normal 0.7488200812469389 -0.6627733292169562 0
    outer loop
      vertex -26.96000000089407 -53.42999999970198 0
      vertex -17.640000000596046 -42.899999998509884 0
      vertex -26.96000000089407 -53.42999999970198 8.5
    endloop
  endfacet
  facet normal 0.8898174624808958 -0.45631664824336576 0
    outer loop
      vertex -17.640000000596046 -42.899999998509884 0
      vertex -16.03999999910593 -39.78000000119209 0
      vertex -17.640000000596046 -42.899999998509884 8.5
    endloop
  endfacet
  facet normal 0.977596591504945 -0.21048730193984053 0
    outer loop
      vertex -16.03999999910593 -39.78000000119209 0
      vertex -15.590000003576279 -37.689999997615814 0
      vertex -16.03999999910593 -39.78000000119209 8.5
    endloop
  endfacet
  facet normal 0.995286657105008 0.09697664764642186 0
    outer loop
      vertex -15.590000003576279 -37.689999997615814 0
      vertex -15.780000001192093 -35.74000000208616 0
      vertex -15.590000003576279 -37.689999997615814 8.5
    endloop
  endfacet
  facet normal 0.9341458043772936 0.35689160282121984 0
    outer loop
      vertex -15.780000001192093 -35.74000000208616 0
      vertex -17.270000003278255 -31.84000000357628 0
      vertex -15.780000001192093 -35.74000000208616 8.5
    endloop
  endfacet
  facet normal 0.6862686729461548 -0.7273481343433303 0
    outer loop
      vertex -32.03000000119209 -68.86999999731779 0
      vertex -32.03000000119209 -68.86999999731779 8.5
      vertex -35.03999999910593 -71.71000000089407 8.5
    endloop
  endfacet
  facet normal 0.8785137109860255 -0.477717133468711 0
    outer loop
      vertex -29.67000000178814 -64.5300000011921 0
      vertex -29.67000000178814 -64.5300000011921 8.5
      vertex -32.03000000119209 -68.86999999731779 8.5
    endloop
  endfacet
  facet normal 0.9253155752216071 -0.3791979512765151 0
    outer loop
      vertex -25.490000002086163 -54.32999999821186 0
      vertex -25.490000002086163 -54.32999999821186 8.5
      vertex -29.67000000178814 -64.5300000011921 8.5
    endloop
  endfacet
  facet normal 0.9912279010409667 -0.13216371740352764 0
    outer loop
      vertex -26.96000000089407 -53.42999999970198 0
      vertex -26.96000000089407 -53.42999999970198 8.5
      vertex -27.07999999821186 -54.32999999821186 8.5
    endloop
  endfacet
  facet normal 0 1 0
    outer loop
      vertex -27.07999999821186 -54.32999999821186 0
      vertex -27.07999999821186 -54.32999999821186 8.5
      vertex -25.490000002086163 -54.32999999821186 8.5
    endloop
  endfacet
  facet normal 0.7488200812469389 -0.6627733292169562 0
    outer loop
      vertex -17.640000000596046 -42.899999998509884 0
      vertex -17.640000000596046 -42.899999998509884 8.5
      vertex -26.96000000089407 -53.42999999970198 8.5
    endloop
  endfacet
  facet normal 0.8898174624808958 -0.45631664824336576 0
    outer loop
      vertex -16.03999999910593 -39.78000000119209 0
      vertex -16.03999999910593 -39.78000000119209 8.5
      vertex -17.640000000596046 -42.899999998509884 8.5
    endloop
  endfacet
  facet normal 0.977596591504945 -0.21048730193984053 0
    outer loop
      vertex -15.590000003576279 -37.689999997615814 0
      vertex -15.590000003576279 -37.689999997615814 8.5
      vertex -16.03999999910593 -39.78000000119209 8.5
    endloop
  endfacet
  facet normal 0.995286657105008 0.09697664764642186 0
    outer loop
      vertex -15.780000001192093 -35.74000000208616 0
      vertex -15.780000001192093 -35.74000000208616 8.5
      vertex -15.590000003576279 -37.689999997615814 8.5
    endloop
  endfacet
  facet normal 0.9341458043772936 0.35689160282121984 0
    outer loop
      vertex -17.270000003278255 -31.84000000357628 0
      vertex -17.270000003278255 -31.84000000357628 8.5
      vertex -15.780000001192093 -35.74000000208616 8.5
    endloop
  endfacet
  facet normal 0 0 -1
    outer loop
      vertex -28.26479659974575 -32.17830143123865 0
      vertex -28.30479659885168 -30.878301426768303 0
      vertex -17.310000002384186 -30.53999999910593 0
    endloop
  endfacet
  facet normal 0 0 -1
    outer loop
      vertex -28.30479659885168 -30.878301426768303 0
      vertex -28.104413241147995 -28.42324709147215 0
      vertex -17.310000002384186 -30.53999999910593 0
    endloop
  endfacet
  facet normal 0 0 -1
    outer loop
      vertex -28.104413241147995 -28.42324709147215 0
      vertex -27.362752929329872 -26.0743355974555 0
      vertex -17.310000002384186 -30.53999999910593 0
    endloop
  endfacet
  facet normal 0 0 -1
    outer loop
      vertex -27.362752929329872 -26.0743355974555 0
      vertex -26.29857713729143 -24.199220776557922 0
      vertex -17.310000002384186 -30.53999999910593 0
    endloop
  endfacet
  facet normal 0 0 -1
    outer loop
      vertex -26.29857713729143 -24.199220776557922 0
      vertex -24.478577136993408 -21.61922077834606 0
      vertex -17.310000002384186 -30.53999999910593 0
    endloop
  endfacet
  facet normal 0 0 -1
    outer loop
      vertex -15.490000002086163 -27.96000000089407 0
      vertex -24.478577136993408 -21.61922077834606 0
      vertex -22.842258624732494 -19.778050772845745 0
    endloop
  endfacet
  facet normal 0 0 -1
    outer loop
      vertex -15.490000002086163 -27.96000000089407 0
      vertex -22.842258624732494 -19.778050772845745 0
      vertex -20.83726716786623 -18.34715786576271 0
    endloop
  endfacet
  facet normal 0 0 -1
    outer loop
      vertex -17.310000002384186 -30.53999999910593 0
      vertex -24.478577136993408 -21.61922077834606 0
      vertex -15.490000002086163 -27.96000000089407 0
    endloop
  endfacet
  facet normal 0 0 -1
    outer loop
      vertex -15.490000002086163 -27.96000000089407 0
      vertex -20.83726716786623 -18.34715786576271 0
      vertex -11.530000001192093 -26.32999999821186 0
    endloop
  endfacet
  facet normal 0 0 -1
    outer loop
      vertex -20.83726716786623 -18.34715786576271 0
      vertex -19.67695588618517 -17.788009025156498 0
      vertex -11.530000001192093 -26.32999999821186 0
    endloop
  endfacet
  facet normal 0 0 -1
    outer loop
      vertex -19.67695588618517 -17.788009025156498 0
      vertex -15.7169558852911 -16.15800902247429 0
      vertex -11.530000001192093 -26.32999999821186 0
    endloop
  endfacet
  facet normal 0.9995269631010361 0.030754674994546607 0
    outer loop
      vertex -17.270000003278255 -31.84000000357628 0
      vertex -17.310000002384186 -30.53999999910593 0
      vertex -17.270000003278255 -31.84000000357628 8.5
    endloop
  endfacet
  facet normal 0.817143375611314 -0.5764344747623505 0
    outer loop
      vertex -17.310000002384186 -30.53999999910593 0
      vertex -15.490000002086163 -27.96000000089407 0
      vertex -17.310000002384186 -30.53999999910593 8.5
    endloop
  endfacet
  facet normal 0 0 -1
    outer loop
      vertex -11.530000001192093 -26.32999999821186 0
      vertex -1.879879437744596 -13.43497538593705 0
      vertex -2.5 -25.36999999731779 0
    endloop
  endfacet
  facet normal 0 0 -1
    outer loop
      vertex -15.7169558852911 -16.15800902247429 0
      vertex -13.348499231040478 -15.481356739997864 0
      vertex -11.530000001192093 -26.32999999821186 0
    endloop
  endfacet
  facet normal 0 0 -1
    outer loop
      vertex -11.530000001192093 -26.32999999821186 0
      vertex -13.348499231040478 -15.481356739997864 0
      vertex -12.692882061004639 -15.391640648245811 0
    endloop
  endfacet
  facet normal 0 0 -1
    outer loop
      vertex -11.530000001192093 -26.32999999821186 0
      vertex -12.692882061004639 -15.391640648245811 0
      vertex -11.435180857777596 -15.257931545376778 0
    endloop
  endfacet
  facet normal 0 0 -1
    outer loop
      vertex -11.530000001192093 -26.32999999821186 0
      vertex -11.435180857777596 -15.257931545376778 0
      vertex -1.879879437744596 -13.43497538593705 0
    endloop
  endfacet
  facet normal 0 0 -1
    outer loop
      vertex -11.435180857777596 -15.257931545376778 0
      vertex -11.592424757778645 -14.408392541110516 0
      vertex -1.879879437744596 -13.43497538593705 0
    endloop
  endfacet
  facet normal 0 0 -1
    outer loop
      vertex -11.592424757778645 -14.408392541110516 0
      vertex -11.575516808152349 -14 0
      vertex -1.879879437744596 -13.43497538593705 0
    endloop
  endfacet
  facet normal 0 0 -1
    outer loop
      vertex -11.575516808152349 -14 0
      vertex -11.528105683649802 -12.85483751487002 0
      vertex -1.879879437744596 -13.43497538593705 0
    endloop
  endfacet
  facet normal 0 0 -1
    outer loop
      vertex 2.0499999970197678 -23.570000000298023 0
      vertex 3.2700000032782555 -20.429999999701977 0
      vertex 3.2999999970197678 -21.67000000178814 0
    endloop
  endfacet
  facet normal 0 0 -1
    outer loop
      vertex -2.5 -25.36999999731779 0
      vertex -1.879879437744596 -13.43497538593705 0
      vertex 0.5600000023841858 -24.520000003278255 0
    endloop
  endfacet
  facet normal 0 0 -1
    outer loop
      vertex 0.5600000023841858 -24.520000003278255 0
      vertex -1.879879437744596 -13.43497538593705 0
      vertex 2.0499999970197678 -23.570000000298023 0
    endloop
  endfacet
  facet normal 0 0 -1
    outer loop
      vertex 2.0499999970197678 -23.570000000298023 0
      vertex -1.879879437744596 -13.43497538593705 0
      vertex -0.5335252520063031 -13.951932201188928 0
    endloop
  endfacet
  facet normal 0 0 -1
    outer loop
      vertex -0.5335252520063031 -13.951932201188928 0
      vertex -0.619999997317791 -13.630000002682209 0
      vertex 3.2700000032782555 -20.429999999701977 0
    endloop
  endfacet
  facet normal 0 0 -1
    outer loop
      vertex 2.0499999970197678 -23.570000000298023 0
      vertex -0.5335252520063031 -13.951932201188928 0
      vertex 3.2700000032782555 -20.429999999701977 0
    endloop
  endfacet
  facet normal 0.38063235337654033 -0.9247264522890196 0
    outer loop
      vertex -15.490000002086163 -27.96000000089407 0
      vertex -11.530000001192093 -26.32999999821186 0
      vertex -15.490000002086163 -27.96000000089407 8.5
    endloop
  endfacet
  facet normal 0.10571655075537889 -0.9943963047479538 0
    outer loop
      vertex -11.530000001192093 -26.32999999821186 0
      vertex -2.5 -25.36999999731779 0
      vertex -11.530000001192093 -26.32999999821186 8.5
    endloop
  endfacet
  facet normal 0.2676438618501384 -0.9635179101677063 0
    outer loop
      vertex -2.5 -25.36999999731779 0
      vertex 0.5600000023841858 -24.520000003278255 0
      vertex -2.5 -25.36999999731779 8.5
    endloop
  endfacet
  facet normal 0.5376076372606639 -0.8431951306542314 0
    outer loop
      vertex 0.5600000023841858 -24.520000003278255 0
      vertex 2.0499999970197678 -23.570000000298023 0
      vertex 0.5600000023841858 -24.520000003278255 8.5
    endloop
  endfacet
  facet normal 0.8354170820460202 -0.5496165017771145 0
    outer loop
      vertex 2.0499999970197678 -23.570000000298023 0
      vertex 3.2999999970197678 -21.67000000178814 0
      vertex 2.0499999970197678 -23.570000000298023 8.5
    endloop
  endfacet
  facet normal 0.9997074646468005 0.02418646583249213 0
    outer loop
      vertex 3.2999999970197678 -21.67000000178814 0
      vertex 3.2700000032782555 -20.429999999701977 0
      vertex 3.2999999970197678 -21.67000000178814 8.5
    endloop
  endfacet
  facet normal 0.8680073859418703 0.49655128431045387 1.6672695256742405e-17
    outer loop
      vertex -0.619999997317791 -13.630000002682209 0
      vertex 3.2700000032782555 -20.429999999701977 8.5
      vertex 3.2700000032782555 -20.429999999701977 0
    endloop
  endfacet
  facet normal -0.0014084490131116504 -0.9999990081351968 0
    outer loop
      vertex 1.2899999991059303 -12.179999999701977 0
      vertex 8.390000000596046 -12.189999997615814 0
      vertex 1.2899999991059303 -12.179999999701977 8.5
    endloop
  endfacet
  facet normal 0 0 -1
    outer loop
      vertex -0.619999997317791 -13.630000002682209 0
      vertex -5.846522215304679 -6.745408696053585 0
      vertex 1.2899999991059303 -12.179999999701977 0
    endloop
  endfacet
  facet normal 0 0 -1
    outer loop
      vertex 1.2899999991059303 -12.179999999701977 0
      vertex 2.8638553385866246 -3.6018523821752066 0
      vertex 8.390000000596046 -12.189999997615814 0
    endloop
  endfacet
  facet normal 0.9995269631010361 0.030754674994546607 0
    outer loop
      vertex -17.310000002384186 -30.53999999910593 0
      vertex -17.310000002384186 -30.53999999910593 8.5
      vertex -17.270000003278255 -31.84000000357628 8.5
    endloop
  endfacet
  facet normal 0.817143375611314 -0.5764344747623505 0
    outer loop
      vertex -15.490000002086163 -27.96000000089407 0
      vertex -15.490000002086163 -27.96000000089407 8.5
      vertex -17.310000002384186 -30.53999999910593 8.5
    endloop
  endfacet
  facet normal 0.38063235337654033 -0.9247264522890196 0
    outer loop
      vertex -11.530000001192093 -26.32999999821186 0
      vertex -11.530000001192093 -26.32999999821186 8.5
      vertex -15.490000002086163 -27.96000000089407 8.5
    endloop
  endfacet
  facet normal 0.10571655075537889 -0.9943963047479538 0
    outer loop
      vertex -2.5 -25.36999999731779 0
      vertex -2.5 -25.36999999731779 8.5
      vertex -11.530000001192093 -26.32999999821186 8.5
    endloop
  endfacet
  facet normal 0.2676438618501384 -0.9635179101677063 0
    outer loop
      vertex 0.5600000023841858 -24.520000003278255 0
      vertex 0.5600000023841858 -24.520000003278255 8.5
      vertex -2.5 -25.36999999731779 8.5
    endloop
  endfacet
  facet normal 0.5376076372606639 -0.8431951306542314 0
    outer loop
      vertex 2.0499999970197678 -23.570000000298023 0
      vertex 2.0499999970197678 -23.570000000298023 8.5
      vertex 0.5600000023841858 -24.520000003278255 8.5
    endloop
  endfacet
  facet normal 0.8354170820460202 -0.5496165017771145 0
    outer loop
      vertex 3.2999999970197678 -21.67000000178814 0
      vertex 3.2999999970197678 -21.67000000178814 8.5
      vertex 2.0499999970197678 -23.570000000298023 8.5
    endloop
  endfacet
  facet normal 0.8680073859418703 0.49655128431045387 0
    outer loop
      vertex -0.619999997317791 -13.630000002682209 0
      vertex -0.619999997317791 -13.630000002682209 8.5
      vertex 3.2700000032782555 -20.429999999701977 8.5
    endloop
  endfacet
  facet normal 0.9997074646468005 0.02418646583249213 0
    outer loop
      vertex 3.2700000032782555 -20.429999999701977 0
      vertex 3.2700000032782555 -20.429999999701977 8.5
      vertex 3.2999999970197678 -21.67000000178814 8.5
    endloop
  endfacet
  facet normal 0 0 1
    outer loop
      vertex -69.14999999850988 -54.729999996721745 8.5
      vertex -56.35999999940395 -60.96000000089407 8.5
      vertex -55.479999996721745 -60.07999999821186 8.5
    endloop
  endfacet
  facet normal 0 0 1
    outer loop
      vertex -69.14999999850988 -54.729999996721745 8.5
      vertex -55.479999996721745 -60.07999999821186 8.5
      vertex -51.8469303175807 -49.6972833648324 8.5
    endloop
  endfacet
  facet normal 0 0 1
    outer loop
      vertex -72.4699999988079 -52.45000000298023 8.5
      vertex -62.472154535353184 -45.747204661369324 8.5
      vertex -74.31000000238419 -50.53000000119209 8.5
    endloop
  endfacet
  facet normal 0 0 1
    outer loop
      vertex -74.31000000238419 -50.53000000119209 8.5
      vertex -62.472154535353184 -45.747204661369324 8.5
      vertex -75.52000000327826 -48.38000000268221 8.5
    endloop
  endfacet
  facet normal 0 0 1
    outer loop
      vertex -72.4699999988079 -52.45000000298023 8.5
      vertex -69.14999999850988 -54.729999996721745 8.5
      vertex -62.472154535353184 -45.747204661369324 8.5
    endloop
  endfacet
  facet normal 0 0 1
    outer loop
      vertex -75.52000000327826 -48.38000000268221 8.5
      vertex -60.042017579078674 -43.56578978151083 8.5
      vertex -76.00999999791384 -45.78999999910593 8.5
    endloop
  endfacet
  facet normal 0 0 1
    outer loop
      vertex -76.00999999791384 -45.78999999910593 8.5
      vertex -57.90222603082657 -40.94616072624922 8.5
      vertex -75.64999999850988 -44.04999999701977 8.5
    endloop
  endfacet
  facet normal 0 0 1
    outer loop
      vertex -75.52000000327826 -48.38000000268221 8.5
      vertex -62.472154535353184 -45.747204661369324 8.5
      vertex -60.042017579078674 -43.56578978151083 8.5
    endloop
  endfacet
  facet normal 0 0 1
    outer loop
      vertex -75.64999999850988 -44.04999999701977 8.5
      vertex -56.14222603291273 -37.94616072624922 8.5
      vertex -73.35000000149012 -40.729999996721745 8.5
    endloop
  endfacet
  facet normal 0 0 1
    outer loop
      vertex -69.14999999850988 -54.729999996721745 8.5
      vertex -55.488032311201096 -49.14916568994522 8.5
      vertex -62.472154535353184 -45.747204661369324 8.5
    endloop
  endfacet
  facet normal 0 0 1
    outer loop
      vertex -76.00999999791384 -45.78999999910593 8.5
      vertex -60.042017579078674 -43.56578978151083 8.5
      vertex -59.378691621124744 -42.917833775281906 8.5
    endloop
  endfacet
  facet normal 0 0 1
    outer loop
      vertex -76.00999999791384 -45.78999999910593 8.5
      vertex -59.378691621124744 -42.917833775281906 8.5
      vertex -57.90222603082657 -40.94616072624922 8.5
    endloop
  endfacet
  facet normal 0 0 1
    outer loop
      vertex -69.14999999850988 -54.729999996721745 8.5
      vertex -54.24839075654745 -49.14916568994522 8.5
      vertex -55.488032311201096 -49.14916568994522 8.5
    endloop
  endfacet
  facet normal 0 0 1
    outer loop
      vertex -69.14999999850988 -54.729999996721745 8.5
      vertex -51.8469303175807 -49.6972833648324 8.5
      vertex -54.24839075654745 -49.14916568994522 8.5
    endloop
  endfacet
  facet normal 0 0 1
    outer loop
      vertex -75.64999999850988 -44.04999999701977 8.5
      vertex -57.90222603082657 -40.94616072624922 8.5
      vertex -56.14222603291273 -37.94616072624922 8.5
    endloop
  endfacet
  facet normal 0 0 1
    outer loop
      vertex -73.35000000149012 -40.729999996721745 8.5
      vertex -55.33592703938484 -36.25712029635906 8.5
      vertex -67.39000000059605 -35.38000000268221 8.5
    endloop
  endfacet
  facet normal 0 0 1
    outer loop
      vertex -73.35000000149012 -40.729999996721745 8.5
      vertex -56.14222603291273 -37.94616072624922 8.5
      vertex -55.33592703938484 -36.25712029635906 8.5
    endloop
  endfacet
  facet normal 0 0 1
    outer loop
      vertex -67.39000000059605 -35.38000000268221 8.5
      vertex -54.731280505657196 -33.86926606297493 8.5
      vertex -65.63000000268221 -32.38000000268221 8.5
    endloop
  endfacet
  facet normal 0 0 1
    outer loop
      vertex -67.39000000059605 -35.38000000268221 8.5
      vertex -55.33592703938484 -36.25712029635906 8.5
      vertex -54.731280505657196 -33.86926606297493 8.5
    endloop
  endfacet
  facet normal 0 0 1
    outer loop
      vertex -65.63000000268221 -32.38000000268221 8.5
      vertex -54.731280505657196 -33.86926606297493 8.5
      vertex -54.51128049939871 -32.259266063570976 8.5
    endloop
  endfacet
  facet normal 0 0 1
    outer loop
      vertex -55.479999996721745 -60.07999999821186 8.5
      vertex -53.09000000357628 -61.71999999880791 8.5
      vertex -45.05834197998047 -54.203852750360966 8.5
    endloop
  endfacet
  facet normal 0 0 1
    outer loop
      vertex -55.479999996721745 -60.07999999821186 8.5
      vertex -49.627647154033184 -50.76603380590677 8.5
      vertex -51.8469303175807 -49.6972833648324 8.5
    endloop
  endfacet
  facet normal 0 0 1
    outer loop
      vertex -55.479999996721745 -60.07999999821186 8.5
      vertex -49.256238393485546 -51.01000598073006 8.5
      vertex -49.627647154033184 -50.76603380590677 8.5
    endloop
  endfacet
  facet normal 0 0 1
    outer loop
      vertex -55.479999996721745 -60.07999999821186 8.5
      vertex -46.86623840034008 -52.6500059813261 8.5
      vertex -49.256238393485546 -51.01000598073006 8.5
    endloop
  endfacet
  facet normal 0 0 1
    outer loop
      vertex -53.09000000357628 -61.71999999880791 8.5
      vertex -39.6934262663126 -59.93673248589039 8.5
      vertex -45.05834197998047 -54.203852750360966 8.5
    endloop
  endfacet
  facet normal 0 0 1
    outer loop
      vertex -55.479999996721745 -60.07999999821186 8.5
      vertex -45.05834197998047 -54.203852750360966 8.5
      vertex -46.86623840034008 -52.6500059813261 8.5
    endloop
  endfacet
  facet normal 0 0 1
    outer loop
      vertex -45.79999999701977 -69.50999999791384 8.5
      vertex -43.060000002384186 -71.64000000059605 8.5
      vertex -32.03000000119209 -68.86999999731779 8.5
    endloop
  endfacet
  facet normal 0 0 1
    outer loop
      vertex -45.79999999701977 -69.50999999791384 8.5
      vertex -29.67000000178814 -64.5300000011921 8.5
      vertex -53.09000000357628 -61.71999999880791 8.5
    endloop
  endfacet
  facet normal 0 0 1
    outer loop
      vertex -43.060000002384186 -71.64000000059605 8.5
      vertex -39.439999997615814 -72.77000000327826 8.5
      vertex -35.03999999910593 -71.71000000089407 8.5
    endloop
  endfacet
  facet normal 0 0 1
    outer loop
      vertex -43.060000002384186 -71.64000000059605 8.5
      vertex -35.03999999910593 -71.71000000089407 8.5
      vertex -32.03000000119209 -68.86999999731779 8.5
    endloop
  endfacet
  facet normal 0 0 1
    outer loop
      vertex -45.79999999701977 -69.50999999791384 8.5
      vertex -32.03000000119209 -68.86999999731779 8.5
      vertex -29.67000000178814 -64.5300000011921 8.5
    endloop
  endfacet
  facet normal 0 0 1
    outer loop
      vertex -53.09000000357628 -61.71999999880791 8.5
      vertex -29.67000000178814 -64.5300000011921 8.5
      vertex -39.6934262663126 -59.93673248589039 8.5
    endloop
  endfacet
  facet normal 0 0 1
    outer loop
      vertex -39.6934262663126 -59.93673248589039 8.5
      vertex -29.67000000178814 -64.5300000011921 8.5
      vertex -39.6206554248929 -59.80290814489126 8.5
    endloop
  endfacet
  facet normal 0 0 1
    outer loop
      vertex -68.7199999988079 -27.96000000089407 8.5
      vertex -66.00999999791384 -29.57999999821186 8.5
      vertex -69.35000000149012 -24.71000000089407 8.5
    endloop
  endfacet
  facet normal 0 0 1
    outer loop
      vertex -69.54999999701977 -26.86999999731779 8.5
      vertex -68.7199999988079 -27.96000000089407 8.5
      vertex -69.35000000149012 -24.71000000089407 8.5
    endloop
  endfacet
  facet normal 0 0 1
    outer loop
      vertex -66.00999999791384 -29.57999999821186 8.5
      vertex -68.00999999791384 -22.259999997913837 8.5
      vertex -69.35000000149012 -24.71000000089407 8.5
    endloop
  endfacet
  facet normal 0 0 1
    outer loop
      vertex -66.00999999791384 -29.57999999821186 8.5
      vertex -66.07000000029802 -20.11999999731779 8.5
      vertex -68.00999999791384 -22.259999997913837 8.5
    endloop
  endfacet
  facet normal 0 0 1
    outer loop
      vertex -65.63000000268221 -32.38000000268221 8.5
      vertex -54.41182263940573 -30.569763213396072 8.5
      vertex -65.40999999642372 -30.770000003278255 8.5
    endloop
  endfacet
  facet normal 0 0 1
    outer loop
      vertex -66.00999999791384 -29.57999999821186 8.5
      vertex -65.40999999642372 -30.770000003278255 8.5
      vertex -59.70000000298023 -14.939999997615814 8.5
    endloop
  endfacet
  facet normal 0 0 1
    outer loop
      vertex -65.63000000268221 -32.38000000268221 8.5
      vertex -54.51128049939871 -32.259266063570976 8.5
      vertex -54.41182263940573 -30.569763213396072 8.5
    endloop
  endfacet
  facet normal 0 0 1
    outer loop
      vertex -65.40999999642372 -30.770000003278255 8.5
      vertex -54.41182263940573 -30.569763213396072 8.5
      vertex -54.7321267798543 -28.12745887041092 8.5
    endloop
  endfacet
  facet normal 0 0 1
    outer loop
      vertex -65.40999999642372 -30.770000003278255 8.5
      vertex -54.7321267798543 -28.12745887041092 8.5
      vertex -55.58786407858133 -25.817662574350834 8.5
    endloop
  endfacet
  facet normal 0 0 1
    outer loop
      vertex -65.40999999642372 -30.770000003278255 8.5
      vertex -55.58786407858133 -25.817662574350834 8.5
      vertex -55.60347504168749 -25.786700814962387 8.5
    endloop
  endfacet
  facet normal 0 0 1
    outer loop
      vertex -65.40999999642372 -30.770000003278255 8.5
      vertex -55.60347504168749 -25.786700814962387 8.5
      vertex -59.70000000298023 -14.939999997615814 8.5
    endloop
  endfacet
  facet normal 0 0 1
    outer loop
      vertex -66.00999999791384 -29.57999999821186 8.5
      vertex -59.70000000298023 -14.939999997615814 8.5
      vertex -66.07000000029802 -20.11999999731779 8.5
    endloop
  endfacet
  facet normal 0 0 1
    outer loop
      vertex -55.60347504168749 -25.786700814962387 8.5
      vertex -52.75995101034641 -23.47438456863165 8.5
      vertex -59.70000000298023 -14.939999997615814 8.5
    endloop
  endfacet
  facet normal 0 0 1
    outer loop
      vertex -59.70000000298023 -14.939999997615814 8.5
      vertex -53.56404762749717 -14 8.5
      vertex -56.34000000357628 -11.380000002682209 8.5
    endloop
  endfacet
  facet normal 0 0 1
    outer loop
      vertex -59.70000000298023 -14.939999997615814 8.5
      vertex -52.75995101034641 -23.47438456863165 8.5
      vertex -51.70036306977272 -22.4902191311121 8.5
    endloop
  endfacet
  facet normal 0 0 1
    outer loop
      vertex -59.70000000298023 -14.939999997615814 8.5
      vertex -51.70036306977272 -22.4902191311121 8.5
      vertex -48.34036307036877 -18.930219136178493 8.5
    endloop
  endfacet
  facet normal 0 0 1
    outer loop
      vertex -59.70000000298023 -14.939999997615814 8.5
      vertex -48.34036307036877 -18.930219136178493 8.5
      vertex -53.56404762749717 -14 8.5
    endloop
  endfacet
  facet normal 0 0 1
    outer loop
      vertex -48.34036307036877 -18.930219136178493 8.5
      vertex -47.3125554472208 -17.66531978547573 8.5
      vertex -47.69799071693027 -14 8.5
    endloop
  endfacet
  facet normal 0 0 1
    outer loop
      vertex -53.56404762749717 -14 8.5
      vertex -48.34036307036877 -18.930219136178493 8.5
      vertex -47.69799071693027 -14 8.5
    endloop
  endfacet
  facet normal 0 0 1
    outer loop
      vertex -47.3125554472208 -17.66531978547573 8.5
      vertex -45.27255544066429 -14.735319785773754 8.5
      vertex -47.69799071693027 -14 8.5
    endloop
  endfacet
  facet normal 0 0 1
    outer loop
      vertex -49.64101300501317 -11.693799832027183 8.5
      vertex -47.69799071693027 -14 8.5
      vertex -45.27255544066429 -14.735319785773754 8.5
    endloop
  endfacet
  facet normal 0 0 1
    outer loop
      vertex -49.64101300501317 -11.693799832027183 8.5
      vertex -45.27255544066429 -14.735319785773754 8.5
      vertex -44.857494145415245 -14 8.5
    endloop
  endfacet
  facet normal 0 0 1
    outer loop
      vertex -56.34000000357628 -11.380000002682209 8.5
      vertex -49.64101300501317 -11.693799832027183 8.5
      vertex -54.29999999701977 -8.450000002980232 8.5
    endloop
  endfacet
  facet normal 0 0 1
    outer loop
      vertex -39.6206554248929 -59.80290814489126 8.5
      vertex -29.67000000178814 -64.5300000011921 8.5
      vertex -27.07999999821186 -54.32999999821186 8.5
    endloop
  endfacet
  facet normal 0 0 1
    outer loop
      vertex -39.6206554248929 -59.80290814489126 8.5
      vertex -26.96000000089407 -53.42999999970198 8.5
      vertex -37.92857729643583 -55.67391365021467 8.5
    endloop
  endfacet
  facet normal 0 0 1
    outer loop
      vertex -37.92857729643583 -55.67391365021467 8.5
      vertex -26.96000000089407 -53.42999999970198 8.5
      vertex -38.07999999821186 -54.32999999821186 8.5
    endloop
  endfacet
  facet normal 0 0 1
    outer loop
      vertex -38.07999999821186 -54.32999999821186 8.5
      vertex -26.96000000089407 -53.42999999970198 8.5
      vertex -37.98350691050291 -52.87619910389185 8.5
    endloop
  endfacet
  facet normal 0 0 1
    outer loop
      vertex -39.6206554248929 -59.80290814489126 8.5
      vertex -27.07999999821186 -54.32999999821186 8.5
      vertex -26.96000000089407 -53.42999999970198 8.5
    endloop
  endfacet
  facet normal 0 0 1
    outer loop
      vertex -29.67000000178814 -64.5300000011921 8.5
      vertex -25.490000002086163 -54.32999999821186 8.5
      vertex -27.07999999821186 -54.32999999821186 8.5
    endloop
  endfacet
  facet normal 0 0 1
    outer loop
      vertex -37.98350691050291 -52.87619910389185 8.5
      vertex -17.640000000596046 -42.899999998509884 8.5
      vertex -37.86350691318512 -51.976199105381966 8.5
    endloop
  endfacet
  facet normal 0 0 1
    outer loop
      vertex -37.86350691318512 -51.976199105381966 8.5
      vertex -17.640000000596046 -42.899999998509884 8.5
      vertex -37.266632094979286 -49.586390390992165 8.5
    endloop
  endfacet
  facet normal 0 0 1
    outer loop
      vertex -37.266632094979286 -49.586390390992165 8.5
      vertex -17.640000000596046 -42.899999998509884 8.5
      vertex -36.15293971449137 -47.38931630551815 8.5
    endloop
  endfacet
  facet normal 0 0 1
    outer loop
      vertex -37.98350691050291 -52.87619910389185 8.5
      vertex -26.96000000089407 -53.42999999970198 8.5
      vertex -17.640000000596046 -42.899999998509884 8.5
    endloop
  endfacet
  facet normal 0 0 1
    outer loop
      vertex -36.15293971449137 -47.38931630551815 8.5
      vertex -17.640000000596046 -42.899999998509884 8.5
      vertex -35.19702089577913 -46.13949337601662 8.5
    endloop
  endfacet
  facet normal 0 0 1
    outer loop
      vertex -35.19702089577913 -46.13949337601662 8.5
      vertex -15.780000001192093 -35.74000000208616 8.5
      vertex -27.084229476749897 -36.97343182563782 8.5
    endloop
  endfacet
  facet normal 0 0 1
    outer loop
      vertex -35.19702089577913 -46.13949337601662 8.5
      vertex -17.640000000596046 -42.899999998509884 8.5
      vertex -16.03999999910593 -39.78000000119209 8.5
    endloop
  endfacet
  facet normal 0 0 1
    outer loop
      vertex -35.19702089577913 -46.13949337601662 8.5
      vertex -16.03999999910593 -39.78000000119209 8.5
      vertex -15.590000003576279 -37.689999997615814 8.5
    endloop
  endfacet
  facet normal 0 0 1
    outer loop
      vertex -35.19702089577913 -46.13949337601662 8.5
      vertex -15.590000003576279 -37.689999997615814 8.5
      vertex -15.780000001192093 -35.74000000208616 8.5
    endloop
  endfacet
  facet normal 0 0 1
    outer loop
      vertex -27.54560384899378 -35.76580763608217 8.5
      vertex -27.084229476749897 -36.97343182563782 8.5
      vertex -17.270000003278255 -31.84000000357628 8.5
    endloop
  endfacet
  facet normal 0 0 1
    outer loop
      vertex -27.54560384899378 -35.76580763608217 8.5
      vertex -17.310000002384186 -30.53999999910593 8.5
      vertex -28.161547392606735 -33.380842477083206 8.5
    endloop
  endfacet
  facet normal 0 0 1
    outer loop
      vertex -28.161547392606735 -33.380842477083206 8.5
      vertex -17.310000002384186 -30.53999999910593 8.5
      vertex -28.26479659974575 -32.17830143123865 8.5
    endloop
  endfacet
  facet normal 0 0 1
    outer loop
      vertex -27.084229476749897 -36.97343182563782 8.5
      vertex -15.780000001192093 -35.74000000208616 8.5
      vertex -17.270000003278255 -31.84000000357628 8.5
    endloop
  endfacet
  facet normal 0 0 1
    outer loop
      vertex -27.54560384899378 -35.76580763608217 8.5
      vertex -17.270000003278255 -31.84000000357628 8.5
      vertex -17.310000002384186 -30.53999999910593 8.5
    endloop
  endfacet
  facet normal 0 0 1
    outer loop
      vertex -28.26479659974575 -32.17830143123865 8.5
      vertex -17.310000002384186 -30.53999999910593 8.5
      vertex -28.30479659885168 -30.878301426768303 8.5
    endloop
  endfacet
  facet normal 0 0 1
    outer loop
      vertex -28.30479659885168 -30.878301426768303 8.5
      vertex -17.310000002384186 -30.53999999910593 8.5
      vertex -28.104413241147995 -28.42324709147215 8.5
    endloop
  endfacet
  facet normal 0 0 1
    outer loop
      vertex -28.104413241147995 -28.42324709147215 8.5
      vertex -17.310000002384186 -30.53999999910593 8.5
      vertex -27.362752929329872 -26.0743355974555 8.5
    endloop
  endfacet
  facet normal 0 0 1
    outer loop
      vertex -27.362752929329872 -26.0743355974555 8.5
      vertex -17.310000002384186 -30.53999999910593 8.5
      vertex -26.29857713729143 -24.199220776557922 8.5
    endloop
  endfacet
  facet normal 0 0 1
    outer loop
      vertex -26.29857713729143 -24.199220776557922 8.5
      vertex -17.310000002384186 -30.53999999910593 8.5
      vertex -15.490000002086163 -27.96000000089407 8.5
    endloop
  endfacet
  facet normal 0 0 1
    outer loop
      vertex -26.29857713729143 -24.199220776557922 8.5
      vertex -15.490000002086163 -27.96000000089407 8.5
      vertex -24.478577136993408 -21.61922077834606 8.5
    endloop
  endfacet
  facet normal 0 0 1
    outer loop
      vertex -15.490000002086163 -27.96000000089407 8.5
      vertex -22.842258624732494 -19.778050772845745 8.5
      vertex -24.478577136993408 -21.61922077834606 8.5
    endloop
  endfacet
  facet normal 0 0 1
    outer loop
      vertex -15.490000002086163 -27.96000000089407 8.5
      vertex -11.530000001192093 -26.32999999821186 8.5
      vertex -22.842258624732494 -19.778050772845745 8.5
    endloop
  endfacet
  facet normal 0 0 1
    outer loop
      vertex -22.842258624732494 -19.778050772845745 8.5
      vertex -11.530000001192093 -26.32999999821186 8.5
      vertex -20.83726716786623 -18.34715786576271 8.5
    endloop
  endfacet
  facet normal 0 0 1
    outer loop
      vertex -20.83726716786623 -18.34715786576271 8.5
      vertex -11.530000001192093 -26.32999999821186 8.5
      vertex -19.67695588618517 -17.788009025156498 8.5
    endloop
  endfacet
  facet normal 0 0 1
    outer loop
      vertex -19.67695588618517 -17.788009025156498 8.5
      vertex -11.530000001192093 -26.32999999821186 8.5
      vertex -15.7169558852911 -16.15800902247429 8.5
    endloop
  endfacet
  facet normal 0 0 1
    outer loop
      vertex -11.530000001192093 -26.32999999821186 8.5
      vertex -2.5 -25.36999999731779 8.5
      vertex -0.5220443930221387 -13.994673676289018 8.5
    endloop
  endfacet
  facet normal 0 0 1
    outer loop
      vertex -15.7169558852911 -16.15800902247429 8.5
      vertex -11.530000001192093 -26.32999999821186 8.5
      vertex -13.348499231040478 -15.481356739997864 8.5
    endloop
  endfacet
  facet normal 0 0 1
    outer loop
      vertex -11.530000001192093 -26.32999999821186 8.5
      vertex -12.692882061004639 -15.391640648245811 8.5
      vertex -13.348499231040478 -15.481356739997864 8.5
    endloop
  endfacet
  facet normal 0 0 1
    outer loop
      vertex -11.530000001192093 -26.32999999821186 8.5
      vertex -11.435180857777596 -15.257931545376778 8.5
      vertex -12.692882061004639 -15.391640648245811 8.5
    endloop
  endfacet
  facet normal 0 0 1
    outer loop
      vertex -11.435180857777596 -15.257931545376778 8.5
      vertex -5.835616709340146 -14 8.5
      vertex -11.592424757778645 -14.408392541110516 8.5
    endloop
  endfacet
  facet normal 0 0 1
    outer loop
      vertex -11.592424757778645 -14.408392541110516 8.5
      vertex -5.835616709340146 -14 8.5
      vertex -11.575516808152349 -14 8.5
    endloop
  endfacet
  facet normal 0 0 1
    outer loop
      vertex -11.530000001192093 -26.32999999821186 8.5
      vertex -0.5220443930221387 -13.994673676289018 8.5
      vertex -11.435180857777596 -15.257931545376778 8.5
    endloop
  endfacet
  facet normal 0 0 1
    outer loop
      vertex -11.435180857777596 -15.257931545376778 8.5
      vertex -3.6771737282644774 -13.846878338400957 8.5
      vertex -5.835616709340146 -14 8.5
    endloop
  endfacet
  facet normal 0 0 1
    outer loop
      vertex -11.435180857777596 -15.257931545376778 8.5
      vertex -0.5220443930221387 -13.994673676289018 8.5
      vertex -3.6771737282644774 -13.846878338400957 8.5
    endloop
  endfacet
  facet normal 0 0 1
    outer loop
      vertex 2.0499999970197678 -23.570000000298023 8.5
      vertex 3.2999999970197678 -21.67000000178814 8.5
      vertex 3.2700000032782555 -20.429999999701977 8.5
    endloop
  endfacet
  facet normal 0 0 1
    outer loop
      vertex -2.5 -25.36999999731779 8.5
      vertex 0.5600000023841858 -24.520000003278255 8.5
      vertex -0.5220443930221387 -13.994673676289018 8.5
    endloop
  endfacet
  facet normal 0 0 1
    outer loop
      vertex 0.5600000023841858 -24.520000003278255 8.5
      vertex 2.0499999970197678 -23.570000000298023 8.5
      vertex -0.5220443930221387 -13.994673676289018 8.5
    endloop
  endfacet
  facet normal 0 0 1
    outer loop
      vertex -0.5220443930221387 -13.994673676289018 8.5
      vertex 3.2700000032782555 -20.429999999701977 8.5
      vertex -0.619999997317791 -13.630000002682209 8.5
    endloop
  endfacet
  facet normal 0 0 1
    outer loop
      vertex 2.0499999970197678 -23.570000000298023 8.5
      vertex 3.2700000032782555 -20.429999999701977 8.5
      vertex -0.5220443930221387 -13.994673676289018 8.5
    endloop
  endfacet
  facet normal -0.9991916246242306 -0.04020071244133211 0
    outer loop
      vertex -47.28999999910593 8.189999997615814 0
      vertex -47.28999999910593 8.189999997615814 1.7806802316006713
      vertex -47.979999996721745 25.34000000357628 2.1790519159650032
    endloop
  endfacet
  facet normal -0.9991916246242306 -0.04020071244133211 0
    outer loop
      vertex -47.28999999910593 8.189999997615814 0
      vertex -47.979999996721745 25.34000000357628 2.1790519159650032
      vertex -47.979999996721745 25.34000000357628 0
    endloop
  endfacet
  facet normal 0 0 -1
    outer loop
      vertex -47.979999996721745 25.34000000357628 0
      vertex -36.62314549721658 16.691549001044343 0
      vertex -36.59416380805387 15.97120700633748 0
    endloop
  endfacet
  facet normal 0 0 -1
    outer loop
      vertex -47.979999996721745 25.34000000357628 0
      vertex -47.963313609670976 62 0
      vertex -36.97707901994409 31.75487091627267 0
    endloop
  endfacet
  facet normal 0 0 -1
    outer loop
      vertex -36.97707901994409 31.75487091627267 0
      vertex -47.963313609670976 62 0
      vertex -47.96000000089407 69.2800000011921 0
    endloop
  endfacet
  facet normal 0 0 -1
    outer loop
      vertex -36.97707901994409 31.75487091627267 0
      vertex -49.520000003278255 79.50999999791384 0
      vertex -36.96331246943423 62 0
    endloop
  endfacet
  facet normal 0 0 -1
    outer loop
      vertex -36.97707901994409 31.75487091627267 0
      vertex -47.96000000089407 69.2800000011921 0
      vertex -49.520000003278255 79.50999999791384 0
    endloop
  endfacet
  facet normal 0 0 -1
    outer loop
      vertex -36.96331246943423 62 0
      vertex -49.520000003278255 79.50999999791384 0
      vertex -36.9600011408329 69.27499317377806 0
    endloop
  endfacet
  facet normal -0.9999998964119539 0.00045516599355957467 3.716377202970261e-21
    outer loop
      vertex -47.963313609670976 62 0
      vertex -47.96000000089407 69.2800000011921 8.5
      vertex -47.96000000089407 69.2800000011921 0
    endloop
  endfacet
  facet normal 0 0 -1
    outer loop
      vertex -36.9600011408329 69.27499317377806 0
      vertex -49.520000003278255 79.50999999791384 0
      vertex -49.34000000357628 82.35000000149012 0
    endloop
  endfacet
  facet normal 0 0 -1
    outer loop
      vertex -36.9600011408329 69.27499317377806 0
      vertex -49.34000000357628 82.35000000149012 0
      vertex -37.08570884913206 70.93824967741966 0
    endloop
  endfacet
  facet normal 0 0 -1
    outer loop
      vertex -49.34000000357628 82.35000000149012 0
      vertex -48.63000000268221 84.57000000029802 0
      vertex -37.08570884913206 70.93824967741966 0
    endloop
  endfacet
  facet normal 0 0 -1
    outer loop
      vertex -47.42000000178814 86.38000000268221 0
      vertex -38.148143440485 77.9053688198328 0
      vertex -37.08570884913206 70.93824967741966 0
    endloop
  endfacet
  facet normal 0 0 -1
    outer loop
      vertex -48.63000000268221 84.57000000029802 0
      vertex -47.42000000178814 86.38000000268221 0
      vertex -37.08570884913206 70.93824967741966 0
    endloop
  endfacet
  facet normal 0 0 -1
    outer loop
      vertex -47.42000000178814 86.38000000268221 0
      vertex -45.57999999821186 87.89999999850988 0
      vertex -38.148143440485 77.9053688198328 0
    endloop
  endfacet
  facet normal 0 0 -1
    outer loop
      vertex -45.57999999821186 87.89999999850988 0
      vertex -41.350000001490116 89.11999999731779 0
      vertex -38.148143440485 77.9053688198328 0
    endloop
  endfacet
  facet normal 0 0 -1
    outer loop
      vertex -38.148143440485 77.9053688198328 0
      vertex -41.350000001490116 89.11999999731779 0
      vertex -38.20000000298023 89.03999999910593 0
    endloop
  endfacet
  facet normal 0 0 -1
    outer loop
      vertex -38.148143440485 77.9053688198328 0
      vertex -38.20000000298023 89.03999999910593 0
      vertex -29.345521494746208 76.56529317051172 0
    endloop
  endfacet
  facet normal -0.9885719226625169 -0.15074997088999634 -5.048750780930811e-18
    outer loop
      vertex -47.96000000089407 69.2800000011921 0
      vertex -49.520000003278255 79.50999999791384 8.5
      vertex -49.520000003278255 79.50999999791384 0
    endloop
  endfacet
  facet normal -0.9979975010614933 0.06325336255895447 0
    outer loop
      vertex -49.520000003278255 79.50999999791384 0
      vertex -49.34000000357628 82.35000000149012 8.5
      vertex -49.34000000357628 82.35000000149012 0
    endloop
  endfacet
  facet normal -0.952473950552363 0.3046200477958969 0
    outer loop
      vertex -49.34000000357628 82.35000000149012 0
      vertex -48.63000000268221 84.57000000029802 8.5
      vertex -48.63000000268221 84.57000000029802 0
    endloop
  endfacet
  facet normal -0.8313429954878201 0.5557596817450312 0
    outer loop
      vertex -48.63000000268221 84.57000000029802 0
      vertex -47.42000000178814 86.38000000268221 8.5
      vertex -47.42000000178814 86.38000000268221 0
    endloop
  endfacet
  facet normal -0.6368814452214251 0.7709617530932834 0
    outer loop
      vertex -47.42000000178814 86.38000000268221 0
      vertex -45.57999999821186 87.89999999850988 8.5
      vertex -45.57999999821186 87.89999999850988 0
    endloop
  endfacet
  facet normal -0.27712032432162403 0.9608352230470518 -5.933758244051791e-18
    outer loop
      vertex -45.57999999821186 87.89999999850988 0
      vertex -41.350000001490116 89.11999999731779 8.5
      vertex -41.350000001490116 89.11999999731779 0
    endloop
  endfacet
  facet normal 0.025388638341518763 0.9996776565689379 0
    outer loop
      vertex -41.350000001490116 89.11999999731779 0
      vertex -38.20000000298023 89.03999999910593 8.5
      vertex -38.20000000298023 89.03999999910593 0
    endloop
  endfacet
  facet normal -0.9999998964119539 0.00045516599355957467 0
    outer loop
      vertex -47.963313609670976 62 0
      vertex -47.963313609670976 62 8.5
      vertex -47.96000000089407 69.2800000011921 8.5
    endloop
  endfacet
  facet normal -0.9885719226625169 -0.15074997088999634 0
    outer loop
      vertex -47.96000000089407 69.2800000011921 0
      vertex -47.96000000089407 69.2800000011921 8.5
      vertex -49.520000003278255 79.50999999791384 8.5
    endloop
  endfacet
  facet normal -0.9979975010614933 0.06325336255895447 0
    outer loop
      vertex -49.520000003278255 79.50999999791384 0
      vertex -49.520000003278255 79.50999999791384 8.5
      vertex -49.34000000357628 82.35000000149012 8.5
    endloop
  endfacet
  facet normal -0.952473950552363 0.3046200477958969 0
    outer loop
      vertex -49.34000000357628 82.35000000149012 0
      vertex -49.34000000357628 82.35000000149012 8.5
      vertex -48.63000000268221 84.57000000029802 8.5
    endloop
  endfacet
  facet normal -0.8313429954878201 0.5557596817450312 0
    outer loop
      vertex -48.63000000268221 84.57000000029802 0
      vertex -48.63000000268221 84.57000000029802 8.5
      vertex -47.42000000178814 86.38000000268221 8.5
    endloop
  endfacet
  facet normal -0.6368814452214251 0.7709617530932834 0
    outer loop
      vertex -47.42000000178814 86.38000000268221 0
      vertex -47.42000000178814 86.38000000268221 8.5
      vertex -45.57999999821186 87.89999999850988 8.5
    endloop
  endfacet
  facet normal -0.27712032432162403 0.9608352230470518 0
    outer loop
      vertex -45.57999999821186 87.89999999850988 0
      vertex -45.57999999821186 87.89999999850988 8.5
      vertex -41.350000001490116 89.11999999731779 8.5
    endloop
  endfacet
  facet normal 0.025388638341518763 0.9996776565689379 0
    outer loop
      vertex -41.350000001490116 89.11999999731779 0
      vertex -41.350000001490116 89.11999999731779 8.5
      vertex -38.20000000298023 89.03999999910593 8.5
    endloop
  endfacet
  facet normal 0 0 -1
    outer loop
      vertex -38.20000000298023 89.03999999910593 0
      vertex -27.649428576231003 76.44007481634617 0
      vertex -29.345521494746208 76.56529317051172 0
    endloop
  endfacet
  facet normal 0 0 -1
    outer loop
      vertex -38.20000000298023 89.03999999910593 0
      vertex -27.689999997615814 87.43999999761581 0
      vertex -27.649428576231003 76.44007481634617 0
    endloop
  endfacet
  facet normal 0 0 -1
    outer loop
      vertex -27.649428576231003 76.44007481634617 0
      vertex -27.689999997615814 87.43999999761581 0
      vertex -6 87.52000000327826 0
    endloop
  endfacet
  facet normal 0.15050195424767668 0.9886097115483088 3.685825030174349e-18
    outer loop
      vertex -38.20000000298023 89.03999999910593 0
      vertex -27.689999997615814 87.43999999761581 8.5
      vertex -27.689999997615814 87.43999999761581 0
    endloop
  endfacet
  facet normal 0 0 -1
    outer loop
      vertex -27.649428576231003 76.44007481634617 0
      vertex -6 87.52000000327826 0
      vertex -5.959428578615189 76.52007482200861 0
    endloop
  endfacet
  facet normal 0 0 -1
    outer loop
      vertex -5.959428578615189 76.52007482200861 0
      vertex -6 87.52000000327826 0
      vertex -3.674285851418972 76.76867200434208 0
    endloop
  endfacet
  facet normal 0 0 -1
    outer loop
      vertex -6 87.52000000327826 0
      vertex -5.990000002086163 88.39999999850988 0
      vertex -5.380000002682209 88.64999999850988 0
    endloop
  endfacet
  facet normal 0 0 -1
    outer loop
      vertex -6.759999997913837 89.7199999988079 0
      vertex -5.409999996423721 90.25999999791384 0
      vertex -5.380000002682209 88.64999999850988 0
    endloop
  endfacet
  facet normal 0 0 -1
    outer loop
      vertex -6 87.52000000327826 0
      vertex -1.340200811624527 77.55575033277273 0
      vertex -3.674285851418972 76.76867200434208 0
    endloop
  endfacet
  facet normal 0 0 -1
    outer loop
      vertex -6 87.52000000327826 0
      vertex 0.7602224349975586 78.84247773885727 0
      vertex -1.340200811624527 77.55575033277273 0
    endloop
  endfacet
  facet normal 0 0 -1
    outer loop
      vertex -6 87.52000000327826 0
      vertex 1.6954855918884277 79.75672375410795 0
      vertex 0.7602224349975586 78.84247773885727 0
    endloop
  endfacet
  facet normal 0 0 -1
    outer loop
      vertex -6 87.52000000327826 0
      vertex -5.380000002682209 88.64999999850988 0
      vertex 0.020000003278255463 90.75999999791384 0
    endloop
  endfacet
  facet normal 0 0 -1
    outer loop
      vertex -5.380000002682209 88.64999999850988 0
      vertex -5.409999996423721 90.25999999791384 0
      vertex 0.020000003278255463 90.75999999791384 0
    endloop
  endfacet
  facet normal 0 0 -1
    outer loop
      vertex -6 87.52000000327826 0
      vertex 0.020000003278255463 90.75999999791384 0
      vertex 1.6954855918884277 79.75672375410795 0
    endloop
  endfacet
  facet normal 0 0 -1
    outer loop
      vertex 1.6954855918884277 79.75672375410795 0
      vertex 0.020000003278255463 90.75999999791384 0
      vertex 15.46000000089407 90.72999999672174 0
    endloop
  endfacet
  facet normal -0.0036883108125347975 0.9999931981585425 0
    outer loop
      vertex -27.689999997615814 87.43999999761581 0
      vertex -6 87.52000000327826 8.5
      vertex -6 87.52000000327826 0
    endloop
  endfacet
  facet normal -0.9999354401630339 0.011362900420210213 0
    outer loop
      vertex -6 87.52000000327826 0
      vertex -5.990000002086163 88.39999999850988 8.5
      vertex -5.990000002086163 88.39999999850988 0
    endloop
  endfacet
  facet normal -0.6127505388151397 -0.7902763929042522 0
    outer loop
      vertex -6.759999997913837 89.7199999988079 0
      vertex -5.380000002682209 88.64999999850988 0
      vertex -6.759999997913837 89.7199999988079 8.5
    endloop
  endfacet
  facet normal -0.379223417801142 0.9253051385306473 0
    outer loop
      vertex -5.990000002086163 88.39999999850988 0
      vertex -5.380000002682209 88.64999999850988 8.5
      vertex -5.380000002682209 88.64999999850988 0
    endloop
  endfacet
  facet normal -0.3713906754706184 0.9284766912386535 4.491573853172685e-18
    outer loop
      vertex -6.759999997913837 89.7199999988079 0
      vertex -5.409999996423721 90.25999999791384 8.5
      vertex -5.409999996423721 90.25999999791384 0
    endloop
  endfacet
  facet normal -0.09169312268067942 0.995787312257525 0
    outer loop
      vertex -5.409999996423721 90.25999999791384 0
      vertex 0.020000003278255463 90.75999999791384 8.5
      vertex 0.020000003278255463 90.75999999791384 0
    endloop
  endfacet
  facet normal 0.15050195424767668 0.9886097115483088 0
    outer loop
      vertex -38.20000000298023 89.03999999910593 0
      vertex -38.20000000298023 89.03999999910593 8.5
      vertex -27.689999997615814 87.43999999761581 8.5
    endloop
  endfacet
  facet normal -0.0036883108125347975 0.9999931981585425 0
    outer loop
      vertex -27.689999997615814 87.43999999761581 0
      vertex -27.689999997615814 87.43999999761581 8.5
      vertex -6 87.52000000327826 8.5
    endloop
  endfacet
  facet normal -0.9999354401630339 0.011362900420210213 0
    outer loop
      vertex -6 87.52000000327826 0
      vertex -6 87.52000000327826 8.5
      vertex -5.990000002086163 88.39999999850988 8.5
    endloop
  endfacet
  facet normal -0.379223417801142 0.9253051385306473 0
    outer loop
      vertex -5.990000002086163 88.39999999850988 0
      vertex -5.990000002086163 88.39999999850988 8.5
      vertex -5.380000002682209 88.64999999850988 8.5
    endloop
  endfacet
  facet normal -0.6127505388151397 -0.7902763929042522 0
    outer loop
      vertex -5.380000002682209 88.64999999850988 0
      vertex -5.380000002682209 88.64999999850988 8.5
      vertex -6.759999997913837 89.7199999988079 8.5
    endloop
  endfacet
  facet normal -0.3713906754706184 0.9284766912386535 0
    outer loop
      vertex -6.759999997913837 89.7199999988079 0
      vertex -6.759999997913837 89.7199999988079 8.5
      vertex -5.409999996423721 90.25999999791384 8.5
    endloop
  endfacet
  facet normal -0.09169312268067942 0.995787312257525 0
    outer loop
      vertex -5.409999996423721 90.25999999791384 0
      vertex -5.409999996423721 90.25999999791384 8.5
      vertex 0.020000003278255463 90.75999999791384 8.5
    endloop
  endfacet
  facet normal 0.0019430015911814716 0.9999981123706266 0
    outer loop
      vertex 0.020000003278255463 90.75999999791384 0
      vertex 0.020000003278255463 90.75999999791384 8.5
      vertex 15.46000000089407 90.72999999672174 8.5
    endloop
  endfacet
  facet normal 0 0 1
    outer loop
      vertex -47.963313609670976 62 8.5
      vertex -42.64624668306974 55 8.5
      vertex -38.78475199810645 62 8.5
    endloop
  endfacet
  facet normal 0 0 1
    outer loop
      vertex -38.78475199810645 62 8.5
      vertex -42.64624668306974 55 8.5
      vertex -40.54052766631666 55 8.5
    endloop
  endfacet
  facet normal 0 0 1
    outer loop
      vertex -47.963313609670976 62 8.5
      vertex -38.78475199810645 62 8.5
      vertex -36.9600011408329 69.27499317377806 8.5
    endloop
  endfacet
  facet normal 0 0 1
    outer loop
      vertex -47.963313609670976 62 8.5
      vertex -36.9600011408329 69.27499317377806 8.5
      vertex -47.96000000089407 69.2800000011921 8.5
    endloop
  endfacet
  facet normal 0 0 1
    outer loop
      vertex -38.78475199810645 62 8.5
      vertex -36.96331246943423 62 8.5
      vertex -36.9600011408329 69.27499317377806 8.5
    endloop
  endfacet
  facet normal 0 0 1
    outer loop
      vertex -49.520000003278255 79.50999999791384 8.5
      vertex -37.08570884913206 70.93824967741966 8.5
      vertex -49.34000000357628 82.35000000149012 8.5
    endloop
  endfacet
  facet normal 0 0 1
    outer loop
      vertex -49.34000000357628 82.35000000149012 8.5
      vertex -38.148143440485 77.9053688198328 8.5
      vertex -48.63000000268221 84.57000000029802 8.5
    endloop
  endfacet
  facet normal 0 0 1
    outer loop
      vertex -47.96000000089407 69.2800000011921 8.5
      vertex -36.9600011408329 69.27499317377806 8.5
      vertex -49.520000003278255 79.50999999791384 8.5
    endloop
  endfacet
  facet normal 0 0 1
    outer loop
      vertex -36.9600011408329 69.27499317377806 8.5
      vertex -37.08570884913206 70.93824967741966 8.5
      vertex -49.520000003278255 79.50999999791384 8.5
    endloop
  endfacet
  facet normal 0 0 1
    outer loop
      vertex -49.34000000357628 82.35000000149012 8.5
      vertex -37.08570884913206 70.93824967741966 8.5
      vertex -38.148143440485 77.9053688198328 8.5
    endloop
  endfacet
  facet normal 0 0 1
    outer loop
      vertex -48.63000000268221 84.57000000029802 8.5
      vertex -38.148143440485 77.9053688198328 8.5
      vertex -47.42000000178814 86.38000000268221 8.5
    endloop
  endfacet
  facet normal 0 0 1
    outer loop
      vertex -47.42000000178814 86.38000000268221 8.5
      vertex -38.148143440485 77.9053688198328 8.5
      vertex -45.57999999821186 87.89999999850988 8.5
    endloop
  endfacet
  facet normal 0 0 1
    outer loop
      vertex -45.57999999821186 87.89999999850988 8.5
      vertex -38.148143440485 77.9053688198328 8.5
      vertex -29.345521494746208 76.56529317051172 8.5
    endloop
  endfacet
  facet normal 0 0 1
    outer loop
      vertex -45.57999999821186 87.89999999850988 8.5
      vertex -29.345521494746208 76.56529317051172 8.5
      vertex -41.350000001490116 89.11999999731779 8.5
    endloop
  endfacet
  facet normal 0 0 1
    outer loop
      vertex -41.350000001490116 89.11999999731779 8.5
      vertex -29.345521494746208 76.56529317051172 8.5
      vertex -38.20000000298023 89.03999999910593 8.5
    endloop
  endfacet
  facet normal 0 0 1
    outer loop
      vertex -38.20000000298023 89.03999999910593 8.5
      vertex -29.345521494746208 76.56529317051172 8.5
      vertex -27.649428576231003 76.44007481634617 8.5
    endloop
  endfacet
  facet normal 0 0 1
    outer loop
      vertex -38.20000000298023 89.03999999910593 8.5
      vertex -27.649428576231003 76.44007481634617 8.5
      vertex -5.959428578615189 76.52007482200861 8.5
    endloop
  endfacet
  facet normal 0 0 1
    outer loop
      vertex -38.20000000298023 89.03999999910593 8.5
      vertex -5.959428578615189 76.52007482200861 8.5
      vertex -27.689999997615814 87.43999999761581 8.5
    endloop
  endfacet
  facet normal 0 0 1
    outer loop
      vertex -5.959428578615189 76.52007482200861 8.5
      vertex -3.674285851418972 76.76867200434208 8.5
      vertex -6 87.52000000327826 8.5
    endloop
  endfacet
  facet normal 0 0 1
    outer loop
      vertex -27.689999997615814 87.43999999761581 8.5
      vertex -5.959428578615189 76.52007482200861 8.5
      vertex -6 87.52000000327826 8.5
    endloop
  endfacet
  facet normal 0 0 1
    outer loop
      vertex -6 87.52000000327826 8.5
      vertex -5.380000002682209 88.64999999850988 8.5
      vertex -5.990000002086163 88.39999999850988 8.5
    endloop
  endfacet
  facet normal 0 0 1
    outer loop
      vertex -6.759999997913837 89.7199999988079 8.5
      vertex -5.380000002682209 88.64999999850988 8.5
      vertex -5.409999996423721 90.25999999791384 8.5
    endloop
  endfacet
  facet normal 0 0 1
    outer loop
      vertex -6 87.52000000327826 8.5
      vertex -3.674285851418972 76.76867200434208 8.5
      vertex -1.340200811624527 77.55575033277273 8.5
    endloop
  endfacet
  facet normal 0 0 1
    outer loop
      vertex -6 87.52000000327826 8.5
      vertex -1.340200811624527 77.55575033277273 8.5
      vertex 0.7602224349975586 78.84247773885727 8.5
    endloop
  endfacet
  facet normal 0 0 1
    outer loop
      vertex -6 87.52000000327826 8.5
      vertex 0.7602224349975586 78.84247773885727 8.5
      vertex 1.6954855918884277 79.75672375410795 8.5
    endloop
  endfacet
  facet normal 0 0 1
    outer loop
      vertex -6 87.52000000327826 8.5
      vertex 0.020000003278255463 90.75999999791384 8.5
      vertex -5.380000002682209 88.64999999850988 8.5
    endloop
  endfacet
  facet normal 0 0 1
    outer loop
      vertex -5.380000002682209 88.64999999850988 8.5
      vertex 0.020000003278255463 90.75999999791384 8.5
      vertex -5.409999996423721 90.25999999791384 8.5
    endloop
  endfacet
  facet normal 0 0 1
    outer loop
      vertex -6 87.52000000327826 8.5
      vertex 1.6954855918884277 79.75672375410795 8.5
      vertex 0.020000003278255463 90.75999999791384 8.5
    endloop
  endfacet
  facet normal 0 0 1
    outer loop
      vertex 1.6954855918884277 79.75672375410795 8.5
      vertex 12.290106989443302 79.73613835126162 8.5
      vertex 0.020000003278255463 90.75999999791384 8.5
    endloop
  endfacet
  facet normal 0 0 -1
    outer loop
      vertex 15.909999996423721 -14.799999997019768 0
      vertex 16.140000000596046 -13.609999999403954 0
      vertex 16.850000001490116 -16.009999997913837 0
    endloop
  endfacet
  facet normal 0 0 -1
    outer loop
      vertex 16.140000000596046 -13.609999999403954 0
      vertex 30.649999998509884 -17.280000001192093 0
      vertex 16.850000001490116 -16.009999997913837 0
    endloop
  endfacet
  facet normal -0.18022554125255225 -0.9836253119355076 0
    outer loop
      vertex 8.390000000596046 -12.189999997615814 0
      vertex 16.140000000596046 -13.609999999403954 0
      vertex 8.390000000596046 -12.189999997615814 8.5
    endloop
  endfacet
  facet normal -0.7897035122713268 -0.6134886818078474 0
    outer loop
      vertex 15.909999996423721 -14.799999997019768 0
      vertex 16.850000001490116 -16.009999997913837 0
      vertex 15.909999996423721 -14.799999997019768 8.5
    endloop
  endfacet
  facet normal -0.9818294693266899 0.18976536344040867 0
    outer loop
      vertex 15.909999996423721 -14.799999997019768 0
      vertex 16.140000000596046 -13.609999999403954 8.5
      vertex 16.140000000596046 -13.609999999403954 0
    endloop
  endfacet
  facet normal -0.0916417317543962 -0.9957920430496798 0
    outer loop
      vertex 16.850000001490116 -16.009999997913837 0
      vertex 30.649999998509884 -17.280000001192093 0
      vertex 16.850000001490116 -16.009999997913837 8.5
    endloop
  endfacet
  facet normal 0 0 -1
    outer loop
      vertex 8.390000000596046 -12.189999997615814 0
      vertex 9.347653426461306 -1.2762814616456888 0
      vertex 16.140000000596046 -13.609999999403954 0
    endloop
  endfacet
  facet normal 0 0 -1
    outer loop
      vertex 16.140000000596046 -13.609999999403954 0
      vertex 9.347653426461306 -1.2762814616456888 0
      vertex 14.900000000000002 -10.978461354826969 0
    endloop
  endfacet
  facet normal 0 0 -1
    outer loop
      vertex 14.900000000000002 -10.978461354826969 0
      vertex 14.900000000000002 -2.1996798984183465 0
      vertex 18.1224809512496 -2.7901215702295303 0
    endloop
  endfacet
  facet normal 0 0 -1
    outer loop
      vertex 16.140000000596046 -13.609999999403954 0
      vertex 14.900000000000002 -10.978461354826969 0
      vertex 18.1224809512496 -2.7901215702295303 0
    endloop
  endfacet
  facet normal 0 0 -1
    outer loop
      vertex 16.140000000596046 -13.609999999403954 0
      vertex 18.1224809512496 -2.7901215702295303 0
      vertex 20.480425469577312 -3.5025420263409615 0
    endloop
  endfacet
  facet normal 0 0 -1
    outer loop
      vertex 16.140000000596046 -13.609999999403954 0
      vertex 20.480425469577312 -3.5025420263409615 0
      vertex 22.62072293460369 -4.721792630851269 0
    endloop
  endfacet
  facet normal 0 0 -1
    outer loop
      vertex 16.140000000596046 -13.609999999403954 0
      vertex 22.62072293460369 -4.721792630851269 0
      vertex 23.557300850749016 -5.58078296482563 0
    endloop
  endfacet
  facet normal 0 0 -1
    outer loop
      vertex 16.140000000596046 -13.609999999403954 0
      vertex 23.557300850749016 -5.58078296482563 0
      vertex 30.899424389004707 -6.256471149623394 0
    endloop
  endfacet
  facet normal 0 0 -1
    outer loop
      vertex 16.140000000596046 -13.609999999403954 0
      vertex 41.25 -10.399999998509884 0
      vertex 30.649999998509884 -17.280000001192093 0
    endloop
  endfacet
  facet normal 0 0 -1
    outer loop
      vertex 30.649999998509884 -17.280000001192093 0
      vertex 41.25 -10.399999998509884 0
      vertex 35.59000000357628 -17.049999997019768 0
    endloop
  endfacet
  facet normal 0 0 -1
    outer loop
      vertex 35.59000000357628 -17.049999997019768 0
      vertex 41.25 -10.399999998509884 0
      vertex 41.15999999642372 -15.700000002980232 0
    endloop
  endfacet
  facet normal 0 0 -1
    outer loop
      vertex 41.15999999642372 -15.700000002980232 0
      vertex 42.20000000298023 -14.090000003576279 0
      vertex 41.99000000208616 -14.979999996721745 0
    endloop
  endfacet
  facet normal 0 0 -1
    outer loop
      vertex 41.15999999642372 -15.700000002980232 0
      vertex 41.25 -10.399999998509884 0
      vertex 42.20000000298023 -14.090000003576279 0
    endloop
  endfacet
  facet normal 0.04650832418815299 -0.9989179024230218 0
    outer loop
      vertex 30.649999998509884 -17.280000001192093 0
      vertex 35.59000000357628 -17.049999997019768 0
      vertex 30.649999998509884 -17.280000001192093 8.5
    endloop
  endfacet
  facet normal 0.23555008627028942 -0.9718622108396124 0
    outer loop
      vertex 35.59000000357628 -17.049999997019768 0
      vertex 41.15999999642372 -15.700000002980232 0
      vertex 35.59000000357628 -17.049999997019768 8.5
    endloop
  endfacet
  facet normal 0.6552769576676846 -0.7553887136764645 0
    outer loop
      vertex 41.15999999642372 -15.700000002980232 0
      vertex 41.99000000208616 -14.979999996721745 0
      vertex 41.15999999642372 -15.700000002980232 8.5
    endloop
  endfacet
  facet normal 0.9732735584191382 -0.22964881990149333 0
    outer loop
      vertex 41.99000000208616 -14.979999996721745 0
      vertex 42.20000000298023 -14.090000003576279 0
      vertex 41.99000000208616 -14.979999996721745 8.5
    endloop
  endfacet
  facet normal 0.9684205485556111 0.24932236388910112 0
    outer loop
      vertex 42.20000000298023 -14.090000003576279 0
      vertex 41.25 -10.399999998509884 0
      vertex 42.20000000298023 -14.090000003576279 8.5
    endloop
  endfacet
  facet normal 0 0 -1
    outer loop
      vertex 16.140000000596046 -13.609999999403954 0
      vertex 30.899424389004707 -6.256471149623394 0
      vertex 41.979999996721745 -9.67000000178814 0
    endloop
  endfacet
  facet normal 0 0 -1
    outer loop
      vertex 16.140000000596046 -13.609999999403954 0
      vertex 41.979999996721745 -9.67000000178814 0
      vertex 41.25 -10.399999998509884 0
    endloop
  endfacet
  facet normal 0 0 -1
    outer loop
      vertex 30.899424389004707 -6.256471149623394 0
      vertex 31.101461194455624 -6.24706457555294 0
      vertex 41.979999996721745 -9.67000000178814 0
    endloop
  endfacet
  facet normal 0 0 -1
    outer loop
      vertex 31.101461194455624 -6.24706457555294 0
      vertex 31.211492128670216 -5.902405112981796 0
      vertex 41.979999996721745 -9.67000000178814 0
    endloop
  endfacet
  facet normal 0 0 -1
    outer loop
      vertex 31.211492128670216 -5.902405112981796 0
      vertex 32.46398749947548 -3.781391054391861 0
      vertex 41.979999996721745 -9.67000000178814 0
    endloop
  endfacet
  facet normal 0 0 -1
    outer loop
      vertex 32.46398749947548 -3.781391054391861 0
      vertex 33.471825405955315 -2.6218254044651985 0
      vertex 41.979999996721745 -9.67000000178814 0
    endloop
  endfacet
  facet normal 0 0 -1
    outer loop
      vertex 33.471825405955315 -2.6218254044651985 0
      vertex 34.20182540267706 -1.891825407743454 0
      vertex 41.979999996721745 -9.67000000178814 0
    endloop
  endfacet
  facet normal 0 0 -1
    outer loop
      vertex 34.20182540267706 -1.891825407743454 0
      vertex 36.127647154033184 -0.3560338094830513 0
      vertex 41.979999996721745 -9.67000000178814 0
    endloop
  endfacet
  facet normal 0 0 -1
    outer loop
      vertex 36.127647154033184 -0.3560338094830513 0
      vertex 44.78000000119209 -8.799999997019768 0
      vertex 41.979999996721745 -9.67000000178814 0
    endloop
  endfacet
  facet normal 0 0 -1
    outer loop
      vertex 36.127647154033184 -0.3560338094830513 0
      vertex 38.3469303175807 0.71271663159132 0
      vertex 44.78000000119209 -8.799999997019768 0
    endloop
  endfacet
  facet normal 0 0 -1
    outer loop
      vertex 38.3469303175807 0.71271663159132 0
      vertex 38.716068752110004 0.8346062675118446 0
      vertex 48.17999999970198 -8.560000002384186 0
    endloop
  endfacet
  facet normal 0 0 -1
    outer loop
      vertex 44.78000000119209 -8.799999997019768 0
      vertex 38.3469303175807 0.71271663159132 0
      vertex 48.17999999970198 -8.560000002384186 0
    endloop
  endfacet
  facet normal 0 0 -1
    outer loop
      vertex 38.716068752110004 0.8346062675118446 0
      vertex 41.51606875658035 1.7046062722802162 0
      vertex 48.17999999970198 -8.560000002384186 0
    endloop
  endfacet
  facet normal 0 0 -1
    outer loop
      vertex 41.51606875658035 1.7046062722802162 0
      vertex 43.93539712578058 2.167526885867119 0
      vertex 48.17999999970198 -8.560000002384186 0
    endloop
  endfacet
  facet normal 0 0 -1
    outer loop
      vertex 43.93539712578058 2.167526885867119 0
      vertex 44.00545669347048 2.1726971492171288 0
      vertex 48.17999999970198 -8.560000002384186 0
    endloop
  endfacet
  facet normal 0 0 -1
    outer loop
      vertex 44.00545669347048 2.1726971492171288 0
      vertex 47.40545669198036 2.4126971438527107 0
      vertex 48.17999999970198 -8.560000002384186 0
    endloop
  endfacet
  facet normal 0.7071067811865475 -0.7071067811865475 0
    outer loop
      vertex 41.25 -10.399999998509884 0
      vertex 41.979999996721745 -9.67000000178814 0
      vertex 41.25 -10.399999998509884 8.5
    endloop
  endfacet
  facet normal 0.296721022329641 -0.9549642060871458 0
    outer loop
      vertex 41.979999996721745 -9.67000000178814 0
      vertex 44.78000000119209 -8.799999997019768 0
      vertex 41.979999996721745 -9.67000000178814 8.5
    endloop
  endfacet
  facet normal 0.07041302827136936 -0.9975179223701475 0
    outer loop
      vertex 44.78000000119209 -8.799999997019768 0
      vertex 48.17999999970198 -8.560000002384186 0
      vertex 44.78000000119209 -8.799999997019768 8.5
    endloop
  endfacet
  facet normal -0.0014084490131116504 -0.9999990081351968 0
    outer loop
      vertex 1.2899999991059303 -12.179999999701977 8.5
      vertex 8.390000000596046 -12.189999997615814 0
      vertex 8.390000000596046 -12.189999997615814 8.5
    endloop
  endfacet
  facet normal -0.18022554125255225 -0.9836253119355076 0
    outer loop
      vertex 16.140000000596046 -13.609999999403954 0
      vertex 16.140000000596046 -13.609999999403954 8.5
      vertex 8.390000000596046 -12.189999997615814 8.5
    endloop
  endfacet
  facet normal -0.9818294693266899 0.18976536344040867 0
    outer loop
      vertex 15.909999996423721 -14.799999997019768 0
      vertex 15.909999996423721 -14.799999997019768 8.5
      vertex 16.140000000596046 -13.609999999403954 8.5
    endloop
  endfacet
  facet normal -0.7897035122713268 -0.6134886818078474 0
    outer loop
      vertex 16.850000001490116 -16.009999997913837 0
      vertex 16.850000001490116 -16.009999997913837 8.5
      vertex 15.909999996423721 -14.799999997019768 8.5
    endloop
  endfacet
  facet normal -0.0916417317543962 -0.9957920430496798 0
    outer loop
      vertex 30.649999998509884 -17.280000001192093 0
      vertex 30.649999998509884 -17.280000001192093 8.5
      vertex 16.850000001490116 -16.009999997913837 8.5
    endloop
  endfacet
  facet normal 0.04650832418815299 -0.9989179024230218 0
    outer loop
      vertex 35.59000000357628 -17.049999997019768 0
      vertex 35.59000000357628 -17.049999997019768 8.5
      vertex 30.649999998509884 -17.280000001192093 8.5
    endloop
  endfacet
  facet normal 0.23555008627028942 -0.9718622108396124 0
    outer loop
      vertex 41.15999999642372 -15.700000002980232 0
      vertex 41.15999999642372 -15.700000002980232 8.5
      vertex 35.59000000357628 -17.049999997019768 8.5
    endloop
  endfacet
  facet normal 0.6552769576676846 -0.7553887136764645 0
    outer loop
      vertex 41.99000000208616 -14.979999996721745 0
      vertex 41.99000000208616 -14.979999996721745 8.5
      vertex 41.15999999642372 -15.700000002980232 8.5
    endloop
  endfacet
  facet normal 0.9684205485556111 0.24932236388910112 0
    outer loop
      vertex 41.25 -10.399999998509884 0
      vertex 41.25 -10.399999998509884 8.5
      vertex 42.20000000298023 -14.090000003576279 8.5
    endloop
  endfacet
  facet normal 0.9732735584191382 -0.22964881990149333 0
    outer loop
      vertex 42.20000000298023 -14.090000003576279 0
      vertex 42.20000000298023 -14.090000003576279 8.5
      vertex 41.99000000208616 -14.979999996721745 8.5
    endloop
  endfacet
  facet normal 0.7071067811865475 -0.7071067811865475 0
    outer loop
      vertex 41.979999996721745 -9.67000000178814 0
      vertex 41.979999996721745 -9.67000000178814 8.5
      vertex 41.25 -10.399999998509884 8.5
    endloop
  endfacet
  facet normal 0.296721022329641 -0.9549642060871458 0
    outer loop
      vertex 44.78000000119209 -8.799999997019768 0
      vertex 44.78000000119209 -8.799999997019768 8.5
      vertex 41.979999996721745 -9.67000000178814 8.5
    endloop
  endfacet
  facet normal 0 0 -1
    outer loop
      vertex 48.17999999970198 -8.560000002384186 0
      vertex 47.40545669198036 2.4126971438527107 0
      vertex 48.783946976065636 2.4234078526496887 0
    endloop
  endfacet
  facet normal 0 0 -1
    outer loop
      vertex 48.17999999970198 -8.560000002384186 0
      vertex 48.783946976065636 2.4234078526496887 0
      vertex 64.42394697666168 1.5634078532457352 0
    endloop
  endfacet
  facet normal 0 0 -1
    outer loop
      vertex 48.17999999970198 -8.560000002384186 0
      vertex 64.42394697666168 1.5634078532457352 0
      vertex 63.82000000029802 -9.42000000178814 0
    endloop
  endfacet
  facet normal 0 0 -1
    outer loop
      vertex 63.82000000029802 -9.42000000178814 0
      vertex 64.42394697666168 1.5634078532457352 0
      vertex 65.60815517604351 1.4336860552430153 0
    endloop
  endfacet
  facet normal -0.05490427078560162 -0.998491622924049 0
    outer loop
      vertex 48.17999999970198 -8.560000002384186 0
      vertex 63.82000000029802 -9.42000000178814 0
      vertex 48.17999999970198 -8.560000002384186 8.5
    endloop
  endfacet
  facet normal -0.16255956124516735 -0.9866987326675648 0
    outer loop
      vertex 63.82000000029802 -9.42000000178814 0
      vertex 74.25999999791384 -11.140000000596046 0
      vertex 63.82000000029802 -9.42000000178814 8.5
    endloop
  endfacet
  facet normal 0 0 -1
    outer loop
      vertex 63.82000000029802 -9.42000000178814 0
      vertex 73.95829417556524 0.05799265205860138 0
      vertex 74.25999999791384 -11.140000000596046 0
    endloop
  endfacet
  facet normal 0 0 -1
    outer loop
      vertex 63.82000000029802 -9.42000000178814 0
      vertex 65.60815517604351 1.4336860552430153 0
      vertex 73.95829417556524 0.05799265205860138 0
    endloop
  endfacet
  facet normal 0 0 -1
    outer loop
      vertex 74.25999999791384 -11.140000000596046 0
      vertex 73.95829417556524 0.05799265205860138 0
      vertex 77.36999999731779 -11.21000000089407 0
    endloop
  endfacet
  facet normal 0 0 -1
    outer loop
      vertex 77.36999999731779 -11.21000000089407 0
      vertex 73.95829417556524 0.05799265205860138 0
      vertex 72.68057929724455 8.897109918296337 0
    endloop
  endfacet
  facet normal 0 0 -1
    outer loop
      vertex 73.95829417556524 0.05799265205860138 0
      vertex 72.81486064940691 7.292808435857296 0
      vertex 72.68057929724455 8.897109918296337 0
    endloop
  endfacet
  facet normal 0.8417725319036322 -0.5398323855907021 4.055797977042077e-17
    outer loop
      vertex 83.29999999701977 -8.439999997615814 0
      vertex 84.47999999672174 -6.600000001490116 0
      vertex 84.11260466978158 -7.1728876288776116 3.6253604390908816
    endloop
  endfacet
  facet normal 0.9564172502002258 -0.29200349915615487 9.414821449376527e-18
    outer loop
      vertex 84.47999999672174 -6.600000001490116 0
      vertex 85.17000000178814 -4.340000003576279 0
      vertex 85.1694186955878 -4.341903991984861 3.995155660487904
    endloop
  endfacet
  facet normal 0.9984918635279891 -0.05489989497625235 0
    outer loop
      vertex 85.17000000178814 -4.340000003576279 0
      vertex 85.32999999821186 -1.4299999997019768 0
      vertex 85.32999999821186 -1.4299999997019768 4.096055580393921
    endloop
  endfacet
  facet normal 0.9877399410797214 0.1561083239158893 7.645686941725496e-17
    outer loop
      vertex 85.32999999821186 -1.4299999997019768 0
      vertex 83.67999999970198 9.009999997913837 0
      vertex 84.51922413673705 3.7 3.030688796120846
    endloop
  endfacet
  facet normal -0.022502339431682786 -0.9997467903024752 0
    outer loop
      vertex 74.25999999791384 -11.140000000596046 0
      vertex 77.36999999731779 -11.21000000089407 0
      vertex 74.25999999791384 -11.140000000596046 8.5
    endloop
  endfacet
  facet normal 0.8417725319036373 -0.539832385590694 -3.952062357334641e-15
    outer loop
      vertex 83.29999999701977 -8.439999997615814 0
      vertex 84.11260466978158 -7.1728876288776116 3.6253604390908816
      vertex 83.77456521376148 -7.7 3.587272539778862
    endloop
  endfacet
  facet normal 0.8417725319036321 -0.5398323855907022 0
    outer loop
      vertex 84.47999999672174 -6.600000001490116 0
      vertex 84.47999999672174 -6.600000001490116 3.7539176241286425
      vertex 84.11260466978158 -7.1728876288776116 3.6253604390908816
    endloop
  endfacet
  facet normal 0.29216054617062165 -0.9563692881211128 0
    outer loop
      vertex 77.36999999731779 -11.21000000089407 0
      vertex 81.56000000238419 -9.929999999701977 0
      vertex 77.36999999731779 -11.21000000089407 8.5
    endloop
  endfacet
  facet normal 0.6504318057314971 -0.7595646556369405 0
    outer loop
      vertex 81.56000000238419 -9.929999999701977 0
      vertex 83.29999999701977 -8.439999997615814 0
      vertex 81.56000000238419 -9.929999999701977 8.5
    endloop
  endfacet
  facet normal 0.9564172502002259 -0.29200349915615487 0
    outer loop
      vertex 84.47999999672174 -6.600000001490116 0
      vertex 85.1694186955878 -4.341903991984861 3.995155660487904
      vertex 84.47999999672174 -6.600000001490116 3.7539176241286425
    endloop
  endfacet
  facet normal 0.9564172502002221 -0.2920034991561674 0
    outer loop
      vertex 85.17000000178814 -4.340000003576279 0
      vertex 85.17000000178814 -4.340000003576279 3.995520919382291
      vertex 85.1694186955878 -4.341903991984861 3.995155660487904
    endloop
  endfacet
  facet normal 0.9984918635279892 -0.054899894976252354 0
    outer loop
      vertex 85.17000000178814 -4.340000003576279 0
      vertex 85.32999999821186 -1.4299999997019768 4.096055580393921
      vertex 85.17000000178814 -4.340000003576279 3.995520919382291
    endloop
  endfacet
  facet normal 0.9877399410797215 0.15610832391588939 9.118613921154835e-17
    outer loop
      vertex 85.32999999821186 -1.4299999997019768 0
      vertex 84.51922413673705 3.7 3.030688796120846
      vertex 84.51922413673705 3.7 3.7676427443360536
    endloop
  endfacet
  facet normal 0.9877399410797215 0.15610832391588925 -6.251433825531347e-17
    outer loop
      vertex 83.67999999970198 9.009999997913837 0
      vertex 84.268369323551 5.287226819048154 2.9429109005636054
      vertex 84.51922413673705 3.7 3.030688796120846
    endloop
  endfacet
  facet normal 0.9877399410797215 0.1561083239158893 0
    outer loop
      vertex 83.67999999970198 9.009999997913837 0
      vertex 83.67999999970198 9.009999997913837 2.8766175990984957
      vertex 84.268369323551 5.287226819048154 2.9429109005636054
    endloop
  endfacet
  facet normal 0.9877399410797216 0.1561083239158893 0
    outer loop
      vertex 85.32999999821186 -1.4299999997019768 0
      vertex 85.1694186955878 -0.4139583024132363 3.995155660487904
      vertex 85.32999999821186 -1.4299999997019768 4.096055580393921
    endloop
  endfacet
  facet normal 0.9877399410797215 0.15610832391588939 -2.121812971498955e-17
    outer loop
      vertex 85.32999999821186 -1.4299999997019768 0
      vertex 84.51922413673705 3.7 3.7676427443360536
      vertex 85.1694186955878 -0.4139583024132363 3.995155660487904
    endloop
  endfacet
  facet normal 0.07041302827136936 -0.9975179223701475 0
    outer loop
      vertex 48.17999999970198 -8.560000002384186 0
      vertex 48.17999999970198 -8.560000002384186 8.5
      vertex 44.78000000119209 -8.799999997019768 8.5
    endloop
  endfacet
  facet normal -0.05490427078560162 -0.998491622924049 0
    outer loop
      vertex 63.82000000029802 -9.42000000178814 0
      vertex 63.82000000029802 -9.42000000178814 8.5
      vertex 48.17999999970198 -8.560000002384186 8.5
    endloop
  endfacet
  facet normal 0.8417725319036287 -0.5398323855907076 0
    outer loop
      vertex 83.29999999701977 -8.439999997615814 0
      vertex 83.77456521376148 -7.7 3.587272539778862
      vertex 83.29999999701977 -8.439999997615814 8.5
    endloop
  endfacet
  facet normal -0.16255956124516735 -0.9866987326675648 0
    outer loop
      vertex 74.25999999791384 -11.140000000596046 0
      vertex 74.25999999791384 -11.140000000596046 8.5
      vertex 63.82000000029802 -9.42000000178814 8.5
    endloop
  endfacet
  facet normal -0.022502339431682786 -0.9997467903024752 0
    outer loop
      vertex 77.36999999731779 -11.21000000089407 0
      vertex 77.36999999731779 -11.21000000089407 8.5
      vertex 74.25999999791384 -11.140000000596046 8.5
    endloop
  endfacet
  facet normal 0.29216054617062165 -0.9563692881211128 0
    outer loop
      vertex 81.56000000238419 -9.929999999701977 0
      vertex 81.56000000238419 -9.929999999701977 8.5
      vertex 77.36999999731779 -11.21000000089407 8.5
    endloop
  endfacet
  facet normal 0.6504318057314971 -0.7595646556369405 0
    outer loop
      vertex 83.29999999701977 -8.439999997615814 0
      vertex 83.29999999701977 -8.439999997615814 8.5
      vertex 81.56000000238419 -9.929999999701977 8.5
    endloop
  endfacet
  facet normal 0 0 1
    outer loop
      vertex 15.909999996423721 -14.799999997019768 8.5
      vertex 16.850000001490116 -16.009999997913837 8.5
      vertex 16.140000000596046 -13.609999999403954 8.5
    endloop
  endfacet
  facet normal 0 0 1
    outer loop
      vertex 16.140000000596046 -13.609999999403954 8.5
      vertex 16.850000001490116 -16.009999997913837 8.5
      vertex 30.649999998509884 -17.280000001192093 8.5
    endloop
  endfacet
  facet normal 0 0 1
    outer loop
      vertex 8.390000000596046 -12.189999997615814 8.5
      vertex 16.140000000596046 -13.609999999403954 8.5
      vertex 8.845410433032646 -7 8.5
    endloop
  endfacet
  facet normal 0 0 1
    outer loop
      vertex 16.140000000596046 -13.609999999403954 8.5
      vertex 14.900000000000002 -10.978461354826969 8.5
      vertex 8.845410433032646 -7 8.5
    endloop
  endfacet
  facet normal 0 0 1
    outer loop
      vertex 14.900000000000002 -10.978461354826969 8.5
      vertex 12.234708805539793 -7 8.5
      vertex 8.845410433032646 -7 8.5
    endloop
  endfacet
  facet normal 0 0 1
    outer loop
      vertex 14.900000000000002 -10.978461354826969 8.5
      vertex 15.000000000000004 -7 8.5
      vertex 14.900000000000002 -7 8.5
    endloop
  endfacet
  facet normal 0 0 1
    outer loop
      vertex 14.900000000000002 -10.978461354826969 8.5
      vertex 18.1224809512496 -2.7901215702295303 8.5
      vertex 15.000000000000004 -7 8.5
    endloop
  endfacet
  facet normal 0 0 1
    outer loop
      vertex 18.1224809512496 -2.7901215702295303 8.5
      vertex 15.000000000000004 -2.218002479086581 8.5
      vertex 15.000000000000004 -7 8.5
    endloop
  endfacet
  facet normal 0 0 1
    outer loop
      vertex 16.140000000596046 -13.609999999403954 8.5
      vertex 18.1224809512496 -2.7901215702295303 8.5
      vertex 14.900000000000002 -10.978461354826969 8.5
    endloop
  endfacet
  facet normal 0 0 1
    outer loop
      vertex 16.140000000596046 -13.609999999403954 8.5
      vertex 20.480425469577312 -3.5025420263409615 8.5
      vertex 18.1224809512496 -2.7901215702295303 8.5
    endloop
  endfacet
  facet normal 0 0 1
    outer loop
      vertex 16.140000000596046 -13.609999999403954 8.5
      vertex 22.62072293460369 -4.721792630851269 8.5
      vertex 20.480425469577312 -3.5025420263409615 8.5
    endloop
  endfacet
  facet normal 0 0 1
    outer loop
      vertex 16.140000000596046 -13.609999999403954 8.5
      vertex 23.557300850749016 -5.58078296482563 8.5
      vertex 22.62072293460369 -4.721792630851269 8.5
    endloop
  endfacet
  facet normal 0 0 1
    outer loop
      vertex 16.140000000596046 -13.609999999403954 8.5
      vertex 30.899424389004707 -6.256471149623394 8.5
      vertex 23.557300850749016 -5.58078296482563 8.5
    endloop
  endfacet
  facet normal 0 0 1
    outer loop
      vertex 16.140000000596046 -13.609999999403954 8.5
      vertex 30.649999998509884 -17.280000001192093 8.5
      vertex 41.25 -10.399999998509884 8.5
    endloop
  endfacet
  facet normal 0 0 1
    outer loop
      vertex 30.649999998509884 -17.280000001192093 8.5
      vertex 35.59000000357628 -17.049999997019768 8.5
      vertex 41.25 -10.399999998509884 8.5
    endloop
  endfacet
  facet normal 0 0 1
    outer loop
      vertex 35.59000000357628 -17.049999997019768 8.5
      vertex 41.15999999642372 -15.700000002980232 8.5
      vertex 41.25 -10.399999998509884 8.5
    endloop
  endfacet
  facet normal 0 0 1
    outer loop
      vertex 41.15999999642372 -15.700000002980232 8.5
      vertex 41.99000000208616 -14.979999996721745 8.5
      vertex 42.20000000298023 -14.090000003576279 8.5
    endloop
  endfacet
  facet normal 0 0 1
    outer loop
      vertex 41.15999999642372 -15.700000002980232 8.5
      vertex 42.20000000298023 -14.090000003576279 8.5
      vertex 41.25 -10.399999998509884 8.5
    endloop
  endfacet
  facet normal 0 0 1
    outer loop
      vertex 16.140000000596046 -13.609999999403954 8.5
      vertex 41.979999996721745 -9.67000000178814 8.5
      vertex 30.899424389004707 -6.256471149623394 8.5
    endloop
  endfacet
  facet normal 0 0 1
    outer loop
      vertex 16.140000000596046 -13.609999999403954 8.5
      vertex 41.25 -10.399999998509884 8.5
      vertex 41.979999996721745 -9.67000000178814 8.5
    endloop
  endfacet
  facet normal 0 0 1
    outer loop
      vertex 30.899424389004707 -6.256471149623394 8.5
      vertex 41.979999996721745 -9.67000000178814 8.5
      vertex 31.101461194455624 -6.24706457555294 8.5
    endloop
  endfacet
  facet normal 0 0 1
    outer loop
      vertex 31.101461194455624 -6.24706457555294 8.5
      vertex 41.979999996721745 -9.67000000178814 8.5
      vertex 31.211492128670216 -5.902405112981796 8.5
    endloop
  endfacet
  facet normal 0 0 1
    outer loop
      vertex 31.211492128670216 -5.902405112981796 8.5
      vertex 41.979999996721745 -9.67000000178814 8.5
      vertex 32.46398749947548 -3.781391054391861 8.5
    endloop
  endfacet
  facet normal 0 0 1
    outer loop
      vertex 32.46398749947548 -3.781391054391861 8.5
      vertex 41.979999996721745 -9.67000000178814 8.5
      vertex 33.471825405955315 -2.6218254044651985 8.5
    endloop
  endfacet
  facet normal 0 0 1
    outer loop
      vertex 33.471825405955315 -2.6218254044651985 8.5
      vertex 41.979999996721745 -9.67000000178814 8.5
      vertex 34.20182540267706 -1.891825407743454 8.5
    endloop
  endfacet
  facet normal 0 0 1
    outer loop
      vertex 34.20182540267706 -1.891825407743454 8.5
      vertex 41.979999996721745 -9.67000000178814 8.5
      vertex 44.78000000119209 -8.799999997019768 8.5
    endloop
  endfacet
  facet normal 0 0 1
    outer loop
      vertex 34.20182540267706 -1.891825407743454 8.5
      vertex 44.78000000119209 -8.799999997019768 8.5
      vertex 36.127647154033184 -0.3560338094830513 8.5
    endloop
  endfacet
  facet normal 0 0 1
    outer loop
      vertex 36.127647154033184 -0.3560338094830513 8.5
      vertex 48.17999999970198 -8.560000002384186 8.5
      vertex 38.3469303175807 0.71271663159132 8.5
    endloop
  endfacet
  facet normal 0 0 1
    outer loop
      vertex 38.3469303175807 0.71271663159132 8.5
      vertex 48.17999999970198 -8.560000002384186 8.5
      vertex 38.716068752110004 0.8346062675118446 8.5
    endloop
  endfacet
  facet normal 0 0 1
    outer loop
      vertex 36.127647154033184 -0.3560338094830513 8.5
      vertex 44.78000000119209 -8.799999997019768 8.5
      vertex 48.17999999970198 -8.560000002384186 8.5
    endloop
  endfacet
  facet normal 0 0 1
    outer loop
      vertex 38.716068752110004 0.8346062675118446 8.5
      vertex 48.17999999970198 -8.560000002384186 8.5
      vertex 41.51606875658035 1.7046062722802162 8.5
    endloop
  endfacet
  facet normal 0 0 1
    outer loop
      vertex 41.51606875658035 1.7046062722802162 8.5
      vertex 48.17999999970198 -8.560000002384186 8.5
      vertex 43.93539712578058 2.167526885867119 8.5
    endloop
  endfacet
  facet normal 0 0 1
    outer loop
      vertex 43.93539712578058 2.167526885867119 8.5
      vertex 48.17999999970198 -8.560000002384186 8.5
      vertex 44.00545669347048 2.1726971492171288 8.5
    endloop
  endfacet
  facet normal 0 0 1
    outer loop
      vertex 44.00545669347048 2.1726971492171288 8.5
      vertex 48.17999999970198 -8.560000002384186 8.5
      vertex 47.40545669198036 2.4126971438527107 8.5
    endloop
  endfacet
  facet normal 0 0 1
    outer loop
      vertex 48.17999999970198 -8.560000002384186 8.5
      vertex 48.783946976065636 2.4234078526496887 8.5
      vertex 47.40545669198036 2.4126971438527107 8.5
    endloop
  endfacet
  facet normal 0 0 1
    outer loop
      vertex 48.17999999970198 -8.560000002384186 8.5
      vertex 63.82000000029802 -9.42000000178814 8.5
      vertex 48.783946976065636 2.4234078526496887 8.5
    endloop
  endfacet
  facet normal 0 0 1
    outer loop
      vertex 48.783946976065636 2.4234078526496887 8.5
      vertex 63.82000000029802 -9.42000000178814 8.5
      vertex 64.42394697666168 1.5634078532457352 8.5
    endloop
  endfacet
  facet normal 0 0 1
    outer loop
      vertex 63.82000000029802 -9.42000000178814 8.5
      vertex 65.60815517604351 1.4336860552430153 8.5
      vertex 64.42394697666168 1.5634078532457352 8.5
    endloop
  endfacet
  facet normal 0.8417725319036288 -0.5398323855907077 0
    outer loop
      vertex 83.77456521376148 -7.7 3.587272539778862
      vertex 83.77456521376148 -7.7 8.5
      vertex 83.29999999701977 -8.439999997615814 8.5
    endloop
  endfacet
  facet normal 0 0 1
    outer loop
      vertex 63.82000000029802 -9.42000000178814 8.5
      vertex 74.25999999791384 -11.140000000596046 8.5
      vertex 65.60815517604351 1.4336860552430153 8.5
    endloop
  endfacet
  facet normal 0 0 1
    outer loop
      vertex 65.60815517604351 1.4336860552430153 8.5
      vertex 74.25999999791384 -11.140000000596046 8.5
      vertex 73.95829417556524 0.05799265205860138 8.5
    endloop
  endfacet
  facet normal 0 0 1
    outer loop
      vertex 74.25999999791384 -11.140000000596046 8.5
      vertex 77.36999999731779 -11.21000000089407 8.5
      vertex 73.95829417556524 0.05799265205860138 8.5
    endloop
  endfacet
  facet normal 0 0 1
    outer loop
      vertex 77.36999999731779 -11.21000000089407 8.5
      vertex 78 -7.7 8.5
      vertex 72.68057929724455 8.897109918296337 8.5
    endloop
  endfacet
  facet normal 0 0 1
    outer loop
      vertex 77.36999999731779 -11.21000000089407 8.5
      vertex 72.68057929724455 8.897109918296337 8.5
      vertex 73.95829417556524 0.05799265205860138 8.5
    endloop
  endfacet
  facet normal 0 0 1
    outer loop
      vertex 72.68057929724455 8.897109918296337 8.5
      vertex 78 -7.7 8.5
      vertex 77.3 3.7 8.5
    endloop
  endfacet
  facet normal 0 0 1
    outer loop
      vertex 73.95829417556524 0.05799265205860138 8.5
      vertex 72.68057929724455 8.897109918296337 8.5
      vertex 72.81486064940691 7.292808435857296 8.5
    endloop
  endfacet
  facet normal 0 0 1
    outer loop
      vertex 77.36999999731779 -11.21000000089407 8.5
      vertex 83.77456521376148 -7.7 8.5
      vertex 78 -7.7 8.5
    endloop
  endfacet
  facet normal 0 0 1
    outer loop
      vertex 77.36999999731779 -11.21000000089407 8.5
      vertex 81.56000000238419 -9.929999999701977 8.5
      vertex 83.77456521376148 -7.7 8.5
    endloop
  endfacet
  facet normal 0 0 1
    outer loop
      vertex 81.56000000238419 -9.929999999701977 8.5
      vertex 83.29999999701977 -8.439999997615814 8.5
      vertex 83.77456521376148 -7.7 8.5
    endloop
  endfacet
  facet normal 0 0 1
    outer loop
      vertex 78 -7.7 8.5
      vertex 78 3.7 8.5
      vertex 77.3 3.7 8.5
    endloop
  endfacet
  facet normal 0 0 -1
    outer loop
      vertex 1.6954855918884277 79.75672375410795 0
      vertex 15.46000000089407 90.72999999672174 0
      vertex 12.290106989443302 79.73613835126162 0
    endloop
  endfacet
  facet normal 0 0 -1
    outer loop
      vertex 12.290106989443302 79.73613835126162 0
      vertex 15.46000000089407 90.72999999672174 0
      vertex 12.876484215259552 79.13658411800861 0
    endloop
  endfacet
  facet normal 0 0 -1
    outer loop
      vertex 12.876484215259552 79.13658411800861 0
      vertex 15.46000000089407 90.72999999672174 0
      vertex 14.94746183604002 77.80298112332821 0
    endloop
  endfacet
  facet normal 0 0 -1
    outer loop
      vertex 14.94746183604002 77.80298112332821 0
      vertex 15.46000000089407 90.72999999672174 0
      vertex 17.263270311057568 76.96365021169186 0
    endloop
  endfacet
  facet normal 0 0 -1
    outer loop
      vertex 19.707785330712795 76.66067894548178 0
      vertex 19.82999999821186 87.65999999642372 0
      vertex 24.207785330712795 76.61067894846201 0
    endloop
  endfacet
  facet normal 0 0 -1
    outer loop
      vertex 24.207785330712795 76.61067894846201 0
      vertex 19.82999999821186 87.65999999642372 0
      vertex 25.19903314113617 76.64438185095787 0
    endloop
  endfacet
  facet normal 0 0 -1
    outer loop
      vertex 25.19903314113617 76.64438185095787 0
      vertex 19.82999999821186 87.65999999642372 0
      vertex 31.175497621297836 77.11802096664906 0
    endloop
  endfacet
  facet normal 0 0 -1
    outer loop
      vertex 15.46000000089407 90.72999999672174 0
      vertex 19.707785330712795 76.66067894548178 0
      vertex 17.263270311057568 76.96365021169186 0
    endloop
  endfacet
  facet normal 0 0 -1
    outer loop
      vertex 15.46000000089407 90.72999999672174 0
      vertex 18.84000000357628 88.82000000029802 0
      vertex 19.707785330712795 76.66067894548178 0
    endloop
  endfacet
  facet normal 0 0 -1
    outer loop
      vertex 19.707785330712795 76.66067894548178 0
      vertex 18.84000000357628 88.82000000029802 0
      vertex 19.82999999821186 87.65999999642372 0
    endloop
  endfacet
  facet normal 0 0 -1
    outer loop
      vertex 15.46000000089407 90.72999999672174 0
      vertex 19.969999998807907 89.38000000268221 0
      vertex 18.84000000357628 88.82000000029802 0
    endloop
  endfacet
  facet normal 0 0 -1
    outer loop
      vertex 15.46000000089407 90.72999999672174 0
      vertex 20.42000000178814 90.00999999791384 0
      vertex 19.969999998807907 89.38000000268221 0
    endloop
  endfacet
  facet normal 0 0 -1
    outer loop
      vertex 19.82999999821186 87.65999999642372 0
      vertex 18.84000000357628 88.82000000029802 0
      vertex 19.75 88.39999999850988 0
    endloop
  endfacet
  facet normal 0 0 -1
    outer loop
      vertex 18.84000000357628 88.82000000029802 0
      vertex 19.969999998807907 89.38000000268221 0
      vertex 20.320000000298023 89.14000000059605 0
    endloop
  endfacet
  facet normal 0.0019430015911814716 0.9999981123706266 0
    outer loop
      vertex 0.020000003278255463 90.75999999791384 0
      vertex 15.46000000089407 90.72999999672174 8.5
      vertex 15.46000000089407 90.72999999672174 0
    endloop
  endfacet
  facet normal 0.14365563894587163 0.9896277367773467 -5.212084909771563e-18
    outer loop
      vertex 15.46000000089407 90.72999999672174 0
      vertex 20.42000000178814 90.00999999791384 8.5
      vertex 20.42000000178814 90.00999999791384 0
    endloop
  endfacet
  facet normal 0.9942070478549476 0.10748184030593308 0
    outer loop
      vertex 19.82999999821186 87.65999999642372 0
      vertex 19.75 88.39999999850988 0
      vertex 19.82999999821186 87.65999999642372 8.5
    endloop
  endfacet
  facet normal 0.419058180290245 0.907959383194991 0
    outer loop
      vertex 18.84000000357628 88.82000000029802 0
      vertex 19.75 88.39999999850988 8.5
      vertex 19.75 88.39999999850988 0
    endloop
  endfacet
  facet normal 0.21133279316277115 -0.9774141653025197 0
    outer loop
      vertex 18.84000000357628 88.82000000029802 0
      vertex 20.320000000298023 89.14000000059605 0
      vertex 18.84000000357628 88.82000000029802 8.5
    endloop
  endfacet
  facet normal 0.5655283572574434 0.824728850676207 0
    outer loop
      vertex 19.969999998807907 89.38000000268221 0
      vertex 20.320000000298023 89.14000000059605 8.5
      vertex 20.320000000298023 89.14000000059605 0
    endloop
  endfacet
  facet normal 0.8137334673053277 -0.5812381991810666 0
    outer loop
      vertex 19.969999998807907 89.38000000268221 0
      vertex 20.42000000178814 90.00999999791384 0
      vertex 19.969999998807907 89.38000000268221 8.5
    endloop
  endfacet
  facet normal 0.011110424641403709 0.9999382773272997 0
    outer loop
      vertex 19.82999999821186 87.65999999642372 0
      vertex 24.32999999821186 87.60999999940395 8.5
      vertex 24.32999999821186 87.60999999940395 0
    endloop
  endfacet
  facet normal 0 0 -1
    outer loop
      vertex 36.68494861572981 65.06517192721367 0
      vertex 35.09494861960411 66.33517193049192 0
      vertex 41.96000000089407 74.92999999970198 0
    endloop
  endfacet
  facet normal 0 0 -1
    outer loop
      vertex 33.35454061627388 68.0782798603177 0
      vertex 41.96000000089407 74.92999999970198 0
      vertex 35.09494861960411 66.33517193049192 0
    endloop
  endfacet
  facet normal 0 0 -1
    outer loop
      vertex 36.68494861572981 65.06517192721367 0
      vertex 41.96000000089407 74.92999999970198 0
      vertex 37.9658759534359 64.18278739601374 0
    endloop
  endfacet
  facet normal 0 0 -1
    outer loop
      vertex 37.9658759534359 64.18278739601374 0
      vertex 41.96000000089407 74.92999999970198 0
      vertex 40.214759804308414 63.17781640589237 0
    endloop
  endfacet
  facet normal 0 0 -1
    outer loop
      vertex 40.214759804308414 63.17781640589237 0
      vertex 41.96000000089407 74.92999999970198 0
      vertex 41.97475980967283 62.61781641095877 0
    endloop
  endfacet
  facet normal 0 0 -1
    outer loop
      vertex 41.97475980967283 62.61781641095877 0
      vertex 41.96000000089407 74.92999999970198 0
      vertex 42.88915503770113 62.369692005217075 0
    endloop
  endfacet
  facet normal 0 0 -1
    outer loop
      vertex 42.88915503770113 62.369692005217075 0
      vertex 43.54999999701977 73.65999999642372 0
      vertex 45.310000002384186 73.10000000149012 0
    endloop
  endfacet
  facet normal 0 0 -1
    outer loop
      vertex 42.88915503770113 62.369692005217075 0
      vertex 45.310000002384186 73.10000000149012 0
      vertex 45.33756883442402 62.100034549832344 0
    endloop
  endfacet
  facet normal 0 0 -1
    outer loop
      vertex 45.33756883442402 62.100034549832344 0
      vertex 45.310000002384186 73.10000000149012 0
      vertex 49.29999999701977 73.10999999940395 0
    endloop
  endfacet
  facet normal 0 0 -1
    outer loop
      vertex 19.82999999821186 87.65999999642372 0
      vertex 41.96000000089407 74.92999999970198 0
      vertex 31.175497621297836 77.11802096664906 0
    endloop
  endfacet
  facet normal 0 0 -1
    outer loop
      vertex 32.04564628750086 70.1649616509676 0
      vertex 31.233899049460888 72.49058235436678 0
      vertex 41.96000000089407 74.92999999970198 0
    endloop
  endfacet
  facet normal 0 0 -1
    outer loop
      vertex 32.04564628750086 70.1649616509676 0
      vertex 41.96000000089407 74.92999999970198 0
      vertex 33.35454061627388 68.0782798603177 0
    endloop
  endfacet
  facet normal 0 0 -1
    outer loop
      vertex 31.233899049460888 72.49058235436678 0
      vertex 30.960003301501274 74.93852565437555 0
      vertex 41.96000000089407 74.92999999970198 0
    endloop
  endfacet
  facet normal 0 0 -1
    outer loop
      vertex 30.960003301501274 74.93852565437555 0
      vertex 31.123184241354465 76.81770339608192 0
      vertex 41.96000000089407 74.92999999970198 0
    endloop
  endfacet
  facet normal 0 0 -1
    outer loop
      vertex 31.123184241354465 76.81770339608192 0
      vertex 31.175497621297836 77.11802096664906 0
      vertex 41.96000000089407 74.92999999970198 0
    endloop
  endfacet
  facet normal 0 0 -1
    outer loop
      vertex 19.82999999821186 87.65999999642372 0
      vertex 24.32999999821186 87.60999999940395 0
      vertex 41.96000000089407 74.92999999970198 0
    endloop
  endfacet
  facet normal 0 0 -1
    outer loop
      vertex 24.32999999821186 87.60999999940395 0
      vertex 42.770000003278255 79.57999999821186 0
      vertex 41.96000000089407 74.92999999970198 0
    endloop
  endfacet
  facet normal 0 0 -1
    outer loop
      vertex 24.32999999821186 87.60999999940395 0
      vertex 38.21000000089407 88.71000000089407 0
      vertex 42.770000003278255 79.57999999821186 0
    endloop
  endfacet
  facet normal 0 0 -1
    outer loop
      vertex 42.88915503770113 62.369692005217075 0
      vertex 41.96000000089407 74.92999999970198 0
      vertex 43.54999999701977 73.65999999642372 0
    endloop
  endfacet
  facet normal 0 0 -1
    outer loop
      vertex 42.770000003278255 79.57999999821186 0
      vertex 38.21000000089407 88.71000000089407 0
      vertex 44.17000000178814 82.2800000011921 0
    endloop
  endfacet
  facet normal 0 0 -1
    outer loop
      vertex 38.21000000089407 88.71000000089407 0
      vertex 41.88000000268221 87.9699999988079 0
      vertex 44.17000000178814 82.2800000011921 0
    endloop
  endfacet
  facet normal 0 0 -1
    outer loop
      vertex 44.17000000178814 82.2800000011921 0
      vertex 41.88000000268221 87.9699999988079 0
      vertex 44.09000000357628 86.57999999821186 0
    endloop
  endfacet
  facet normal 0 0 -1
    outer loop
      vertex 44.17000000178814 82.2800000011921 0
      vertex 44.09000000357628 86.57999999821186 0
      vertex 44.79999999701977 84.9699999988079 0
    endloop
  endfacet
  facet normal -0.07900301269672161 0.9968743772335819 -1.4071277581577995e-18
    outer loop
      vertex 24.32999999821186 87.60999999940395 0
      vertex 38.21000000089407 88.71000000089407 8.5
      vertex 38.21000000089407 88.71000000089407 0
    endloop
  endfacet
  facet normal 0.6240955803231968 0.7813480060901495 -3.209288008582977e-18
    outer loop
      vertex 41.96000000089407 74.92999999970198 0
      vertex 43.54999999701977 73.65999999642372 8.5
      vertex 43.54999999701977 73.65999999642372 0
    endloop
  endfacet
  facet normal 0.3032036539468108 0.9529257810728506 0
    outer loop
      vertex 43.54999999701977 73.65999999642372 0
      vertex 45.310000002384186 73.10000000149012 8.5
      vertex 45.310000002384186 73.10000000149012 0
    endloop
  endfacet
  facet normal 0.9851650693768179 -0.17160939974188322 0
    outer loop
      vertex 41.96000000089407 74.92999999970198 0
      vertex 42.770000003278255 79.57999999821186 0
      vertex 41.96000000089407 74.92999999970198 8.5
    endloop
  endfacet
  facet normal 0.8877545318567773 -0.4603171636684366 0
    outer loop
      vertex 42.770000003278255 79.57999999821186 0
      vertex 44.17000000178814 82.2800000011921 0
      vertex 42.770000003278255 79.57999999821186 8.5
    endloop
  endfacet
  facet normal 0.19765687738291604 0.9802712679780199 -3.488763364505308e-18
    outer loop
      vertex 38.21000000089407 88.71000000089407 0
      vertex 41.88000000268221 87.9699999988079 8.5
      vertex 41.88000000268221 87.9699999988079 0
    endloop
  endfacet
  facet normal 0.97365399235058 -0.2280304873909994 0
    outer loop
      vertex 44.17000000178814 82.2800000011921 0
      vertex 44.79999999701977 84.9699999988079 0
      vertex 44.17000000178814 82.2800000011921 8.5
    endloop
  endfacet
  facet normal 0.9149795203186385 0.4035002817811584 0
    outer loop
      vertex 44.79999999701977 84.9699999988079 0
      vertex 44.09000000357628 86.57999999821186 0
      vertex 44.79999999701977 84.9699999988079 8.5
    endloop
  endfacet
  facet normal 0.5324068540080648 0.8464885952009248 5.002880639310471e-18
    outer loop
      vertex 41.88000000268221 87.9699999988079 0
      vertex 44.09000000357628 86.57999999821186 8.5
      vertex 44.09000000357628 86.57999999821186 0
    endloop
  endfacet
  facet normal 0.14365563894587163 0.9896277367773467 0
    outer loop
      vertex 15.46000000089407 90.72999999672174 0
      vertex 15.46000000089407 90.72999999672174 8.5
      vertex 20.42000000178814 90.00999999791384 8.5
    endloop
  endfacet
  facet normal 0.9942070478549476 0.10748184030593308 0
    outer loop
      vertex 19.75 88.39999999850988 0
      vertex 19.75 88.39999999850988 8.5
      vertex 19.82999999821186 87.65999999642372 8.5
    endloop
  endfacet
  facet normal 0.011110424641403709 0.9999382773272997 0
    outer loop
      vertex 19.82999999821186 87.65999999642372 0
      vertex 19.82999999821186 87.65999999642372 8.5
      vertex 24.32999999821186 87.60999999940395 8.5
    endloop
  endfacet
  facet normal 0.419058180290245 0.907959383194991 0
    outer loop
      vertex 18.84000000357628 88.82000000029802 0
      vertex 18.84000000357628 88.82000000029802 8.5
      vertex 19.75 88.39999999850988 8.5
    endloop
  endfacet
  facet normal 0.21133279316277115 -0.9774141653025197 0
    outer loop
      vertex 20.320000000298023 89.14000000059605 0
      vertex 20.320000000298023 89.14000000059605 8.5
      vertex 18.84000000357628 88.82000000029802 8.5
    endloop
  endfacet
  facet normal 0.5655283572574434 0.824728850676207 0
    outer loop
      vertex 19.969999998807907 89.38000000268221 0
      vertex 19.969999998807907 89.38000000268221 8.5
      vertex 20.320000000298023 89.14000000059605 8.5
    endloop
  endfacet
  facet normal 0.8137334673053277 -0.5812381991810666 0
    outer loop
      vertex 20.42000000178814 90.00999999791384 0
      vertex 20.42000000178814 90.00999999791384 8.5
      vertex 19.969999998807907 89.38000000268221 8.5
    endloop
  endfacet
  facet normal -0.07900301269672161 0.9968743772335819 0
    outer loop
      vertex 24.32999999821186 87.60999999940395 0
      vertex 24.32999999821186 87.60999999940395 8.5
      vertex 38.21000000089407 88.71000000089407 8.5
    endloop
  endfacet
  facet normal 0.6240955803231968 0.7813480060901495 0
    outer loop
      vertex 41.96000000089407 74.92999999970198 0
      vertex 41.96000000089407 74.92999999970198 8.5
      vertex 43.54999999701977 73.65999999642372 8.5
    endloop
  endfacet
  facet normal 0.3032036539468108 0.9529257810728506 0
    outer loop
      vertex 43.54999999701977 73.65999999642372 0
      vertex 43.54999999701977 73.65999999642372 8.5
      vertex 45.310000002384186 73.10000000149012 8.5
    endloop
  endfacet
  facet normal -0.0025062572733362595 0.999996859332308 0
    outer loop
      vertex 45.310000002384186 73.10000000149012 0
      vertex 45.310000002384186 73.10000000149012 8.5
      vertex 49.29999999701977 73.10999999940395 8.5
    endloop
  endfacet
  facet normal 0.9851650693768179 -0.17160939974188322 0
    outer loop
      vertex 42.770000003278255 79.57999999821186 0
      vertex 42.770000003278255 79.57999999821186 8.5
      vertex 41.96000000089407 74.92999999970198 8.5
    endloop
  endfacet
  facet normal 0.19765687738291604 0.9802712679780199 0
    outer loop
      vertex 38.21000000089407 88.71000000089407 0
      vertex 38.21000000089407 88.71000000089407 8.5
      vertex 41.88000000268221 87.9699999988079 8.5
    endloop
  endfacet
  facet normal 0.8877545318567773 -0.4603171636684366 0
    outer loop
      vertex 44.17000000178814 82.2800000011921 0
      vertex 44.17000000178814 82.2800000011921 8.5
      vertex 42.770000003278255 79.57999999821186 8.5
    endloop
  endfacet
  facet normal 0.97365399235058 -0.2280304873909994 0
    outer loop
      vertex 44.79999999701977 84.9699999988079 0
      vertex 44.79999999701977 84.9699999988079 8.5
      vertex 44.17000000178814 82.2800000011921 8.5
    endloop
  endfacet
  facet normal 0.5324068540080648 0.8464885952009248 0
    outer loop
      vertex 41.88000000268221 87.9699999988079 0
      vertex 41.88000000268221 87.9699999988079 8.5
      vertex 44.09000000357628 86.57999999821186 8.5
    endloop
  endfacet
  facet normal 0.9149795203186385 0.4035002817811584 0
    outer loop
      vertex 44.09000000357628 86.57999999821186 0
      vertex 44.09000000357628 86.57999999821186 8.5
      vertex 44.79999999701977 84.9699999988079 8.5
    endloop
  endfacet
  facet normal 0 0 -1
    outer loop
      vertex 77.36999999731779 -11.21000000089407 0
      vertex 72.22057929635048 53.71710991859436 0
      vertex 81.56000000238419 -9.929999999701977 0
    endloop
  endfacet
  facet normal 0 0 -1
    outer loop
      vertex 77.36999999731779 -11.21000000089407 0
      vertex 72.68057929724455 8.897109918296337 0
      vertex 72.22057929635048 53.71710991859436 0
    endloop
  endfacet
  facet normal 0 0 -1
    outer loop
      vertex 81.56000000238419 -9.929999999701977 0
      vertex 72.22057929635048 53.71710991859436 0
      vertex 83.29999999701977 -8.439999997615814 0
    endloop
  endfacet
  facet normal 0 0 -1
    outer loop
      vertex 83.29999999701977 -8.439999997615814 0
      vertex 72.22057929635048 53.71710991859436 0
      vertex 84.47999999672174 -6.600000001490116 0
    endloop
  endfacet
  facet normal 0 0 -1
    outer loop
      vertex 84.47999999672174 -6.600000001490116 0
      vertex 72.22057929635048 53.71710991859436 0
      vertex 85.17000000178814 -4.340000003576279 0
    endloop
  endfacet
  facet normal 0 0 -1
    outer loop
      vertex 85.17000000178814 -4.340000003576279 0
      vertex 72.22057929635048 53.71710991859436 0
      vertex 85.32999999821186 -1.4299999997019768 0
    endloop
  endfacet
  facet normal 0 0 -1
    outer loop
      vertex 85.32999999821186 -1.4299999997019768 0
      vertex 72.22057929635048 53.71710991859436 0
      vertex 83.67999999970198 9.009999997913837 0
    endloop
  endfacet
  facet normal 0.9999473367500317 0.01026273484596115 0
    outer loop
      vertex 83.67999999970198 9.009999997913837 0
      vertex 83.2199999988079 53.82999999821186 0
      vertex 83.67999999970198 9.009999997913837 2.8766175990984957
    endloop
  endfacet
  facet normal 0.9999473367500319 0.010262734845961425 4.343726656233146e-15
    outer loop
      vertex 83.2199999988079 53.82999999821186 0
      vertex 83.6051807224272 16.3 2.8681874911667458
      vertex 83.67999999970198 9.009999997913837 2.8766175990984957
    endloop
  endfacet
  facet normal 0.9999473367500318 0.010262734845961102 -1.1111352794495422e-17
    outer loop
      vertex 83.2199999988079 53.82999999821186 0
      vertex 83.6051807224272 16.3 3.5681874911667464
      vertex 83.6051807224272 16.3 2.8681874911667458
    endloop
  endfacet
  facet normal 0.9999473367500317 0.01026273484596147 9.705135599689739e-18
    outer loop
      vertex 83.6051807224272 16.3 3.5681874911667464
      vertex 83.48817938351249 27.7 2.8550046063389756
      vertex 83.48817938351249 27.7 3.555004606338976
    endloop
  endfacet
  facet normal 0 0 -1
    outer loop
      vertex 83.67999999970198 9.009999997913837 0
      vertex 72.22057929635048 53.71710991859436 0
      vertex 83.2199999988079 53.82999999821186 0
    endloop
  endfacet
  facet normal 0.9999473367500318 0.010262734845962183 1.1463159007137189e-14
    outer loop
      vertex 83.2199999988079 53.82999999821186 0
      vertex 83.48817938351249 27.7 2.8550046063389756
      vertex 83.6051807224272 16.3 3.5681874911667464
    endloop
  endfacet
  facet normal 0.9999473367500318 0.010262734845961177 2.236612275757365e-15
    outer loop
      vertex 83.2199999988079 53.82999999821186 0
      vertex 83.3588621141857 40.3 2.8404340494240716
      vertex 83.48817938351249 27.7 2.8550046063389756
    endloop
  endfacet
  facet normal 0.9999473367500319 0.010262734845960707 -4.678333144915352e-18
    outer loop
      vertex 83.2199999988079 53.82999999821186 0
      vertex 83.3588621141857 40.3 3.5404340494240722
      vertex 83.3588621141857 40.3 2.8404340494240716
    endloop
  endfacet
  facet normal 0.9999473367500319 0.010262734845960065 -2.4604175921686905e-15
    outer loop
      vertex 83.2199999988079 53.82999999821186 0
      vertex 83.241860775271 51.7 2.8272511645963028
      vertex 83.3588621141857 40.3 3.5404340494240722
    endloop
  endfacet
  facet normal 0.9999473367500318 0.01026273484596022 5.697334560548994e-18
    outer loop
      vertex 83.3588621141857 40.3 3.5404340494240722
      vertex 83.241860775271 51.7 2.8272511645963028
      vertex 83.241860775271 51.7 3.527251164596302
    endloop
  endfacet
  facet normal 0 0 -1
    outer loop
      vertex 45.33756883442402 62.100034549832344 0
      vertex 49.29999999701977 73.10999999940395 0
      vertex 49.3275688290596 62.11003454774618 0
    endloop
  endfacet
  facet normal 0 0 -1
    outer loop
      vertex 49.3275688290596 62.11003454774618 0
      vertex 49.29999999701977 73.10999999940395 0
      vertex 50.84890026599169 62.21959560364485 0
    endloop
  endfacet
  facet normal 0 0 -1
    outer loop
      vertex 50.84890026599169 62.21959560364485 0
      vertex 49.29999999701977 73.10999999940395 0
      vertex 60.61999999731779 74.7199999988079 0
    endloop
  endfacet
  facet normal 0 0 -1
    outer loop
      vertex 50.84890026599169 62.21959560364485 0
      vertex 63.39000000059605 74.7199999988079 0
      vertex 61.398327447474 63.71999999880791 0
    endloop
  endfacet
  facet normal 0 0 -1
    outer loop
      vertex 61.398327447474 63.71999999880791 0
      vertex 63.39000000059605 74.7199999988079 0
      vertex 63.39000000059605 63.71999999880791 0
    endloop
  endfacet
  facet normal 0 0 -1
    outer loop
      vertex 63.39000000059605 63.71999999880791 0
      vertex 63.39000000059605 74.7199999988079 0
      vertex 64.90139043331146 63.82432659715414 0
    endloop
  endfacet
  facet normal 0 0 -1
    outer loop
      vertex 64.90139043331146 63.82432659715414 0
      vertex 63.39000000059605 74.7199999988079 0
      vertex 73.36267381161451 64.99803126603365 0
    endloop
  endfacet
  facet normal 0 0 -1
    outer loop
      vertex 50.84890026599169 62.21959560364485 0
      vertex 60.61999999731779 74.7199999988079 0
      vertex 63.39000000059605 74.7199999988079 0
    endloop
  endfacet
  facet normal -0.0025062572733362595 0.999996859332308 0
    outer loop
      vertex 45.310000002384186 73.10000000149012 0
      vertex 49.29999999701977 73.10999999940395 8.5
      vertex 49.29999999701977 73.10999999940395 0
    endloop
  endfacet
  facet normal -0.14080911559266598 0.9900367634416467 1.7135132144606336e-17
    outer loop
      vertex 49.29999999701977 73.10999999940395 0
      vertex 60.61999999731779 74.7199999988079 8.5
      vertex 60.61999999731779 74.7199999988079 0
    endloop
  endfacet
  facet normal 0 1 0
    outer loop
      vertex 60.61999999731779 74.7199999988079 0
      vertex 63.39000000059605 74.7199999988079 8.5
      vertex 63.39000000059605 74.7199999988079 0
    endloop
  endfacet
  facet normal 0 0 -1
    outer loop
      vertex 72.22057929635048 53.71710991859436 0
      vertex 72.28365378081799 55.01166467368603 0
      vertex 83.2199999988079 53.82999999821186 0
    endloop
  endfacet
  facet normal 0 0 -1
    outer loop
      vertex 72.28365378081799 55.01166467368603 0
      vertex 73.36267381161451 64.99803126603365 0
      vertex 83.2199999988079 53.82999999821186 0
    endloop
  endfacet
  facet normal 0 0 -1
    outer loop
      vertex 63.39000000059605 74.7199999988079 0
      vertex 84.71000000089407 67.61999999731779 0
      vertex 73.36267381161451 64.99803126603365 0
    endloop
  endfacet
  facet normal 0.9942132925141942 -0.107424061495017 0
    outer loop
      vertex 83.2199999988079 53.82999999821186 0
      vertex 84.71000000089407 67.61999999731779 0
      vertex 83.2199999988079 53.82999999821186 2.8247880466437074
    endloop
  endfacet
  facet normal 0 0 -1
    outer loop
      vertex 73.36267381161451 64.99803126603365 0
      vertex 84.71000000089407 67.61999999731779 0
      vertex 83.2199999988079 53.82999999821186 0
    endloop
  endfacet
  facet normal 0.9935452744491448 0.1134362711824304 -5.816814053148205e-18
    outer loop
      vertex 84.71000000089407 67.61999999731779 0
      vertex 84.42000000178814 70.15999999642372 0
      vertex 84.42000000178814 70.15999999642372 3.7329227178646325
    endloop
  endfacet
  facet normal 0.9999473367500317 0.01026273484596333 0
    outer loop
      vertex 83.2199999988079 53.82999999821186 0
      vertex 83.2199999988079 53.82999999821186 2.8247880466437074
      vertex 83.241860775271 51.7 2.8272511645963028
    endloop
  endfacet
  facet normal 0.9942132925141942 -0.107424061495017 -8.137823547350381e-17
    outer loop
      vertex 84.71000000089407 67.61999999731779 0
      vertex 84.268369323551 63.53269326467396 2.9429109005636054
      vertex 83.2199999988079 53.82999999821186 2.8247880466437074
    endloop
  endfacet
  facet normal 0.9942132925141941 -0.10742406149501851 -2.2043371008035952e-15
    outer loop
      vertex 84.71000000089407 67.61999999731779 0
      vertex 84.35127628782298 64.3 2.9719213020719737
      vertex 84.268369323551 63.53269326467396 2.9429109005636054
    endloop
  endfacet
  facet normal 0.9942132925141943 -0.10742406149501664 -4.382083058982962e-17
    outer loop
      vertex 84.71000000089407 67.61999999731779 0
      vertex 84.35127628782298 64.3 3.708875250287181
      vertex 84.35127628782298 64.3 2.9719213020719737
    endloop
  endfacet
  facet normal 0.9942132925141943 -0.1074240614950166 0
    outer loop
      vertex 84.71000000089407 67.61999999731779 0
      vertex 84.71000000089407 67.61999999731779 3.834398106396406
      vertex 84.35127628782298 64.3 3.708875250287181
    endloop
  endfacet
  facet normal 0.9935452744491445 0.11343627118243037 0
    outer loop
      vertex 84.71000000089407 67.61999999731779 0
      vertex 84.42000000178814 70.15999999642372 3.7329227178646325
      vertex 84.71000000089407 67.61999999731779 3.834398106396406
    endloop
  endfacet
  facet normal 0 0 -1
    outer loop
      vertex 63.39000000059605 74.7199999988079 0
      vertex 76.14999999850988 76.49000000208616 0
      vertex 84.71000000089407 67.61999999731779 0
    endloop
  endfacet
  facet normal 0 0 -1
    outer loop
      vertex 84.71000000089407 67.61999999731779 0
      vertex 76.14999999850988 76.49000000208616 0
      vertex 78.74000000208616 76.10000000149012 0
    endloop
  endfacet
  facet normal 0 0 -1
    outer loop
      vertex 84.71000000089407 67.61999999731779 0
      vertex 78.74000000208616 76.10000000149012 0
      vertex 80.82999999821186 75.20000000298023 0
    endloop
  endfacet
  facet normal 0 0 -1
    outer loop
      vertex 84.42000000178814 70.15999999642372 0
      vertex 80.82999999821186 75.20000000298023 0
      vertex 82.5300000011921 73.79999999701977 0
    endloop
  endfacet
  facet normal 0 0 -1
    outer loop
      vertex 84.71000000089407 67.61999999731779 0
      vertex 80.82999999821186 75.20000000298023 0
      vertex 84.42000000178814 70.15999999642372 0
    endloop
  endfacet
  facet normal 0.6357072538097724 0.7719302348357898 7.950652413991242e-16
    outer loop
      vertex 80.82999999821186 75.20000000298023 0
      vertex 81.88739533021842 74.3292038450293 3.6253604390908816
      vertex 82.5300000011921 73.79999999701977 0
    endloop
  endfacet
  facet normal 0.39550983995449535 0.9184617392679837 0
    outer loop
      vertex 80.82999999821186 75.20000000298023 0
      vertex 78.74000000208616 76.10000000149012 0
      vertex 80.82999999821186 75.20000000298023 3.995520919382291
    endloop
  endfacet
  facet normal 0.8874960767731653 0.46081527070208905 6.387241053943338e-16
    outer loop
      vertex 84.42000000178814 70.15999999642372 0
      vertex 82.5300000011921 73.79999999701977 0
      vertex 83 72.8948148142677 3.5
    endloop
  endfacet
  facet normal -0.13739913056283998 0.9905157640949364 -1.4701783525831147e-17
    outer loop
      vertex 63.39000000059605 74.7199999988079 0
      vertex 76.14999999850988 76.49000000208616 8.5
      vertex 76.14999999850988 76.49000000208616 0
    endloop
  endfacet
  facet normal 0.8874960767731664 0.4608152707020872 0
    outer loop
      vertex 82.5300000011921 73.79999999701977 0
      vertex 82.5300000011921 73.79999999701977 3.5529562816187354
      vertex 83 72.8948148142677 3.5
    endloop
  endfacet
  facet normal 0.6357072538097698 0.771930234835792 0
    outer loop
      vertex 82.5300000011921 73.79999999701977 0
      vertex 81.88739533021842 74.3292038450293 3.6253604390908816
      vertex 82.5300000011921 73.79999999701977 3.5529562816187354
    endloop
  endfacet
  facet normal 0.8874960767731651 0.46081527070208966 4.2505295651104956e-17
    outer loop
      vertex 84.42000000178814 70.15999999642372 0
      vertex 83 72.8948148142677 3.5
      vertex 84.11260466978158 70.75202063575401 3.6253604390908816
    endloop
  endfacet
  facet normal 0.887496076773165 0.46081527070208994 0
    outer loop
      vertex 84.42000000178814 70.15999999642372 0
      vertex 84.11260466978158 70.75202063575401 3.6253604390908816
      vertex 84.42000000178814 70.15999999642372 3.7329227178646325
    endloop
  endfacet
  facet normal 0.6357072538097748 0.7719302348357878 -3.5922936793165215e-16
    outer loop
      vertex 80.82999999821186 75.20000000298023 0
      vertex 80.8305813044122 75.19952128022581 3.995155660487904
      vertex 81.88739533021842 74.3292038450293 3.6253604390908816
    endloop
  endfacet
  facet normal 0.6357072538083037 0.7719302348369994 0
    outer loop
      vertex 80.82999999821186 75.20000000298023 0
      vertex 80.82999999821186 75.20000000298023 3.995520919382291
      vertex 80.8305813044122 75.19952128022581 3.995155660487904
    endloop
  endfacet
  facet normal 0.14890052139839957 0.9888521804229815 0
    outer loop
      vertex 76.14999999850988 76.49000000208616 0
      vertex 78.74000000208616 76.10000000149012 8.5
      vertex 78.74000000208616 76.10000000149012 0
    endloop
  endfacet
  facet normal 0.39550983995449573 0.9184617392679835 -3.2879769522644904e-16
    outer loop
      vertex 78.74000000208616 76.10000000149012 0
      vertex 79.88255099070633 75.60799239863758 4.590842587659852
      vertex 80.82999999821186 75.20000000298023 3.995520919382291
    endloop
  endfacet
  facet normal 0.39550983995450023 0.9184617392679815 -1.6151625776538702e-15
    outer loop
      vertex 78.74000000208616 76.10000000149012 0
      vertex 79.66888889425147 75.7 4.804504684114719
      vertex 79.88255099070633 75.60799239863758 4.590842587659852
    endloop
  endfacet
  facet normal -0.14080911559266598 0.9900367634416467 0
    outer loop
      vertex 49.29999999701977 73.10999999940395 0
      vertex 49.29999999701977 73.10999999940395 8.5
      vertex 60.61999999731779 74.7199999988079 8.5
    endloop
  endfacet
  facet normal 0 1 0
    outer loop
      vertex 60.61999999731779 74.7199999988079 0
      vertex 60.61999999731779 74.7199999988079 8.5
      vertex 63.39000000059605 74.7199999988079 8.5
    endloop
  endfacet
  facet normal 0.3955098399544932 0.9184617392679845 -5.5706697539410425e-18
    outer loop
      vertex 78.74000000208616 76.10000000149012 0
      vertex 79.66888889425147 75.7 8.5
      vertex 79.66888889425147 75.7 4.804504684114719
    endloop
  endfacet
  facet normal -0.13739913056283998 0.9905157640949364 0
    outer loop
      vertex 63.39000000059605 74.7199999988079 0
      vertex 63.39000000059605 74.7199999988079 8.5
      vertex 76.14999999850988 76.49000000208616 8.5
    endloop
  endfacet
  facet normal 0.14890052139839957 0.9888521804229815 0
    outer loop
      vertex 76.14999999850988 76.49000000208616 0
      vertex 76.14999999850988 76.49000000208616 8.5
      vertex 78.74000000208616 76.10000000149012 8.5
    endloop
  endfacet
  facet normal 0.3955098399544931 0.9184617392679845 0
    outer loop
      vertex 78.74000000208616 76.10000000149012 0
      vertex 78.74000000208616 76.10000000149012 8.5
      vertex 79.66888889425147 75.7 8.5
    endloop
  endfacet
  facet normal 0 0 1
    outer loop
      vertex 0.020000003278255463 90.75999999791384 8.5
      vertex 12.290106989443302 79.73613835126162 8.5
      vertex 15.46000000089407 90.72999999672174 8.5
    endloop
  endfacet
  facet normal 0 0 1
    outer loop
      vertex 12.290106989443302 79.73613835126162 8.5
      vertex 12.876484215259552 79.13658411800861 8.5
      vertex 15.46000000089407 90.72999999672174 8.5
    endloop
  endfacet
  facet normal 0 0 1
    outer loop
      vertex 12.876484215259552 79.13658411800861 8.5
      vertex 14.94746183604002 77.80298112332821 8.5
      vertex 15.46000000089407 90.72999999672174 8.5
    endloop
  endfacet
  facet normal 0 0 1
    outer loop
      vertex 14.94746183604002 77.80298112332821 8.5
      vertex 17.263270311057568 76.96365021169186 8.5
      vertex 15.46000000089407 90.72999999672174 8.5
    endloop
  endfacet
  facet normal 0 0 1
    outer loop
      vertex 24.207785330712795 76.61067894846201 8.5
      vertex 25.19903314113617 76.64438185095787 8.5
      vertex 19.82999999821186 87.65999999642372 8.5
    endloop
  endfacet
  facet normal 0 0 1
    outer loop
      vertex 25.19903314113617 76.64438185095787 8.5
      vertex 31.175497621297836 77.11802096664906 8.5
      vertex 19.82999999821186 87.65999999642372 8.5
    endloop
  endfacet
  facet normal 0 0 1
    outer loop
      vertex 15.46000000089407 90.72999999672174 8.5
      vertex 17.263270311057568 76.96365021169186 8.5
      vertex 19.707785330712795 76.66067894548178 8.5
    endloop
  endfacet
  facet normal 0 0 1
    outer loop
      vertex 15.46000000089407 90.72999999672174 8.5
      vertex 19.707785330712795 76.66067894548178 8.5
      vertex 24.207785330712795 76.61067894846201 8.5
    endloop
  endfacet
  facet normal 0 0 1
    outer loop
      vertex 15.46000000089407 90.72999999672174 8.5
      vertex 24.207785330712795 76.61067894846201 8.5
      vertex 18.84000000357628 88.82000000029802 8.5
    endloop
  endfacet
  facet normal 0 0 1
    outer loop
      vertex 24.207785330712795 76.61067894846201 8.5
      vertex 19.82999999821186 87.65999999642372 8.5
      vertex 18.84000000357628 88.82000000029802 8.5
    endloop
  endfacet
  facet normal 0 0 1
    outer loop
      vertex 15.46000000089407 90.72999999672174 8.5
      vertex 18.84000000357628 88.82000000029802 8.5
      vertex 19.969999998807907 89.38000000268221 8.5
    endloop
  endfacet
  facet normal 0 0 1
    outer loop
      vertex 15.46000000089407 90.72999999672174 8.5
      vertex 19.969999998807907 89.38000000268221 8.5
      vertex 20.42000000178814 90.00999999791384 8.5
    endloop
  endfacet
  facet normal 0 0 1
    outer loop
      vertex 19.82999999821186 87.65999999642372 8.5
      vertex 19.75 88.39999999850988 8.5
      vertex 18.84000000357628 88.82000000029802 8.5
    endloop
  endfacet
  facet normal 0 0 1
    outer loop
      vertex 18.84000000357628 88.82000000029802 8.5
      vertex 20.320000000298023 89.14000000059605 8.5
      vertex 19.969999998807907 89.38000000268221 8.5
    endloop
  endfacet
  facet normal 0 0 1
    outer loop
      vertex 36.68494861572981 65.06517192721367 8.5
      vertex 41.96000000089407 74.92999999970198 8.5
      vertex 35.09494861960411 66.33517193049192 8.5
    endloop
  endfacet
  facet normal 0 0 1
    outer loop
      vertex 33.35454061627388 68.0782798603177 8.5
      vertex 35.09494861960411 66.33517193049192 8.5
      vertex 41.96000000089407 74.92999999970198 8.5
    endloop
  endfacet
  facet normal 0 0 1
    outer loop
      vertex 36.68494861572981 65.06517192721367 8.5
      vertex 37.9658759534359 64.18278739601374 8.5
      vertex 41.96000000089407 74.92999999970198 8.5
    endloop
  endfacet
  facet normal 0 0 1
    outer loop
      vertex 37.9658759534359 64.18278739601374 8.5
      vertex 40.214759804308414 63.17781640589237 8.5
      vertex 41.96000000089407 74.92999999970198 8.5
    endloop
  endfacet
  facet normal 0 0 1
    outer loop
      vertex 40.214759804308414 63.17781640589237 8.5
      vertex 41.97475980967283 62.61781641095877 8.5
      vertex 41.96000000089407 74.92999999970198 8.5
    endloop
  endfacet
  facet normal 0 0 1
    outer loop
      vertex 41.97475980967283 62.61781641095877 8.5
      vertex 42.88915503770113 62.369692005217075 8.5
      vertex 41.96000000089407 74.92999999970198 8.5
    endloop
  endfacet
  facet normal 0 0 1
    outer loop
      vertex 42.88915503770113 62.369692005217075 8.5
      vertex 45.33756883442402 62.100034549832344 8.5
      vertex 41.96000000089407 74.92999999970198 8.5
    endloop
  endfacet
  facet normal 0 0 1
    outer loop
      vertex 45.33756883442402 62.100034549832344 8.5
      vertex 43.54999999701977 73.65999999642372 8.5
      vertex 41.96000000089407 74.92999999970198 8.5
    endloop
  endfacet
  facet normal 0 0 1
    outer loop
      vertex 45.33756883442402 62.100034549832344 8.5
      vertex 49.3275688290596 62.11003454774618 8.5
      vertex 45.310000002384186 73.10000000149012 8.5
    endloop
  endfacet
  facet normal 0 0 1
    outer loop
      vertex 45.33756883442402 62.100034549832344 8.5
      vertex 45.310000002384186 73.10000000149012 8.5
      vertex 43.54999999701977 73.65999999642372 8.5
    endloop
  endfacet
  facet normal 0 0 1
    outer loop
      vertex 19.82999999821186 87.65999999642372 8.5
      vertex 31.175497621297836 77.11802096664906 8.5
      vertex 41.96000000089407 74.92999999970198 8.5
    endloop
  endfacet
  facet normal 0 0 1
    outer loop
      vertex 32.04564628750086 70.1649616509676 8.5
      vertex 41.96000000089407 74.92999999970198 8.5
      vertex 31.233899049460888 72.49058235436678 8.5
    endloop
  endfacet
  facet normal 0 0 1
    outer loop
      vertex 32.04564628750086 70.1649616509676 8.5
      vertex 33.35454061627388 68.0782798603177 8.5
      vertex 41.96000000089407 74.92999999970198 8.5
    endloop
  endfacet
  facet normal 0 0 1
    outer loop
      vertex 31.233899049460888 72.49058235436678 8.5
      vertex 41.96000000089407 74.92999999970198 8.5
      vertex 30.960003301501274 74.93852565437555 8.5
    endloop
  endfacet
  facet normal 0 0 1
    outer loop
      vertex 30.960003301501274 74.93852565437555 8.5
      vertex 41.96000000089407 74.92999999970198 8.5
      vertex 31.123184241354465 76.81770339608192 8.5
    endloop
  endfacet
  facet normal 0 0 1
    outer loop
      vertex 31.123184241354465 76.81770339608192 8.5
      vertex 41.96000000089407 74.92999999970198 8.5
      vertex 31.175497621297836 77.11802096664906 8.5
    endloop
  endfacet
  facet normal 0 0 1
    outer loop
      vertex 19.82999999821186 87.65999999642372 8.5
      vertex 41.96000000089407 74.92999999970198 8.5
      vertex 24.32999999821186 87.60999999940395 8.5
    endloop
  endfacet
  facet normal 0 0 1
    outer loop
      vertex 24.32999999821186 87.60999999940395 8.5
      vertex 41.96000000089407 74.92999999970198 8.5
      vertex 42.770000003278255 79.57999999821186 8.5
    endloop
  endfacet
  facet normal 0 0 1
    outer loop
      vertex 24.32999999821186 87.60999999940395 8.5
      vertex 42.770000003278255 79.57999999821186 8.5
      vertex 38.21000000089407 88.71000000089407 8.5
    endloop
  endfacet
  facet normal 0 0 1
    outer loop
      vertex 42.770000003278255 79.57999999821186 8.5
      vertex 44.17000000178814 82.2800000011921 8.5
      vertex 38.21000000089407 88.71000000089407 8.5
    endloop
  endfacet
  facet normal 0 0 1
    outer loop
      vertex 38.21000000089407 88.71000000089407 8.5
      vertex 44.17000000178814 82.2800000011921 8.5
      vertex 41.88000000268221 87.9699999988079 8.5
    endloop
  endfacet
  facet normal 0 0 1
    outer loop
      vertex 44.17000000178814 82.2800000011921 8.5
      vertex 44.09000000357628 86.57999999821186 8.5
      vertex 41.88000000268221 87.9699999988079 8.5
    endloop
  endfacet
  facet normal 0 0 1
    outer loop
      vertex 44.17000000178814 82.2800000011921 8.5
      vertex 44.79999999701977 84.9699999988079 8.5
      vertex 44.09000000357628 86.57999999821186 8.5
    endloop
  endfacet
  facet normal 0 0 1
    outer loop
      vertex 72.68057929724455 8.897109918296337 8.5
      vertex 77.3 3.7 8.5
      vertex 77.3 16.3 8.5
    endloop
  endfacet
  facet normal 0 0 1
    outer loop
      vertex 72.68057929724455 8.897109918296337 8.5
      vertex 77.3 16.3 8.5
      vertex 78 27.7 8.5
    endloop
  endfacet
  facet normal 0 0 1
    outer loop
      vertex 72.68057929724455 8.897109918296337 8.5
      vertex 78 27.7 8.5
      vertex 77.3 27.7 8.5
    endloop
  endfacet
  facet normal 0 0 1
    outer loop
      vertex 72.68057929724455 8.897109918296337 8.5
      vertex 77.3 27.7 8.5
      vertex 77.3 40.3 8.5
    endloop
  endfacet
  facet normal 0 0 1
    outer loop
      vertex 78 16.3 8.5
      vertex 78 27.7 8.5
      vertex 77.3 16.3 8.5
    endloop
  endfacet
  facet normal 0 0 1
    outer loop
      vertex 72.68057929724455 8.897109918296337 8.5
      vertex 77.3 40.3 8.5
      vertex 72.22057929635048 53.71710991859436 8.5
    endloop
  endfacet
  facet normal 0 0 1
    outer loop
      vertex 72.22057929635048 53.71710991859436 8.5
      vertex 77.3 40.3 8.5
      vertex 78 40.3 8.5
    endloop
  endfacet
  facet normal 0 0 1
    outer loop
      vertex 72.22057929635048 53.71710991859436 8.5
      vertex 78 40.3 8.5
      vertex 77.3 51.7 8.5
    endloop
  endfacet
  facet normal 0 0 1
    outer loop
      vertex 78 40.3 8.5
      vertex 78 51.7 8.5
      vertex 77.3 51.7 8.5
    endloop
  endfacet
  facet normal 0 0 1
    outer loop
      vertex 45.310000002384186 73.10000000149012 8.5
      vertex 49.3275688290596 62.11003454774618 8.5
      vertex 49.29999999701977 73.10999999940395 8.5
    endloop
  endfacet
  facet normal 0 0 1
    outer loop
      vertex 49.3275688290596 62.11003454774618 8.5
      vertex 50.84890026599169 62.21959560364485 8.5
      vertex 49.29999999701977 73.10999999940395 8.5
    endloop
  endfacet
  facet normal 0 0 1
    outer loop
      vertex 50.84890026599169 62.21959560364485 8.5
      vertex 61.398327447474 63.71999999880791 8.5
      vertex 49.29999999701977 73.10999999940395 8.5
    endloop
  endfacet
  facet normal 0 0 1
    outer loop
      vertex 61.398327447474 63.71999999880791 8.5
      vertex 63.39000000059605 63.71999999880791 8.5
      vertex 63.39000000059605 74.7199999988079 8.5
    endloop
  endfacet
  facet normal 0 0 1
    outer loop
      vertex 63.39000000059605 63.71999999880791 8.5
      vertex 64.90139043331146 63.82432659715414 8.5
      vertex 63.39000000059605 74.7199999988079 8.5
    endloop
  endfacet
  facet normal 0 0 1
    outer loop
      vertex 64.90139043331146 63.82432659715414 8.5
      vertex 73.36267381161451 64.99803126603365 8.5
      vertex 63.39000000059605 74.7199999988079 8.5
    endloop
  endfacet
  facet normal 0 0 1
    outer loop
      vertex 61.398327447474 63.71999999880791 8.5
      vertex 60.61999999731779 74.7199999988079 8.5
      vertex 49.29999999701977 73.10999999940395 8.5
    endloop
  endfacet
  facet normal 0 0 1
    outer loop
      vertex 61.398327447474 63.71999999880791 8.5
      vertex 63.39000000059605 74.7199999988079 8.5
      vertex 60.61999999731779 74.7199999988079 8.5
    endloop
  endfacet
  facet normal 0 0 1
    outer loop
      vertex 72.22057929635048 53.71710991859436 8.5
      vertex 77.3 64.3 8.5
      vertex 72.28365378081799 55.01166467368603 8.5
    endloop
  endfacet
  facet normal 0 0 1
    outer loop
      vertex 72.22057929635048 53.71710991859436 8.5
      vertex 77.3 51.7 8.5
      vertex 77.3 64.3 8.5
    endloop
  endfacet
  facet normal 0 0 1
    outer loop
      vertex 63.39000000059605 74.7199999988079 8.5
      vertex 73.36267381161451 64.99803126603365 8.5
      vertex 78 64.3 8.5
    endloop
  endfacet
  facet normal 0 0 1
    outer loop
      vertex 72.28365378081799 55.01166467368603 8.5
      vertex 77.3 64.3 8.5
      vertex 73.36267381161451 64.99803126603365 8.5
    endloop
  endfacet
  facet normal 0 0 1
    outer loop
      vertex 73.36267381161451 64.99803126603365 8.5
      vertex 77.3 64.3 8.5
      vertex 78 64.3 8.5
    endloop
  endfacet
  facet normal 0 0 1
    outer loop
      vertex 63.39000000059605 74.7199999988079 8.5
      vertex 78 64.3 8.5
      vertex 76.14999999850988 76.49000000208616 8.5
    endloop
  endfacet
  facet normal 0 0 1
    outer loop
      vertex 76.14999999850988 76.49000000208616 8.5
      vertex 78 64.3 8.5
      vertex 78 75.7 8.5
    endloop
  endfacet
  facet normal 0 0 1
    outer loop
      vertex 76.14999999850988 76.49000000208616 8.5
      vertex 78 75.7 8.5
      vertex 78.74000000208616 76.10000000149012 8.5
    endloop
  endfacet
  facet normal 0 0 1
    outer loop
      vertex 78 75.7 8.5
      vertex 79.66888889425147 75.7 8.5
      vertex 78.74000000208616 76.10000000149012 8.5
    endloop
  endfacet
  facet normal 0.6679984018386432 -0.7441627074377071 -1.3998983468378818e-17
    outer loop
      vertex -62.472154535353184 -45.747204661369324 0
      vertex -60.042017579078674 -43.56578978151083 0
      vertex -60.042017579078674 -43.56578978151083 8.5
    endloop
  endfacet
  facet normal 0.4379111588102137 0.8990182517554889 0
    outer loop
      vertex -62.472154535353184 -45.747204661369324 0
      vertex -62.472154535353184 -45.747204661369324 8.5
      vertex -55.488032311201096 -49.14916568994522 0
    endloop
  endfacet
  facet normal 0.6987705582309296 -0.7153458652635346 0
    outer loop
      vertex -60.042017579078674 -43.56578978151083 0
      vertex -59.378691621124744 -42.917833775281906 0
      vertex -59.378691621124744 -42.917833775281906 8.5
    endloop
  endfacet
  facet normal 0.8004458677490669 -0.5994050490306562 -7.953890906570268e-18
    outer loop
      vertex -59.378691621124744 -42.917833775281906 0
      vertex -57.90222603082657 -40.94616072624922 0
      vertex -57.90222603082657 -40.94616072624922 8.5
    endloop
  endfacet
  facet normal 0.8625249060280142 -0.506014610936646 0
    outer loop
      vertex -57.90222603082657 -40.94616072624922 0
      vertex -56.14222603291273 -37.94616072624922 0
      vertex -56.14222603291273 -37.94616072624922 8.5
    endloop
  endfacet
  facet normal 0.9024465449781748 -0.4308018494121804 -3.489335667608305e-18
    outer loop
      vertex -56.14222603291273 -37.94616072624922 0
      vertex -55.33592703938484 -36.25712029635906 0
      vertex -55.33592703938484 -36.25712029635906 8.5
    endloop
  endfacet
  facet normal 0.6518115690090597 0.7583809586915721 0
    outer loop
      vertex -46.86623840034008 -52.6500059813261 0
      vertex -46.86623840034008 -52.6500059813261 8.5
      vertex -45.05834197998047 -54.203852750360966 0
    endloop
  endfacet
  facet normal 0.7301507285176718 0.6832861140438267 0
    outer loop
      vertex -45.05834197998047 -54.203852750360966 0
      vertex -45.05834197998047 -54.203852750360966 8.5
      vertex -39.6934262663126 -59.93673248589039 0
    endloop
  endfacet
  facet normal -0.8785137066684514 0.47771714140865623 0
    outer loop
      vertex -39.6934262663126 -59.93673248589039 0
      vertex -39.6934262663126 -59.93673248589039 8.5
      vertex -39.6206554248929 -59.80290814489126 0
    endloop
  endfacet
  facet normal -0.9253155757705901 0.3791979499368919 0
    outer loop
      vertex -39.6206554248929 -59.80290814489126 0
      vertex -39.6206554248929 -59.80290814489126 8.5
      vertex -37.92857729643583 -55.67391365021467 0
    endloop
  endfacet
  facet normal -0.9937122099234367 -0.11196447583532636 0
    outer loop
      vertex -37.92857729643583 -55.67391365021467 0
      vertex -37.92857729643583 -55.67391365021467 8.5
      vertex -38.07999999821186 -54.32999999821186 0
    endloop
  endfacet
  facet normal -0.9978045653402566 0.06622725561384522 0
    outer loop
      vertex -38.07999999821186 -54.32999999821186 0
      vertex -38.07999999821186 -54.32999999821186 8.5
      vertex -37.98350691050291 -52.87619910389185 0
    endloop
  endfacet
  facet normal -0.9912279010409667 0.13216371740352764 0
    outer loop
      vertex -37.98350691050291 -52.87619910389185 0
      vertex -37.98350691050291 -52.87619910389185 8.5
      vertex -37.86350691318512 -51.976199105381966 0
    endloop
  endfacet
  facet normal 0 1 0
    outer loop
      vertex -55.488032311201096 -49.14916568994522 0
      vertex -55.488032311201096 -49.14916568994522 8.5
      vertex -54.24839075654745 -49.14916568994522 0
    endloop
  endfacet
  facet normal 0.22252093422137473 0.9749279121213252 0
    outer loop
      vertex -54.24839075654745 -49.14916568994522 0
      vertex -54.24839075654745 -49.14916568994522 8.5
      vertex -51.8469303175807 -49.6972833648324 0
    endloop
  endfacet
  facet normal 0.4338837383144568 0.9009688682891724 0
    outer loop
      vertex -51.8469303175807 -49.6972833648324 0
      vertex -51.8469303175807 -49.6972833648324 8.5
      vertex -49.627647154033184 -50.76603380590677 0
    endloop
  endfacet
  facet normal 0.5490263076512486 0.8358050690841954 0
    outer loop
      vertex -49.627647154033184 -50.76603380590677 0
      vertex -49.627647154033184 -50.76603380590677 8.5
      vertex -49.256238393485546 -51.01000598073006 0
    endloop
  endfacet
  facet normal 0.5657965095821149 0.824544910689949 -4.506171534880284e-18
    outer loop
      vertex -46.86623840034008 -52.6500059813261 0
      vertex -49.256238393485546 -51.01000598073006 0
      vertex -49.256238393485546 -51.01000598073006 8.5
    endloop
  endfacet
  facet normal 0.9694041574696577 -0.24547011932319426 0
    outer loop
      vertex -55.33592703938484 -36.25712029635906 0
      vertex -54.731280505657196 -33.86926606297493 0
      vertex -54.731280505657196 -33.86926606297493 8.5
    endloop
  endfacet
  facet normal 0.9907926812377574 -0.13538782369805458 0
    outer loop
      vertex -54.731280505657196 -33.86926606297493 0
      vertex -54.51128049939871 -32.259266063570976 0
      vertex -54.51128049939871 -32.259266063570976 8.5
    endloop
  endfacet
  facet normal -0.9701976262832097 0.242315013885696 0
    outer loop
      vertex -37.86350691318512 -51.976199105381966 0
      vertex -37.86350691318512 -51.976199105381966 8.5
      vertex -37.266632094979286 -49.586390390992165 0
    endloop
  endfacet
  facet normal -0.8919525847188713 0.4521289490989541 0
    outer loop
      vertex -37.266632094979286 -49.586390390992165 0
      vertex -37.266632094979286 -49.586390390992165 8.5
      vertex -36.15293971449137 -47.38931630551815 0
    endloop
  endfacet
  facet normal -0.7943051224920272 0.6075190304697669 0
    outer loop
      vertex -36.15293971449137 -47.38931630551815 0
      vertex -36.15293971449137 -47.38931630551815 8.5
      vertex -35.19702089577913 -46.13949337601662 0
    endloop
  endfacet
  facet normal 0.6679984018386432 -0.7441627074377071 0
    outer loop
      vertex -62.472154535353184 -45.747204661369324 0
      vertex -60.042017579078674 -43.56578978151083 8.5
      vertex -62.472154535353184 -45.747204661369324 8.5
    endloop
  endfacet
  facet normal 0.4379111588102137 0.8990182517554889 0
    outer loop
      vertex -55.488032311201096 -49.14916568994522 0
      vertex -62.472154535353184 -45.747204661369324 8.5
      vertex -55.488032311201096 -49.14916568994522 8.5
    endloop
  endfacet
  facet normal 0.6987705582309296 -0.7153458652635346 0
    outer loop
      vertex -60.042017579078674 -43.56578978151083 0
      vertex -59.378691621124744 -42.917833775281906 8.5
      vertex -60.042017579078674 -43.56578978151083 8.5
    endloop
  endfacet
  facet normal 0.8004458677490669 -0.5994050490306562 0
    outer loop
      vertex -59.378691621124744 -42.917833775281906 0
      vertex -57.90222603082657 -40.94616072624922 8.5
      vertex -59.378691621124744 -42.917833775281906 8.5
    endloop
  endfacet
  facet normal 0.8625249060280142 -0.506014610936646 0
    outer loop
      vertex -57.90222603082657 -40.94616072624922 0
      vertex -56.14222603291273 -37.94616072624922 8.5
      vertex -57.90222603082657 -40.94616072624922 8.5
    endloop
  endfacet
  facet normal 0.9024465449781748 -0.4308018494121804 0
    outer loop
      vertex -56.14222603291273 -37.94616072624922 0
      vertex -55.33592703938484 -36.25712029635906 8.5
      vertex -56.14222603291273 -37.94616072624922 8.5
    endloop
  endfacet
  facet normal 0.6518115690090597 0.7583809586915721 0
    outer loop
      vertex -45.05834197998047 -54.203852750360966 0
      vertex -46.86623840034008 -52.6500059813261 8.5
      vertex -45.05834197998047 -54.203852750360966 8.5
    endloop
  endfacet
  facet normal 0.7301507285176718 0.6832861140438267 0
    outer loop
      vertex -39.6934262663126 -59.93673248589039 0
      vertex -45.05834197998047 -54.203852750360966 8.5
      vertex -39.6934262663126 -59.93673248589039 8.5
    endloop
  endfacet
  facet normal -0.8785137066684514 0.47771714140865623 0
    outer loop
      vertex -39.6206554248929 -59.80290814489126 0
      vertex -39.6934262663126 -59.93673248589039 8.5
      vertex -39.6206554248929 -59.80290814489126 8.5
    endloop
  endfacet
  facet normal -0.9253155757705901 0.3791979499368919 0
    outer loop
      vertex -37.92857729643583 -55.67391365021467 0
      vertex -39.6206554248929 -59.80290814489126 8.5
      vertex -37.92857729643583 -55.67391365021467 8.5
    endloop
  endfacet
  facet normal -0.9937122099234367 -0.11196447583532636 0
    outer loop
      vertex -38.07999999821186 -54.32999999821186 0
      vertex -37.92857729643583 -55.67391365021467 8.5
      vertex -38.07999999821186 -54.32999999821186 8.5
    endloop
  endfacet
  facet normal -0.9978045653402566 0.06622725561384522 0
    outer loop
      vertex -37.98350691050291 -52.87619910389185 0
      vertex -38.07999999821186 -54.32999999821186 8.5
      vertex -37.98350691050291 -52.87619910389185 8.5
    endloop
  endfacet
  facet normal 0 1 0
    outer loop
      vertex -54.24839075654745 -49.14916568994522 0
      vertex -55.488032311201096 -49.14916568994522 8.5
      vertex -54.24839075654745 -49.14916568994522 8.5
    endloop
  endfacet
  facet normal 0.22252093422137473 0.9749279121213252 0
    outer loop
      vertex -51.8469303175807 -49.6972833648324 0
      vertex -54.24839075654745 -49.14916568994522 8.5
      vertex -51.8469303175807 -49.6972833648324 8.5
    endloop
  endfacet
  facet normal 0.4338837383144568 0.9009688682891724 0
    outer loop
      vertex -49.627647154033184 -50.76603380590677 0
      vertex -51.8469303175807 -49.6972833648324 8.5
      vertex -49.627647154033184 -50.76603380590677 8.5
    endloop
  endfacet
  facet normal 0.5490263076512486 0.8358050690841954 0
    outer loop
      vertex -49.256238393485546 -51.01000598073006 0
      vertex -49.627647154033184 -50.76603380590677 8.5
      vertex -49.256238393485546 -51.01000598073006 8.5
    endloop
  endfacet
  facet normal 0.5657965095821149 0.824544910689949 0
    outer loop
      vertex -46.86623840034008 -52.6500059813261 0
      vertex -49.256238393485546 -51.01000598073006 8.5
      vertex -46.86623840034008 -52.6500059813261 8.5
    endloop
  endfacet
  facet normal 0.9694041574696577 -0.24547011932319426 0
    outer loop
      vertex -55.33592703938484 -36.25712029635906 0
      vertex -54.731280505657196 -33.86926606297493 8.5
      vertex -55.33592703938484 -36.25712029635906 8.5
    endloop
  endfacet
  facet normal 0.9907926812377574 -0.13538782369805458 0
    outer loop
      vertex -54.731280505657196 -33.86926606297493 0
      vertex -54.51128049939871 -32.259266063570976 8.5
      vertex -54.731280505657196 -33.86926606297493 8.5
    endloop
  endfacet
  facet normal -0.9912279010409667 0.13216371740352764 0
    outer loop
      vertex -37.86350691318512 -51.976199105381966 0
      vertex -37.98350691050291 -52.87619910389185 8.5
      vertex -37.86350691318512 -51.976199105381966 8.5
    endloop
  endfacet
  facet normal -0.9701976262832097 0.242315013885696 0
    outer loop
      vertex -37.266632094979286 -49.586390390992165 0
      vertex -37.86350691318512 -51.976199105381966 8.5
      vertex -37.266632094979286 -49.586390390992165 8.5
    endloop
  endfacet
  facet normal -0.8919525847188713 0.4521289490989541 0
    outer loop
      vertex -36.15293971449137 -47.38931630551815 0
      vertex -37.266632094979286 -49.586390390992165 8.5
      vertex -36.15293971449137 -47.38931630551815 8.5
    endloop
  endfacet
  facet normal -0.7943051224920272 0.6075190304697669 0
    outer loop
      vertex -35.19702089577913 -46.13949337601662 0
      vertex -36.15293971449137 -47.38931630551815 8.5
      vertex -35.19702089577913 -46.13949337601662 8.5
    endloop
  endfacet
  facet normal 0.8929215396781952 0.45021230989247873 0
    outer loop
      vertex -55.58786407858133 -25.817662574350834 0
      vertex -55.60347504168749 -25.786700814962387 0
      vertex -55.60347504168749 -25.786700814962387 8.5
    endloop
  endfacet
  facet normal 0.998271762655617 -0.058766383966070375 0
    outer loop
      vertex -54.51128049939871 -32.259266063570976 0
      vertex -54.41182263940573 -30.569763213396072 0
      vertex -54.41182263940573 -30.569763213396072 8.5
    endloop
  endfacet
  facet normal 0.9915094295006857 0.1300348076909594 0
    outer loop
      vertex -54.41182263940573 -30.569763213396072 0
      vertex -54.7321267798543 -28.12745887041092 0
      vertex -54.7321267798543 -28.12745887041092 8.5
    endloop
  endfacet
  facet normal 0.9377147499729286 0.3474061710494047 0
    outer loop
      vertex -55.58786407858133 -25.817662574350834 0
      vertex -55.58786407858133 -25.817662574350834 8.5
      vertex -54.7321267798543 -28.12745887041092 0
    endloop
  endfacet
  facet normal 0.6309135448467246 -0.7758531426300599 -1.7819024669673186e-18
    outer loop
      vertex -55.60347504168749 -25.786700814962387 0
      vertex -52.75995101034641 -23.47438456863165 0
      vertex -52.75995101034641 -23.47438456863165 8.5
    endloop
  endfacet
  facet normal 0.6805485104093812 -0.7327030264572217 -9.03196576302948e-18
    outer loop
      vertex -52.75995101034641 -23.47438456863165 0
      vertex -51.70036306977272 -22.4902191311121 0
      vertex -51.70036306977272 -22.4902191311121 8.5
    endloop
  endfacet
  facet normal 0.7272397209435981 -0.6863835577007055 2.6682031849391966e-18
    outer loop
      vertex -51.70036306977272 -22.4902191311121 0
      vertex -48.34036307036877 -18.930219136178493 0
      vertex -48.34036307036877 -18.930219136178493 8.5
    endloop
  endfacet
  facet normal 0.7760909076072617 -0.6306210455807328 0
    outer loop
      vertex -48.34036307036877 -18.930219136178493 0
      vertex -47.3125554472208 -17.66531978547573 0
      vertex -47.3125554472208 -17.66531978547573 8.5
    endloop
  endfacet
  facet normal 0.820676777994215 -0.57139270739224 -1.0975317263164517e-17
    outer loop
      vertex -47.3125554472208 -17.66531978547573 0
      vertex -45.27255544066429 -14.735319785773754 0
      vertex -45.27255544066429 -14.735319785773754 8.5
    endloop
  endfacet
  facet normal 0.8708438701105751 -0.49155971548819555 0
    outer loop
      vertex -45.27255544066429 -14.735319785773754 0
      vertex -44.857494145415245 -14 0
      vertex -45.27255544066429 -14.735319785773754 8.5
    endloop
  endfacet
  facet normal 0.8929215396781952 0.45021230989247873 0
    outer loop
      vertex -55.58786407858133 -25.817662574350834 0
      vertex -55.60347504168749 -25.786700814962387 8.5
      vertex -55.58786407858133 -25.817662574350834 8.5
    endloop
  endfacet
  facet normal 0.998271762655617 -0.058766383966070375 0
    outer loop
      vertex -54.51128049939871 -32.259266063570976 0
      vertex -54.41182263940573 -30.569763213396072 8.5
      vertex -54.51128049939871 -32.259266063570976 8.5
    endloop
  endfacet
  facet normal 0.9915094295006857 0.1300348076909594 0
    outer loop
      vertex -54.41182263940573 -30.569763213396072 0
      vertex -54.7321267798543 -28.12745887041092 8.5
      vertex -54.41182263940573 -30.569763213396072 8.5
    endloop
  endfacet
  facet normal 0.9377147499729286 0.3474061710494047 0
    outer loop
      vertex -54.7321267798543 -28.12745887041092 0
      vertex -55.58786407858133 -25.817662574350834 8.5
      vertex -54.7321267798543 -28.12745887041092 8.5
    endloop
  endfacet
  facet normal 0.6309135448467246 -0.7758531426300599 0
    outer loop
      vertex -55.60347504168749 -25.786700814962387 0
      vertex -52.75995101034641 -23.47438456863165 8.5
      vertex -55.60347504168749 -25.786700814962387 8.5
    endloop
  endfacet
  facet normal 0.6805485104093812 -0.7327030264572217 0
    outer loop
      vertex -52.75995101034641 -23.47438456863165 0
      vertex -51.70036306977272 -22.4902191311121 8.5
      vertex -52.75995101034641 -23.47438456863165 8.5
    endloop
  endfacet
  facet normal 0.7272397209435981 -0.6863835577007055 0
    outer loop
      vertex -51.70036306977272 -22.4902191311121 0
      vertex -48.34036307036877 -18.930219136178493 8.5
      vertex -51.70036306977272 -22.4902191311121 8.5
    endloop
  endfacet
  facet normal 0.7760909076072617 -0.6306210455807328 0
    outer loop
      vertex -48.34036307036877 -18.930219136178493 0
      vertex -47.3125554472208 -17.66531978547573 8.5
      vertex -48.34036307036877 -18.930219136178493 8.5
    endloop
  endfacet
  facet normal 0.820676777994215 -0.57139270739224 0
    outer loop
      vertex -47.3125554472208 -17.66531978547573 0
      vertex -45.27255544066429 -14.735319785773754 8.5
      vertex -47.3125554472208 -17.66531978547573 8.5
    endloop
  endfacet
  facet normal 0.8708438701105751 -0.49155971548819555 0
    outer loop
      vertex -44.857494145415245 -14 0
      vertex -44.857494145415245 -14 8.5
      vertex -45.27255544066429 -14.735319785773754 8.5
    endloop
  endfacet
  facet normal -0.7488200812477592 0.6627733292160294 0
    outer loop
      vertex -35.19702089577913 -46.13949337601662 0
      vertex -35.19702089577913 -46.13949337601662 8.5
      vertex -27.084229476749897 -36.97343182563782 0
    endloop
  endfacet
  facet normal -0.9682312724672322 -0.25005639967112325 0
    outer loop
      vertex -27.54560384899378 -35.76580763608217 0
      vertex -27.54560384899378 -35.76580763608217 8.5
      vertex -28.161547392606735 -33.380842477083206 0
    endloop
  endfacet
  facet normal -0.9963343536547858 -0.08554446637451182 0
    outer loop
      vertex -28.161547392606735 -33.380842477083206 0
      vertex -28.161547392606735 -33.380842477083206 8.5
      vertex -28.26479659974575 -32.17830143123865 0
    endloop
  endfacet
  facet normal -0.9341458039735028 -0.35689160387812136 0
    outer loop
      vertex -27.54560384899378 -35.76580763608217 0
      vertex -27.084229476749897 -36.97343182563782 0
      vertex -27.084229476749897 -36.97343182563782 8.5
    endloop
  endfacet
  facet normal -0.7488200812477592 0.6627733292160294 0
    outer loop
      vertex -27.084229476749897 -36.97343182563782 0
      vertex -35.19702089577913 -46.13949337601662 8.5
      vertex -27.084229476749897 -36.97343182563782 8.5
    endloop
  endfacet
  facet normal -0.9341458039735028 -0.35689160387812136 0
    outer loop
      vertex -27.54560384899378 -35.76580763608217 0
      vertex -27.084229476749897 -36.97343182563782 8.5
      vertex -27.54560384899378 -35.76580763608217 8.5
    endloop
  endfacet
  facet normal -0.9682312724672322 -0.25005639967112325 0
    outer loop
      vertex -28.161547392606735 -33.380842477083206 0
      vertex -27.54560384899378 -35.76580763608217 8.5
      vertex -28.161547392606735 -33.380842477083206 8.5
    endloop
  endfacet
  facet normal -0.9963343536547858 -0.08554446637451182 0
    outer loop
      vertex -28.26479659974575 -32.17830143123865 0
      vertex -28.161547392606735 -33.380842477083206 8.5
      vertex -28.26479659974575 -32.17830143123865 8.5
    endloop
  endfacet
  facet normal -0.9995269631010361 -0.030754674994546607 0
    outer loop
      vertex -28.26479659974575 -32.17830143123865 0
      vertex -28.26479659974575 -32.17830143123865 8.5
      vertex -28.30479659885168 -30.878301426768303 0
    endloop
  endfacet
  facet normal -0.9966855784066537 0.08135021694005531 0
    outer loop
      vertex -28.30479659885168 -30.878301426768303 0
      vertex -28.30479659885168 -30.878301426768303 8.5
      vertex -28.104413241147995 -28.42324709147215 0
    endloop
  endfacet
  facet normal -0.9535944634246354 0.30109400413472465 0
    outer loop
      vertex -28.104413241147995 -28.42324709147215 0
      vertex -28.104413241147995 -28.42324709147215 8.5
      vertex -27.362752929329872 -26.0743355974555 0
    endloop
  endfacet
  facet normal -0.8697015577325434 0.49357795785223957 0
    outer loop
      vertex -27.362752929329872 -26.0743355974555 0
      vertex -27.362752929329872 -26.0743355974555 8.5
      vertex -26.29857713729143 -24.199220776557922 0
    endloop
  endfacet
  facet normal -0.817143375611314 0.5764344747623505 0
    outer loop
      vertex -26.29857713729143 -24.199220776557922 0
      vertex -26.29857713729143 -24.199220776557922 8.5
      vertex -24.478577136993408 -21.61922077834606 0
    endloop
  endfacet
  facet normal -0.7474651652314053 0.6643010061452476 0
    outer loop
      vertex -24.478577136993408 -21.61922077834606 0
      vertex -24.478577136993408 -21.61922077834606 8.5
      vertex -22.842258624732494 -19.778050772845745 0
    endloop
  endfacet
  facet normal -0.5809037735928368 0.8139722389772283 0
    outer loop
      vertex -22.842258624732494 -19.778050772845745 0
      vertex -22.842258624732494 -19.778050772845745 8.5
      vertex -20.83726716786623 -18.34715786576271 0
    endloop
  endfacet
  facet normal -0.43411840851387046 0.9008558194236104 0
    outer loop
      vertex -20.83726716786623 -18.34715786576271 0
      vertex -20.83726716786623 -18.34715786576271 8.5
      vertex -19.67695588618517 -17.788009025156498 0
    endloop
  endfacet
  facet normal -0.38063235337654033 0.9247264522890196 0
    outer loop
      vertex -19.67695588618517 -17.788009025156498 0
      vertex -19.67695588618517 -17.788009025156498 8.5
      vertex -15.7169558852911 -16.15800902247429 0
    endloop
  endfacet
  facet normal -0.274702504273409 0.9615292684811616 0
    outer loop
      vertex -15.7169558852911 -16.15800902247429 0
      vertex -15.7169558852911 -16.15800902247429 8.5
      vertex -13.348499231040478 -15.481356739997864 0
    endloop
  endfacet
  facet normal -0.13557867273188984 0.9907665837624213 0
    outer loop
      vertex -13.348499231040478 -15.481356739997864 0
      vertex -13.348499231040478 -15.481356739997864 8.5
      vertex -12.692882061004639 -15.391640648245811 0
    endloop
  endfacet
  facet normal -0.10571655446480466 0.9943963043535963 0
    outer loop
      vertex -12.692882061004639 -15.391640648245811 0
      vertex -12.692882061004639 -15.391640648245811 8.5
      vertex -11.435180857777596 -15.257931545376778 0
    endloop
  endfacet
  facet normal -0.9832981940348687 -0.18200181759467612 0
    outer loop
      vertex -11.435180857777596 -15.257931545376778 0
      vertex -11.435180857777596 -15.257931545376778 8.5
      vertex -11.592424757778645 -14.408392541110516 0
    endloop
  endfacet
  facet normal -0.9991440696530779 0.04136578389303801 6.352103413612547e-20
    outer loop
      vertex -11.592424757778645 -14.408392541110516 0
      vertex -11.575516808152349 -14 8.5
      vertex -11.575516808152349 -14 0
    endloop
  endfacet
  facet normal -0.9995269631010361 -0.030754674994546607 0
    outer loop
      vertex -28.30479659885168 -30.878301426768303 0
      vertex -28.26479659974575 -32.17830143123865 8.5
      vertex -28.30479659885168 -30.878301426768303 8.5
    endloop
  endfacet
  facet normal -0.9966855784066537 0.08135021694005531 0
    outer loop
      vertex -28.104413241147995 -28.42324709147215 0
      vertex -28.30479659885168 -30.878301426768303 8.5
      vertex -28.104413241147995 -28.42324709147215 8.5
    endloop
  endfacet
  facet normal -0.9535944634246354 0.30109400413472465 0
    outer loop
      vertex -27.362752929329872 -26.0743355974555 0
      vertex -28.104413241147995 -28.42324709147215 8.5
      vertex -27.362752929329872 -26.0743355974555 8.5
    endloop
  endfacet
  facet normal -0.8697015577325434 0.49357795785223957 0
    outer loop
      vertex -26.29857713729143 -24.199220776557922 0
      vertex -27.362752929329872 -26.0743355974555 8.5
      vertex -26.29857713729143 -24.199220776557922 8.5
    endloop
  endfacet
  facet normal -0.817143375611314 0.5764344747623505 0
    outer loop
      vertex -24.478577136993408 -21.61922077834606 0
      vertex -26.29857713729143 -24.199220776557922 8.5
      vertex -24.478577136993408 -21.61922077834606 8.5
    endloop
  endfacet
  facet normal -0.7474651652314053 0.6643010061452476 0
    outer loop
      vertex -22.842258624732494 -19.778050772845745 0
      vertex -24.478577136993408 -21.61922077834606 8.5
      vertex -22.842258624732494 -19.778050772845745 8.5
    endloop
  endfacet
  facet normal -0.5809037735928368 0.8139722389772283 0
    outer loop
      vertex -20.83726716786623 -18.34715786576271 0
      vertex -22.842258624732494 -19.778050772845745 8.5
      vertex -20.83726716786623 -18.34715786576271 8.5
    endloop
  endfacet
  facet normal -0.43411840851387046 0.9008558194236104 0
    outer loop
      vertex -19.67695588618517 -17.788009025156498 0
      vertex -20.83726716786623 -18.34715786576271 8.5
      vertex -19.67695588618517 -17.788009025156498 8.5
    endloop
  endfacet
  facet normal -0.38063235337654033 0.9247264522890196 0
    outer loop
      vertex -15.7169558852911 -16.15800902247429 0
      vertex -19.67695588618517 -17.788009025156498 8.5
      vertex -15.7169558852911 -16.15800902247429 8.5
    endloop
  endfacet
  facet normal -0.274702504273409 0.9615292684811616 0
    outer loop
      vertex -13.348499231040478 -15.481356739997864 0
      vertex -15.7169558852911 -16.15800902247429 8.5
      vertex -13.348499231040478 -15.481356739997864 8.5
    endloop
  endfacet
  facet normal -0.13557867273188984 0.9907665837624213 0
    outer loop
      vertex -12.692882061004639 -15.391640648245811 0
      vertex -13.348499231040478 -15.481356739997864 8.5
      vertex -12.692882061004639 -15.391640648245811 8.5
    endloop
  endfacet
  facet normal -0.10571655446480466 0.9943963043535963 0
    outer loop
      vertex -11.435180857777596 -15.257931545376778 0
      vertex -12.692882061004639 -15.391640648245811 8.5
      vertex -11.435180857777596 -15.257931545376778 8.5
    endloop
  endfacet
  facet normal -0.9832981940348687 -0.18200181759467612 0
    outer loop
      vertex -11.592424757778645 -14.408392541110516 0
      vertex -11.435180857777596 -15.257931545376778 8.5
      vertex -11.592424757778645 -14.408392541110516 8.5
    endloop
  endfacet
  facet normal -0.9991440696530779 0.04136578389303801 0
    outer loop
      vertex -11.592424757778645 -14.408392541110516 0
      vertex -11.592424757778645 -14.408392541110516 8.5
      vertex -11.575516808152349 -14 8.5
    endloop
  endfacet
  facet normal 0.9999998964120312 -0.000455165823419474 0
    outer loop
      vertex -36.96331246943423 62 0
      vertex -36.9600011408329 69.27499317377806 0
      vertex -36.96331246943423 62 8.5
    endloop
  endfacet
  facet normal 0.99715606527251 0.07536432505002548 0
    outer loop
      vertex -36.9600011408329 69.27499317377806 0
      vertex -37.08570884913206 70.93824967741966 0
      vertex -37.08570884913206 70.93824967741966 8.5
    endloop
  endfacet
  facet normal 0.9885719226888048 0.15074997071760846 1.853302613964465e-18
    outer loop
      vertex -37.08570884913206 70.93824967741966 0
      vertex -38.148143440485 77.9053688198328 0
      vertex -38.148143440485 77.9053688198328 8.5
    endloop
  endfacet
  facet normal 0.9999998964120312 -0.000455165823419474 0
    outer loop
      vertex -36.9600011408329 69.27499317377806 0
      vertex -36.9600011408329 69.27499317377806 8.5
      vertex -36.96331246943423 62 8.5
    endloop
  endfacet
  facet normal 0.99715606527251 0.07536432505002548 0
    outer loop
      vertex -36.9600011408329 69.27499317377806 0
      vertex -37.08570884913206 70.93824967741966 8.5
      vertex -36.9600011408329 69.27499317377806 8.5
    endloop
  endfacet
  facet normal 0.9885719226888048 0.15074997071760846 0
    outer loop
      vertex -37.08570884913206 70.93824967741966 0
      vertex -38.148143440485 77.9053688198328 8.5
      vertex -37.08570884913206 70.93824967741966 8.5
    endloop
  endfacet
  facet normal -0.15050195378035983 -0.9886097116194511 0
    outer loop
      vertex -38.148143440485 77.9053688198328 0
      vertex -29.345521494746208 76.56529317051172 8.5
      vertex -38.148143440485 77.9053688198328 8.5
    endloop
  endfacet
  facet normal -0.15050195378035983 -0.9886097116194511 -4.400736658745731e-18
    outer loop
      vertex -38.148143440485 77.9053688198328 0
      vertex -29.345521494746208 76.56529317051172 0
      vertex -29.345521494746208 76.56529317051172 8.5
    endloop
  endfacet
  facet normal -0.07362715208068395 -0.9972858379002922 0
    outer loop
      vertex -29.345521494746208 76.56529317051172 0
      vertex -27.649428576231003 76.44007481634617 0
      vertex -27.649428576231003 76.44007481634617 8.5
    endloop
  endfacet
  facet normal 0.0036883108125347975 -0.9999931981585425 0
    outer loop
      vertex -27.649428576231003 76.44007481634617 0
      vertex -5.959428578615189 76.52007482200861 0
      vertex -5.959428578615189 76.52007482200861 8.5
    endloop
  endfacet
  facet normal 0.10815037682761483 -0.9941345462220116 2.8411433295387014e-18
    outer loop
      vertex -5.959428578615189 76.52007482200861 0
      vertex -3.674285851418972 76.76867200434208 0
      vertex -3.674285851418972 76.76867200434208 8.5
    endloop
  endfacet
  facet normal 0.319532487925232 -0.947575321101342 -2.6512969652602608e-18
    outer loop
      vertex -3.674285851418972 76.76867200434208 0
      vertex -1.340200811624527 77.55575033277273 0
      vertex -1.340200811624527 77.55575033277273 8.5
    endloop
  endfacet
  facet normal 0.5223764849075784 -0.8527149629363862 1.0605187892116598e-17
    outer loop
      vertex -1.340200811624527 77.55575033277273 0
      vertex 0.7602224349975586 78.84247773885727 0
      vertex 0.7602224349975586 78.84247773885727 8.5
    endloop
  endfacet
  facet normal 0.6990263480054135 -0.7150959130034338 0
    outer loop
      vertex 0.7602224349975586 78.84247773885727 0
      vertex 1.6954855918884277 79.75672375410795 0
      vertex 1.6954855918884277 79.75672375410795 8.5
    endloop
  endfacet
  facet normal -0.07362715208068395 -0.9972858379002922 0
    outer loop
      vertex -29.345521494746208 76.56529317051172 0
      vertex -27.649428576231003 76.44007481634617 8.5
      vertex -29.345521494746208 76.56529317051172 8.5
    endloop
  endfacet
  facet normal 0.0036883108125347975 -0.9999931981585425 0
    outer loop
      vertex -27.649428576231003 76.44007481634617 0
      vertex -5.959428578615189 76.52007482200861 8.5
      vertex -27.649428576231003 76.44007481634617 8.5
    endloop
  endfacet
  facet normal 0.10815037682761483 -0.9941345462220116 0
    outer loop
      vertex -5.959428578615189 76.52007482200861 0
      vertex -3.674285851418972 76.76867200434208 8.5
      vertex -5.959428578615189 76.52007482200861 8.5
    endloop
  endfacet
  facet normal 0.319532487925232 -0.947575321101342 0
    outer loop
      vertex -3.674285851418972 76.76867200434208 0
      vertex -1.340200811624527 77.55575033277273 8.5
      vertex -3.674285851418972 76.76867200434208 8.5
    endloop
  endfacet
  facet normal 0.5223764849075784 -0.8527149629363862 0
    outer loop
      vertex -1.340200811624527 77.55575033277273 0
      vertex 0.7602224349975586 78.84247773885727 8.5
      vertex -1.340200811624527 77.55575033277273 8.5
    endloop
  endfacet
  facet normal 0.6990263480054135 -0.7150959130034338 0
    outer loop
      vertex 0.7602224349975586 78.84247773885727 0
      vertex 1.6954855918884277 79.75672375410795 8.5
      vertex 0.7602224349975586 78.84247773885727 8.5
    endloop
  endfacet
  facet normal -0.0019430013793116428 -0.9999981123710384 0
    outer loop
      vertex 1.6954855918884277 79.75672375410795 0
      vertex 12.290106989443302 79.73613835126162 8.5
      vertex 1.6954855918884277 79.75672375410795 8.5
    endloop
  endfacet
  facet normal 0.18022554125255238 0.9836253119355075 0
    outer loop
      vertex 14.900000000000002 -2.1996798984183465 0
      vertex 14.900000000000002 -2.1996798984183465 4.5
      vertex 15.000000000000004 -2.218002479086581 4.5
    endloop
  endfacet
  facet normal 0.1802255412525523 0.9836253119355075 -1.1689174273553569e-18
    outer loop
      vertex 14.900000000000002 -2.1996798984183465 0
      vertex 18.1224809512496 -2.7901215702295303 8.5
      vertex 18.1224809512496 -2.7901215702295303 0
    endloop
  endfacet
  facet normal 0.49498272885409494 0.8689028128255505 0
    outer loop
      vertex 20.480425469577312 -3.5025420263409615 0
      vertex 20.480425469577312 -3.5025420263409615 8.5
      vertex 22.62072293460369 -4.721792630851269 0
    endloop
  endfacet
  facet normal 0.2892234136808792 0.9572616241021986 0
    outer loop
      vertex 18.1224809512496 -2.7901215702295303 0
      vertex 18.1224809512496 -2.7901215702295303 8.5
      vertex 20.480425469577312 -3.5025420263409615 0
    endloop
  endfacet
  facet normal 0.6759215414193783 0.7369735882955722 0
    outer loop
      vertex 22.62072293460369 -4.721792630851269 0
      vertex 22.62072293460369 -4.721792630851269 8.5
      vertex 23.557300850749016 -5.58078296482563 0
    endloop
  endfacet
  facet normal 0.09164173205203764 0.9957920430222882 0
    outer loop
      vertex 23.557300850749016 -5.58078296482563 0
      vertex 23.557300850749016 -5.58078296482563 8.5
      vertex 30.899424389004707 -6.256471149623394 0
    endloop
  endfacet
  facet normal -0.04650833403429033 0.9989179019645983 0
    outer loop
      vertex 30.899424389004707 -6.256471149623394 0
      vertex 30.899424389004707 -6.256471149623394 8.5
      vertex 31.101461194455624 -6.24706457555294 0
    endloop
  endfacet
  facet normal -0.9526326016393318 0.3041235378820227 0
    outer loop
      vertex 31.101461194455624 -6.24706457555294 0
      vertex 31.101461194455624 -6.24706457555294 8.5
      vertex 31.211492128670216 -5.902405112981796 0
    endloop
  endfacet
  facet normal -0.8610742709149332 0.5084792030833872 0
    outer loop
      vertex 31.211492128670216 -5.902405112981796 0
      vertex 31.211492128670216 -5.902405112981796 8.5
      vertex 32.46398749947548 -3.781391054391861 0
    endloop
  endfacet
  facet normal -0.7547602196822305 0.6560007704151201 0
    outer loop
      vertex 32.46398749947548 -3.781391054391861 0
      vertex 32.46398749947548 -3.781391054391861 8.5
      vertex 33.471825405955315 -2.6218254044651985 0
    endloop
  endfacet
  facet normal -0.7071067811865475 0.7071067811865475 0
    outer loop
      vertex 33.471825405955315 -2.6218254044651985 0
      vertex 33.471825405955315 -2.6218254044651985 8.5
      vertex 34.20182540267706 -1.891825407743454 0
    endloop
  endfacet
  facet normal -0.623489801814807 0.7818314825030601 0
    outer loop
      vertex 34.20182540267706 -1.891825407743454 0
      vertex 34.20182540267706 -1.891825407743454 8.5
      vertex 36.127647154033184 -0.3560338094830513 0
    endloop
  endfacet
  facet normal -0.4338837383144568 0.9009688682891724 0
    outer loop
      vertex 36.127647154033184 -0.3560338094830513 0
      vertex 36.127647154033184 -0.3560338094830513 8.5
      vertex 38.3469303175807 0.71271663159132 0
    endloop
  endfacet
  facet normal -0.3135490024675129 0.9495720209924194 0
    outer loop
      vertex 38.3469303175807 0.71271663159132 0
      vertex 38.3469303175807 0.71271663159132 8.5
      vertex 38.716068752110004 0.8346062675118446 0
    endloop
  endfacet
  facet normal -0.296721022329641 0.9549642060871458 0
    outer loop
      vertex 38.716068752110004 0.8346062675118446 0
      vertex 38.716068752110004 0.8346062675118446 8.5
      vertex 41.51606875658035 1.7046062722802162 0
    endloop
  endfacet
  facet normal -0.18793323385755353 0.9821818057833499 0
    outer loop
      vertex 41.51606875658035 1.7046062722802162 0
      vertex 41.51606875658035 1.7046062722802162 8.5
      vertex 43.93539712578058 2.167526885867119 0
    endloop
  endfacet
  facet normal -0.07359796422118413 0.9972879923384705 0
    outer loop
      vertex 43.93539712578058 2.167526885867119 0
      vertex 43.93539712578058 2.167526885867119 8.5
      vertex 44.00545669347048 2.1726971492171288 0
    endloop
  endfacet
  facet normal -0.07041302827136936 0.9975179223701475 0
    outer loop
      vertex 44.00545669347048 2.1726971492171288 0
      vertex 44.00545669347048 2.1726971492171288 8.5
      vertex 47.40545669198036 2.4126971438527107 0
    endloop
  endfacet
  facet normal 0.1802255412525523 0.9836253119355075 3.0386345888486244e-18
    outer loop
      vertex 14.900000000000002 -2.1996798984183465 0
      vertex 15.000000000000004 -2.218002479086581 4.5
      vertex 18.1224809512496 -2.7901215702295303 8.5
    endloop
  endfacet
  facet normal 0.2892234136808792 0.9572616241021986 0
    outer loop
      vertex 20.480425469577312 -3.5025420263409615 0
      vertex 18.1224809512496 -2.7901215702295303 8.5
      vertex 20.480425469577312 -3.5025420263409615 8.5
    endloop
  endfacet
  facet normal 0.49498272885409494 0.8689028128255505 0
    outer loop
      vertex 22.62072293460369 -4.721792630851269 0
      vertex 20.480425469577312 -3.5025420263409615 8.5
      vertex 22.62072293460369 -4.721792630851269 8.5
    endloop
  endfacet
  facet normal 0.6759215414193783 0.7369735882955722 0
    outer loop
      vertex 23.557300850749016 -5.58078296482563 0
      vertex 22.62072293460369 -4.721792630851269 8.5
      vertex 23.557300850749016 -5.58078296482563 8.5
    endloop
  endfacet
  facet normal 0.09164173205203764 0.9957920430222882 0
    outer loop
      vertex 30.899424389004707 -6.256471149623394 0
      vertex 23.557300850749016 -5.58078296482563 8.5
      vertex 30.899424389004707 -6.256471149623394 8.5
    endloop
  endfacet
  facet normal -0.04650833403429033 0.9989179019645983 0
    outer loop
      vertex 31.101461194455624 -6.24706457555294 0
      vertex 30.899424389004707 -6.256471149623394 8.5
      vertex 31.101461194455624 -6.24706457555294 8.5
    endloop
  endfacet
  facet normal -0.9526326016393318 0.3041235378820227 0
    outer loop
      vertex 31.211492128670216 -5.902405112981796 0
      vertex 31.101461194455624 -6.24706457555294 8.5
      vertex 31.211492128670216 -5.902405112981796 8.5
    endloop
  endfacet
  facet normal -0.8610742709149332 0.5084792030833872 0
    outer loop
      vertex 32.46398749947548 -3.781391054391861 0
      vertex 31.211492128670216 -5.902405112981796 8.5
      vertex 32.46398749947548 -3.781391054391861 8.5
    endloop
  endfacet
  facet normal -0.7547602196822305 0.6560007704151201 0
    outer loop
      vertex 33.471825405955315 -2.6218254044651985 0
      vertex 32.46398749947548 -3.781391054391861 8.5
      vertex 33.471825405955315 -2.6218254044651985 8.5
    endloop
  endfacet
  facet normal -0.7071067811865475 0.7071067811865475 0
    outer loop
      vertex 34.20182540267706 -1.891825407743454 0
      vertex 33.471825405955315 -2.6218254044651985 8.5
      vertex 34.20182540267706 -1.891825407743454 8.5
    endloop
  endfacet
  facet normal -0.623489801814807 0.7818314825030601 0
    outer loop
      vertex 36.127647154033184 -0.3560338094830513 0
      vertex 34.20182540267706 -1.891825407743454 8.5
      vertex 36.127647154033184 -0.3560338094830513 8.5
    endloop
  endfacet
  facet normal -0.4338837383144568 0.9009688682891724 0
    outer loop
      vertex 38.3469303175807 0.71271663159132 0
      vertex 36.127647154033184 -0.3560338094830513 8.5
      vertex 38.3469303175807 0.71271663159132 8.5
    endloop
  endfacet
  facet normal -0.3135490024675129 0.9495720209924194 0
    outer loop
      vertex 38.716068752110004 0.8346062675118446 0
      vertex 38.3469303175807 0.71271663159132 8.5
      vertex 38.716068752110004 0.8346062675118446 8.5
    endloop
  endfacet
  facet normal -0.296721022329641 0.9549642060871458 0
    outer loop
      vertex 41.51606875658035 1.7046062722802162 0
      vertex 38.716068752110004 0.8346062675118446 8.5
      vertex 41.51606875658035 1.7046062722802162 8.5
    endloop
  endfacet
  facet normal -0.18793323385755353 0.9821818057833499 0
    outer loop
      vertex 43.93539712578058 2.167526885867119 0
      vertex 41.51606875658035 1.7046062722802162 8.5
      vertex 43.93539712578058 2.167526885867119 8.5
    endloop
  endfacet
  facet normal -0.07359796422118413 0.9972879923384705 0
    outer loop
      vertex 44.00545669347048 2.1726971492171288 0
      vertex 43.93539712578058 2.167526885867119 8.5
      vertex 44.00545669347048 2.1726971492171288 8.5
    endloop
  endfacet
  facet normal -0.07041302827136936 0.9975179223701475 0
    outer loop
      vertex 47.40545669198036 2.4126971438527107 0
      vertex 44.00545669347048 2.1726971492171288 8.5
      vertex 47.40545669198036 2.4126971438527107 8.5
    endloop
  endfacet
  facet normal -0.0077696488881312635 0.9999698158225353 0
    outer loop
      vertex 47.40545669198036 2.4126971438527107 0
      vertex 47.40545669198036 2.4126971438527107 8.5
      vertex 48.783946976065636 2.4234078526496887 0
    endloop
  endfacet
  facet normal 0.05490427078560162 0.998491622924049 0
    outer loop
      vertex 48.783946976065636 2.4234078526496887 0
      vertex 48.783946976065636 2.4234078526496887 8.5
      vertex 64.42394697666168 1.5634078532457352 0
    endloop
  endfacet
  facet normal 0.10889168230817067 0.9940536210507441 0
    outer loop
      vertex 64.42394697666168 1.5634078532457352 0
      vertex 64.42394697666168 1.5634078532457352 8.5
      vertex 65.60815517604351 1.4336860552430153 0
    endloop
  endfacet
  facet normal 0.16255956187043386 0.9866987325645515 0
    outer loop
      vertex 65.60815517604351 1.4336860552430153 0
      vertex 65.60815517604351 1.4336860552430153 8.5
      vertex 73.95829417556524 0.05799265205860138 0
    endloop
  endfacet
  facet normal -0.9877399411243256 -0.15610832363366742 0
    outer loop
      vertex 73.95829417556524 0.05799265205860138 0
      vertex 73.95829417556524 0.05799265205860138 8.5
      vertex 72.81486064940691 7.292808435857296 0
    endloop
  endfacet
  facet normal -0.9965153850388181 -0.08340915645740729 0
    outer loop
      vertex 72.81486064940691 7.292808435857296 0
      vertex 72.81486064940691 7.292808435857296 8.5
      vertex 72.68057929724455 8.897109918296337 0
    endloop
  endfacet
  facet normal -0.0077696488881312635 0.9999698158225353 0
    outer loop
      vertex 48.783946976065636 2.4234078526496887 0
      vertex 47.40545669198036 2.4126971438527107 8.5
      vertex 48.783946976065636 2.4234078526496887 8.5
    endloop
  endfacet
  facet normal 0.05490427078560162 0.998491622924049 0
    outer loop
      vertex 64.42394697666168 1.5634078532457352 0
      vertex 48.783946976065636 2.4234078526496887 8.5
      vertex 64.42394697666168 1.5634078532457352 8.5
    endloop
  endfacet
  facet normal 0.10889168230817067 0.9940536210507441 0
    outer loop
      vertex 65.60815517604351 1.4336860552430153 0
      vertex 64.42394697666168 1.5634078532457352 8.5
      vertex 65.60815517604351 1.4336860552430153 8.5
    endloop
  endfacet
  facet normal 0.16255956187043386 0.9866987325645515 0
    outer loop
      vertex 73.95829417556524 0.05799265205860138 0
      vertex 65.60815517604351 1.4336860552430153 8.5
      vertex 73.95829417556524 0.05799265205860138 8.5
    endloop
  endfacet
  facet normal -0.9877399411243256 -0.15610832363366742 0
    outer loop
      vertex 72.81486064940691 7.292808435857296 0
      vertex 73.95829417556524 0.05799265205860138 8.5
      vertex 72.81486064940691 7.292808435857296 8.5
    endloop
  endfacet
  facet normal -0.9965153850388181 -0.08340915645740729 0
    outer loop
      vertex 72.68057929724455 8.897109918296337 0
      vertex 72.81486064940691 7.292808435857296 8.5
      vertex 72.68057929724455 8.897109918296337 8.5
    endloop
  endfacet
  facet normal 0.1802255412525523 0.9836253119355076 -2.1077781321140934e-18
    outer loop
      vertex 18.1224809512496 -2.7901215702295303 8.5
      vertex 15.000000000000004 -2.218002479086581 4.5
      vertex 15.000000000000004 -2.218002479086581 8.5
    endloop
  endfacet
  facet normal -0.0019430013793116428 -0.9999981123710384 0
    outer loop
      vertex 1.6954855918884277 79.75672375410795 0
      vertex 12.290106989443302 79.73613835126162 0
      vertex 12.290106989443302 79.73613835126162 8.5
    endloop
  endfacet
  facet normal -0.7149193885618946 -0.6992068848762052 0
    outer loop
      vertex 12.290106989443302 79.73613835126162 0
      vertex 12.876484215259552 79.13658411800861 0
      vertex 12.876484215259552 79.13658411800861 8.5
    endloop
  endfacet
  facet normal -0.5414067036594307 -0.8407608347399572 -1.060518787404823e-17
    outer loop
      vertex 12.876484215259552 79.13658411800861 0
      vertex 14.94746183604002 77.80298112332821 0
      vertex 14.94746183604002 77.80298112332821 8.5
    endloop
  endfacet
  facet normal -0.34074562163532285 -0.9401555303971558 0
    outer loop
      vertex 14.94746183604002 77.80298112332821 0
      vertex 17.263270311057568 76.96365021169186 0
      vertex 17.263270311057568 76.96365021169186 8.5
    endloop
  endfacet
  facet normal -0.12299812986070911 -0.9924069024602602 0
    outer loop
      vertex 17.263270311057568 76.96365021169186 0
      vertex 19.707785330712795 76.66067894548178 0
      vertex 19.707785330712795 76.66067894548178 8.5
    endloop
  endfacet
  facet normal -0.011110424641403709 -0.9999382773272997 0
    outer loop
      vertex 19.707785330712795 76.66067894548178 0
      vertex 24.207785330712795 76.61067894846201 0
      vertex 24.207785330712795 76.61067894846201 8.5
    endloop
  endfacet
  facet normal 0.03398084534136576 -0.9994224843127585 0
    outer loop
      vertex 24.207785330712795 76.61067894846201 0
      vertex 25.19903314113617 76.64438185095787 0
      vertex 25.19903314113617 76.64438185095787 8.5
    endloop
  endfacet
  facet normal -0.84713630203115 -0.5313756541101485 2.651296967172754e-18
    outer loop
      vertex 32.04564628750086 70.1649616509676 0
      vertex 33.35454061627388 68.0782798603177 0
      vertex 33.35454061627388 68.0782798603177 8.5
    endloop
  endfacet
  facet normal -0.7076546173244193 -0.7065585202794101 0
    outer loop
      vertex 33.35454061627388 68.0782798603177 0
      vertex 35.09494861960411 66.33517193049192 0
      vertex 35.09494861960411 66.33517193049192 8.5
    endloop
  endfacet
  facet normal -0.6240955803231968 -0.7813480060901495 0
    outer loop
      vertex 36.68494861572981 65.06517192721367 0
      vertex 36.68494861572981 65.06517192721367 8.5
      vertex 35.09494861960411 66.33517193049192 0
    endloop
  endfacet
  facet normal -0.5672912497285862 -0.8235172359953243 4.198648393992265e-18
    outer loop
      vertex 36.68494861572981 65.06517192721367 0
      vertex 37.9658759534359 64.18278739601374 0
      vertex 37.9658759534359 64.18278739601374 8.5
    endloop
  endfacet
  facet normal -0.407991008301978 -0.9129859457542242 -7.953890897338613e-18
    outer loop
      vertex 37.9658759534359 64.18278739601374 0
      vertex 40.214759804308414 63.17781640589237 0
      vertex 40.214759804308414 63.17781640589237 8.5
    endloop
  endfacet
  facet normal -0.3032036539468108 -0.9529257810728506 0
    outer loop
      vertex 40.214759804308414 63.17781640589237 0
      vertex 41.97475980967283 62.61781641095877 0
      vertex 41.97475980967283 62.61781641095877 8.5
    endloop
  endfacet
  facet normal -0.26188321032249207 -0.9650995721433023 0
    outer loop
      vertex 41.97475980967283 62.61781641095877 0
      vertex 42.88915503770113 62.369692005217075 0
      vertex 42.88915503770113 62.369692005217075 8.5
    endloop
  endfacet
  facet normal -0.10947362483338764 -0.9939897008851947 2.6512969663198862e-18
    outer loop
      vertex 42.88915503770113 62.369692005217075 0
      vertex 45.33756883442402 62.100034549832344 0
      vertex 45.33756883442402 62.100034549832344 8.5
    endloop
  endfacet
  facet normal -0.9937986905200582 -0.11119425668899295 0
    outer loop
      vertex 31.233899049460888 72.49058235436678 0
      vertex 31.233899049460888 72.49058235436678 8.5
      vertex 30.960003301501274 74.93852565437555 0
    endloop
  endfacet
  facet normal 0.07900301257706692 -0.9968743772430646 0
    outer loop
      vertex 25.19903314113617 76.64438185095787 0
      vertex 31.175497621297836 77.11802096664906 0
      vertex 31.175497621297836 77.11802096664906 8.5
    endloop
  endfacet
  facet normal -0.9962509133494003 0.08651079499395088 0
    outer loop
      vertex 30.960003301501274 74.93852565437555 0
      vertex 30.960003301501274 74.93852565437555 8.5
      vertex 31.123184241354465 76.81770339608192 0
    endloop
  endfacet
  facet normal -0.985165071310954 0.17160938863851 0
    outer loop
      vertex 31.123184241354465 76.81770339608192 0
      vertex 31.123184241354465 76.81770339608192 8.5
      vertex 31.175497621297836 77.11802096664906 0
    endloop
  endfacet
  facet normal -0.9441390323409498 -0.3295473981239954 0
    outer loop
      vertex 32.04564628750086 70.1649616509676 0
      vertex 32.04564628750086 70.1649616509676 8.5
      vertex 31.233899049460888 72.49058235436678 0
    endloop
  endfacet
  facet normal -0.5414067036594307 -0.8407608347399572 0
    outer loop
      vertex 12.876484215259552 79.13658411800861 0
      vertex 14.94746183604002 77.80298112332821 8.5
      vertex 12.876484215259552 79.13658411800861 8.5
    endloop
  endfacet
  facet normal -0.7149193885618946 -0.6992068848762052 0
    outer loop
      vertex 12.290106989443302 79.73613835126162 0
      vertex 12.876484215259552 79.13658411800861 8.5
      vertex 12.290106989443302 79.73613835126162 8.5
    endloop
  endfacet
  facet normal -0.34074562163532285 -0.9401555303971558 0
    outer loop
      vertex 14.94746183604002 77.80298112332821 0
      vertex 17.263270311057568 76.96365021169186 8.5
      vertex 14.94746183604002 77.80298112332821 8.5
    endloop
  endfacet
  facet normal -0.12299812986070911 -0.9924069024602602 0
    outer loop
      vertex 17.263270311057568 76.96365021169186 0
      vertex 19.707785330712795 76.66067894548178 8.5
      vertex 17.263270311057568 76.96365021169186 8.5
    endloop
  endfacet
  facet normal -0.011110424641403709 -0.9999382773272997 0
    outer loop
      vertex 19.707785330712795 76.66067894548178 0
      vertex 24.207785330712795 76.61067894846201 8.5
      vertex 19.707785330712795 76.66067894548178 8.5
    endloop
  endfacet
  facet normal 0.03398084534136576 -0.9994224843127585 0
    outer loop
      vertex 24.207785330712795 76.61067894846201 0
      vertex 25.19903314113617 76.64438185095787 8.5
      vertex 24.207785330712795 76.61067894846201 8.5
    endloop
  endfacet
  facet normal -0.7076546173244193 -0.7065585202794101 0
    outer loop
      vertex 33.35454061627388 68.0782798603177 0
      vertex 35.09494861960411 66.33517193049192 8.5
      vertex 33.35454061627388 68.0782798603177 8.5
    endloop
  endfacet
  facet normal -0.84713630203115 -0.5313756541101485 0
    outer loop
      vertex 32.04564628750086 70.1649616509676 0
      vertex 33.35454061627388 68.0782798603177 8.5
      vertex 32.04564628750086 70.1649616509676 8.5
    endloop
  endfacet
  facet normal -0.6240955803231968 -0.7813480060901495 0
    outer loop
      vertex 35.09494861960411 66.33517193049192 0
      vertex 36.68494861572981 65.06517192721367 8.5
      vertex 35.09494861960411 66.33517193049192 8.5
    endloop
  endfacet
  facet normal -0.5672912497285862 -0.8235172359953243 0
    outer loop
      vertex 36.68494861572981 65.06517192721367 0
      vertex 37.9658759534359 64.18278739601374 8.5
      vertex 36.68494861572981 65.06517192721367 8.5
    endloop
  endfacet
  facet normal -0.407991008301978 -0.9129859457542242 0
    outer loop
      vertex 37.9658759534359 64.18278739601374 0
      vertex 40.214759804308414 63.17781640589237 8.5
      vertex 37.9658759534359 64.18278739601374 8.5
    endloop
  endfacet
  facet normal -0.3032036539468108 -0.9529257810728506 0
    outer loop
      vertex 40.214759804308414 63.17781640589237 0
      vertex 41.97475980967283 62.61781641095877 8.5
      vertex 40.214759804308414 63.17781640589237 8.5
    endloop
  endfacet
  facet normal -0.26188321032249207 -0.9650995721433023 0
    outer loop
      vertex 41.97475980967283 62.61781641095877 0
      vertex 42.88915503770113 62.369692005217075 8.5
      vertex 41.97475980967283 62.61781641095877 8.5
    endloop
  endfacet
  facet normal -0.10947362483338764 -0.9939897008851947 0
    outer loop
      vertex 42.88915503770113 62.369692005217075 0
      vertex 45.33756883442402 62.100034549832344 8.5
      vertex 42.88915503770113 62.369692005217075 8.5
    endloop
  endfacet
  facet normal 0.0025062572733362595 -0.999996859332308 0
    outer loop
      vertex 45.33756883442402 62.100034549832344 0
      vertex 49.3275688290596 62.11003454774618 8.5
      vertex 45.33756883442402 62.100034549832344 8.5
    endloop
  endfacet
  facet normal -0.9441390323409498 -0.3295473981239954 0
    outer loop
      vertex 31.233899049460888 72.49058235436678 0
      vertex 32.04564628750086 70.1649616509676 8.5
      vertex 31.233899049460888 72.49058235436678 8.5
    endloop
  endfacet
  facet normal -0.9937986905200582 -0.11119425668899295 0
    outer loop
      vertex 30.960003301501274 74.93852565437555 0
      vertex 31.233899049460888 72.49058235436678 8.5
      vertex 30.960003301501274 74.93852565437555 8.5
    endloop
  endfacet
  facet normal 0.07900301257706692 -0.9968743772430646 0
    outer loop
      vertex 25.19903314113617 76.64438185095787 0
      vertex 31.175497621297836 77.11802096664906 8.5
      vertex 25.19903314113617 76.64438185095787 8.5
    endloop
  endfacet
  facet normal -0.9962509133494003 0.08651079499395088 0
    outer loop
      vertex 31.123184241354465 76.81770339608192 0
      vertex 30.960003301501274 74.93852565437555 8.5
      vertex 31.123184241354465 76.81770339608192 8.5
    endloop
  endfacet
  facet normal -0.985165071310954 0.17160938863851 0
    outer loop
      vertex 31.175497621297836 77.11802096664906 0
      vertex 31.123184241354465 76.81770339608192 8.5
      vertex 31.175497621297836 77.11802096664906 8.5
    endloop
  endfacet
  facet normal -0.9999473367500318 -0.01026273484596115 0
    outer loop
      vertex 72.68057929724455 8.897109918296337 0
      vertex 72.68057929724455 8.897109918296337 8.5
      vertex 72.22057929635048 53.71710991859436 0
    endloop
  endfacet
  facet normal -0.9999473367500318 -0.01026273484596115 1.894130671266295e-18
    outer loop
      vertex 72.68057929724455 8.897109918296337 8.5
      vertex 72.22057929635048 53.71710991859436 8.5
      vertex 72.22057929635048 53.71710991859436 0
    endloop
  endfacet
  facet normal 0.0025062572733362595 -0.999996859332308 0
    outer loop
      vertex 45.33756883442402 62.100034549832344 0
      vertex 49.3275688290596 62.11003454774618 0
      vertex 49.3275688290596 62.11003454774618 8.5
    endloop
  endfacet
  facet normal 0.07183052997562812 -0.9974168511527266 0
    outer loop
      vertex 49.3275688290596 62.11003454774618 0
      vertex 50.84890026599169 62.21959560364485 0
      vertex 50.84890026599169 62.21959560364485 8.5
    endloop
  endfacet
  facet normal 0.14080911557474327 -0.9900367634441959 2.451566864509066e-18
    outer loop
      vertex 50.84890026599169 62.21959560364485 0
      vertex 61.398327447474 63.71999999880791 0
      vertex 61.398327447474 63.71999999880791 8.5
    endloop
  endfacet
  facet normal 0 -1 0
    outer loop
      vertex 61.398327447474 63.71999999880791 0
      vertex 63.39000000059605 63.71999999880791 0
      vertex 63.39000000059605 63.71999999880791 8.5
    endloop
  endfacet
  facet normal 0.06886304002154157 -0.9976261232139984 0
    outer loop
      vertex 63.39000000059605 63.71999999880791 0
      vertex 64.90139043331146 63.82432659715414 0
      vertex 64.90139043331146 63.82432659715414 8.5
    endloop
  endfacet
  facet normal -0.9988151478013562 0.048665187994652075 0
    outer loop
      vertex 72.22057929635048 53.71710991859436 0
      vertex 72.22057929635048 53.71710991859436 8.5
      vertex 72.28365378081799 55.01166467368603 0
    endloop
  endfacet
  facet normal -0.9942132925293932 0.10742406135435012 0
    outer loop
      vertex 72.28365378081799 55.01166467368603 0
      vertex 72.28365378081799 55.01166467368603 8.5
      vertex 73.36267381161451 64.99803126603365 0
    endloop
  endfacet
  facet normal 0.1373991302488745 -0.990515764138488 7.645157904981875e-18
    outer loop
      vertex 64.90139043331146 63.82432659715414 0
      vertex 73.36267381161451 64.99803126603365 0
      vertex 73.36267381161451 64.99803126603365 8.5
    endloop
  endfacet
  facet normal 0.07183052997562812 -0.9974168511527266 0
    outer loop
      vertex 49.3275688290596 62.11003454774618 0
      vertex 50.84890026599169 62.21959560364485 8.5
      vertex 49.3275688290596 62.11003454774618 8.5
    endloop
  endfacet
  facet normal 0.14080911557474327 -0.9900367634441959 0
    outer loop
      vertex 50.84890026599169 62.21959560364485 0
      vertex 61.398327447474 63.71999999880791 8.5
      vertex 50.84890026599169 62.21959560364485 8.5
    endloop
  endfacet
  facet normal 0 -1 0
    outer loop
      vertex 61.398327447474 63.71999999880791 0
      vertex 63.39000000059605 63.71999999880791 8.5
      vertex 61.398327447474 63.71999999880791 8.5
    endloop
  endfacet
  facet normal 0.06886304002154157 -0.9976261232139984 0
    outer loop
      vertex 63.39000000059605 63.71999999880791 0
      vertex 64.90139043331146 63.82432659715414 8.5
      vertex 63.39000000059605 63.71999999880791 8.5
    endloop
  endfacet
  facet normal -0.9988151478013562 0.048665187994652075 0
    outer loop
      vertex 72.28365378081799 55.01166467368603 0
      vertex 72.22057929635048 53.71710991859436 8.5
      vertex 72.28365378081799 55.01166467368603 8.5
    endloop
  endfacet
  facet normal 0.1373991302488745 -0.990515764138488 0
    outer loop
      vertex 64.90139043331146 63.82432659715414 0
      vertex 73.36267381161451 64.99803126603365 8.5
      vertex 64.90139043331146 63.82432659715414 8.5
    endloop
  endfacet
  facet normal -0.9942132925293932 0.10742406135435012 0
    outer loop
      vertex 73.36267381161451 64.99803126603365 0
      vertex 72.28365378081799 55.01166467368603 8.5
      vertex 73.36267381161451 64.99803126603365 8.5
    endloop
  endfacet
  facet normal 0 0 -1
    outer loop
      vertex -56.34000000357628 -11.380000002682209 0
      vertex -52.57696080576386 -14 0
      vertex -55.245885781921075 -14 0
    endloop
  endfacet
  facet normal 0 0 -1
    outer loop
      vertex -51.92140970123323 -11.58697948825488 0
      vertex -11.528105683649802 -12.85483751487002 0
      vertex -46.72093388280457 -11.830584741509682 0
    endloop
  endfacet
  facet normal -0.9810169593817665 0.1939219569965032 5.534894460337758e-16
    outer loop
      vertex -54.29999999701977 -8.450000002980232 0
      vertex -53.91453488033165 -6.5 1.0480299295405362
      vertex -52.25999999791384 1.869999997317791 0
    endloop
  endfacet
  facet normal -0.9810169593817666 0.19392195699650303 -8.059199624620035e-16
    outer loop
      vertex -52.25999999791384 1.869999997317791 0
      vertex -53.91453488033165 -6.5 1.0480299295405362
      vertex -53.653589838486226 -5.179925081812357 1.4999999999999998
    endloop
  endfacet
  facet normal 0 0 -1
    outer loop
      vertex -54.29999999701977 -8.450000002980232 0
      vertex -52.25999999791384 1.869999997317791 0
      vertex -47.729999996721745 4.170000001788139 0
    endloop
  endfacet
  facet normal -0.9810169593817666 0.1939219569965032 0
    outer loop
      vertex -52.25999999791384 1.869999997317791 0
      vertex -53.653589838486226 -5.179925081812357 1.4999999999999998
      vertex -52.25999999791384 1.869999997317791 1.4999999999999998
    endloop
  endfacet
  facet normal 0 0 -1
    outer loop
      vertex -51.92140970123323 -11.58697948825488 0
      vertex -54.29999999701977 -8.450000002980232 0
      vertex -11.528105683649802 -12.85483751487002 0
    endloop
  endfacet
  facet normal 0 0 -1
    outer loop
      vertex -54.29999999701977 -8.450000002980232 0
      vertex -47.729999996721745 4.170000001788139 0
      vertex -11.528105683649802 -12.85483751487002 0
    endloop
  endfacet
  facet normal 0 0 -1
    outer loop
      vertex -47.729999996721745 4.170000001788139 0
      vertex -47.28999999910593 8.189999997615814 0
      vertex -37.4682234838497 0.29269959895843994 0
    endloop
  endfacet
  facet normal -0.9810169593817665 0.19392195699650336 2.0571016929397165e-16
    outer loop
      vertex -54.29999999701977 -8.450000002980232 0
      vertex -54.013372089587804 -7 4.5
      vertex -53.91453488033165 -6.5 1.0480299295405362
    endloop
  endfacet
  facet normal -0.9810169593817667 0.19392195699650194 0
    outer loop
      vertex -53.91453488033165 -6.5 1.0480299295405362
      vertex -54.013372089587804 -7 4.5
      vertex -53.91453488033165 -6.5 4.47375070092074
    endloop
  endfacet
  facet normal -0.9810169593817664 0.193921956996504 0
    outer loop
      vertex -54.29999999701977 -8.450000002980232 0
      vertex -54.29999999701977 -8.450000002980232 8.5
      vertex -54.013372089587804 -7 4.5
    endloop
  endfacet
  facet normal -0.9810169593817667 0.19392195699650194 0
    outer loop
      vertex -53.91453488033165 -6.5 4.47375070092074
      vertex -54.013372089587804 -7 4.5
      vertex -53.91453488033165 -6.5 4.5
    endloop
  endfacet
  facet normal 0 0 -1
    outer loop
      vertex -46.72093388280457 -11.830584741509682 0
      vertex -11.575516808152349 -14 0
      vertex -44.857494145415245 -14 0
    endloop
  endfacet
  facet normal 0 0 -1
    outer loop
      vertex -46.72093388280457 -11.830584741509682 0
      vertex -11.528105683649802 -12.85483751487002 0
      vertex -11.575516808152349 -14 0
    endloop
  endfacet
  facet normal 0 0 -1
    outer loop
      vertex -47.729999996721745 4.170000001788139 0
      vertex -37.493608994366646 0.2395542481333246 0
      vertex -11.528105683649802 -12.85483751487002 0
    endloop
  endfacet
  facet normal 0 0 -1
    outer loop
      vertex -47.28999999910593 8.189999997615814 0
      vertex -0.619999997317791 -13.630000002682209 0
      vertex -37.4682234838497 0.29269959895843994 0
    endloop
  endfacet
  facet normal 0 0 -1
    outer loop
      vertex -37.493608994366646 0.2395542481333246 0
      vertex -37.4682234838497 0.29269959895843994 0
      vertex -1.879879437744596 -13.43497538593705 0
    endloop
  endfacet
  facet normal 0 0 -1
    outer loop
      vertex -47.28999999910593 8.189999997615814 0
      vertex -36.59416380805387 15.97120700633748 0
      vertex -0.619999997317791 -13.630000002682209 0
    endloop
  endfacet
  facet normal 0 0 -1
    outer loop
      vertex -5.846522215304679 -6.745408696053585 0
      vertex -36.59416380805387 15.97120700633748 0
      vertex -36.62314549721658 16.691549001044343 0
    endloop
  endfacet
  facet normal 0 0 -1
    outer loop
      vertex -37.493608994366646 0.2395542481333246 0
      vertex -1.879879437744596 -13.43497538593705 0
      vertex -11.528105683649802 -12.85483751487002 0
    endloop
  endfacet
  facet normal 0 0 -1
    outer loop
      vertex -1.879879437744596 -13.43497538593705 0
      vertex -0.619999997317791 -13.630000002682209 0
      vertex -0.5335252520063031 -13.951932201188928 0
    endloop
  endfacet
  facet normal 0.6046602556035638 -0.796483505977012 0
    outer loop
      vertex -0.619999997317791 -13.630000002682209 0
      vertex 1.2899999991059303 -12.179999999701977 0
      vertex -0.619999997317791 -13.630000002682209 8.5
    endloop
  endfacet
  facet normal 0 0 -1
    outer loop
      vertex -37.4682234838497 0.29269959895843994 0
      vertex -0.619999997317791 -13.630000002682209 0
      vertex -1.879879437744596 -13.43497538593705 0
    endloop
  endfacet
  facet normal 0 0 -1
    outer loop
      vertex -0.619999997317791 -13.630000002682209 0
      vertex -36.59416380805387 15.97120700633748 0
      vertex -5.846522215304679 -6.745408696053585 0
    endloop
  endfacet
  facet normal 0 0 -1
    outer loop
      vertex -5.846522215304679 -6.745408696053585 0
      vertex -36.62314549721658 16.691549001044343 0
      vertex 2.8638553385866246 -3.6018523821752066 0
    endloop
  endfacet
  facet normal 0 0 -1
    outer loop
      vertex 2.8638553385866246 -3.6018523821752066 0
      vertex -36.62314549721658 16.691549001044343 0
      vertex 9.347653426461306 -1.2762814616456888 0
    endloop
  endfacet
  facet normal 0 0 -1
    outer loop
      vertex 1.2899999991059303 -12.179999999701977 0
      vertex -5.846522215304679 -6.745408696053585 0
      vertex 2.8638553385866246 -3.6018523821752066 0
    endloop
  endfacet
  facet normal 0.6046602556035638 -0.796483505977012 0
    outer loop
      vertex 1.2899999991059303 -12.179999999701977 0
      vertex 1.2899999991059303 -12.179999999701977 8.5
      vertex -0.619999997317791 -13.630000002682209 8.5
    endloop
  endfacet
  facet normal 0 0 1
    outer loop
      vertex -56.34000000357628 -11.380000002682209 8.5
      vertex -53.56404762749717 -14 8.5
      vertex -47.69799071693027 -14 8.5
    endloop
  endfacet
  facet normal 0 0 1
    outer loop
      vertex -56.34000000357628 -11.380000002682209 8.5
      vertex -47.69799071693027 -14 8.5
      vertex -49.64101300501317 -11.693799832027183 8.5
    endloop
  endfacet
  facet normal 0 0 1
    outer loop
      vertex -49.64101300501317 -11.693799832027183 8.5
      vertex -44.857494145415245 -14 8.5
      vertex -11.575516808152349 -14 8.5
    endloop
  endfacet
  facet normal -0.9810169593817664 0.193921956996504 3.819199239381061e-18
    outer loop
      vertex -54.29999999701977 -8.450000002980232 8.5
      vertex -54.013372089587804 -7 8.5
      vertex -54.013372089587804 -7 4.5
    endloop
  endfacet
  facet normal 0 0 1
    outer loop
      vertex -54.29999999701977 -8.450000002980232 8.5
      vertex -0.619999997317791 -13.630000002682209 8.5
      vertex -54.013372089587804 -7 8.5
    endloop
  endfacet
  facet normal 0 0 1
    outer loop
      vertex -49.64101300501317 -11.693799832027183 8.5
      vertex -11.575516808152349 -14 8.5
      vertex -5.835616709340146 -14 8.5
    endloop
  endfacet
  facet normal 0 0 1
    outer loop
      vertex -49.64101300501317 -11.693799832027183 8.5
      vertex -5.835616709340146 -14 8.5
      vertex -3.6771737282644774 -13.846878338400957 8.5
    endloop
  endfacet
  facet normal 0 0 1
    outer loop
      vertex -49.64101300501317 -11.693799832027183 8.5
      vertex -3.6771737282644774 -13.846878338400957 8.5
      vertex -0.619999997317791 -13.630000002682209 8.5
    endloop
  endfacet
  facet normal 0 0 1
    outer loop
      vertex -49.64101300501317 -11.693799832027183 8.5
      vertex -0.619999997317791 -13.630000002682209 8.5
      vertex -54.29999999701977 -8.450000002980232 8.5
    endloop
  endfacet
  facet normal 0 0 1
    outer loop
      vertex -0.619999997317791 -13.630000002682209 8.5
      vertex 1.2899999991059303 -12.179999999701977 8.5
      vertex -54.013372089587804 -7 8.5
    endloop
  endfacet
  facet normal 0 0 1
    outer loop
      vertex 1.2899999991059303 -12.179999999701977 8.5
      vertex 8.390000000596046 -12.189999997615814 8.5
      vertex -54.013372089587804 -7 8.5
    endloop
  endfacet
  facet normal 0 0 1
    outer loop
      vertex -3.6771737282644774 -13.846878338400957 8.5
      vertex -0.5220443930221387 -13.994673676289018 8.5
      vertex -0.619999997317791 -13.630000002682209 8.5
    endloop
  endfacet
  facet normal 0 0 1
    outer loop
      vertex 8.390000000596046 -12.189999997615814 8.5
      vertex 8.845410433032646 -7 8.5
      vertex -54.013372089587804 -7 8.5
    endloop
  endfacet
  facet normal 0 0 -1
    outer loop
      vertex -47.28999999910593 8.189999997615814 0
      vertex -47.979999996721745 25.34000000357628 0
      vertex -36.59416380805387 15.97120700633748 0
    endloop
  endfacet
  facet normal 0 0 -1
    outer loop
      vertex -47.979999996721745 25.34000000357628 0
      vertex -36.97707901994409 31.75487091627267 0
      vertex -36.62314549721658 16.691549001044343 0
    endloop
  endfacet
  facet normal -0.9999998964119537 0.0004551659935594251 0
    outer loop
      vertex -47.979999996721745 25.34000000357628 0
      vertex -47.979999996721745 25.34000000357628 2.1790519159650032
      vertex -47.96672735497629 54.5 2.17138895268041
    endloop
  endfacet
  facet normal -0.9999998964119539 0.00045516599355935273 9.722204936325175e-16
    outer loop
      vertex -47.979999996721745 25.34000000357628 0
      vertex -47.96672735497629 54.5 2.17138895268041
      vertex -47.963313609670976 62 0
    endloop
  endfacet
  facet normal -0.9999998964119537 0.00045516599355907117 0
    outer loop
      vertex -47.963313609670976 62 0
      vertex -47.96672735497629 54.5 2.17138895268041
      vertex -47.96672735497629 54.5 4.5
    endloop
  endfacet
  facet normal -0.9999998964119536 0.0004551659935590711 0
    outer loop
      vertex -47.963313609670976 62 0
      vertex -47.96672735497629 54.5 4.5
      vertex -47.96649977195594 55 4.5
    endloop
  endfacet
  facet normal -0.9999998964119537 0.00045516599355907117 0
    outer loop
      vertex -47.963313609670976 62 0
      vertex -47.96649977195594 55 4.5
      vertex -47.963313609670976 62 8.5
    endloop
  endfacet
  facet normal 0 0 -1
    outer loop
      vertex -36.62314549721658 16.691549001044343 0
      vertex -36.97707901994409 31.75487091627267 0
      vertex 14.900000000000002 62 0
    endloop
  endfacet
  facet normal 0 0 -1
    outer loop
      vertex -36.62314549721658 16.691549001044343 0
      vertex 14.900000000000002 62 0
      vertex 9.347653426461306 -1.2762814616456888 0
    endloop
  endfacet
  facet normal 0 0 -1
    outer loop
      vertex -36.97707901994409 31.75487091627267 0
      vertex -36.96331246943423 62 0
      vertex 14.900000000000002 62 0
    endloop
  endfacet
  facet normal -0.9999998964119537 0.00045516599355907117 0
    outer loop
      vertex -47.963313609670976 62 8.5
      vertex -47.96649977195594 55 4.5
      vertex -47.96649977195594 55 8.5
    endloop
  endfacet
  facet normal 0 0 1
    outer loop
      vertex -47.963313609670976 62 8.5
      vertex -47.96649977195594 55 8.5
      vertex -42.64624668306974 55 8.5
    endloop
  endfacet
  facet normal 0 0 1
    outer loop
      vertex -38.78475199810645 62 8.5
      vertex -40.54052766631666 55 8.5
      vertex 14.900000000000002 55 8.5
    endloop
  endfacet
  facet normal 0 0 1
    outer loop
      vertex -38.78475199810645 62 8.5
      vertex 14.900000000000002 55 8.5
      vertex -36.96331246943423 62 8.5
    endloop
  endfacet
  facet normal 0 0 1
    outer loop
      vertex -36.96331246943423 62 8.5
      vertex 14.900000000000002 55 8.5
      vertex 14.900000000000002 62 8.5
    endloop
  endfacet
  facet normal 0 0 -1
    outer loop
      vertex 2.8638553385866246 -3.6018523821752066 0
      vertex 9.347653426461306 -1.2762814616456888 0
      vertex 8.390000000596046 -12.189999997615814 0
    endloop
  endfacet
  facet normal 0 0 -1
    outer loop
      vertex 9.347653426461306 -1.2762814616456888 0
      vertex 14.900000000000002 -2.1996798984183465 0
      vertex 14.900000000000002 -10.978461354826969 0
    endloop
  endfacet
  facet normal 0 0 1
    outer loop
      vertex 14.900000000000002 -10.978461354826969 8.5
      vertex 14.900000000000002 -7 8.5
      vertex 12.234708805539793 -7 8.5
    endloop
  endfacet
  facet normal 0 0 -1
    outer loop
      vertex 9.347653426461306 -1.2762814616456888 0
      vertex 14.900000000000002 62 0
      vertex 14.900000000000002 -2.1996798984183465 0
    endloop
  endfacet
  facet normal 0 -1 0
    outer loop
      vertex -44.857494145415245 -14 0
      vertex -11.575516808152349 -14 0
      vertex -11.575516808152349 -14 8.5
    endloop
  endfacet
  facet normal 0 -1 0
    outer loop
      vertex -44.857494145415245 -14 0
      vertex -11.575516808152349 -14 8.5
      vertex -44.857494145415245 -14 8.5
    endloop
  endfacet
  facet normal 0 1 0
    outer loop
      vertex -36.96331246943423 62 0
      vertex -36.96331246943423 62 8.5
      vertex 14.900000000000002 62 0
    endloop
  endfacet
  facet normal 0 1 0
    outer loop
      vertex -36.96331246943423 62 8.5
      vertex 14.900000000000002 62 8.5
      vertex 14.900000000000002 62 0
    endloop
  endfacet
  facet normal 1 0 0
    outer loop
      vertex 14.900000000000002 -2.1996798984183465 0
      vertex 14.900000000000002 62 0
      vertex 14.900000000000002 -2.1996798984183465 4.5
    endloop
  endfacet
  facet normal 1 0 0
    outer loop
      vertex 14.900000000000002 62 0
      vertex 14.900000000000002 55 4.5
      vertex 14.900000000000002 -2.1996798984183465 4.5
    endloop
  endfacet
  facet normal 1 0 0
    outer loop
      vertex 14.900000000000002 62 0
      vertex 14.900000000000002 62 8.5
      vertex 14.900000000000002 55 4.5
    endloop
  endfacet
  facet normal 1 0 0
    outer loop
      vertex 14.900000000000002 62 8.5
      vertex 14.900000000000002 55 8.5
      vertex 14.900000000000002 55 4.5
    endloop
  endfacet
  facet normal 0.11196447610330999 -3.842675335744108e-18 -0.9937122098932424
    outer loop
      vertex 83.77456521376148 -7.7 3.587272539778862
      vertex 84.11260466978158 -7.1728876288776116 3.6253604390908816
      vertex 84.11260466978158 -7.7 3.6253604390908816
    endloop
  endfacet
  facet normal 0 -1 0
    outer loop
      vertex 83.77456521376148 -7.7 3.587272539778862
      vertex 84.11260466978158 -7.7 3.6253604390908816
      vertex 85.1694186955878 -7.7 3.995155660487904
    endloop
  endfacet
  facet normal 0.33027906195516654 0 -0.9438833303083677
    outer loop
      vertex 84.11260466978158 -7.7 3.6253604390908816
      vertex 84.11260466978158 -7.1728876288776116 3.6253604390908816
      vertex 84.47999999672174 -6.600000001490116 3.7539176241286425
    endloop
  endfacet
  facet normal 0.33027906195516704 -1.8253599546785875e-16 -0.9438833303083676
    outer loop
      vertex 84.11260466978158 -7.7 3.6253604390908816
      vertex 84.47999999672174 -6.600000001490116 3.7539176241286425
      vertex 85.1694186955878 -7.7 3.995155660487904
    endloop
  endfacet
  facet normal 0 -1 0
    outer loop
      vertex 83.77456521376148 -7.7 3.587272539778862
      vertex 85.1694186955878 -7.7 3.995155660487904
      vertex 86.11744900929367 -7.7 4.590842587659851
    endloop
  endfacet
  facet normal 0.33027906195516726 -1.5885646300637002e-18 -0.9438833303083676
    outer loop
      vertex 84.47999999672174 -6.600000001490116 3.7539176241286425
      vertex 85.1694186955878 -4.341903991984861 3.995155660487904
      vertex 85.1694186955878 -7.7 3.995155660487904
    endloop
  endfacet
  facet normal 0.5320320765153126 0 -0.8467241992282992
    outer loop
      vertex 85.1694186955878 -7.7 3.995155660487904
      vertex 85.1694186955878 -4.341903991984861 3.995155660487904
      vertex 85.17000000178814 -4.340000003576279 3.995520919382291
    endloop
  endfacet
  facet normal 0.5320320765153392 -6.426388203732568e-18 -0.8467241992282825
    outer loop
      vertex 85.1694186955878 -7.7 3.995155660487904
      vertex 85.17000000178814 -4.340000003576279 3.995520919382291
      vertex 86.11744900929367 3.7 4.590842587659851
    endloop
  endfacet
  facet normal 0 -1 0
    outer loop
      vertex 83.77456521376148 -7.7 3.587272539778862
      vertex 86.11744900929367 -7.7 4.590842587659851
      vertex 86.90915741234015 -7.7 5.382550990706333
    endloop
  endfacet
  facet normal 0.5320320765153391 -1.9874985295814356e-19 -0.8467241992282826
    outer loop
      vertex 85.1694186955878 -7.7 3.995155660487904
      vertex 86.11744900929367 3.7 4.590842587659851
      vertex 86.11744900929367 -7.7 4.590842587659851
    endloop
  endfacet
  facet normal 0.33027906195516704 0 -0.9438833303083676
    outer loop
      vertex 85.1694186955878 -0.4139583024132363 3.995155660487904
      vertex 84.51922413673705 3.7 3.7676427443360536
      vertex 85.1694186955878 3.7 3.995155660487904
    endloop
  endfacet
  facet normal 0.5320320765153391 0 -0.8467241992282826
    outer loop
      vertex 85.1694186955878 -0.4139583024132363 3.995155660487904
      vertex 85.1694186955878 3.7 3.995155660487904
      vertex 86.11744900929367 3.7 4.590842587659851
    endloop
  endfacet
  facet normal 0.5320320765153393 -2.3284838677391686e-17 -0.8467241992282823
    outer loop
      vertex 85.17000000178814 -4.340000003576279 3.995520919382291
      vertex 85.32999999821186 -1.4299999997019768 4.096055580393921
      vertex 86.11744900929367 3.7 4.590842587659851
    endloop
  endfacet
  facet normal 0.532032076515339 3.144439766661832e-17 -0.8467241992282826
    outer loop
      vertex 85.32999999821186 -1.4299999997019768 4.096055580393921
      vertex 85.1694186955878 -0.4139583024132363 3.995155660487904
      vertex 86.11744900929367 3.7 4.590842587659851
    endloop
  endfacet
  facet normal 0.7071067811865464 0 -0.7071067811865487
    outer loop
      vertex 86.11744900929367 -7.7 4.590842587659851
      vertex 86.11744900929367 3.7 4.590842587659851
      vertex 86.90915741234015 3.7 5.382550990706333
    endloop
  endfacet
  facet normal 0 -1 0
    outer loop
      vertex 83.77456521376148 -7.7 3.587272539778862
      vertex 86.90915741234015 -7.7 5.382550990706333
      vertex 87.50484433951209 -7.7 6.33058130441221
    endloop
  endfacet
  facet normal 0 -1 0
    outer loop
      vertex 83.77456521376148 -7.7 3.587272539778862
      vertex 87.50484433951209 -7.7 6.33058130441221
      vertex 87.87463956090912 -7.7 7.387395330218428
    endloop
  endfacet
  facet normal 0.7071067811865464 2.4164825230910313e-18 -0.7071067811865487
    outer loop
      vertex 86.11744900929367 -7.7 4.590842587659851
      vertex 86.90915741234015 3.7 5.382550990706333
      vertex 86.90915741234015 -7.7 5.382550990706333
    endloop
  endfacet
  facet normal 0.8467241992282868 0 -0.5320320765153326
    outer loop
      vertex 86.90915741234015 -7.7 5.382550990706333
      vertex 86.90915741234015 3.7 5.382550990706333
      vertex 87.50484433951209 -7.7 6.33058130441221
    endloop
  endfacet
  facet normal 0 -1 0
    outer loop
      vertex 83.77456521376148 -7.7 3.587272539778862
      vertex 87.87463956090912 -7.7 7.387395330218428
      vertex 88 -7.7 8.5
    endloop
  endfacet
  facet normal 0.9438833303083664 0 -0.3302790619551706
    outer loop
      vertex 87.50484433951209 -7.7 6.33058130441221
      vertex 87.50484433951209 3.7 6.33058130441221
      vertex 87.87463956090912 -7.7 7.387395330218428
    endloop
  endfacet
  facet normal 0.8467241992282868 0 -0.5320320765153326
    outer loop
      vertex 87.50484433951209 -7.7 6.33058130441221
      vertex 86.90915741234015 3.7 5.382550990706333
      vertex 87.50484433951209 3.7 6.33058130441221
    endloop
  endfacet
  facet normal 0 -1 0
    outer loop
      vertex 83.77456521376148 -7.7 3.587272539778862
      vertex 88 -7.7 8.5
      vertex 83.77456521376148 -7.7 8.5
    endloop
  endfacet
  facet normal 0.9937122098932424 0 -0.1119644761033091
    outer loop
      vertex 87.87463956090912 -7.7 7.387395330218428
      vertex 87.87463956090912 3.7 7.387395330218428
      vertex 88 -7.7 8.5
    endloop
  endfacet
  facet normal 0.9438833303083664 0 -0.3302790619551706
    outer loop
      vertex 87.87463956090912 -7.7 7.387395330218428
      vertex 87.50484433951209 3.7 6.33058130441221
      vertex 87.87463956090912 3.7 7.387395330218428
    endloop
  endfacet
  facet normal 0.9937122098932424 0 -0.1119644761033091
    outer loop
      vertex 88 -7.7 8.5
      vertex 87.87463956090912 3.7 7.387395330218428
      vertex 88 3.7 8.5
    endloop
  endfacet
  facet normal 0 -1 0
    outer loop
      vertex 78 -7.7 8.5
      vertex 87.87463956090912 -7.7 9.61260466978157
      vertex 78.12536043909088 -7.7 9.612604669781572
    endloop
  endfacet
  facet normal -0.9937122098932424 2.612879166370963e-19 0.1119644761033091
    outer loop
      vertex 78 -7.7 8.5
      vertex 78.12536043909088 -7.7 9.612604669781572
      vertex 78.12536043909088 3.7 9.612604669781572
    endloop
  endfacet
  facet normal 0 -1 0
    outer loop
      vertex 78 -7.7 8.5
      vertex 83.77456521376148 -7.7 8.5
      vertex 87.87463956090912 -7.7 9.61260466978157
    endloop
  endfacet
  facet normal 0 -1 0
    outer loop
      vertex 83.77456521376148 -7.7 8.5
      vertex 88 -7.7 8.5
      vertex 87.87463956090912 -7.7 9.61260466978157
    endloop
  endfacet
  facet normal 0.9937122098932425 0 0.1119644761033093
    outer loop
      vertex 88 -7.7 8.5
      vertex 88 3.7 8.5
      vertex 87.87463956090912 -7.7 9.61260466978157
    endloop
  endfacet
  facet normal 0 -1 0
    outer loop
      vertex 78.12536043909088 -7.7 9.612604669781572
      vertex 87.87463956090912 -7.7 9.61260466978157
      vertex 87.50484433951209 -7.7 10.66941869558779
    endloop
  endfacet
  facet normal 0.9438833303083666 0 0.3302790619551701
    outer loop
      vertex 87.87463956090912 -7.7 9.61260466978157
      vertex 87.87463956090912 3.7 9.61260466978157
      vertex 87.50484433951209 -7.7 10.66941869558779
    endloop
  endfacet
  facet normal -0.9937122098932424 0 0.1119644761033091
    outer loop
      vertex 78 -7.7 8.5
      vertex 78.12536043909088 3.7 9.612604669781572
      vertex 78 3.7 8.5
    endloop
  endfacet
  facet normal 0.9937122098932425 0 0.1119644761033093
    outer loop
      vertex 87.87463956090912 -7.7 9.61260466978157
      vertex 88 3.7 8.5
      vertex 87.87463956090912 3.7 9.61260466978157
    endloop
  endfacet
  facet normal -0.9438833303083664 0 0.3302790619551706
    outer loop
      vertex 78.12536043909088 -7.7 9.612604669781572
      vertex 78.49515566048791 3.7 10.66941869558779
      vertex 78.12536043909088 3.7 9.612604669781572
    endloop
  endfacet
  facet normal 0 -1 0
    outer loop
      vertex 78.12536043909088 -7.7 9.612604669781572
      vertex 87.50484433951209 -7.7 10.66941869558779
      vertex 78.49515566048791 -7.7 10.66941869558779
    endloop
  endfacet
  facet normal -0.9438833303083664 -8.92426409272865e-19 0.3302790619551706
    outer loop
      vertex 78.12536043909088 -7.7 9.612604669781572
      vertex 78.49515566048791 -7.7 10.66941869558779
      vertex 78.49515566048791 3.7 10.66941869558779
    endloop
  endfacet
  facet normal 0 -1 0
    outer loop
      vertex 78.49515566048791 -7.7 10.66941869558779
      vertex 86.90915741234015 -7.7 11.617449009293667
      vertex 79.09084258765985 -7.7 11.617449009293669
    endloop
  endfacet
  facet normal -0.8467241992282872 3.715604058675053e-18 0.5320320765153317
    outer loop
      vertex 78.49515566048791 -7.7 10.66941869558779
      vertex 79.09084258765985 -7.7 11.617449009293669
      vertex 79.09084258765985 3.7 11.617449009293669
    endloop
  endfacet
  facet normal 0 -1 0
    outer loop
      vertex 78.49515566048791 -7.7 10.66941869558779
      vertex 87.50484433951209 -7.7 10.66941869558779
      vertex 86.90915741234015 -7.7 11.617449009293667
    endloop
  endfacet
  facet normal 0.8467241992282868 0 0.5320320765153326
    outer loop
      vertex 87.50484433951209 -7.7 10.66941869558779
      vertex 87.50484433951209 3.7 10.66941869558779
      vertex 86.90915741234015 -7.7 11.617449009293667
    endloop
  endfacet
  facet normal 0.9438833303083666 0 0.3302790619551701
    outer loop
      vertex 87.50484433951209 -7.7 10.66941869558779
      vertex 87.87463956090912 3.7 9.61260466978157
      vertex 87.50484433951209 3.7 10.66941869558779
    endloop
  endfacet
  facet normal -0.8467241992282872 0 0.5320320765153317
    outer loop
      vertex 78.49515566048791 -7.7 10.66941869558779
      vertex 79.09084258765985 3.7 11.617449009293669
      vertex 78.49515566048791 3.7 10.66941869558779
    endloop
  endfacet
  facet normal 0.8467241992282868 0 0.5320320765153326
    outer loop
      vertex 86.90915741234015 -7.7 11.617449009293667
      vertex 87.50484433951209 3.7 10.66941869558779
      vertex 86.90915741234015 3.7 11.617449009293667
    endloop
  endfacet
  facet normal 0 -1 0
    outer loop
      vertex 79.09084258765985 -7.7 11.617449009293669
      vertex 86.11744900929367 -7.7 12.40915741234015
      vertex 79.88255099070633 -7.7 12.409157412340148
    endloop
  endfacet
  facet normal -0.7071067811865452 0 0.7071067811865499
    outer loop
      vertex 79.09084258765985 -7.7 11.617449009293669
      vertex 79.88255099070633 -7.7 12.409157412340148
      vertex 79.09084258765985 3.7 11.617449009293669
    endloop
  endfacet
  facet normal -0.5320320765153391 0 0.8467241992282826
    outer loop
      vertex 79.88255099070633 -7.7 12.409157412340148
      vertex 80.8305813044122 -7.7 13.004844339512095
      vertex 79.88255099070633 3.7 12.409157412340148
    endloop
  endfacet
  facet normal 0 -1 0
    outer loop
      vertex 79.09084258765985 -7.7 11.617449009293669
      vertex 86.90915741234015 -7.7 11.617449009293667
      vertex 86.11744900929367 -7.7 12.40915741234015
    endloop
  endfacet
  facet normal 0 -1 0
    outer loop
      vertex 79.88255099070633 -7.7 12.409157412340148
      vertex 86.11744900929367 -7.7 12.40915741234015
      vertex 85.1694186955878 -7.7 13.004844339512095
    endloop
  endfacet
  facet normal 0.7071067811865468 3.3793563322878237e-18 0.7071067811865482
    outer loop
      vertex 86.90915741234015 -7.7 11.617449009293667
      vertex 86.11744900929367 3.7 12.40915741234015
      vertex 86.11744900929367 -7.7 12.40915741234015
    endloop
  endfacet
  facet normal 0 -1 0
    outer loop
      vertex 79.88255099070633 -7.7 12.409157412340148
      vertex 85.1694186955878 -7.7 13.004844339512095
      vertex 80.8305813044122 -7.7 13.004844339512095
    endloop
  endfacet
  facet normal 0 -1 0
    outer loop
      vertex 80.8305813044122 -7.7 13.004844339512095
      vertex 84.11260466978158 -7.7 13.374639560909118
      vertex 81.88739533021842 -7.7 13.374639560909118
    endloop
  endfacet
  facet normal -0.33027906195516776 0 0.9438833303083672
    outer loop
      vertex 80.8305813044122 -7.7 13.004844339512095
      vertex 81.88739533021842 -7.7 13.374639560909118
      vertex 80.8305813044122 3.7 13.004844339512095
    endloop
  endfacet
  facet normal -0.1119644761033072 0 0.9937122098932427
    outer loop
      vertex 81.88739533021842 -7.7 13.374639560909118
      vertex 83 -7.7 13.5
      vertex 81.88739533021842 3.7 13.374639560909118
    endloop
  endfacet
  facet normal 0 -1 0
    outer loop
      vertex 80.8305813044122 -7.7 13.004844339512095
      vertex 85.1694186955878 -7.7 13.004844339512095
      vertex 84.11260466978158 -7.7 13.374639560909118
    endloop
  endfacet
  facet normal 0 -1 0
    outer loop
      vertex 81.88739533021842 -7.7 13.374639560909118
      vertex 84.11260466978158 -7.7 13.374639560909118
      vertex 83 -7.7 13.5
    endloop
  endfacet
  facet normal 0.532032076515338 1.6642518619994456e-18 0.8467241992282832
    outer loop
      vertex 86.11744900929367 -7.7 12.40915741234015
      vertex 85.1694186955878 3.7 13.004844339512095
      vertex 85.1694186955878 -7.7 13.004844339512095
    endloop
  endfacet
  facet normal 0.33027906195516776 -6.902057585983642e-19 0.9438833303083672
    outer loop
      vertex 85.1694186955878 -7.7 13.004844339512095
      vertex 84.11260466978158 3.7 13.374639560909118
      vertex 84.11260466978158 -7.7 13.374639560909118
    endloop
  endfacet
  facet normal 0.1119644761033072 8.786019352180852e-20 0.9937122098932427
    outer loop
      vertex 84.11260466978158 -7.7 13.374639560909118
      vertex 83 3.7 13.5
      vertex 83 -7.7 13.5
    endloop
  endfacet
  facet normal -0.7071067811865452 0 0.7071067811865499
    outer loop
      vertex 79.88255099070633 -7.7 12.409157412340148
      vertex 79.88255099070633 3.7 12.409157412340148
      vertex 79.09084258765985 3.7 11.617449009293669
    endloop
  endfacet
  facet normal 0.7071067811865468 0 0.7071067811865482
    outer loop
      vertex 86.90915741234015 -7.7 11.617449009293667
      vertex 86.90915741234015 3.7 11.617449009293667
      vertex 86.11744900929367 3.7 12.40915741234015
    endloop
  endfacet
  facet normal 0.532032076515338 0 0.8467241992282832
    outer loop
      vertex 86.11744900929367 -7.7 12.40915741234015
      vertex 86.11744900929367 3.7 12.40915741234015
      vertex 85.1694186955878 3.7 13.004844339512095
    endloop
  endfacet
  facet normal -0.5320320765153391 0 0.8467241992282826
    outer loop
      vertex 80.8305813044122 -7.7 13.004844339512095
      vertex 80.8305813044122 3.7 13.004844339512095
      vertex 79.88255099070633 3.7 12.409157412340148
    endloop
  endfacet
  facet normal -0.33027906195516776 0 0.9438833303083672
    outer loop
      vertex 81.88739533021842 -7.7 13.374639560909118
      vertex 81.88739533021842 3.7 13.374639560909118
      vertex 80.8305813044122 3.7 13.004844339512095
    endloop
  endfacet
  facet normal -0.1119644761033072 0 0.9937122098932427
    outer loop
      vertex 83 -7.7 13.5
      vertex 83 3.7 13.5
      vertex 81.88739533021842 3.7 13.374639560909118
    endloop
  endfacet
  facet normal 0.33027906195516776 0 0.9438833303083672
    outer loop
      vertex 85.1694186955878 -7.7 13.004844339512095
      vertex 85.1694186955878 3.7 13.004844339512095
      vertex 84.11260466978158 3.7 13.374639560909118
    endloop
  endfacet
  facet normal 0.1119644761033072 0 0.9937122098932427
    outer loop
      vertex 84.11260466978158 -7.7 13.374639560909118
      vertex 84.11260466978158 3.7 13.374639560909118
      vertex 83 3.7 13.5
    endloop
  endfacet
  facet normal 0.11196447610330655 2.2888092716759954e-17 -0.9937122098932427
    outer loop
      vertex 84.11260466978158 16.3 3.6253604390908816
      vertex 83.6051807224272 16.3 3.5681874911667464
      vertex 83.48817938351249 27.7 3.555004606338976
    endloop
  endfacet
  facet normal 0.11196447610330612 0 -0.9937122098932428
    outer loop
      vertex 84.11260466978158 16.3 3.6253604390908816
      vertex 83.48817938351249 27.7 3.555004606338976
      vertex 84.11260466978158 27.7 3.6253604390908816
    endloop
  endfacet
  facet normal 0.330279061955167 0 -0.9438833303083676
    outer loop
      vertex 84.11260466978158 16.3 3.6253604390908816
      vertex 84.11260466978158 27.7 3.6253604390908816
      vertex 85.1694186955878 27.7 3.995155660487904
    endloop
  endfacet
  facet normal 0.330279061955167 1.0858638005661721e-18 -0.9438833303083676
    outer loop
      vertex 84.11260466978158 16.3 3.6253604390908816
      vertex 85.1694186955878 27.7 3.995155660487904
      vertex 85.1694186955878 16.3 3.995155660487904
    endloop
  endfacet
  facet normal 0.5320320765153391 0 -0.8467241992282826
    outer loop
      vertex 85.1694186955878 16.3 3.995155660487904
      vertex 85.1694186955878 27.7 3.995155660487904
      vertex 86.11744900929367 27.7 4.590842587659851
    endloop
  endfacet
  facet normal 0.5320320765153391 0 -0.8467241992282826
    outer loop
      vertex 86.11744900929367 16.3 4.590842587659851
      vertex 85.1694186955878 16.3 3.995155660487904
      vertex 86.11744900929367 27.7 4.590842587659851
    endloop
  endfacet
  facet normal 0.7071067811865462 0 -0.7071067811865487
    outer loop
      vertex 86.11744900929367 16.3 4.590842587659851
      vertex 86.11744900929367 27.7 4.590842587659851
      vertex 86.90915741234015 27.7 5.382550990706333
    endloop
  endfacet
  facet normal 0.7071067811865462 0 -0.7071067811865487
    outer loop
      vertex 86.90915741234015 16.3 5.382550990706333
      vertex 86.11744900929367 16.3 4.590842587659851
      vertex 86.90915741234015 27.7 5.382550990706333
    endloop
  endfacet
  facet normal 0.8467241992282867 -9.030150824876827e-19 -0.5320320765153324
    outer loop
      vertex 87.50484433951209 16.3 6.33058130441221
      vertex 86.90915741234015 16.3 5.382550990706333
      vertex 86.90915741234015 27.7 5.382550990706333
    endloop
  endfacet
  facet normal 0.8467241992282867 0 -0.5320320765153324
    outer loop
      vertex 87.50484433951209 16.3 6.33058130441221
      vertex 86.90915741234015 27.7 5.382550990706333
      vertex 87.50484433951209 27.7 6.33058130441221
    endloop
  endfacet
  facet normal 0.9438833303083664 0 -0.33027906195517054
    outer loop
      vertex 87.50484433951209 27.7 6.33058130441221
      vertex 87.87463956090912 16.3 7.387395330218428
      vertex 87.50484433951209 16.3 6.33058130441221
    endloop
  endfacet
  facet normal 0.9438833303083664 -8.924264092728651e-19 -0.33027906195517054
    outer loop
      vertex 87.50484433951209 27.7 6.33058130441221
      vertex 87.87463956090912 27.7 7.387395330218428
      vertex 87.87463956090912 16.3 7.387395330218428
    endloop
  endfacet
  facet normal 0.9937122098932425 0 -0.11196447610330912
    outer loop
      vertex 87.87463956090912 27.7 7.387395330218428
      vertex 88 16.3 8.5
      vertex 87.87463956090912 16.3 7.387395330218428
    endloop
  endfacet
  facet normal 0.9937122098932425 0 -0.11196447610330912
    outer loop
      vertex 88 16.3 8.5
      vertex 87.87463956090912 27.7 7.387395330218428
      vertex 88 27.7 8.5
    endloop
  endfacet
  facet normal -0.9937122098932425 0 0.11196447610330912
    outer loop
      vertex 78.12536043909088 27.7 9.612604669781572
      vertex 78 16.3 8.5
      vertex 78.12536043909088 16.3 9.612604669781572
    endloop
  endfacet
  facet normal -0.9937122098932425 0 0.11196447610330912
    outer loop
      vertex 78 16.3 8.5
      vertex 78.12536043909088 27.7 9.612604669781572
      vertex 78 27.7 8.5
    endloop
  endfacet
  facet normal 0.9937122098932424 -2.1112566823873703e-19 0.11196447610330927
    outer loop
      vertex 87.87463956090912 16.3 9.61260466978157
      vertex 88 16.3 8.5
      vertex 88 27.7 8.5
    endloop
  endfacet
  facet normal 0.9937122098932424 0 0.11196447610330927
    outer loop
      vertex 87.87463956090912 16.3 9.61260466978157
      vertex 88 27.7 8.5
      vertex 87.87463956090912 27.7 9.61260466978157
    endloop
  endfacet
  facet normal -0.9438833303083664 0 0.33027906195517054
    outer loop
      vertex 78.12536043909088 16.3 9.612604669781572
      vertex 78.49515566048791 27.7 10.66941869558779
      vertex 78.12536043909088 27.7 9.612604669781572
    endloop
  endfacet
  facet normal 0.9438833303083666 1.6167745827769005e-18 0.33027906195517004
    outer loop
      vertex 87.50484433951209 16.3 10.66941869558779
      vertex 87.87463956090912 16.3 9.61260466978157
      vertex 87.87463956090912 27.7 9.61260466978157
    endloop
  endfacet
  facet normal -0.9438833303083664 0 0.33027906195517054
    outer loop
      vertex 78.49515566048791 27.7 10.66941869558779
      vertex 78.12536043909088 16.3 9.612604669781572
      vertex 78.49515566048791 16.3 10.66941869558779
    endloop
  endfacet
  facet normal 0.9438833303083666 0 0.33027906195517004
    outer loop
      vertex 87.50484433951209 16.3 10.66941869558779
      vertex 87.87463956090912 27.7 9.61260466978157
      vertex 87.50484433951209 27.7 10.66941869558779
    endloop
  endfacet
  facet normal -0.8467241992282872 3.7156040586750536e-18 0.5320320765153317
    outer loop
      vertex 78.49515566048791 16.3 10.66941869558779
      vertex 79.09084258765985 16.3 11.617449009293669
      vertex 79.09084258765985 27.7 11.617449009293669
    endloop
  endfacet
  facet normal -0.8467241992282872 0 0.5320320765153317
    outer loop
      vertex 78.49515566048791 16.3 10.66941869558779
      vertex 79.09084258765985 27.7 11.617449009293669
      vertex 78.49515566048791 27.7 10.66941869558779
    endloop
  endfacet
  facet normal 0.8467241992282867 0 0.5320320765153324
    outer loop
      vertex 87.50484433951209 27.7 10.66941869558779
      vertex 86.90915741234015 16.3 11.617449009293667
      vertex 87.50484433951209 16.3 10.66941869558779
    endloop
  endfacet
  facet normal 0.8467241992282867 9.030150824876827e-19 0.5320320765153324
    outer loop
      vertex 87.50484433951209 27.7 10.66941869558779
      vertex 86.90915741234015 27.7 11.617449009293667
      vertex 86.90915741234015 16.3 11.617449009293667
    endloop
  endfacet
  facet normal -0.7071067811865451 0 0.7071067811865499
    outer loop
      vertex 79.09084258765985 16.3 11.617449009293669
      vertex 79.88255099070633 16.3 12.409157412340148
      vertex 79.09084258765985 27.7 11.617449009293669
    endloop
  endfacet
  facet normal -0.7071067811865451 0 0.7071067811865499
    outer loop
      vertex 79.88255099070633 16.3 12.409157412340148
      vertex 79.88255099070633 27.7 12.409157412340148
      vertex 79.09084258765985 27.7 11.617449009293669
    endloop
  endfacet
  facet normal -0.5320320765153391 0 0.8467241992282826
    outer loop
      vertex 79.88255099070633 16.3 12.409157412340148
      vertex 80.8305813044122 16.3 13.004844339512095
      vertex 79.88255099070633 27.7 12.409157412340148
    endloop
  endfacet
  facet normal 0.7071067811865468 0 0.7071067811865483
    outer loop
      vertex 86.11744900929367 16.3 12.40915741234015
      vertex 86.90915741234015 16.3 11.617449009293667
      vertex 86.11744900929367 27.7 12.40915741234015
    endloop
  endfacet
  facet normal 0.7071067811865468 0 0.7071067811865483
    outer loop
      vertex 86.90915741234015 16.3 11.617449009293667
      vertex 86.90915741234015 27.7 11.617449009293667
      vertex 86.11744900929367 27.7 12.40915741234015
    endloop
  endfacet
  facet normal 0.532032076515338 0 0.8467241992282832
    outer loop
      vertex 86.11744900929367 16.3 12.40915741234015
      vertex 86.11744900929367 27.7 12.40915741234015
      vertex 85.1694186955878 27.7 13.004844339512095
    endloop
  endfacet
  facet normal -0.5320320765153391 0 0.8467241992282826
    outer loop
      vertex 80.8305813044122 16.3 13.004844339512095
      vertex 80.8305813044122 27.7 13.004844339512095
      vertex 79.88255099070633 27.7 12.409157412340148
    endloop
  endfacet
  facet normal -0.33027906195516776 0 0.9438833303083672
    outer loop
      vertex 80.8305813044122 16.3 13.004844339512095
      vertex 81.88739533021842 16.3 13.374639560909118
      vertex 80.8305813044122 27.7 13.004844339512095
    endloop
  endfacet
  facet normal -0.11196447610330719 0 0.9937122098932427
    outer loop
      vertex 81.88739533021842 16.3 13.374639560909118
      vertex 83 16.3 13.5
      vertex 81.88739533021842 27.7 13.374639560909118
    endloop
  endfacet
  facet normal -0.33027906195516776 0 0.9438833303083672
    outer loop
      vertex 81.88739533021842 16.3 13.374639560909118
      vertex 81.88739533021842 27.7 13.374639560909118
      vertex 80.8305813044122 27.7 13.004844339512095
    endloop
  endfacet
  facet normal -0.11196447610330719 0 0.9937122098932427
    outer loop
      vertex 83 16.3 13.5
      vertex 83 27.7 13.5
      vertex 81.88739533021842 27.7 13.374639560909118
    endloop
  endfacet
  facet normal 0.532032076515338 0 0.8467241992282832
    outer loop
      vertex 85.1694186955878 16.3 13.004844339512095
      vertex 86.11744900929367 16.3 12.40915741234015
      vertex 85.1694186955878 27.7 13.004844339512095
    endloop
  endfacet
  facet normal 0.33027906195516776 0 0.9438833303083672
    outer loop
      vertex 84.11260466978158 16.3 13.374639560909118
      vertex 85.1694186955878 16.3 13.004844339512095
      vertex 84.11260466978158 27.7 13.374639560909118
    endloop
  endfacet
  facet normal 0.11196447610330719 0 0.9937122098932427
    outer loop
      vertex 83 16.3 13.5
      vertex 84.11260466978158 16.3 13.374639560909118
      vertex 83 27.7 13.5
    endloop
  endfacet
  facet normal 0.33027906195516776 0 0.9438833303083672
    outer loop
      vertex 85.1694186955878 16.3 13.004844339512095
      vertex 85.1694186955878 27.7 13.004844339512095
      vertex 84.11260466978158 27.7 13.374639560909118
    endloop
  endfacet
  facet normal 0.11196447610330719 0 0.9937122098932427
    outer loop
      vertex 84.11260466978158 16.3 13.374639560909118
      vertex 84.11260466978158 27.7 13.374639560909118
      vertex 83 27.7 13.5
    endloop
  endfacet
  facet normal 0.11196447610330643 -1.1738101263293823e-16 -0.9937122098932428
    outer loop
      vertex 84.11260466978158 40.3 3.6253604390908816
      vertex 83.3588621141857 40.3 3.5404340494240722
      vertex 83.241860775271 51.7 3.527251164596302
    endloop
  endfacet
  facet normal 0.33027906195516704 1.0858638005661715e-18 -0.9438833303083676
    outer loop
      vertex 84.11260466978158 40.3 3.6253604390908816
      vertex 85.1694186955878 51.7 3.995155660487904
      vertex 85.1694186955878 40.3 3.995155660487904
    endloop
  endfacet
  facet normal 0.11196447610330795 0 -0.9937122098932426
    outer loop
      vertex 84.11260466978158 40.3 3.6253604390908816
      vertex 83.241860775271 51.7 3.527251164596302
      vertex 84.11260466978158 51.7 3.6253604390908816
    endloop
  endfacet
  facet normal 0.33027906195516704 0 -0.9438833303083676
    outer loop
      vertex 84.11260466978158 40.3 3.6253604390908816
      vertex 84.11260466978158 51.7 3.6253604390908816
      vertex 85.1694186955878 51.7 3.995155660487904
    endloop
  endfacet
  facet normal 0.5320320765153391 0 -0.8467241992282826
    outer loop
      vertex 85.1694186955878 40.3 3.995155660487904
      vertex 85.1694186955878 51.7 3.995155660487904
      vertex 86.11744900929367 51.7 4.590842587659851
    endloop
  endfacet
  facet normal 0.5320320765153391 0 -0.8467241992282826
    outer loop
      vertex 86.11744900929367 40.3 4.590842587659851
      vertex 85.1694186955878 40.3 3.995155660487904
      vertex 86.11744900929367 51.7 4.590842587659851
    endloop
  endfacet
  facet normal 0.7071067811865462 0 -0.7071067811865487
    outer loop
      vertex 86.11744900929367 40.3 4.590842587659851
      vertex 86.11744900929367 51.7 4.590842587659851
      vertex 86.90915741234015 51.7 5.382550990706333
    endloop
  endfacet
  facet normal 0.7071067811865462 0 -0.7071067811865487
    outer loop
      vertex 86.90915741234015 40.3 5.382550990706333
      vertex 86.11744900929367 40.3 4.590842587659851
      vertex 86.90915741234015 51.7 5.382550990706333
    endloop
  endfacet
  facet normal 0.8467241992282868 -9.030150824876821e-19 -0.5320320765153325
    outer loop
      vertex 87.50484433951209 40.3 6.33058130441221
      vertex 86.90915741234015 40.3 5.382550990706333
      vertex 86.90915741234015 51.7 5.382550990706333
    endloop
  endfacet
  facet normal 0.9438833303083664 0 -0.3302790619551706
    outer loop
      vertex 87.50484433951209 51.7 6.33058130441221
      vertex 87.87463956090912 40.3 7.387395330218428
      vertex 87.50484433951209 40.3 6.33058130441221
    endloop
  endfacet
  facet normal 0.8467241992282868 0 -0.5320320765153325
    outer loop
      vertex 87.50484433951209 40.3 6.33058130441221
      vertex 86.90915741234015 51.7 5.382550990706333
      vertex 87.50484433951209 51.7 6.33058130441221
    endloop
  endfacet
  facet normal 0.9438833303083664 -8.924264092728646e-19 -0.3302790619551706
    outer loop
      vertex 87.50484433951209 51.7 6.33058130441221
      vertex 87.87463956090912 51.7 7.387395330218428
      vertex 87.87463956090912 40.3 7.387395330218428
    endloop
  endfacet
  facet normal 0.9937122098932425 0 -0.11196447610330912
    outer loop
      vertex 87.87463956090912 51.7 7.387395330218428
      vertex 88 40.3 8.5
      vertex 87.87463956090912 40.3 7.387395330218428
    endloop
  endfacet
  facet normal 0.9937122098932425 0 -0.11196447610330912
    outer loop
      vertex 88 40.3 8.5
      vertex 87.87463956090912 51.7 7.387395330218428
      vertex 88 51.7 8.5
    endloop
  endfacet
  facet normal -0.9937122098932425 0 0.11196447610330912
    outer loop
      vertex 78.12536043909088 51.7 9.612604669781572
      vertex 78 40.3 8.5
      vertex 78.12536043909088 40.3 9.612604669781572
    endloop
  endfacet
  facet normal -0.9937122098932425 0 0.11196447610330912
    outer loop
      vertex 78 40.3 8.5
      vertex 78.12536043909088 51.7 9.612604669781572
      vertex 78 51.7 8.5
    endloop
  endfacet
  facet normal 0.9937122098932425 -2.1112566823873693e-19 0.1119644761033093
    outer loop
      vertex 87.87463956090912 40.3 9.61260466978157
      vertex 88 40.3 8.5
      vertex 88 51.7 8.5
    endloop
  endfacet
  facet normal 0.9937122098932425 0 0.1119644761033093
    outer loop
      vertex 87.87463956090912 40.3 9.61260466978157
      vertex 88 51.7 8.5
      vertex 87.87463956090912 51.7 9.61260466978157
    endloop
  endfacet
  facet normal -0.9438833303083664 0 0.3302790619551706
    outer loop
      vertex 78.12536043909088 40.3 9.612604669781572
      vertex 78.49515566048791 51.7 10.66941869558779
      vertex 78.12536043909088 51.7 9.612604669781572
    endloop
  endfacet
  facet normal 0.9438833303083665 1.6167745827768995e-18 0.33027906195517004
    outer loop
      vertex 87.50484433951209 40.3 10.66941869558779
      vertex 87.87463956090912 40.3 9.61260466978157
      vertex 87.87463956090912 51.7 9.61260466978157
    endloop
  endfacet
  facet normal -0.9438833303083664 0 0.3302790619551706
    outer loop
      vertex 78.49515566048791 51.7 10.66941869558779
      vertex 78.12536043909088 40.3 9.612604669781572
      vertex 78.49515566048791 40.3 10.66941869558779
    endloop
  endfacet
  facet normal 0.9438833303083665 0 0.33027906195517004
    outer loop
      vertex 87.50484433951209 40.3 10.66941869558779
      vertex 87.87463956090912 51.7 9.61260466978157
      vertex 87.50484433951209 51.7 10.66941869558779
    endloop
  endfacet
  facet normal -0.8467241992282871 3.715604058675051e-18 0.5320320765153317
    outer loop
      vertex 78.49515566048791 40.3 10.66941869558779
      vertex 79.09084258765985 40.3 11.617449009293669
      vertex 79.09084258765985 51.7 11.617449009293669
    endloop
  endfacet
  facet normal -0.8467241992282871 0 0.5320320765153317
    outer loop
      vertex 78.49515566048791 40.3 10.66941869558779
      vertex 79.09084258765985 51.7 11.617449009293669
      vertex 78.49515566048791 51.7 10.66941869558779
    endloop
  endfacet
  facet normal 0.8467241992282868 0 0.5320320765153325
    outer loop
      vertex 87.50484433951209 51.7 10.66941869558779
      vertex 86.90915741234015 40.3 11.617449009293667
      vertex 87.50484433951209 40.3 10.66941869558779
    endloop
  endfacet
  facet normal 0.8467241992282868 9.030150824876821e-19 0.5320320765153325
    outer loop
      vertex 87.50484433951209 51.7 10.66941869558779
      vertex 86.90915741234015 51.7 11.617449009293667
      vertex 86.90915741234015 40.3 11.617449009293667
    endloop
  endfacet
  facet normal -0.7071067811865451 0 0.70710678118655
    outer loop
      vertex 79.09084258765985 40.3 11.617449009293669
      vertex 79.88255099070633 40.3 12.409157412340148
      vertex 79.09084258765985 51.7 11.617449009293669
    endloop
  endfacet
  facet normal -0.5320320765153391 0 0.8467241992282826
    outer loop
      vertex 79.88255099070633 40.3 12.409157412340148
      vertex 80.8305813044122 40.3 13.004844339512095
      vertex 79.88255099070633 51.7 12.409157412340148
    endloop
  endfacet
  facet normal -0.7071067811865451 0 0.70710678118655
    outer loop
      vertex 79.88255099070633 40.3 12.409157412340148
      vertex 79.88255099070633 51.7 12.409157412340148
      vertex 79.09084258765985 51.7 11.617449009293669
    endloop
  endfacet
  facet normal 0.7071067811865467 0 0.7071067811865485
    outer loop
      vertex 86.11744900929367 40.3 12.40915741234015
      vertex 86.90915741234015 40.3 11.617449009293667
      vertex 86.11744900929367 51.7 12.40915741234015
    endloop
  endfacet
  facet normal 0.7071067811865467 0 0.7071067811865485
    outer loop
      vertex 86.90915741234015 40.3 11.617449009293667
      vertex 86.90915741234015 51.7 11.617449009293667
      vertex 86.11744900929367 51.7 12.40915741234015
    endloop
  endfacet
  facet normal 0.532032076515338 0 0.8467241992282832
    outer loop
      vertex 86.11744900929367 40.3 12.40915741234015
      vertex 86.11744900929367 51.7 12.40915741234015
      vertex 85.1694186955878 51.7 13.004844339512095
    endloop
  endfacet
  facet normal -0.33027906195516776 6.902057585983639e-19 0.9438833303083674
    outer loop
      vertex 81.88739533021842 40.3 13.374639560909118
      vertex 80.8305813044122 51.7 13.004844339512095
      vertex 80.8305813044122 40.3 13.004844339512095
    endloop
  endfacet
  facet normal -0.1119644761033072 0 0.9937122098932427
    outer loop
      vertex 81.88739533021842 40.3 13.374639560909118
      vertex 83 40.3 13.5
      vertex 81.88739533021842 51.7 13.374639560909118
    endloop
  endfacet
  facet normal -0.5320320765153391 0 0.8467241992282826
    outer loop
      vertex 80.8305813044122 40.3 13.004844339512095
      vertex 80.8305813044122 51.7 13.004844339512095
      vertex 79.88255099070633 51.7 12.409157412340148
    endloop
  endfacet
  facet normal -0.33027906195516776 0 0.9438833303083674
    outer loop
      vertex 81.88739533021842 40.3 13.374639560909118
      vertex 81.88739533021842 51.7 13.374639560909118
      vertex 80.8305813044122 51.7 13.004844339512095
    endloop
  endfacet
  facet normal -0.1119644761033072 0 0.9937122098932427
    outer loop
      vertex 83 40.3 13.5
      vertex 83 51.7 13.5
      vertex 81.88739533021842 51.7 13.374639560909118
    endloop
  endfacet
  facet normal 0.532032076515338 0 0.8467241992282832
    outer loop
      vertex 85.1694186955878 40.3 13.004844339512095
      vertex 86.11744900929367 40.3 12.40915741234015
      vertex 85.1694186955878 51.7 13.004844339512095
    endloop
  endfacet
  facet normal 0.33027906195516776 0 0.9438833303083674
    outer loop
      vertex 84.11260466978158 40.3 13.374639560909118
      vertex 85.1694186955878 40.3 13.004844339512095
      vertex 84.11260466978158 51.7 13.374639560909118
    endloop
  endfacet
  facet normal 0.1119644761033072 0 0.9937122098932427
    outer loop
      vertex 83 40.3 13.5
      vertex 84.11260466978158 40.3 13.374639560909118
      vertex 83 51.7 13.5
    endloop
  endfacet
  facet normal 0.33027906195516776 0 0.9438833303083674
    outer loop
      vertex 85.1694186955878 40.3 13.004844339512095
      vertex 85.1694186955878 51.7 13.004844339512095
      vertex 84.11260466978158 51.7 13.374639560909118
    endloop
  endfacet
  facet normal 0.1119644761033072 0 0.9937122098932427
    outer loop
      vertex 84.11260466978158 40.3 13.374639560909118
      vertex 84.11260466978158 51.7 13.374639560909118
      vertex 83 51.7 13.5
    endloop
  endfacet
  facet normal 0.3302790619551676 8.237677692122421e-17 -0.9438833303083675
    outer loop
      vertex 84.71000000089407 67.61999999731779 3.834398106396406
      vertex 85.1694186955878 64.3 3.995155660487904
      vertex 84.35127628782298 64.3 3.708875250287181
    endloop
  endfacet
  facet normal 0.33027906195516704 9.227000511335152e-19 -0.9438833303083676
    outer loop
      vertex 84.71000000089407 67.61999999731779 3.834398106396406
      vertex 85.1694186955878 75.7 3.995155660487904
      vertex 85.1694186955878 64.3 3.995155660487904
    endloop
  endfacet
  facet normal 0.5320320765153391 0 -0.8467241992282826
    outer loop
      vertex 86.11744900929367 75.7 4.590842587659851
      vertex 86.11744900929367 64.3 4.590842587659851
      vertex 85.1694186955878 64.3 3.995155660487904
    endloop
  endfacet
  facet normal 0.7071067811865462 0 -0.7071067811865487
    outer loop
      vertex 86.90915741234015 75.7 5.382550990706333
      vertex 86.90915741234015 64.3 5.382550990706333
      vertex 86.11744900929367 64.3 4.590842587659851
    endloop
  endfacet
  facet normal 0.8467241992282868 0 -0.5320320765153325
    outer loop
      vertex 86.90915741234015 75.7 5.382550990706333
      vertex 87.50484433951209 64.3 6.33058130441221
      vertex 86.90915741234015 64.3 5.382550990706333
    endloop
  endfacet
  facet normal 0.9438833303083664 0 -0.3302790619551706
    outer loop
      vertex 87.50484433951209 75.7 6.33058130441221
      vertex 87.87463956090912 64.3 7.387395330218428
      vertex 87.50484433951209 64.3 6.33058130441221
    endloop
  endfacet
  facet normal -0.11196447610330756 -8.0116807125314255e-19 -0.9937122098932425
    outer loop
      vertex 82.5300000011921 73.79999999701977 3.5529562816187354
      vertex 83 75.7 3.5
      vertex 83 72.8948148142677 3.5
    endloop
  endfacet
  facet normal -0.11196447610330702 -1.3726719391289157e-16 -0.9937122098932426
    outer loop
      vertex 82.5300000011921 73.79999999701977 3.5529562816187354
      vertex 81.88739533021842 74.3292038450293 3.6253604390908816
      vertex 83 75.7 3.5
    endloop
  endfacet
  facet normal -0.11196447610330719 0 -0.9937122098932427
    outer loop
      vertex 81.88739533021842 74.3292038450293 3.6253604390908816
      vertex 81.88739533021842 75.7 3.6253604390908816
      vertex 83 75.7 3.5
    endloop
  endfacet
  facet normal -0.33027906195516704 0 -0.9438833303083677
    outer loop
      vertex 81.88739533021842 74.3292038450293 3.6253604390908816
      vertex 80.8305813044122 75.19952128022581 3.995155660487904
      vertex 81.88739533021842 75.7 3.6253604390908816
    endloop
  endfacet
  facet normal -0.5320320765153125 0 -0.8467241992282992
    outer loop
      vertex 80.8305813044122 75.19952128022581 3.995155660487904
      vertex 80.82999999821186 75.20000000298023 3.995520919382291
      vertex 80.8305813044122 75.7 3.995155660487904
    endloop
  endfacet
  facet normal 0 1 0
    outer loop
      vertex 81.88739533021842 75.7 3.6253604390908816
      vertex 80.8305813044122 75.7 3.995155660487904
      vertex 84.11260466978158 75.7 3.6253604390908816
    endloop
  endfacet
  facet normal -0.330279061955167 0 -0.9438833303083675
    outer loop
      vertex 80.8305813044122 75.19952128022581 3.995155660487904
      vertex 80.8305813044122 75.7 3.995155660487904
      vertex 81.88739533021842 75.7 3.6253604390908816
    endloop
  endfacet
  facet normal -0.5320320765153397 4.398328593857931e-17 -0.8467241992282821
    outer loop
      vertex 80.82999999821186 75.20000000298023 3.995520919382291
      vertex 79.88255099070633 75.60799239863758 4.590842587659852
      vertex 80.8305813044122 75.7 3.995155660487904
    endloop
  endfacet
  facet normal 0 1 0
    outer loop
      vertex 80.8305813044122 75.7 3.995155660487904
      vertex 79.88255099070633 75.7 4.590842587659852
      vertex 85.1694186955878 75.7 3.995155660487904
    endloop
  endfacet
  facet normal 0.3302790619551669 4.295790224857874e-17 -0.9438833303083676
    outer loop
      vertex 84.42000000178814 70.15999999642372 3.7329227178646325
      vertex 84.11260466978158 70.75202063575401 3.6253604390908816
      vertex 85.1694186955878 75.7 3.995155660487904
    endloop
  endfacet
  facet normal 0.11196447610330719 0 -0.9937122098932427
    outer loop
      vertex 84.11260466978158 70.75202063575401 3.6253604390908816
      vertex 83 72.8948148142677 3.5
      vertex 84.11260466978158 75.7 3.6253604390908816
    endloop
  endfacet
  facet normal 0.1119644761033072 0 -0.9937122098932427
    outer loop
      vertex 83 72.8948148142677 3.5
      vertex 83 75.7 3.5
      vertex 84.11260466978158 75.7 3.6253604390908816
    endloop
  endfacet
  facet normal 0.33027906195516704 0 -0.9438833303083677
    outer loop
      vertex 84.11260466978158 70.75202063575401 3.6253604390908816
      vertex 84.11260466978158 75.7 3.6253604390908816
      vertex 85.1694186955878 75.7 3.995155660487904
    endloop
  endfacet
  facet normal 0.33027906195516715 -7.193052658436094e-18 -0.9438833303083675
    outer loop
      vertex 84.42000000178814 70.15999999642372 3.7329227178646325
      vertex 85.1694186955878 75.7 3.995155660487904
      vertex 84.71000000089407 67.61999999731779 3.834398106396406
    endloop
  endfacet
  facet normal 0.5320320765153391 0 -0.8467241992282826
    outer loop
      vertex 85.1694186955878 75.7 3.995155660487904
      vertex 86.11744900929367 75.7 4.590842587659851
      vertex 85.1694186955878 64.3 3.995155660487904
    endloop
  endfacet
  facet normal 0 1 0
    outer loop
      vertex 81.88739533021842 75.7 3.6253604390908816
      vertex 84.11260466978158 75.7 3.6253604390908816
      vertex 83 75.7 3.5
    endloop
  endfacet
  facet normal 0 1 0
    outer loop
      vertex 80.8305813044122 75.7 3.995155660487904
      vertex 85.1694186955878 75.7 3.995155660487904
      vertex 84.11260466978158 75.7 3.6253604390908816
    endloop
  endfacet
  facet normal -0.5320320765153397 4.726961636238072e-16 -0.8467241992282821
    outer loop
      vertex 80.8305813044122 75.7 3.995155660487904
      vertex 79.88255099070633 75.60799239863758 4.590842587659852
      vertex 79.88255099070633 75.7 4.590842587659852
    endloop
  endfacet
  facet normal -0.707106781186546 0 -0.707106781186549
    outer loop
      vertex 79.88255099070633 75.7 4.590842587659852
      vertex 79.88255099070633 75.60799239863758 4.590842587659852
      vertex 79.66888889425147 75.7 4.804504684114719
    endloop
  endfacet
  facet normal 0.7071067811865462 0 -0.7071067811865487
    outer loop
      vertex 86.11744900929367 75.7 4.590842587659851
      vertex 86.90915741234015 75.7 5.382550990706333
      vertex 86.11744900929367 64.3 4.590842587659851
    endloop
  endfacet
  facet normal 0 1 0
    outer loop
      vertex 85.1694186955878 75.7 3.995155660487904
      vertex 79.88255099070633 75.7 4.590842587659852
      vertex 86.11744900929367 75.7 4.590842587659851
    endloop
  endfacet
  facet normal 0 1 0
    outer loop
      vertex 79.88255099070633 75.7 4.590842587659852
      vertex 79.66888889425147 75.7 8.5
      vertex 86.11744900929367 75.7 4.590842587659851
    endloop
  endfacet
  facet normal 0 1 0
    outer loop
      vertex 79.88255099070633 75.7 4.590842587659852
      vertex 79.66888889425147 75.7 4.804504684114719
      vertex 79.66888889425147 75.7 8.5
    endloop
  endfacet
  facet normal 0.8467241992282868 -9.030150824876821e-19 -0.5320320765153325
    outer loop
      vertex 86.90915741234015 75.7 5.382550990706333
      vertex 87.50484433951209 75.7 6.33058130441221
      vertex 87.50484433951209 64.3 6.33058130441221
    endloop
  endfacet
  facet normal 0 1 0
    outer loop
      vertex 86.11744900929367 75.7 4.590842587659851
      vertex 79.66888889425147 75.7 8.5
      vertex 86.90915741234015 75.7 5.382550990706333
    endloop
  endfacet
  facet normal 0 1 0
    outer loop
      vertex 86.90915741234015 75.7 5.382550990706333
      vertex 83.21139488725849 75.7 7.573818483427267
      vertex 87.50484433951209 75.7 6.33058130441221
    endloop
  endfacet
  facet normal 0.9937122098932425 0 -0.11196447610330912
    outer loop
      vertex 87.87463956090912 75.7 7.387395330218428
      vertex 88 64.3 8.5
      vertex 87.87463956090912 64.3 7.387395330218428
    endloop
  endfacet
  facet normal -0.9937122098932425 0 0.11196447610330912
    outer loop
      vertex 78.12536043909088 75.7 9.612604669781572
      vertex 78 64.3 8.5
      vertex 78.12536043909088 64.3 9.612604669781572
    endloop
  endfacet
  facet normal 0.9937122098932425 0 0.1119644761033093
    outer loop
      vertex 88 75.7 8.5
      vertex 87.87463956090912 64.3 9.61260466978157
      vertex 88 64.3 8.5
    endloop
  endfacet
  facet normal 0.9438833303083665 0 0.33027906195517004
    outer loop
      vertex 87.87463956090912 75.7 9.61260466978157
      vertex 87.50484433951209 64.3 10.66941869558779
      vertex 87.87463956090912 64.3 9.61260466978157
    endloop
  endfacet
  facet normal 0.9438833303083664 -8.924264092728646e-19 -0.3302790619551706
    outer loop
      vertex 87.50484433951209 75.7 6.33058130441221
      vertex 87.87463956090912 75.7 7.387395330218428
      vertex 87.87463956090912 64.3 7.387395330218428
    endloop
  endfacet
  facet normal 0 1 0
    outer loop
      vertex 86.90915741234015 75.7 5.382550990706333
      vertex 82.78860511274151 75.7 7.573818483427267
      vertex 83 75.7 7.55
    endloop
  endfacet
  facet normal 0 1 0
    outer loop
      vertex 86.90915741234015 75.7 5.382550990706333
      vertex 83 75.7 7.55
      vertex 83.21139488725849 75.7 7.573818483427267
    endloop
  endfacet
  facet normal 0 1 0
    outer loop
      vertex 86.90915741234015 75.7 5.382550990706333
      vertex 79.66888889425147 75.7 8.5
      vertex 82.78860511274151 75.7 7.573818483427267
    endloop
  endfacet
  facet normal 0 1 0
    outer loop
      vertex 87.50484433951209 75.7 6.33058130441221
      vertex 83.21139488725849 75.7 7.573818483427267
      vertex 83.41218955216168 75.7 7.644079575492702
    endloop
  endfacet
  facet normal 0 1 0
    outer loop
      vertex 87.50484433951209 75.7 6.33058130441221
      vertex 83.41218955216168 75.7 7.644079575492702
      vertex 83.5923153117658 75.7 7.757260091655372
    endloop
  endfacet
  facet normal 0 1 0
    outer loop
      vertex 87.50484433951209 75.7 6.33058130441221
      vertex 83.5923153117658 75.7 7.757260091655372
      vertex 83.74273990834463 75.7 7.907684688234204
    endloop
  endfacet
  facet normal 0 1 0
    outer loop
      vertex 87.50484433951209 75.7 6.33058130441221
      vertex 83.74273990834463 75.7 7.907684688234204
      vertex 83.8559204245073 75.7 8.08781044783832
    endloop
  endfacet
  facet normal 0 1 0
    outer loop
      vertex 87.50484433951209 75.7 6.33058130441221
      vertex 83.8559204245073 75.7 8.08781044783832
      vertex 87.87463956090912 75.7 7.387395330218428
    endloop
  endfacet
  facet normal 0 1 0
    outer loop
      vertex 79.66888889425147 75.7 8.5
      vertex 82.4076846882342 75.7 7.757260091655372
      vertex 82.58781044783832 75.7 7.644079575492702
    endloop
  endfacet
  facet normal 0 1 0
    outer loop
      vertex 79.66888889425147 75.7 8.5
      vertex 82.58781044783832 75.7 7.644079575492702
      vertex 82.78860511274151 75.7 7.573818483427267
    endloop
  endfacet
  facet normal 0 1 0
    outer loop
      vertex 79.66888889425147 75.7 8.5
      vertex 82.25726009165537 75.7 7.907684688234203
      vertex 82.4076846882342 75.7 7.757260091655372
    endloop
  endfacet
  facet normal 0 1 0
    outer loop
      vertex 79.66888889425147 75.7 8.5
      vertex 82.1440795754927 75.7 8.08781044783832
      vertex 82.25726009165537 75.7 7.907684688234203
    endloop
  endfacet
  facet normal 0 1 0
    outer loop
      vertex 79.66888889425147 75.7 8.5
      vertex 82.07381848342727 75.7 8.288605112741502
      vertex 82.1440795754927 75.7 8.08781044783832
    endloop
  endfacet
  facet normal 0 1 0
    outer loop
      vertex 79.66888889425147 75.7 8.5
      vertex 82.05 75.7 8.5
      vertex 82.07381848342727 75.7 8.288605112741502
    endloop
  endfacet
  facet normal 0.9937122098932425 2.6128791663709615e-19 -0.11196447610330912
    outer loop
      vertex 87.87463956090912 75.7 7.387395330218428
      vertex 88 75.7 8.5
      vertex 88 64.3 8.5
    endloop
  endfacet
  facet normal 0 1 0
    outer loop
      vertex 87.87463956090912 75.7 7.387395330218428
      vertex 83.8559204245073 75.7 8.08781044783832
      vertex 83.92618151657273 75.7 8.288605112741502
    endloop
  endfacet
  facet normal 0 1 0
    outer loop
      vertex 87.87463956090912 75.7 7.387395330218428
      vertex 83.92618151657273 75.7 8.288605112741502
      vertex 83.95 75.7 8.5
    endloop
  endfacet
  facet normal 0 1 0
    outer loop
      vertex 87.87463956090912 75.7 7.387395330218428
      vertex 83.95 75.7 8.5
      vertex 88 75.7 8.5
    endloop
  endfacet
  facet normal -0.9937122098932425 0 0.11196447610330912
    outer loop
      vertex 78 75.7 8.5
      vertex 78 64.3 8.5
      vertex 78.12536043909088 75.7 9.612604669781572
    endloop
  endfacet
  facet normal 0 1 0
    outer loop
      vertex 79.66888889425147 75.7 8.5
      vertex 82.07381848342727 75.7 8.711394887258498
      vertex 82.05 75.7 8.5
    endloop
  endfacet
  facet normal 0 1 0
    outer loop
      vertex 79.66888889425147 75.7 8.5
      vertex 82.1440795754927 75.7 8.91218955216168
      vertex 82.07381848342727 75.7 8.711394887258498
    endloop
  endfacet
  facet normal 0 1 0
    outer loop
      vertex 79.66888889425147 75.7 8.5
      vertex 82.25726009165537 75.7 9.092315311765796
      vertex 82.1440795754927 75.7 8.91218955216168
    endloop
  endfacet
  facet normal 0 1 0
    outer loop
      vertex 78 75.7 8.5
      vertex 78.12536043909088 75.7 9.612604669781572
      vertex 79.66888889425147 75.7 8.5
    endloop
  endfacet
  facet normal 0 1 0
    outer loop
      vertex 79.66888889425147 75.7 8.5
      vertex 78.12536043909088 75.7 9.612604669781572
      vertex 82.25726009165537 75.7 9.092315311765796
    endloop
  endfacet
  facet normal 0.9937122098932425 -2.1112566823873693e-19 0.1119644761033093
    outer loop
      vertex 88 75.7 8.5
      vertex 87.87463956090912 75.7 9.61260466978157
      vertex 87.87463956090912 64.3 9.61260466978157
    endloop
  endfacet
  facet normal 0 1 0
    outer loop
      vertex 88 75.7 8.5
      vertex 83.95 75.7 8.5
      vertex 83.92618151657273 75.7 8.711394887258498
    endloop
  endfacet
  facet normal 0 1 0
    outer loop
      vertex 88 75.7 8.5
      vertex 83.92618151657273 75.7 8.711394887258498
      vertex 83.8559204245073 75.7 8.91218955216168
    endloop
  endfacet
  facet normal 0 1 0
    outer loop
      vertex 88 75.7 8.5
      vertex 83.8559204245073 75.7 8.91218955216168
      vertex 83.74273990834463 75.7 9.092315311765796
    endloop
  endfacet
  facet normal 0 1 0
    outer loop
      vertex 88 75.7 8.5
      vertex 83.74273990834463 75.7 9.092315311765796
      vertex 87.87463956090912 75.7 9.61260466978157
    endloop
  endfacet
  facet normal -0.9438833303083664 0 0.3302790619551706
    outer loop
      vertex 78.12536043909088 75.7 9.612604669781572
      vertex 78.12536043909088 64.3 9.612604669781572
      vertex 78.49515566048791 75.7 10.66941869558779
    endloop
  endfacet
  facet normal 0 1 0
    outer loop
      vertex 78.12536043909088 75.7 9.612604669781572
      vertex 82.4076846882342 75.7 9.242739908344628
      vertex 82.25726009165537 75.7 9.092315311765796
    endloop
  endfacet
  facet normal 0 1 0
    outer loop
      vertex 78.12536043909088 75.7 9.612604669781572
      vertex 82.58781044783832 75.7 9.355920424507298
      vertex 82.4076846882342 75.7 9.242739908344628
    endloop
  endfacet
  facet normal 0 1 0
    outer loop
      vertex 78.12536043909088 75.7 9.612604669781572
      vertex 82.78860511274151 75.7 9.426181516572733
      vertex 82.58781044783832 75.7 9.355920424507298
    endloop
  endfacet
  facet normal 0 1 0
    outer loop
      vertex 78.12536043909088 75.7 9.612604669781572
      vertex 83 75.7 9.45
      vertex 82.78860511274151 75.7 9.426181516572733
    endloop
  endfacet
  facet normal 0 1 0
    outer loop
      vertex 78.12536043909088 75.7 9.612604669781572
      vertex 78.49515566048791 75.7 10.66941869558779
      vertex 87.87463956090912 75.7 9.61260466978157
    endloop
  endfacet
  facet normal 0 1 0
    outer loop
      vertex 87.87463956090912 75.7 9.61260466978157
      vertex 83.74273990834463 75.7 9.092315311765796
      vertex 83.5923153117658 75.7 9.242739908344628
    endloop
  endfacet
  facet normal 0 1 0
    outer loop
      vertex 87.87463956090912 75.7 9.61260466978157
      vertex 83.5923153117658 75.7 9.242739908344628
      vertex 83.41218955216168 75.7 9.355920424507298
    endloop
  endfacet
  facet normal 0 1 0
    outer loop
      vertex 87.87463956090912 75.7 9.61260466978157
      vertex 83.41218955216168 75.7 9.355920424507298
      vertex 83.21139488725849 75.7 9.426181516572733
    endloop
  endfacet
  facet normal 0 1 0
    outer loop
      vertex 78.12536043909088 75.7 9.612604669781572
      vertex 87.87463956090912 75.7 9.61260466978157
      vertex 83 75.7 9.45
    endloop
  endfacet
  facet normal 0 1 0
    outer loop
      vertex 87.87463956090912 75.7 9.61260466978157
      vertex 83.21139488725849 75.7 9.426181516572733
      vertex 83 75.7 9.45
    endloop
  endfacet
  facet normal -0.9438833303083664 0 0.3302790619551706
    outer loop
      vertex 78.49515566048791 75.7 10.66941869558779
      vertex 78.12536043909088 64.3 9.612604669781572
      vertex 78.49515566048791 64.3 10.66941869558779
    endloop
  endfacet
  facet normal -0.8467241992282871 0 0.5320320765153317
    outer loop
      vertex 79.09084258765985 75.7 11.617449009293669
      vertex 78.49515566048791 64.3 10.66941869558779
      vertex 79.09084258765985 64.3 11.617449009293669
    endloop
  endfacet
  facet normal 0.8467241992282868 0 0.5320320765153325
    outer loop
      vertex 87.50484433951209 75.7 10.66941869558779
      vertex 86.90915741234015 64.3 11.617449009293667
      vertex 87.50484433951209 64.3 10.66941869558779
    endloop
  endfacet
  facet normal -0.7071067811865451 0 0.70710678118655
    outer loop
      vertex 79.09084258765985 75.7 11.617449009293669
      vertex 79.09084258765985 64.3 11.617449009293669
      vertex 79.88255099070633 64.3 12.409157412340148
    endloop
  endfacet
  facet normal -0.5320320765153391 0 0.8467241992282826
    outer loop
      vertex 79.88255099070633 75.7 12.409157412340148
      vertex 79.88255099070633 64.3 12.409157412340148
      vertex 80.8305813044122 64.3 13.004844339512095
    endloop
  endfacet
  facet normal 0.7071067811865467 0 0.7071067811865485
    outer loop
      vertex 86.11744900929367 75.7 12.40915741234015
      vertex 86.11744900929367 64.3 12.40915741234015
      vertex 86.90915741234015 64.3 11.617449009293667
    endloop
  endfacet
  facet normal -0.33027906195516776 0 0.9438833303083674
    outer loop
      vertex 80.8305813044122 75.7 13.004844339512095
      vertex 80.8305813044122 64.3 13.004844339512095
      vertex 81.88739533021842 64.3 13.374639560909118
    endloop
  endfacet
  facet normal -0.1119644761033072 0 0.9937122098932427
    outer loop
      vertex 81.88739533021842 75.7 13.374639560909118
      vertex 81.88739533021842 64.3 13.374639560909118
      vertex 83 64.3 13.5
    endloop
  endfacet
  facet normal 0.532032076515338 0 0.8467241992282832
    outer loop
      vertex 85.1694186955878 75.7 13.004844339512095
      vertex 85.1694186955878 64.3 13.004844339512095
      vertex 86.11744900929367 64.3 12.40915741234015
    endloop
  endfacet
  facet normal 0.33027906195516776 0 0.9438833303083674
    outer loop
      vertex 84.11260466978158 75.7 13.374639560909118
      vertex 84.11260466978158 64.3 13.374639560909118
      vertex 85.1694186955878 64.3 13.004844339512095
    endloop
  endfacet
  facet normal 0.1119644761033072 0 0.9937122098932427
    outer loop
      vertex 83 75.7 13.5
      vertex 83 64.3 13.5
      vertex 84.11260466978158 64.3 13.374639560909118
    endloop
  endfacet
  facet normal 0.9438833303083665 1.6167745827768995e-18 0.33027906195517004
    outer loop
      vertex 87.87463956090912 75.7 9.61260466978157
      vertex 87.50484433951209 75.7 10.66941869558779
      vertex 87.50484433951209 64.3 10.66941869558779
    endloop
  endfacet
  facet normal 0 1 0
    outer loop
      vertex 87.87463956090912 75.7 9.61260466978157
      vertex 78.49515566048791 75.7 10.66941869558779
      vertex 87.50484433951209 75.7 10.66941869558779
    endloop
  endfacet
  facet normal -0.8467241992282871 0 0.5320320765153317
    outer loop
      vertex 78.49515566048791 75.7 10.66941869558779
      vertex 78.49515566048791 64.3 10.66941869558779
      vertex 79.09084258765985 75.7 11.617449009293669
    endloop
  endfacet
  facet normal 0 1 0
    outer loop
      vertex 78.49515566048791 75.7 10.66941869558779
      vertex 79.09084258765985 75.7 11.617449009293669
      vertex 87.50484433951209 75.7 10.66941869558779
    endloop
  endfacet
  facet normal 0.8467241992282868 9.030150824876821e-19 0.5320320765153325
    outer loop
      vertex 87.50484433951209 75.7 10.66941869558779
      vertex 86.90915741234015 75.7 11.617449009293667
      vertex 86.90915741234015 64.3 11.617449009293667
    endloop
  endfacet
  facet normal 0 1 0
    outer loop
      vertex 87.50484433951209 75.7 10.66941869558779
      vertex 79.09084258765985 75.7 11.617449009293669
      vertex 86.90915741234015 75.7 11.617449009293667
    endloop
  endfacet
  facet normal -0.7071067811865451 2.4077698555225923e-18 0.70710678118655
    outer loop
      vertex 79.09084258765985 75.7 11.617449009293669
      vertex 79.88255099070633 64.3 12.409157412340148
      vertex 79.88255099070633 75.7 12.409157412340148
    endloop
  endfacet
  facet normal 0 1 0
    outer loop
      vertex 79.09084258765985 75.7 11.617449009293669
      vertex 79.88255099070633 75.7 12.409157412340148
      vertex 86.90915741234015 75.7 11.617449009293667
    endloop
  endfacet
  facet normal 0 1 0
    outer loop
      vertex 79.88255099070633 75.7 12.409157412340148
      vertex 80.8305813044122 75.7 13.004844339512095
      vertex 86.11744900929367 75.7 12.40915741234015
    endloop
  endfacet
  facet normal 0.7071067811865467 0 0.7071067811865485
    outer loop
      vertex 86.90915741234015 75.7 11.617449009293667
      vertex 86.11744900929367 75.7 12.40915741234015
      vertex 86.90915741234015 64.3 11.617449009293667
    endloop
  endfacet
  facet normal 0.532032076515338 0 0.8467241992282832
    outer loop
      vertex 86.11744900929367 75.7 12.40915741234015
      vertex 85.1694186955878 75.7 13.004844339512095
      vertex 86.11744900929367 64.3 12.40915741234015
    endloop
  endfacet
  facet normal 0 1 0
    outer loop
      vertex 86.90915741234015 75.7 11.617449009293667
      vertex 79.88255099070633 75.7 12.409157412340148
      vertex 86.11744900929367 75.7 12.40915741234015
    endloop
  endfacet
  facet normal -0.5320320765153391 -1.9874985295814347e-19 0.8467241992282826
    outer loop
      vertex 79.88255099070633 75.7 12.409157412340148
      vertex 80.8305813044122 64.3 13.004844339512095
      vertex 80.8305813044122 75.7 13.004844339512095
    endloop
  endfacet
  facet normal -0.33027906195516776 6.902057585983639e-19 0.9438833303083674
    outer loop
      vertex 80.8305813044122 75.7 13.004844339512095
      vertex 81.88739533021842 64.3 13.374639560909118
      vertex 81.88739533021842 75.7 13.374639560909118
    endloop
  endfacet
  facet normal -0.1119644761033072 -8.786019352180847e-20 0.9937122098932427
    outer loop
      vertex 81.88739533021842 75.7 13.374639560909118
      vertex 83 64.3 13.5
      vertex 83 75.7 13.5
    endloop
  endfacet
  facet normal 0 1 0
    outer loop
      vertex 80.8305813044122 75.7 13.004844339512095
      vertex 81.88739533021842 75.7 13.374639560909118
      vertex 85.1694186955878 75.7 13.004844339512095
    endloop
  endfacet
  facet normal 0.33027906195516776 0 0.9438833303083674
    outer loop
      vertex 85.1694186955878 75.7 13.004844339512095
      vertex 84.11260466978158 75.7 13.374639560909118
      vertex 85.1694186955878 64.3 13.004844339512095
    endloop
  endfacet
  facet normal 0.1119644761033072 0 0.9937122098932427
    outer loop
      vertex 84.11260466978158 75.7 13.374639560909118
      vertex 83 75.7 13.5
      vertex 84.11260466978158 64.3 13.374639560909118
    endloop
  endfacet
  facet normal 0 1 0
    outer loop
      vertex 86.11744900929367 75.7 12.40915741234015
      vertex 80.8305813044122 75.7 13.004844339512095
      vertex 85.1694186955878 75.7 13.004844339512095
    endloop
  endfacet
  facet normal 0 1 0
    outer loop
      vertex 81.88739533021842 75.7 13.374639560909118
      vertex 84.11260466978158 75.7 13.374639560909118
      vertex 85.1694186955878 75.7 13.004844339512095
    endloop
  endfacet
  facet normal 0 1 0
    outer loop
      vertex 81.88739533021842 75.7 13.374639560909118
      vertex 83 75.7 13.5
      vertex 84.11260466978158 75.7 13.374639560909118
    endloop
  endfacet
  facet normal 0.3302790619551577 0 0.9438833303083708
    outer loop
      vertex 82.75522697264806 -6.400000000000002 7.427579296599994
      vertex 82.75522697264806 3.7 7.427579296599994
      vertex 82.52272788697069 -6.400000000000002 7.508934245307339
    endloop
  endfacet
  facet normal 0.532032076515328 0 0.8467241992282896
    outer loop
      vertex 82.52272788697069 -6.400000000000002 7.508934245307339
      vertex 82.52272788697069 3.7 7.508934245307339
      vertex 82.31416121795539 -6.400000000000002 7.639985369285167
    endloop
  endfacet
  facet normal 0 1 0
    outer loop
      vertex 82.75522697264806 -6.400000000000002 7.427579296599994
      vertex 83.24477302735194 -6.400000000000002 7.427579296599994
      vertex 83 -6.400000000000002 7.4
    endloop
  endfacet
  facet normal 0 1 0
    outer loop
      vertex 82.75522697264806 -6.400000000000002 7.427579296599994
      vertex 83.47727211302931 -6.400000000000002 7.508934245307339
      vertex 83.24477302735194 -6.400000000000002 7.427579296599994
    endloop
  endfacet
  facet normal 0 1 0
    outer loop
      vertex 82.75522697264806 -6.400000000000002 7.427579296599994
      vertex 82.52272788697069 -6.400000000000002 7.508934245307339
      vertex 83.47727211302931 -6.400000000000002 7.508934245307339
    endloop
  endfacet
  facet normal 0 1 0
    outer loop
      vertex 82.52272788697069 -6.400000000000002 7.508934245307339
      vertex 83.68583878204461 -6.400000000000002 7.639985369285167
      vertex 83.47727211302931 -6.400000000000002 7.508934245307339
    endloop
  endfacet
  facet normal 0.11196447610330927 1.1055842207213317e-19 0.9937122098932424
    outer loop
      vertex 82.75522697264806 -6.400000000000002 7.427579296599994
      vertex 83 -6.400000000000002 7.4
      vertex 83 3.7 7.4
    endloop
  endfacet
  facet normal -0.11196447610330927 -1.1055842207213317e-19 0.9937122098932424
    outer loop
      vertex 83 -6.400000000000002 7.4
      vertex 83.24477302735194 -6.400000000000002 7.427579296599994
      vertex 83.24477302735194 3.7 7.427579296599994
    endloop
  endfacet
  facet normal -0.3302790619551577 -1.1559616648919493e-19 0.9438833303083708
    outer loop
      vertex 83.24477302735194 -6.400000000000002 7.427579296599994
      vertex 83.47727211302931 -6.400000000000002 7.508934245307339
      vertex 83.47727211302931 3.7 7.508934245307339
    endloop
  endfacet
  facet normal 0 1 0
    outer loop
      vertex 82.52272788697069 -6.400000000000002 7.508934245307339
      vertex 82.31416121795539 -6.400000000000002 7.639985369285167
      vertex 83.68583878204461 -6.400000000000002 7.639985369285167
    endloop
  endfacet
  facet normal 0 1 0
    outer loop
      vertex 82.31416121795539 -6.400000000000002 7.639985369285167
      vertex 82.13998536928517 -6.400000000000002 7.814161217955393
      vertex 83.86001463071483 -6.400000000000002 7.814161217955393
    endloop
  endfacet
  facet normal 0 1 0
    outer loop
      vertex 82.13998536928517 -6.400000000000002 7.814161217955393
      vertex 82.00893424530734 -6.400000000000002 8.022727886970685
      vertex 83.99106575469266 -6.400000000000002 8.022727886970687
    endloop
  endfacet
  facet normal 0 1 0
    outer loop
      vertex 82.00893424530734 -6.400000000000002 8.022727886970685
      vertex 81.92757929659999 -6.400000000000002 8.255226972648053
      vertex 84.07242070340001 -6.400000000000002 8.255226972648055
    endloop
  endfacet
  facet normal 0 1 0
    outer loop
      vertex 81.92757929659999 -6.400000000000002 8.255226972648053
      vertex 81.9 -6.400000000000002 8.5
      vertex 84.1 -6.400000000000002 8.5
    endloop
  endfacet
  facet normal 0.7071067811865654 0 0.7071067811865295
    outer loop
      vertex 82.31416121795539 -6.400000000000002 7.639985369285167
      vertex 82.31416121795539 3.7 7.639985369285167
      vertex 82.13998536928517 -6.400000000000002 7.814161217955393
    endloop
  endfacet
  facet normal 0.8467241992282867 0 0.5320320765153327
    outer loop
      vertex 82.13998536928517 -6.400000000000002 7.814161217955393
      vertex 82.13998536928517 3.7 7.814161217955393
      vertex 82.00893424530734 -6.400000000000002 8.022727886970685
    endloop
  endfacet
  facet normal 0.9438833303083519 0 0.3302790619552117
    outer loop
      vertex 82.00893424530734 -6.400000000000002 8.022727886970685
      vertex 82.00893424530734 3.7 8.022727886970685
      vertex 81.92757929659999 -6.400000000000002 8.255226972648053
    endloop
  endfacet
  facet normal 0.9937122098932484 0 0.1119644761032562
    outer loop
      vertex 81.92757929659999 -6.400000000000002 8.255226972648053
      vertex 81.92757929659999 3.7 8.255226972648053
      vertex 81.9 -6.400000000000002 8.5
    endloop
  endfacet
  facet normal 0 1 0
    outer loop
      vertex 82.31416121795539 -6.400000000000002 7.639985369285167
      vertex 83.86001463071483 -6.400000000000002 7.814161217955393
      vertex 83.68583878204461 -6.400000000000002 7.639985369285167
    endloop
  endfacet
  facet normal 0 1 0
    outer loop
      vertex 82.13998536928517 -6.400000000000002 7.814161217955393
      vertex 83.99106575469266 -6.400000000000002 8.022727886970687
      vertex 83.86001463071483 -6.400000000000002 7.814161217955393
    endloop
  endfacet
  facet normal 0 1 0
    outer loop
      vertex 82.00893424530734 -6.400000000000002 8.022727886970685
      vertex 84.07242070340001 -6.400000000000002 8.255226972648055
      vertex 83.99106575469266 -6.400000000000002 8.022727886970687
    endloop
  endfacet
  facet normal 0 1 0
    outer loop
      vertex 81.92757929659999 -6.400000000000002 8.255226972648053
      vertex 84.1 -6.400000000000002 8.5
      vertex 84.07242070340001 -6.400000000000002 8.255226972648055
    endloop
  endfacet
  facet normal -0.532032076515328 -5.279307612869702e-19 0.8467241992282896
    outer loop
      vertex 83.47727211302931 -6.400000000000002 7.508934245307339
      vertex 83.68583878204461 -6.400000000000002 7.639985369285167
      vertex 83.68583878204461 3.7 7.639985369285167
    endloop
  endfacet
  facet normal -0.7071067811865654 6.894964387961413e-19 0.7071067811865295
    outer loop
      vertex 83.68583878204461 -6.400000000000002 7.639985369285167
      vertex 83.86001463071483 -6.400000000000002 7.814161217955393
      vertex 83.86001463071483 3.7 7.814161217955393
    endloop
  endfacet
  facet normal -0.8467241992282887 -5.035057958477881e-19 0.5320320765153294
    outer loop
      vertex 83.86001463071483 -6.400000000000002 7.814161217955393
      vertex 83.99106575469266 -6.400000000000002 8.022727886970687
      vertex 83.99106575469266 3.7 8.022727886970687
    endloop
  endfacet
  facet normal -0.9438833303083519 -5.872515647419765e-19 0.3302790619552117
    outer loop
      vertex 83.99106575469266 -6.400000000000002 8.022727886970687
      vertex 84.07242070340001 -6.400000000000002 8.255226972648055
      vertex 84.07242070340001 3.7 8.255226972648055
    endloop
  endfacet
  facet normal -0.9937122098932484 2.230029373759367e-20 0.11196447610325702
    outer loop
      vertex 84.07242070340001 -6.400000000000002 8.255226972648055
      vertex 84.1 -6.400000000000002 8.5
      vertex 84.1 3.7 8.5
    endloop
  endfacet
  facet normal 0.11196447610330927 0 0.9937122098932424
    outer loop
      vertex 82.75522697264806 -6.400000000000002 7.427579296599994
      vertex 83 3.7 7.4
      vertex 82.75522697264806 3.7 7.427579296599994
    endloop
  endfacet
  facet normal 0.3302790619551577 0 0.9438833303083708
    outer loop
      vertex 82.52272788697069 -6.400000000000002 7.508934245307339
      vertex 82.75522697264806 3.7 7.427579296599994
      vertex 82.52272788697069 3.7 7.508934245307339
    endloop
  endfacet
  facet normal -0.11196447610330927 0 0.9937122098932424
    outer loop
      vertex 83 -6.400000000000002 7.4
      vertex 83.24477302735194 3.7 7.427579296599994
      vertex 83 3.7 7.4
    endloop
  endfacet
  facet normal -0.3302790619551577 0 0.9438833303083708
    outer loop
      vertex 83.24477302735194 -6.400000000000002 7.427579296599994
      vertex 83.47727211302931 3.7 7.508934245307339
      vertex 83.24477302735194 3.7 7.427579296599994
    endloop
  endfacet
  facet normal -0.532032076515328 0 0.8467241992282896
    outer loop
      vertex 83.47727211302931 -6.400000000000002 7.508934245307339
      vertex 83.68583878204461 3.7 7.639985369285167
      vertex 83.47727211302931 3.7 7.508934245307339
    endloop
  endfacet
  facet normal 0.532032076515328 5.279307612869702e-19 0.8467241992282896
    outer loop
      vertex 82.52272788697069 3.7 7.508934245307339
      vertex 82.31416121795539 3.7 7.639985369285167
      vertex 82.31416121795539 -6.400000000000002 7.639985369285167
    endloop
  endfacet
  facet normal 0.7071067811865654 0 0.7071067811865295
    outer loop
      vertex 82.13998536928517 -6.400000000000002 7.814161217955393
      vertex 82.31416121795539 3.7 7.639985369285167
      vertex 82.13998536928517 3.7 7.814161217955393
    endloop
  endfacet
  facet normal 0.8467241992282867 0 0.5320320765153327
    outer loop
      vertex 82.00893424530734 -6.400000000000002 8.022727886970685
      vertex 82.13998536928517 3.7 7.814161217955393
      vertex 82.00893424530734 3.7 8.022727886970685
    endloop
  endfacet
  facet normal 0.9438833303083519 0 0.3302790619552117
    outer loop
      vertex 81.92757929659999 -6.400000000000002 8.255226972648053
      vertex 82.00893424530734 3.7 8.022727886970685
      vertex 81.92757929659999 3.7 8.255226972648053
    endloop
  endfacet
  facet normal 0.9937122098932484 0 0.1119644761032562
    outer loop
      vertex 81.9 -6.400000000000002 8.5
      vertex 81.92757929659999 3.7 8.255226972648053
      vertex 81.9 3.7 8.5
    endloop
  endfacet
  facet normal -0.7071067811865654 0 0.7071067811865295
    outer loop
      vertex 83.68583878204461 -6.400000000000002 7.639985369285167
      vertex 83.86001463071483 3.7 7.814161217955393
      vertex 83.68583878204461 3.7 7.639985369285167
    endloop
  endfacet
  facet normal -0.8467241992282887 0 0.5320320765153294
    outer loop
      vertex 83.86001463071483 -6.400000000000002 7.814161217955393
      vertex 83.99106575469266 3.7 8.022727886970687
      vertex 83.86001463071483 3.7 7.814161217955393
    endloop
  endfacet
  facet normal -0.9438833303083519 0 0.3302790619552117
    outer loop
      vertex 83.99106575469266 -6.400000000000002 8.022727886970687
      vertex 84.07242070340001 3.7 8.255226972648055
      vertex 83.99106575469266 3.7 8.022727886970687
    endloop
  endfacet
  facet normal -0.9937122098932484 0 0.11196447610325702
    outer loop
      vertex 84.07242070340001 -6.400000000000002 8.255226972648055
      vertex 84.1 3.7 8.5
      vertex 84.07242070340001 3.7 8.255226972648055
    endloop
  endfacet
  facet normal 0 1 0
    outer loop
      vertex 81.9 -6.400000000000002 8.5
      vertex 81.92757929659999 -6.400000000000002 8.744773027351947
      vertex 84.07242070340001 -6.400000000000002 8.744773027351945
    endloop
  endfacet
  facet normal 0 1 0
    outer loop
      vertex 81.92757929659999 -6.400000000000002 8.744773027351947
      vertex 82.00893424530734 -6.400000000000002 8.977272113029315
      vertex 83.99106575469266 -6.400000000000002 8.977272113029315
    endloop
  endfacet
  facet normal 0 1 0
    outer loop
      vertex 82.00893424530734 -6.400000000000002 8.977272113029315
      vertex 82.13998536928517 -6.400000000000002 9.185838782044607
      vertex 83.86001463071483 -6.400000000000002 9.185838782044607
    endloop
  endfacet
  facet normal 0.9937122098932484 0 -0.1119644761032562
    outer loop
      vertex 81.9 -6.400000000000002 8.5
      vertex 81.9 3.7 8.5
      vertex 81.92757929659999 -6.400000000000002 8.744773027351947
    endloop
  endfacet
  facet normal 0.9438833303083519 0 -0.3302790619552117
    outer loop
      vertex 81.92757929659999 -6.400000000000002 8.744773027351947
      vertex 81.92757929659999 3.7 8.744773027351947
      vertex 82.00893424530734 -6.400000000000002 8.977272113029315
    endloop
  endfacet
  facet normal 0.8467241992282867 0 -0.5320320765153327
    outer loop
      vertex 82.00893424530734 -6.400000000000002 8.977272113029315
      vertex 82.00893424530734 3.7 8.977272113029315
      vertex 82.13998536928517 -6.400000000000002 9.185838782044607
    endloop
  endfacet
  facet normal 0.7071067811865654 0 -0.7071067811865295
    outer loop
      vertex 82.13998536928517 -6.400000000000002 9.185838782044607
      vertex 82.13998536928517 3.7 9.185838782044607
      vertex 82.31416121795539 -6.400000000000002 9.360014630714833
    endloop
  endfacet
  facet normal 0 1 0
    outer loop
      vertex 81.9 -6.400000000000002 8.5
      vertex 84.07242070340001 -6.400000000000002 8.744773027351945
      vertex 84.1 -6.400000000000002 8.5
    endloop
  endfacet
  facet normal 0 1 0
    outer loop
      vertex 81.92757929659999 -6.400000000000002 8.744773027351947
      vertex 83.99106575469266 -6.400000000000002 8.977272113029315
      vertex 84.07242070340001 -6.400000000000002 8.744773027351945
    endloop
  endfacet
  facet normal 0 1 0
    outer loop
      vertex 82.00893424530734 -6.400000000000002 8.977272113029315
      vertex 83.86001463071483 -6.400000000000002 9.185838782044607
      vertex 83.99106575469266 -6.400000000000002 8.977272113029315
    endloop
  endfacet
  facet normal 0 1 0
    outer loop
      vertex 82.13998536928517 -6.400000000000002 9.185838782044607
      vertex 83.68583878204461 -6.400000000000002 9.360014630714833
      vertex 83.86001463071483 -6.400000000000002 9.185838782044607
    endloop
  endfacet
  facet normal -0.9937122098932484 -2.230029373759367e-20 -0.11196447610325702
    outer loop
      vertex 84.1 -6.400000000000002 8.5
      vertex 84.07242070340001 -6.400000000000002 8.744773027351945
      vertex 84.07242070340001 3.7 8.744773027351945
    endloop
  endfacet
  facet normal -0.9438833303083527 -3.244167128747986e-19 -0.3302790619552094
    outer loop
      vertex 84.07242070340001 -6.400000000000002 8.744773027351945
      vertex 83.99106575469266 -6.400000000000002 8.977272113029315
      vertex 83.99106575469266 3.7 8.977272113029315
    endloop
  endfacet
  facet normal -0.8467241992282867 6.40416991451816e-19 -0.5320320765153327
    outer loop
      vertex 83.99106575469266 -6.400000000000002 8.977272113029315
      vertex 83.86001463071483 -6.400000000000002 9.185838782044607
      vertex 83.86001463071483 3.7 9.185838782044607
    endloop
  endfacet
  facet normal 0 1 0
    outer loop
      vertex 82.13998536928517 -6.400000000000002 9.185838782044607
      vertex 82.31416121795539 -6.400000000000002 9.360014630714833
      vertex 83.68583878204461 -6.400000000000002 9.360014630714833
    endloop
  endfacet
  facet normal 0 1 0
    outer loop
      vertex 82.31416121795539 -6.400000000000002 9.360014630714833
      vertex 82.52272788697069 -6.400000000000002 9.491065754692661
      vertex 83.47727211302931 -6.400000000000002 9.491065754692661
    endloop
  endfacet
  facet normal 0 1 0
    outer loop
      vertex 82.52272788697069 -6.400000000000002 9.491065754692661
      vertex 82.75522697264806 -6.400000000000002 9.572420703400006
      vertex 83.24477302735194 -6.400000000000002 9.572420703400006
    endloop
  endfacet
  facet normal 0.532032076515328 0 -0.8467241992282896
    outer loop
      vertex 82.31416121795539 -6.400000000000002 9.360014630714833
      vertex 82.31416121795539 3.7 9.360014630714833
      vertex 82.52272788697069 -6.400000000000002 9.491065754692661
    endloop
  endfacet
  facet normal 0.3302790619551577 0 -0.9438833303083708
    outer loop
      vertex 82.52272788697069 -6.400000000000002 9.491065754692661
      vertex 82.52272788697069 3.7 9.491065754692661
      vertex 82.75522697264806 -6.400000000000002 9.572420703400006
    endloop
  endfacet
  facet normal 0.11196447610330927 0 -0.9937122098932424
    outer loop
      vertex 82.75522697264806 -6.400000000000002 9.572420703400006
      vertex 82.75522697264806 3.7 9.572420703400006
      vertex 83 -6.400000000000002 9.6
    endloop
  endfacet
  facet normal 0 1 0
    outer loop
      vertex 82.31416121795539 -6.400000000000002 9.360014630714833
      vertex 83.47727211302931 -6.400000000000002 9.491065754692661
      vertex 83.68583878204461 -6.400000000000002 9.360014630714833
    endloop
  endfacet
  facet normal 0 1 0
    outer loop
      vertex 82.52272788697069 -6.400000000000002 9.491065754692661
      vertex 83.24477302735194 -6.400000000000002 9.572420703400006
      vertex 83.47727211302931 -6.400000000000002 9.491065754692661
    endloop
  endfacet
  facet normal 0 1 0
    outer loop
      vertex 82.75522697264806 -6.400000000000002 9.572420703400006
      vertex 83 -6.400000000000002 9.6
      vertex 83.24477302735194 -6.400000000000002 9.572420703400006
    endloop
  endfacet
  facet normal -0.7071067811865654 -6.894964387961413e-19 -0.7071067811865295
    outer loop
      vertex 83.86001463071483 -6.400000000000002 9.185838782044607
      vertex 83.68583878204461 -6.400000000000002 9.360014630714833
      vertex 83.68583878204461 3.7 9.360014630714833
    endloop
  endfacet
  facet normal -0.532032076515328 5.279307612869702e-19 -0.8467241992282896
    outer loop
      vertex 83.68583878204461 -6.400000000000002 9.360014630714833
      vertex 83.47727211302931 -6.400000000000002 9.491065754692661
      vertex 83.47727211302931 3.7 9.491065754692661
    endloop
  endfacet
  facet normal -0.11196447610330927 0 -0.9937122098932424
    outer loop
      vertex 83 -6.400000000000002 9.6
      vertex 83 3.7 9.6
      vertex 83.24477302735194 -6.400000000000002 9.572420703400006
    endloop
  endfacet
  facet normal -0.3302790619551577 1.1559616648919493e-19 -0.9438833303083708
    outer loop
      vertex 83.47727211302931 -6.400000000000002 9.491065754692661
      vertex 83.24477302735194 -6.400000000000002 9.572420703400006
      vertex 83.24477302735194 3.7 9.572420703400006
    endloop
  endfacet
  facet normal 0.9937122098932484 0 -0.1119644761032562
    outer loop
      vertex 81.92757929659999 -6.400000000000002 8.744773027351947
      vertex 81.9 3.7 8.5
      vertex 81.92757929659999 3.7 8.744773027351947
    endloop
  endfacet
  facet normal 0.9438833303083519 0 -0.3302790619552117
    outer loop
      vertex 82.00893424530734 -6.400000000000002 8.977272113029315
      vertex 81.92757929659999 3.7 8.744773027351947
      vertex 82.00893424530734 3.7 8.977272113029315
    endloop
  endfacet
  facet normal 0.8467241992282867 0 -0.5320320765153327
    outer loop
      vertex 82.13998536928517 -6.400000000000002 9.185838782044607
      vertex 82.00893424530734 3.7 8.977272113029315
      vertex 82.13998536928517 3.7 9.185838782044607
    endloop
  endfacet
  facet normal -0.9937122098932484 0 -0.11196447610325702
    outer loop
      vertex 84.1 -6.400000000000002 8.5
      vertex 84.07242070340001 3.7 8.744773027351945
      vertex 84.1 3.7 8.5
    endloop
  endfacet
  facet normal -0.9438833303083527 0 -0.3302790619552094
    outer loop
      vertex 84.07242070340001 -6.400000000000002 8.744773027351945
      vertex 83.99106575469266 3.7 8.977272113029315
      vertex 84.07242070340001 3.7 8.744773027351945
    endloop
  endfacet
  facet normal -0.8467241992282867 0 -0.5320320765153327
    outer loop
      vertex 83.99106575469266 -6.400000000000002 8.977272113029315
      vertex 83.86001463071483 3.7 9.185838782044607
      vertex 83.99106575469266 3.7 8.977272113029315
    endloop
  endfacet
  facet normal -0.7071067811865654 0 -0.7071067811865295
    outer loop
      vertex 83.86001463071483 -6.400000000000002 9.185838782044607
      vertex 83.68583878204461 3.7 9.360014630714833
      vertex 83.86001463071483 3.7 9.185838782044607
    endloop
  endfacet
  facet normal 0.7071067811865654 0 -0.7071067811865295
    outer loop
      vertex 82.31416121795539 -6.400000000000002 9.360014630714833
      vertex 82.13998536928517 3.7 9.185838782044607
      vertex 82.31416121795539 3.7 9.360014630714833
    endloop
  endfacet
  facet normal 0.532032076515328 0 -0.8467241992282896
    outer loop
      vertex 82.52272788697069 -6.400000000000002 9.491065754692661
      vertex 82.31416121795539 3.7 9.360014630714833
      vertex 82.52272788697069 3.7 9.491065754692661
    endloop
  endfacet
  facet normal 0.3302790619551577 0 -0.9438833303083708
    outer loop
      vertex 82.75522697264806 -6.400000000000002 9.572420703400006
      vertex 82.52272788697069 3.7 9.491065754692661
      vertex 82.75522697264806 3.7 9.572420703400006
    endloop
  endfacet
  facet normal -0.532032076515328 0 -0.8467241992282896
    outer loop
      vertex 83.68583878204461 -6.400000000000002 9.360014630714833
      vertex 83.47727211302931 3.7 9.491065754692661
      vertex 83.68583878204461 3.7 9.360014630714833
    endloop
  endfacet
  facet normal -0.3302790619551577 0 -0.9438833303083708
    outer loop
      vertex 83.47727211302931 -6.400000000000002 9.491065754692661
      vertex 83.24477302735194 3.7 9.572420703400006
      vertex 83.47727211302931 3.7 9.491065754692661
    endloop
  endfacet
  facet normal 0.11196447610330927 0 -0.9937122098932424
    outer loop
      vertex 83 -6.400000000000002 9.6
      vertex 82.75522697264806 3.7 9.572420703400006
      vertex 83 3.7 9.6
    endloop
  endfacet
  facet normal -0.11196447610330927 0 -0.9937122098932424
    outer loop
      vertex 83.24477302735194 -6.400000000000002 9.572420703400006
      vertex 83 3.7 9.6
      vertex 83.24477302735194 3.7 9.572420703400006
    endloop
  endfacet
  facet normal 0.33027906195515766 0 0.9438833303083708
    outer loop
      vertex 82.75522697264806 16.3 7.427579296599994
      vertex 82.75522697264806 27.7 7.427579296599994
      vertex 82.52272788697069 16.3 7.508934245307339
    endloop
  endfacet
  facet normal 0.532032076515328 0 0.8467241992282896
    outer loop
      vertex 82.52272788697069 16.3 7.508934245307339
      vertex 82.52272788697069 27.7 7.508934245307339
      vertex 82.31416121795539 16.3 7.639985369285167
    endloop
  endfacet
  facet normal 0.11196447610330926 0 0.9937122098932424
    outer loop
      vertex 82.75522697264806 16.3 7.427579296599994
      vertex 83 27.7 7.4
      vertex 82.75522697264806 27.7 7.427579296599994
    endloop
  endfacet
  facet normal 0.33027906195515766 0 0.9438833303083708
    outer loop
      vertex 82.52272788697069 16.3 7.508934245307339
      vertex 82.75522697264806 27.7 7.427579296599994
      vertex 82.52272788697069 27.7 7.508934245307339
    endloop
  endfacet
  facet normal 0.11196447610330926 9.79508827130303e-20 0.9937122098932424
    outer loop
      vertex 82.75522697264806 16.3 7.427579296599994
      vertex 83 16.3 7.4
      vertex 83 27.7 7.4
    endloop
  endfacet
  facet normal -0.11196447610330926 -9.79508827130303e-20 0.9937122098932424
    outer loop
      vertex 83 16.3 7.4
      vertex 83.24477302735194 16.3 7.427579296599994
      vertex 83.24477302735194 27.7 7.427579296599994
    endloop
  endfacet
  facet normal -0.33027906195515766 -1.02414147503585e-19 0.9438833303083708
    outer loop
      vertex 83.24477302735194 16.3 7.427579296599994
      vertex 83.47727211302931 16.3 7.508934245307339
      vertex 83.47727211302931 27.7 7.508934245307339
    endloop
  endfacet
  facet normal -0.11196447610330926 0 0.9937122098932424
    outer loop
      vertex 83 16.3 7.4
      vertex 83.24477302735194 27.7 7.427579296599994
      vertex 83 27.7 7.4
    endloop
  endfacet
  facet normal -0.33027906195515766 0 0.9438833303083708
    outer loop
      vertex 83.24477302735194 16.3 7.427579296599994
      vertex 83.47727211302931 27.7 7.508934245307339
      vertex 83.24477302735194 27.7 7.427579296599994
    endloop
  endfacet
  facet normal -0.532032076515328 0 0.8467241992282896
    outer loop
      vertex 83.47727211302931 16.3 7.508934245307339
      vertex 83.68583878204461 27.7 7.639985369285167
      vertex 83.47727211302931 27.7 7.508934245307339
    endloop
  endfacet
  facet normal 0.7071067811865656 0 0.7071067811865295
    outer loop
      vertex 82.31416121795539 16.3 7.639985369285167
      vertex 82.31416121795539 27.7 7.639985369285167
      vertex 82.13998536928517 16.3 7.814161217955393
    endloop
  endfacet
  facet normal 0.8467241992282867 0 0.5320320765153326
    outer loop
      vertex 82.13998536928517 16.3 7.814161217955393
      vertex 82.13998536928517 27.7 7.814161217955393
      vertex 82.00893424530734 16.3 8.022727886970685
    endloop
  endfacet
  facet normal 0.532032076515328 4.677281306138948e-19 0.8467241992282896
    outer loop
      vertex 82.52272788697069 27.7 7.508934245307339
      vertex 82.31416121795539 27.7 7.639985369285167
      vertex 82.31416121795539 16.3 7.639985369285167
    endloop
  endfacet
  facet normal 0.7071067811865656 0 0.7071067811865295
    outer loop
      vertex 82.13998536928517 16.3 7.814161217955393
      vertex 82.31416121795539 27.7 7.639985369285167
      vertex 82.13998536928517 27.7 7.814161217955393
    endloop
  endfacet
  facet normal 0.8467241992282867 0 0.5320320765153326
    outer loop
      vertex 82.00893424530734 16.3 8.022727886970685
      vertex 82.13998536928517 27.7 7.814161217955393
      vertex 82.00893424530734 27.7 8.022727886970685
    endloop
  endfacet
  facet normal 0.943883330308352 0 0.33027906195521173
    outer loop
      vertex 82.00893424530734 16.3 8.022727886970685
      vertex 82.00893424530734 27.7 8.022727886970685
      vertex 81.92757929659999 16.3 8.255226972648053
    endloop
  endfacet
  facet normal 0.9937122098932484 0 0.11196447610325623
    outer loop
      vertex 81.92757929659999 16.3 8.255226972648053
      vertex 81.92757929659999 27.7 8.255226972648053
      vertex 81.9 16.3 8.5
    endloop
  endfacet
  facet normal 0.943883330308352 0 0.33027906195521173
    outer loop
      vertex 81.92757929659999 16.3 8.255226972648053
      vertex 82.00893424530734 27.7 8.022727886970685
      vertex 81.92757929659999 27.7 8.255226972648053
    endloop
  endfacet
  facet normal 0.9937122098932484 1.4012017337952788e-19 0.11196447610325623
    outer loop
      vertex 81.92757929659999 27.7 8.255226972648053
      vertex 81.9 27.7 8.5
      vertex 81.9 16.3 8.5
    endloop
  endfacet
  facet normal -0.532032076515328 -4.677281306138948e-19 0.8467241992282896
    outer loop
      vertex 83.47727211302931 16.3 7.508934245307339
      vertex 83.68583878204461 16.3 7.639985369285167
      vertex 83.68583878204461 27.7 7.639985369285167
    endloop
  endfacet
  facet normal -0.7071067811865656 0 0.7071067811865295
    outer loop
      vertex 83.86001463071483 27.7 7.814161217955393
      vertex 83.68583878204461 16.3 7.639985369285167
      vertex 83.86001463071483 16.3 7.814161217955393
    endloop
  endfacet
  facet normal -0.8467241992282887 0 0.5320320765153294
    outer loop
      vertex 83.99106575469266 27.7 8.022727886970687
      vertex 83.86001463071483 16.3 7.814161217955393
      vertex 83.99106575469266 16.3 8.022727886970687
    endloop
  endfacet
  facet normal -0.7071067811865656 6.108696519158798e-19 0.7071067811865295
    outer loop
      vertex 83.86001463071483 27.7 7.814161217955393
      vertex 83.68583878204461 27.7 7.639985369285167
      vertex 83.68583878204461 16.3 7.639985369285167
    endloop
  endfacet
  facet normal -0.8467241992282887 -4.460884682511106e-19 0.5320320765153294
    outer loop
      vertex 83.99106575469266 27.7 8.022727886970687
      vertex 83.86001463071483 27.7 7.814161217955393
      vertex 83.86001463071483 16.3 7.814161217955393
    endloop
  endfacet
  facet normal -0.943883330308352 -5.202842810433303e-19 0.33027906195521173
    outer loop
      vertex 83.99106575469266 16.3 8.022727886970687
      vertex 84.07242070340001 16.3 8.255226972648055
      vertex 84.07242070340001 27.7 8.255226972648055
    endloop
  endfacet
  facet normal -0.9937122098932484 1.9757277785061064e-20 0.11196447610325702
    outer loop
      vertex 84.07242070340001 16.3 8.255226972648055
      vertex 84.1 16.3 8.5
      vertex 84.1 27.7 8.5
    endloop
  endfacet
  facet normal -0.943883330308352 0 0.33027906195521173
    outer loop
      vertex 83.99106575469266 27.7 8.022727886970687
      vertex 83.99106575469266 16.3 8.022727886970687
      vertex 84.07242070340001 27.7 8.255226972648055
    endloop
  endfacet
  facet normal -0.9937122098932484 0 0.11196447610325702
    outer loop
      vertex 84.07242070340001 27.7 8.255226972648055
      vertex 84.07242070340001 16.3 8.255226972648055
      vertex 84.1 27.7 8.5
    endloop
  endfacet
  facet normal 0.9937122098932484 0 -0.11196447610325623
    outer loop
      vertex 81.9 16.3 8.5
      vertex 81.9 27.7 8.5
      vertex 81.92757929659999 16.3 8.744773027351947
    endloop
  endfacet
  facet normal 0.943883330308352 -5.202842810433303e-19 -0.33027906195521173
    outer loop
      vertex 82.00893424530734 16.3 8.977272113029315
      vertex 81.92757929659999 16.3 8.744773027351947
      vertex 81.92757929659999 27.7 8.744773027351947
    endloop
  endfacet
  facet normal 0.9937122098932484 0 -0.11196447610325623
    outer loop
      vertex 81.92757929659999 16.3 8.744773027351947
      vertex 81.9 27.7 8.5
      vertex 81.92757929659999 27.7 8.744773027351947
    endloop
  endfacet
  facet normal 0.8467241992282867 -5.673869836546792e-19 -0.5320320765153326
    outer loop
      vertex 82.13998536928517 16.3 9.185838782044607
      vertex 82.00893424530734 16.3 8.977272113029315
      vertex 82.00893424530734 27.7 8.977272113029315
    endloop
  endfacet
  facet normal 0.7071067811865656 6.108696519158798e-19 -0.7071067811865295
    outer loop
      vertex 82.31416121795539 16.3 9.360014630714833
      vertex 82.13998536928517 16.3 9.185838782044607
      vertex 82.13998536928517 27.7 9.185838782044607
    endloop
  endfacet
  facet normal 0.943883330308352 0 -0.33027906195521173
    outer loop
      vertex 82.00893424530734 27.7 8.977272113029315
      vertex 82.00893424530734 16.3 8.977272113029315
      vertex 81.92757929659999 27.7 8.744773027351947
    endloop
  endfacet
  facet normal 0.8467241992282867 0 -0.5320320765153326
    outer loop
      vertex 82.13998536928517 27.7 9.185838782044607
      vertex 82.13998536928517 16.3 9.185838782044607
      vertex 82.00893424530734 27.7 8.977272113029315
    endloop
  endfacet
  facet normal -0.9937122098932484 -1.9757277785061064e-20 -0.11196447610325702
    outer loop
      vertex 84.1 16.3 8.5
      vertex 84.07242070340001 16.3 8.744773027351945
      vertex 84.07242070340001 27.7 8.744773027351945
    endloop
  endfacet
  facet normal -0.9937122098932484 0 -0.11196447610325702
    outer loop
      vertex 84.1 16.3 8.5
      vertex 84.07242070340001 27.7 8.744773027351945
      vertex 84.1 27.7 8.5
    endloop
  endfacet
  facet normal -0.9438833303083527 0 -0.33027906195520945
    outer loop
      vertex 84.07242070340001 27.7 8.744773027351945
      vertex 84.07242070340001 16.3 8.744773027351945
      vertex 83.99106575469266 27.7 8.977272113029315
    endloop
  endfacet
  facet normal -0.9438833303083527 -2.8742182456451465e-19 -0.33027906195520945
    outer loop
      vertex 84.07242070340001 16.3 8.744773027351945
      vertex 83.99106575469266 16.3 8.977272113029315
      vertex 83.99106575469266 27.7 8.977272113029315
    endloop
  endfacet
  facet normal -0.8467241992282867 0 -0.5320320765153326
    outer loop
      vertex 83.86001463071483 16.3 9.185838782044607
      vertex 83.86001463071483 27.7 9.185838782044607
      vertex 83.99106575469266 16.3 8.977272113029315
    endloop
  endfacet
  facet normal -0.8467241992282867 0 -0.5320320765153326
    outer loop
      vertex 83.99106575469266 16.3 8.977272113029315
      vertex 83.86001463071483 27.7 9.185838782044607
      vertex 83.99106575469266 27.7 8.977272113029315
    endloop
  endfacet
  facet normal -0.7071067811865656 0 -0.7071067811865295
    outer loop
      vertex 83.86001463071483 27.7 9.185838782044607
      vertex 83.86001463071483 16.3 9.185838782044607
      vertex 83.68583878204461 27.7 9.360014630714833
    endloop
  endfacet
  facet normal 0.532032076515328 -4.677281306138948e-19 -0.8467241992282896
    outer loop
      vertex 82.52272788697069 16.3 9.491065754692661
      vertex 82.31416121795539 16.3 9.360014630714833
      vertex 82.31416121795539 27.7 9.360014630714833
    endloop
  endfacet
  facet normal 0.33027906195515766 -1.02414147503585e-19 -0.9438833303083708
    outer loop
      vertex 82.75522697264806 16.3 9.572420703400006
      vertex 82.52272788697069 16.3 9.491065754692661
      vertex 82.52272788697069 27.7 9.491065754692661
    endloop
  endfacet
  facet normal 0.11196447610330926 -9.79508827130303e-20 -0.9937122098932424
    outer loop
      vertex 83 16.3 9.6
      vertex 82.75522697264806 16.3 9.572420703400006
      vertex 82.75522697264806 27.7 9.572420703400006
    endloop
  endfacet
  facet normal 0.7071067811865656 0 -0.7071067811865295
    outer loop
      vertex 82.31416121795539 16.3 9.360014630714833
      vertex 82.13998536928517 27.7 9.185838782044607
      vertex 82.31416121795539 27.7 9.360014630714833
    endloop
  endfacet
  facet normal 0.532032076515328 0 -0.8467241992282896
    outer loop
      vertex 82.52272788697069 16.3 9.491065754692661
      vertex 82.31416121795539 27.7 9.360014630714833
      vertex 82.52272788697069 27.7 9.491065754692661
    endloop
  endfacet
  facet normal 0.33027906195515766 0 -0.9438833303083708
    outer loop
      vertex 82.75522697264806 16.3 9.572420703400006
      vertex 82.52272788697069 27.7 9.491065754692661
      vertex 82.75522697264806 27.7 9.572420703400006
    endloop
  endfacet
  facet normal -0.7071067811865656 0 -0.7071067811865295
    outer loop
      vertex 83.68583878204461 16.3 9.360014630714833
      vertex 83.68583878204461 27.7 9.360014630714833
      vertex 83.86001463071483 16.3 9.185838782044607
    endloop
  endfacet
  facet normal -0.532032076515328 4.677281306138948e-19 -0.8467241992282896
    outer loop
      vertex 83.68583878204461 16.3 9.360014630714833
      vertex 83.47727211302931 16.3 9.491065754692661
      vertex 83.47727211302931 27.7 9.491065754692661
    endloop
  endfacet
  facet normal -0.11196447610330926 9.79508827130303e-20 -0.9937122098932424
    outer loop
      vertex 83.24477302735194 16.3 9.572420703400006
      vertex 83 16.3 9.6
      vertex 83 27.7 9.6
    endloop
  endfacet
  facet normal -0.33027906195515766 1.02414147503585e-19 -0.9438833303083708
    outer loop
      vertex 83.47727211302931 16.3 9.491065754692661
      vertex 83.24477302735194 16.3 9.572420703400006
      vertex 83.24477302735194 27.7 9.572420703400006
    endloop
  endfacet
  facet normal -0.532032076515328 0 -0.8467241992282896
    outer loop
      vertex 83.68583878204461 16.3 9.360014630714833
      vertex 83.47727211302931 27.7 9.491065754692661
      vertex 83.68583878204461 27.7 9.360014630714833
    endloop
  endfacet
  facet normal -0.33027906195515766 0 -0.9438833303083708
    outer loop
      vertex 83.47727211302931 16.3 9.491065754692661
      vertex 83.24477302735194 27.7 9.572420703400006
      vertex 83.47727211302931 27.7 9.491065754692661
    endloop
  endfacet
  facet normal 0.11196447610330926 0 -0.9937122098932424
    outer loop
      vertex 83 16.3 9.6
      vertex 82.75522697264806 27.7 9.572420703400006
      vertex 83 27.7 9.6
    endloop
  endfacet
  facet normal -0.11196447610330926 0 -0.9937122098932424
    outer loop
      vertex 83.24477302735194 16.3 9.572420703400006
      vertex 83 27.7 9.6
      vertex 83.24477302735194 27.7 9.572420703400006
    endloop
  endfacet
  facet normal 0.33027906195515766 0 0.9438833303083708
    outer loop
      vertex 82.75522697264806 40.3 7.427579296599994
      vertex 82.75522697264806 51.7 7.427579296599994
      vertex 82.52272788697069 40.3 7.508934245307339
    endloop
  endfacet
  facet normal 0.5320320765153279 0 0.8467241992282896
    outer loop
      vertex 82.52272788697069 40.3 7.508934245307339
      vertex 82.52272788697069 51.7 7.508934245307339
      vertex 82.31416121795539 40.3 7.639985369285167
    endloop
  endfacet
  facet normal 0.11196447610330927 0 0.9937122098932424
    outer loop
      vertex 82.75522697264806 40.3 7.427579296599994
      vertex 83 51.7 7.4
      vertex 82.75522697264806 51.7 7.427579296599994
    endloop
  endfacet
  facet normal 0.33027906195515766 0 0.9438833303083708
    outer loop
      vertex 82.52272788697069 40.3 7.508934245307339
      vertex 82.75522697264806 51.7 7.427579296599994
      vertex 82.52272788697069 51.7 7.508934245307339
    endloop
  endfacet
  facet normal 0.11196447610330927 9.795088271303024e-20 0.9937122098932424
    outer loop
      vertex 82.75522697264806 40.3 7.427579296599994
      vertex 83 40.3 7.4
      vertex 83 51.7 7.4
    endloop
  endfacet
  facet normal -0.11196447610330927 -9.795088271303024e-20 0.9937122098932424
    outer loop
      vertex 83 40.3 7.4
      vertex 83.24477302735194 40.3 7.427579296599994
      vertex 83.24477302735194 51.7 7.427579296599994
    endloop
  endfacet
  facet normal -0.33027906195515766 -1.0241414750358494e-19 0.9438833303083708
    outer loop
      vertex 83.24477302735194 40.3 7.427579296599994
      vertex 83.47727211302931 40.3 7.508934245307339
      vertex 83.47727211302931 51.7 7.508934245307339
    endloop
  endfacet
  facet normal -0.11196447610330927 0 0.9937122098932424
    outer loop
      vertex 83 40.3 7.4
      vertex 83.24477302735194 51.7 7.427579296599994
      vertex 83 51.7 7.4
    endloop
  endfacet
  facet normal -0.33027906195515766 0 0.9438833303083708
    outer loop
      vertex 83.24477302735194 40.3 7.427579296599994
      vertex 83.47727211302931 51.7 7.508934245307339
      vertex 83.24477302735194 51.7 7.427579296599994
    endloop
  endfacet
  facet normal -0.5320320765153279 0 0.8467241992282896
    outer loop
      vertex 83.47727211302931 51.7 7.508934245307339
      vertex 83.47727211302931 40.3 7.508934245307339
      vertex 83.68583878204461 51.7 7.639985369285167
    endloop
  endfacet
  facet normal 0.7071067811865656 0 0.7071067811865295
    outer loop
      vertex 82.31416121795539 40.3 7.639985369285167
      vertex 82.31416121795539 51.7 7.639985369285167
      vertex 82.13998536928517 40.3 7.814161217955393
    endloop
  endfacet
  facet normal 0.8467241992282868 0 0.5320320765153327
    outer loop
      vertex 82.13998536928517 40.3 7.814161217955393
      vertex 82.13998536928517 51.7 7.814161217955393
      vertex 82.00893424530734 40.3 8.022727886970685
    endloop
  endfacet
  facet normal 0.9438833303083519 0 0.3302790619552117
    outer loop
      vertex 82.00893424530734 40.3 8.022727886970685
      vertex 82.00893424530734 51.7 8.022727886970685
      vertex 81.92757929659999 40.3 8.255226972648053
    endloop
  endfacet
  facet normal 0.9937122098932484 0 0.11196447610325622
    outer loop
      vertex 81.92757929659999 40.3 8.255226972648053
      vertex 81.92757929659999 51.7 8.255226972648053
      vertex 81.9 40.3 8.5
    endloop
  endfacet
  facet normal 0.5320320765153279 4.677281306138944e-19 0.8467241992282896
    outer loop
      vertex 82.52272788697069 51.7 7.508934245307339
      vertex 82.31416121795539 51.7 7.639985369285167
      vertex 82.31416121795539 40.3 7.639985369285167
    endloop
  endfacet
  facet normal 0.7071067811865656 0 0.7071067811865295
    outer loop
      vertex 82.13998536928517 40.3 7.814161217955393
      vertex 82.31416121795539 51.7 7.639985369285167
      vertex 82.13998536928517 51.7 7.814161217955393
    endloop
  endfacet
  facet normal 0.8467241992282868 0 0.5320320765153327
    outer loop
      vertex 82.00893424530734 40.3 8.022727886970685
      vertex 82.13998536928517 51.7 7.814161217955393
      vertex 82.00893424530734 51.7 8.022727886970685
    endloop
  endfacet
  facet normal 0.9438833303083519 0 0.3302790619552117
    outer loop
      vertex 81.92757929659999 40.3 8.255226972648053
      vertex 82.00893424530734 51.7 8.022727886970685
      vertex 81.92757929659999 51.7 8.255226972648053
    endloop
  endfacet
  facet normal 0.9937122098932484 1.4012017337952779e-19 0.11196447610325622
    outer loop
      vertex 81.92757929659999 51.7 8.255226972648053
      vertex 81.9 51.7 8.5
      vertex 81.9 40.3 8.5
    endloop
  endfacet
  facet normal -0.5320320765153279 0 0.8467241992282896
    outer loop
      vertex 83.68583878204461 51.7 7.639985369285167
      vertex 83.47727211302931 40.3 7.508934245307339
      vertex 83.68583878204461 40.3 7.639985369285167
    endloop
  endfacet
  facet normal -0.7071067811865656 0 0.7071067811865295
    outer loop
      vertex 83.86001463071483 51.7 7.814161217955393
      vertex 83.68583878204461 40.3 7.639985369285167
      vertex 83.86001463071483 40.3 7.814161217955393
    endloop
  endfacet
  facet normal -0.8467241992282887 0 0.5320320765153294
    outer loop
      vertex 83.99106575469266 51.7 8.022727886970687
      vertex 83.86001463071483 40.3 7.814161217955393
      vertex 83.99106575469266 40.3 8.022727886970687
    endloop
  endfacet
  facet normal -0.9438833303083519 -5.202842810433299e-19 0.3302790619552117
    outer loop
      vertex 83.99106575469266 40.3 8.022727886970687
      vertex 84.07242070340001 40.3 8.255226972648055
      vertex 84.07242070340001 51.7 8.255226972648055
    endloop
  endfacet
  facet normal -0.9937122098932484 1.9757277785061052e-20 0.11196447610325701
    outer loop
      vertex 84.07242070340001 40.3 8.255226972648055
      vertex 84.1 40.3 8.5
      vertex 84.1 51.7 8.5
    endloop
  endfacet
  facet normal -0.7071067811865656 6.108696519158794e-19 0.7071067811865295
    outer loop
      vertex 83.86001463071483 51.7 7.814161217955393
      vertex 83.68583878204461 51.7 7.639985369285167
      vertex 83.68583878204461 40.3 7.639985369285167
    endloop
  endfacet
  facet normal -0.8467241992282887 0 0.5320320765153294
    outer loop
      vertex 83.86001463071483 51.7 7.814161217955393
      vertex 83.86001463071483 40.3 7.814161217955393
      vertex 83.99106575469266 51.7 8.022727886970687
    endloop
  endfacet
  facet normal -0.9438833303083519 0 0.3302790619552117
    outer loop
      vertex 83.99106575469266 51.7 8.022727886970687
      vertex 83.99106575469266 40.3 8.022727886970687
      vertex 84.07242070340001 51.7 8.255226972648055
    endloop
  endfacet
  facet normal -0.9937122098932484 0 0.11196447610325701
    outer loop
      vertex 84.07242070340001 51.7 8.255226972648055
      vertex 84.07242070340001 40.3 8.255226972648055
      vertex 84.1 51.7 8.5
    endloop
  endfacet
  facet normal 0.9937122098932484 -1.4012017337952779e-19 -0.11196447610325622
    outer loop
      vertex 81.92757929659999 40.3 8.744773027351947
      vertex 81.9 40.3 8.5
      vertex 81.9 51.7 8.5
    endloop
  endfacet
  facet normal 0.9438833303083519 -5.202842810433299e-19 -0.3302790619552117
    outer loop
      vertex 82.00893424530734 40.3 8.977272113029315
      vertex 81.92757929659999 40.3 8.744773027351947
      vertex 81.92757929659999 51.7 8.744773027351947
    endloop
  endfacet
  facet normal 0.8467241992282868 -5.673869836546789e-19 -0.5320320765153327
    outer loop
      vertex 82.13998536928517 40.3 9.185838782044607
      vertex 82.00893424530734 40.3 8.977272113029315
      vertex 82.00893424530734 51.7 8.977272113029315
    endloop
  endfacet
  facet normal 0.7071067811865656 6.108696519158794e-19 -0.7071067811865295
    outer loop
      vertex 82.31416121795539 40.3 9.360014630714833
      vertex 82.13998536928517 40.3 9.185838782044607
      vertex 82.13998536928517 51.7 9.185838782044607
    endloop
  endfacet
  facet normal 0.9937122098932484 0 -0.11196447610325622
    outer loop
      vertex 81.92757929659999 40.3 8.744773027351947
      vertex 81.9 51.7 8.5
      vertex 81.92757929659999 51.7 8.744773027351947
    endloop
  endfacet
  facet normal 0.9438833303083519 0 -0.3302790619552117
    outer loop
      vertex 82.00893424530734 51.7 8.977272113029315
      vertex 82.00893424530734 40.3 8.977272113029315
      vertex 81.92757929659999 51.7 8.744773027351947
    endloop
  endfacet
  facet normal 0.8467241992282868 0 -0.5320320765153327
    outer loop
      vertex 82.13998536928517 51.7 9.185838782044607
      vertex 82.13998536928517 40.3 9.185838782044607
      vertex 82.00893424530734 51.7 8.977272113029315
    endloop
  endfacet
  facet normal -0.9937122098932484 -1.9757277785061052e-20 -0.11196447610325701
    outer loop
      vertex 84.1 40.3 8.5
      vertex 84.07242070340001 40.3 8.744773027351945
      vertex 84.07242070340001 51.7 8.744773027351945
    endloop
  endfacet
  facet normal -0.9438833303083527 -2.8742182456451445e-19 -0.3302790619552094
    outer loop
      vertex 84.07242070340001 40.3 8.744773027351945
      vertex 83.99106575469266 40.3 8.977272113029315
      vertex 83.99106575469266 51.7 8.977272113029315
    endloop
  endfacet
  facet normal -0.8467241992282868 0 -0.5320320765153327
    outer loop
      vertex 83.86001463071483 40.3 9.185838782044607
      vertex 83.86001463071483 51.7 9.185838782044607
      vertex 83.99106575469266 40.3 8.977272113029315
    endloop
  endfacet
  facet normal -0.9937122098932484 0 -0.11196447610325701
    outer loop
      vertex 84.1 40.3 8.5
      vertex 84.07242070340001 51.7 8.744773027351945
      vertex 84.1 51.7 8.5
    endloop
  endfacet
  facet normal -0.9438833303083527 0 -0.3302790619552094
    outer loop
      vertex 84.07242070340001 51.7 8.744773027351945
      vertex 84.07242070340001 40.3 8.744773027351945
      vertex 83.99106575469266 51.7 8.977272113029315
    endloop
  endfacet
  facet normal -0.8467241992282868 0 -0.5320320765153327
    outer loop
      vertex 83.99106575469266 40.3 8.977272113029315
      vertex 83.86001463071483 51.7 9.185838782044607
      vertex 83.99106575469266 51.7 8.977272113029315
    endloop
  endfacet
  facet normal -0.7071067811865656 0 -0.7071067811865295
    outer loop
      vertex 83.86001463071483 40.3 9.185838782044607
      vertex 83.68583878204461 51.7 9.360014630714833
      vertex 83.86001463071483 51.7 9.185838782044607
    endloop
  endfacet
  facet normal 0.5320320765153279 -4.677281306138944e-19 -0.8467241992282896
    outer loop
      vertex 82.52272788697069 40.3 9.491065754692661
      vertex 82.31416121795539 40.3 9.360014630714833
      vertex 82.31416121795539 51.7 9.360014630714833
    endloop
  endfacet
  facet normal 0.33027906195515766 -1.0241414750358494e-19 -0.9438833303083708
    outer loop
      vertex 82.75522697264806 40.3 9.572420703400006
      vertex 82.52272788697069 40.3 9.491065754692661
      vertex 82.52272788697069 51.7 9.491065754692661
    endloop
  endfacet
  facet normal 0.11196447610330927 -9.795088271303024e-20 -0.9937122098932424
    outer loop
      vertex 83 40.3 9.6
      vertex 82.75522697264806 40.3 9.572420703400006
      vertex 82.75522697264806 51.7 9.572420703400006
    endloop
  endfacet
  facet normal 0.7071067811865656 0 -0.7071067811865295
    outer loop
      vertex 82.31416121795539 40.3 9.360014630714833
      vertex 82.13998536928517 51.7 9.185838782044607
      vertex 82.31416121795539 51.7 9.360014630714833
    endloop
  endfacet
  facet normal 0.5320320765153279 0 -0.8467241992282896
    outer loop
      vertex 82.52272788697069 40.3 9.491065754692661
      vertex 82.31416121795539 51.7 9.360014630714833
      vertex 82.52272788697069 51.7 9.491065754692661
    endloop
  endfacet
  facet normal 0.33027906195515766 0 -0.9438833303083708
    outer loop
      vertex 82.75522697264806 40.3 9.572420703400006
      vertex 82.52272788697069 51.7 9.491065754692661
      vertex 82.75522697264806 51.7 9.572420703400006
    endloop
  endfacet
  facet normal -0.7071067811865656 -6.108696519158794e-19 -0.7071067811865295
    outer loop
      vertex 83.86001463071483 40.3 9.185838782044607
      vertex 83.68583878204461 40.3 9.360014630714833
      vertex 83.68583878204461 51.7 9.360014630714833
    endloop
  endfacet
  facet normal -0.5320320765153279 4.677281306138944e-19 -0.8467241992282896
    outer loop
      vertex 83.68583878204461 40.3 9.360014630714833
      vertex 83.47727211302931 40.3 9.491065754692661
      vertex 83.47727211302931 51.7 9.491065754692661
    endloop
  endfacet
  facet normal -0.11196447610330927 9.795088271303024e-20 -0.9937122098932424
    outer loop
      vertex 83.24477302735194 40.3 9.572420703400006
      vertex 83 40.3 9.6
      vertex 83 51.7 9.6
    endloop
  endfacet
  facet normal -0.33027906195515766 1.0241414750358494e-19 -0.9438833303083708
    outer loop
      vertex 83.47727211302931 40.3 9.491065754692661
      vertex 83.24477302735194 40.3 9.572420703400006
      vertex 83.24477302735194 51.7 9.572420703400006
    endloop
  endfacet
  facet normal -0.5320320765153279 0 -0.8467241992282896
    outer loop
      vertex 83.68583878204461 40.3 9.360014630714833
      vertex 83.47727211302931 51.7 9.491065754692661
      vertex 83.68583878204461 51.7 9.360014630714833
    endloop
  endfacet
  facet normal -0.33027906195515766 0 -0.9438833303083708
    outer loop
      vertex 83.47727211302931 40.3 9.491065754692661
      vertex 83.24477302735194 51.7 9.572420703400006
      vertex 83.47727211302931 51.7 9.491065754692661
    endloop
  endfacet
  facet normal 0.11196447610330927 0 -0.9937122098932424
    outer loop
      vertex 83 40.3 9.6
      vertex 82.75522697264806 51.7 9.572420703400006
      vertex 83 51.7 9.6
    endloop
  endfacet
  facet normal -0.11196447610330927 0 -0.9937122098932424
    outer loop
      vertex 83.24477302735194 40.3 9.572420703400006
      vertex 83 51.7 9.6
      vertex 83.24477302735194 51.7 9.572420703400006
    endloop
  endfacet
  facet normal 0.33027906195515766 0 0.9438833303083708
    outer loop
      vertex 82.75522697264806 64.3 7.427579296599994
      vertex 82.75522697264806 70 7.427579296599994
      vertex 82.52272788697069 64.3 7.508934245307339
    endloop
  endfacet
  facet normal 0.5320320765153279 0 0.8467241992282896
    outer loop
      vertex 82.52272788697069 64.3 7.508934245307339
      vertex 82.52272788697069 70 7.508934245307339
      vertex 82.31416121795539 64.3 7.639985369285167
    endloop
  endfacet
  facet normal 0.11196447610330927 0 0.9937122098932424
    outer loop
      vertex 82.75522697264806 64.3 7.427579296599994
      vertex 83 70 7.4
      vertex 82.75522697264806 70 7.427579296599994
    endloop
  endfacet
  facet normal 0.33027906195515766 0 0.9438833303083708
    outer loop
      vertex 82.52272788697069 64.3 7.508934245307339
      vertex 82.75522697264806 70 7.427579296599994
      vertex 82.52272788697069 70 7.508934245307339
    endloop
  endfacet
  facet normal 0 -1 0
    outer loop
      vertex 82.75522697264806 70 7.427579296599994
      vertex 83.24477302735194 70 7.427579296599994
      vertex 82.52272788697069 70 7.508934245307339
    endloop
  endfacet
  facet normal 0 -1 0
    outer loop
      vertex 82.52272788697069 70 7.508934245307339
      vertex 82.78860511274151 70 7.573818483427267
      vertex 82.31416121795539 70 7.639985369285167
    endloop
  endfacet
  facet normal 0 -1 0
    outer loop
      vertex 82.52272788697069 70 7.508934245307339
      vertex 83 70 7.55
      vertex 82.78860511274151 70 7.573818483427267
    endloop
  endfacet
  facet normal 0.11196447610330927 1.9590176542606047e-19 0.9937122098932424
    outer loop
      vertex 82.75522697264806 64.3 7.427579296599994
      vertex 83 64.3 7.4
      vertex 83 70 7.4
    endloop
  endfacet
  facet normal -0.11196447610330927 -1.9590176542606047e-19 0.9937122098932424
    outer loop
      vertex 83 64.3 7.4
      vertex 83.24477302735194 64.3 7.427579296599994
      vertex 83.24477302735194 70 7.427579296599994
    endloop
  endfacet
  facet normal -0.33027906195515766 -2.0482829500716989e-19 0.9438833303083708
    outer loop
      vertex 83.24477302735194 64.3 7.427579296599994
      vertex 83.47727211302931 64.3 7.508934245307339
      vertex 83.47727211302931 70 7.508934245307339
    endloop
  endfacet
  facet normal -0.11196447610330927 0 0.9937122098932424
    outer loop
      vertex 83 64.3 7.4
      vertex 83.24477302735194 70 7.427579296599994
      vertex 83 70 7.4
    endloop
  endfacet
  facet normal -0.33027906195515766 0 0.9438833303083708
    outer loop
      vertex 83.24477302735194 64.3 7.427579296599994
      vertex 83.47727211302931 70 7.508934245307339
      vertex 83.24477302735194 70 7.427579296599994
    endloop
  endfacet
  facet normal -0.5320320765153279 0 0.8467241992282896
    outer loop
      vertex 83.47727211302931 64.3 7.508934245307339
      vertex 83.68583878204461 70 7.639985369285167
      vertex 83.47727211302931 70 7.508934245307339
    endloop
  endfacet
  facet normal 0 -1 0
    outer loop
      vertex 82.75522697264806 70 7.427579296599994
      vertex 83 70 7.4
      vertex 83.24477302735194 70 7.427579296599994
    endloop
  endfacet
  facet normal 0 -1 0
    outer loop
      vertex 83.24477302735194 70 7.427579296599994
      vertex 83.47727211302931 70 7.508934245307339
      vertex 82.52272788697069 70 7.508934245307339
    endloop
  endfacet
  facet normal 0 -1 0
    outer loop
      vertex 82.52272788697069 70 7.508934245307339
      vertex 83.47727211302931 70 7.508934245307339
      vertex 83 70 7.55
    endloop
  endfacet
  facet normal 0 -1 0
    outer loop
      vertex 83 70 7.55
      vertex 83.47727211302931 70 7.508934245307339
      vertex 83.21139488725849 70 7.573818483427267
    endloop
  endfacet
  facet normal 0 -1 0
    outer loop
      vertex 83.47727211302931 70 7.508934245307339
      vertex 83.41218955216168 70 7.644079575492702
      vertex 83.21139488725849 70 7.573818483427267
    endloop
  endfacet
  facet normal 0.7071067811865656 0 0.7071067811865295
    outer loop
      vertex 82.31416121795539 64.3 7.639985369285167
      vertex 82.31416121795539 70 7.639985369285167
      vertex 82.13998536928517 64.3 7.814161217955393
    endloop
  endfacet
  facet normal 0.8467241992282868 0 0.5320320765153327
    outer loop
      vertex 82.13998536928517 64.3 7.814161217955393
      vertex 82.13998536928517 70 7.814161217955393
      vertex 82.00893424530734 64.3 8.022727886970685
    endloop
  endfacet
  facet normal 0.5320320765153279 9.354562612277888e-19 0.8467241992282896
    outer loop
      vertex 82.52272788697069 70 7.508934245307339
      vertex 82.31416121795539 70 7.639985369285167
      vertex 82.31416121795539 64.3 7.639985369285167
    endloop
  endfacet
  facet normal 0.7071067811865656 0 0.7071067811865295
    outer loop
      vertex 82.13998536928517 64.3 7.814161217955393
      vertex 82.31416121795539 70 7.639985369285167
      vertex 82.13998536928517 70 7.814161217955393
    endloop
  endfacet
  facet normal 0 -1 0
    outer loop
      vertex 82.78860511274151 70 7.573818483427267
      vertex 82.58781044783832 70 7.644079575492702
      vertex 82.31416121795539 70 7.639985369285167
    endloop
  endfacet
  facet normal 0 -1 0
    outer loop
      vertex 82.31416121795539 70 7.639985369285167
      vertex 82.58781044783832 70 7.644079575492702
      vertex 82.4076846882342 70 7.757260091655372
    endloop
  endfacet
  facet normal 0 -1 0
    outer loop
      vertex 82.31416121795539 70 7.639985369285167
      vertex 82.4076846882342 70 7.757260091655372
      vertex 82.13998536928517 70 7.814161217955393
    endloop
  endfacet
  facet normal 0.8467241992282868 0 0.5320320765153327
    outer loop
      vertex 82.00893424530734 64.3 8.022727886970685
      vertex 82.13998536928517 70 7.814161217955393
      vertex 82.00893424530734 70 8.022727886970685
    endloop
  endfacet
  facet normal 0 -1 0
    outer loop
      vertex 82.4076846882342 70 7.757260091655372
      vertex 82.25726009165537 70 7.907684688234203
      vertex 82.13998536928517 70 7.814161217955393
    endloop
  endfacet
  facet normal 0 -1 0
    outer loop
      vertex 82.13998536928517 70 7.814161217955393
      vertex 82.25726009165537 70 7.907684688234203
      vertex 82.00893424530734 70 8.022727886970685
    endloop
  endfacet
  facet normal 0 -1 0
    outer loop
      vertex 82.25726009165537 70 7.907684688234203
      vertex 82.1440795754927 70 8.08781044783832
      vertex 82.00893424530734 70 8.022727886970685
    endloop
  endfacet
  facet normal 0.9438833303083519 0 0.3302790619552117
    outer loop
      vertex 82.00893424530734 64.3 8.022727886970685
      vertex 82.00893424530734 70 8.022727886970685
      vertex 81.92757929659999 64.3 8.255226972648053
    endloop
  endfacet
  facet normal 0.9937122098932484 0 0.11196447610325622
    outer loop
      vertex 81.92757929659999 64.3 8.255226972648053
      vertex 81.92757929659999 70 8.255226972648053
      vertex 81.9 64.3 8.5
    endloop
  endfacet
  facet normal 0.9438833303083519 0 0.3302790619552117
    outer loop
      vertex 81.92757929659999 64.3 8.255226972648053
      vertex 82.00893424530734 70 8.022727886970685
      vertex 81.92757929659999 70 8.255226972648053
    endloop
  endfacet
  facet normal 0 -1 0
    outer loop
      vertex 82.00893424530734 70 8.022727886970685
      vertex 82.1440795754927 70 8.08781044783832
      vertex 81.92757929659999 70 8.255226972648053
    endloop
  endfacet
  facet normal 0 -1 0
    outer loop
      vertex 82.1440795754927 70 8.08781044783832
      vertex 82.07381848342727 70 8.288605112741502
      vertex 81.92757929659999 70 8.255226972648053
    endloop
  endfacet
  facet normal 0.9937122098932484 2.8024034675905557e-19 0.11196447610325622
    outer loop
      vertex 81.92757929659999 70 8.255226972648053
      vertex 81.9 70 8.5
      vertex 81.9 64.3 8.5
    endloop
  endfacet
  facet normal 0 -1 0
    outer loop
      vertex 81.92757929659999 70 8.255226972648053
      vertex 82.07381848342727 70 8.288605112741502
      vertex 81.9 70 8.5
    endloop
  endfacet
  facet normal 0 -1 0
    outer loop
      vertex 82.07381848342727 70 8.288605112741502
      vertex 82.05 70 8.5
      vertex 81.9 70 8.5
    endloop
  endfacet
  facet normal -0.5320320765153279 -9.354562612277888e-19 0.8467241992282896
    outer loop
      vertex 83.47727211302931 64.3 7.508934245307339
      vertex 83.68583878204461 64.3 7.639985369285167
      vertex 83.68583878204461 70 7.639985369285167
    endloop
  endfacet
  facet normal -0.7071067811865656 1.2217393038317589e-18 0.7071067811865295
    outer loop
      vertex 83.68583878204461 64.3 7.639985369285167
      vertex 83.86001463071483 64.3 7.814161217955393
      vertex 83.86001463071483 70 7.814161217955393
    endloop
  endfacet
  facet normal -0.8467241992282887 -8.921769365022207e-19 0.5320320765153294
    outer loop
      vertex 83.86001463071483 64.3 7.814161217955393
      vertex 83.99106575469266 64.3 8.022727886970687
      vertex 83.99106575469266 70 8.022727886970687
    endloop
  endfacet
  facet normal -0.7071067811865656 0 0.7071067811865295
    outer loop
      vertex 83.68583878204461 64.3 7.639985369285167
      vertex 83.86001463071483 70 7.814161217955393
      vertex 83.68583878204461 70 7.639985369285167
    endloop
  endfacet
  facet normal 0 -1 0
    outer loop
      vertex 83.47727211302931 70 7.508934245307339
      vertex 83.68583878204461 70 7.639985369285167
      vertex 83.41218955216168 70 7.644079575492702
    endloop
  endfacet
  facet normal 0 -1 0
    outer loop
      vertex 83.41218955216168 70 7.644079575492702
      vertex 83.68583878204461 70 7.639985369285167
      vertex 83.5923153117658 70 7.757260091655372
    endloop
  endfacet
  facet normal 0 -1 0
    outer loop
      vertex 83.68583878204461 70 7.639985369285167
      vertex 83.74273990834463 70 7.907684688234204
      vertex 83.5923153117658 70 7.757260091655372
    endloop
  endfacet
  facet normal 0 -1 0
    outer loop
      vertex 83.68583878204461 70 7.639985369285167
      vertex 83.86001463071483 70 7.814161217955393
      vertex 83.74273990834463 70 7.907684688234204
    endloop
  endfacet
  facet normal -0.8467241992282887 0 0.5320320765153294
    outer loop
      vertex 83.86001463071483 64.3 7.814161217955393
      vertex 83.99106575469266 70 8.022727886970687
      vertex 83.86001463071483 70 7.814161217955393
    endloop
  endfacet
  facet normal 0 -1 0
    outer loop
      vertex 83.86001463071483 70 7.814161217955393
      vertex 83.8559204245073 70 8.08781044783832
      vertex 83.74273990834463 70 7.907684688234204
    endloop
  endfacet
  facet normal 0 -1 0
    outer loop
      vertex 83.86001463071483 70 7.814161217955393
      vertex 83.99106575469266 70 8.022727886970687
      vertex 83.8559204245073 70 8.08781044783832
    endloop
  endfacet
  facet normal -0.9438833303083519 -1.0405685620866597e-18 0.3302790619552117
    outer loop
      vertex 83.99106575469266 64.3 8.022727886970687
      vertex 84.07242070340001 64.3 8.255226972648055
      vertex 84.07242070340001 70 8.255226972648055
    endloop
  endfacet
  facet normal -0.9937122098932484 3.9514555570122104e-20 0.11196447610325701
    outer loop
      vertex 84.07242070340001 64.3 8.255226972648055
      vertex 84.1 64.3 8.5
      vertex 84.1 70 8.5
    endloop
  endfacet
  facet normal -0.9438833303083519 0 0.3302790619552117
    outer loop
      vertex 83.99106575469266 64.3 8.022727886970687
      vertex 84.07242070340001 70 8.255226972648055
      vertex 83.99106575469266 70 8.022727886970687
    endloop
  endfacet
  facet normal 0 -1 0
    outer loop
      vertex 83.99106575469266 70 8.022727886970687
      vertex 83.92618151657273 70 8.288605112741502
      vertex 83.8559204245073 70 8.08781044783832
    endloop
  endfacet
  facet normal 0 -1 0
    outer loop
      vertex 83.99106575469266 70 8.022727886970687
      vertex 84.07242070340001 70 8.255226972648055
      vertex 83.92618151657273 70 8.288605112741502
    endloop
  endfacet
  facet normal -0.9937122098932484 0 0.11196447610325701
    outer loop
      vertex 84.07242070340001 64.3 8.255226972648055
      vertex 84.1 70 8.5
      vertex 84.07242070340001 70 8.255226972648055
    endloop
  endfacet
  facet normal 0 -1 0
    outer loop
      vertex 84.07242070340001 70 8.255226972648055
      vertex 84.1 70 8.5
      vertex 83.92618151657273 70 8.288605112741502
    endloop
  endfacet
  facet normal 0 -1 0
    outer loop
      vertex 83.92618151657273 70 8.288605112741502
      vertex 84.1 70 8.5
      vertex 83.95 70 8.5
    endloop
  endfacet
  facet normal 0.9937122098932484 0 -0.11196447610325622
    outer loop
      vertex 81.9 70 8.5
      vertex 81.92757929659999 64.3 8.744773027351947
      vertex 81.9 64.3 8.5
    endloop
  endfacet
  facet normal 0.9438833303083519 0 -0.3302790619552117
    outer loop
      vertex 81.92757929659999 70 8.744773027351947
      vertex 82.00893424530734 64.3 8.977272113029315
      vertex 81.92757929659999 64.3 8.744773027351947
    endloop
  endfacet
  facet normal 0 -1 0
    outer loop
      vertex 81.9 70 8.5
      vertex 82.05 70 8.5
      vertex 82.07381848342727 70 8.711394887258498
    endloop
  endfacet
  facet normal 0.9937122098932484 -2.8024034675905557e-19 -0.11196447610325622
    outer loop
      vertex 81.9 70 8.5
      vertex 81.92757929659999 70 8.744773027351947
      vertex 81.92757929659999 64.3 8.744773027351947
    endloop
  endfacet
  facet normal 0 -1 0
    outer loop
      vertex 81.9 70 8.5
      vertex 82.07381848342727 70 8.711394887258498
      vertex 81.92757929659999 70 8.744773027351947
    endloop
  endfacet
  facet normal 0 -1 0
    outer loop
      vertex 82.07381848342727 70 8.711394887258498
      vertex 82.00893424530734 70 8.977272113029315
      vertex 81.92757929659999 70 8.744773027351947
    endloop
  endfacet
  facet normal 0.8467241992282868 0 -0.5320320765153327
    outer loop
      vertex 82.00893424530734 70 8.977272113029315
      vertex 82.13998536928517 64.3 9.185838782044607
      vertex 82.00893424530734 64.3 8.977272113029315
    endloop
  endfacet
  facet normal 0.7071067811865656 0 -0.7071067811865295
    outer loop
      vertex 82.13998536928517 70 9.185838782044607
      vertex 82.31416121795539 64.3 9.360014630714833
      vertex 82.13998536928517 64.3 9.185838782044607
    endloop
  endfacet
  facet normal 0.9438833303083519 -1.0405685620866597e-18 -0.3302790619552117
    outer loop
      vertex 81.92757929659999 70 8.744773027351947
      vertex 82.00893424530734 70 8.977272113029315
      vertex 82.00893424530734 64.3 8.977272113029315
    endloop
  endfacet
  facet normal 0 -1 0
    outer loop
      vertex 82.07381848342727 70 8.711394887258498
      vertex 82.1440795754927 70 8.91218955216168
      vertex 82.00893424530734 70 8.977272113029315
    endloop
  endfacet
  facet normal 0 -1 0
    outer loop
      vertex 82.1440795754927 70 8.91218955216168
      vertex 82.13998536928517 70 9.185838782044607
      vertex 82.00893424530734 70 8.977272113029315
    endloop
  endfacet
  facet normal 0 -1 0
    outer loop
      vertex 82.1440795754927 70 8.91218955216168
      vertex 82.25726009165537 70 9.092315311765796
      vertex 82.13998536928517 70 9.185838782044607
    endloop
  endfacet
  facet normal 0.8467241992282868 -1.1347739673093579e-18 -0.5320320765153327
    outer loop
      vertex 82.00893424530734 70 8.977272113029315
      vertex 82.13998536928517 70 9.185838782044607
      vertex 82.13998536928517 64.3 9.185838782044607
    endloop
  endfacet
  facet normal 0 -1 0
    outer loop
      vertex 82.25726009165537 70 9.092315311765796
      vertex 82.31416121795539 70 9.360014630714833
      vertex 82.13998536928517 70 9.185838782044607
    endloop
  endfacet
  facet normal 0 -1 0
    outer loop
      vertex 82.25726009165537 70 9.092315311765796
      vertex 82.4076846882342 70 9.242739908344628
      vertex 82.31416121795539 70 9.360014630714833
    endloop
  endfacet
  facet normal -0.9937122098932484 0 -0.11196447610325701
    outer loop
      vertex 84.07242070340001 70 8.744773027351945
      vertex 84.1 64.3 8.5
      vertex 84.07242070340001 64.3 8.744773027351945
    endloop
  endfacet
  facet normal -0.9937122098932484 0 -0.11196447610325701
    outer loop
      vertex 84.1 70 8.5
      vertex 84.1 64.3 8.5
      vertex 84.07242070340001 70 8.744773027351945
    endloop
  endfacet
  facet normal 0 -1 0
    outer loop
      vertex 83.95 70 8.5
      vertex 84.1 70 8.5
      vertex 83.92618151657273 70 8.711394887258498
    endloop
  endfacet
  facet normal -0.9438833303083527 0 -0.3302790619552094
    outer loop
      vertex 84.07242070340001 70 8.744773027351945
      vertex 84.07242070340001 64.3 8.744773027351945
      vertex 83.99106575469266 70 8.977272113029315
    endloop
  endfacet
  facet normal 0 -1 0
    outer loop
      vertex 84.1 70 8.5
      vertex 84.07242070340001 70 8.744773027351945
      vertex 83.92618151657273 70 8.711394887258498
    endloop
  endfacet
  facet normal 0 -1 0
    outer loop
      vertex 83.92618151657273 70 8.711394887258498
      vertex 84.07242070340001 70 8.744773027351945
      vertex 83.8559204245073 70 8.91218955216168
    endloop
  endfacet
  facet normal -0.9438833303083527 0 -0.3302790619552094
    outer loop
      vertex 83.99106575469266 70 8.977272113029315
      vertex 84.07242070340001 64.3 8.744773027351945
      vertex 83.99106575469266 64.3 8.977272113029315
    endloop
  endfacet
  facet normal -0.8467241992282868 0 -0.5320320765153327
    outer loop
      vertex 83.86001463071483 70 9.185838782044607
      vertex 83.99106575469266 64.3 8.977272113029315
      vertex 83.86001463071483 64.3 9.185838782044607
    endloop
  endfacet
  facet normal -0.8467241992282868 0 -0.5320320765153327
    outer loop
      vertex 83.99106575469266 70 8.977272113029315
      vertex 83.99106575469266 64.3 8.977272113029315
      vertex 83.86001463071483 70 9.185838782044607
    endloop
  endfacet
  facet normal 0 -1 0
    outer loop
      vertex 84.07242070340001 70 8.744773027351945
      vertex 83.99106575469266 70 8.977272113029315
      vertex 83.8559204245073 70 8.91218955216168
    endloop
  endfacet
  facet normal 0 -1 0
    outer loop
      vertex 83.8559204245073 70 8.91218955216168
      vertex 83.99106575469266 70 8.977272113029315
      vertex 83.74273990834463 70 9.092315311765796
    endloop
  endfacet
  facet normal -0.7071067811865656 0 -0.7071067811865295
    outer loop
      vertex 83.86001463071483 70 9.185838782044607
      vertex 83.86001463071483 64.3 9.185838782044607
      vertex 83.68583878204461 70 9.360014630714833
    endloop
  endfacet
  facet normal 0 -1 0
    outer loop
      vertex 83.99106575469266 70 8.977272113029315
      vertex 83.86001463071483 70 9.185838782044607
      vertex 83.74273990834463 70 9.092315311765796
    endloop
  endfacet
  facet normal 0 -1 0
    outer loop
      vertex 83.5923153117658 70 9.242739908344628
      vertex 83.74273990834463 70 9.092315311765796
      vertex 83.86001463071483 70 9.185838782044607
    endloop
  endfacet
  facet normal 0 -1 0
    outer loop
      vertex 83.5923153117658 70 9.242739908344628
      vertex 83.86001463071483 70 9.185838782044607
      vertex 83.68583878204461 70 9.360014630714833
    endloop
  endfacet
  facet normal 0.5320320765153279 0 -0.8467241992282896
    outer loop
      vertex 82.31416121795539 70 9.360014630714833
      vertex 82.52272788697069 64.3 9.491065754692661
      vertex 82.31416121795539 64.3 9.360014630714833
    endloop
  endfacet
  facet normal 0.33027906195515766 0 -0.9438833303083708
    outer loop
      vertex 82.52272788697069 70 9.491065754692661
      vertex 82.75522697264806 64.3 9.572420703400006
      vertex 82.52272788697069 64.3 9.491065754692661
    endloop
  endfacet
  facet normal 0.11196447610330927 0 -0.9937122098932424
    outer loop
      vertex 82.75522697264806 70 9.572420703400006
      vertex 83 64.3 9.6
      vertex 82.75522697264806 64.3 9.572420703400006
    endloop
  endfacet
  facet normal 0.7071067811865656 1.2217393038317589e-18 -0.7071067811865295
    outer loop
      vertex 82.13998536928517 70 9.185838782044607
      vertex 82.31416121795539 70 9.360014630714833
      vertex 82.31416121795539 64.3 9.360014630714833
    endloop
  endfacet
  facet normal 0.5320320765153279 -9.354562612277888e-19 -0.8467241992282896
    outer loop
      vertex 82.31416121795539 70 9.360014630714833
      vertex 82.52272788697069 70 9.491065754692661
      vertex 82.52272788697069 64.3 9.491065754692661
    endloop
  endfacet
  facet normal 0 -1 0
    outer loop
      vertex 82.4076846882342 70 9.242739908344628
      vertex 82.58781044783832 70 9.355920424507298
      vertex 82.31416121795539 70 9.360014630714833
    endloop
  endfacet
  facet normal 0 -1 0
    outer loop
      vertex 82.31416121795539 70 9.360014630714833
      vertex 82.58781044783832 70 9.355920424507298
      vertex 82.52272788697069 70 9.491065754692661
    endloop
  endfacet
  facet normal 0 -1 0
    outer loop
      vertex 82.58781044783832 70 9.355920424507298
      vertex 82.78860511274151 70 9.426181516572733
      vertex 82.52272788697069 70 9.491065754692661
    endloop
  endfacet
  facet normal 0 -1 0
    outer loop
      vertex 82.78860511274151 70 9.426181516572733
      vertex 83 70 9.45
      vertex 82.52272788697069 70 9.491065754692661
    endloop
  endfacet
  facet normal 0.33027906195515766 -2.0482829500716989e-19 -0.9438833303083708
    outer loop
      vertex 82.52272788697069 70 9.491065754692661
      vertex 82.75522697264806 70 9.572420703400006
      vertex 82.75522697264806 64.3 9.572420703400006
    endloop
  endfacet
  facet normal -0.7071067811865656 0 -0.7071067811865295
    outer loop
      vertex 83.68583878204461 70 9.360014630714833
      vertex 83.86001463071483 64.3 9.185838782044607
      vertex 83.68583878204461 64.3 9.360014630714833
    endloop
  endfacet
  facet normal -0.5320320765153279 0 -0.8467241992282896
    outer loop
      vertex 83.47727211302931 70 9.491065754692661
      vertex 83.68583878204461 64.3 9.360014630714833
      vertex 83.47727211302931 64.3 9.491065754692661
    endloop
  endfacet
  facet normal -0.11196447610330927 0 -0.9937122098932424
    outer loop
      vertex 83 70 9.6
      vertex 83.24477302735194 64.3 9.572420703400006
      vertex 83 64.3 9.6
    endloop
  endfacet
  facet normal -0.33027906195515766 0 -0.9438833303083708
    outer loop
      vertex 83.24477302735194 70 9.572420703400006
      vertex 83.47727211302931 64.3 9.491065754692661
      vertex 83.24477302735194 64.3 9.572420703400006
    endloop
  endfacet
  facet normal -0.5320320765153279 0 -0.8467241992282896
    outer loop
      vertex 83.68583878204461 70 9.360014630714833
      vertex 83.68583878204461 64.3 9.360014630714833
      vertex 83.47727211302931 70 9.491065754692661
    endloop
  endfacet
  facet normal 0 -1 0
    outer loop
      vertex 83.41218955216168 70 9.355920424507298
      vertex 83.68583878204461 70 9.360014630714833
      vertex 83.21139488725849 70 9.426181516572733
    endloop
  endfacet
  facet normal 0 -1 0
    outer loop
      vertex 83.5923153117658 70 9.242739908344628
      vertex 83.68583878204461 70 9.360014630714833
      vertex 83.41218955216168 70 9.355920424507298
    endloop
  endfacet
  facet normal 0 -1 0
    outer loop
      vertex 83.68583878204461 70 9.360014630714833
      vertex 83.47727211302931 70 9.491065754692661
      vertex 83.21139488725849 70 9.426181516572733
    endloop
  endfacet
  facet normal 0 -1 0
    outer loop
      vertex 83 70 9.45
      vertex 83.47727211302931 70 9.491065754692661
      vertex 82.52272788697069 70 9.491065754692661
    endloop
  endfacet
  facet normal 0 -1 0
    outer loop
      vertex 83 70 9.45
      vertex 83.21139488725849 70 9.426181516572733
      vertex 83.47727211302931 70 9.491065754692661
    endloop
  endfacet
  facet normal -0.33027906195515766 0 -0.9438833303083708
    outer loop
      vertex 83.47727211302931 70 9.491065754692661
      vertex 83.47727211302931 64.3 9.491065754692661
      vertex 83.24477302735194 70 9.572420703400006
    endloop
  endfacet
  facet normal 0.11196447610330927 -1.9590176542606047e-19 -0.9937122098932424
    outer loop
      vertex 82.75522697264806 70 9.572420703400006
      vertex 83 70 9.6
      vertex 83 64.3 9.6
    endloop
  endfacet
  facet normal -0.11196447610330927 1.9590176542606047e-19 -0.9937122098932424
    outer loop
      vertex 83 70 9.6
      vertex 83.24477302735194 70 9.572420703400006
      vertex 83.24477302735194 64.3 9.572420703400006
    endloop
  endfacet
  facet normal 0 -1 0
    outer loop
      vertex 82.52272788697069 70 9.491065754692661
      vertex 83.47727211302931 70 9.491065754692661
      vertex 82.75522697264806 70 9.572420703400006
    endloop
  endfacet
  facet normal 0 -1 0
    outer loop
      vertex 83.47727211302931 70 9.491065754692661
      vertex 83.24477302735194 70 9.572420703400006
      vertex 82.75522697264806 70 9.572420703400006
    endloop
  endfacet
  facet normal 0 -1 0
    outer loop
      vertex 82.75522697264806 70 9.572420703400006
      vertex 83.24477302735194 70 9.572420703400006
      vertex 83 70 9.6
    endloop
  endfacet
  facet normal 0.11196447610331037 0 0.9937122098932423
    outer loop
      vertex 82.78860511274151 70 7.573818483427267
      vertex 83 75.7 7.55
      vertex 82.78860511274151 75.7 7.573818483427267
    endloop
  endfacet
  facet normal 0.11196447610331037 -2.6515530241738975e-19 0.9937122098932423
    outer loop
      vertex 82.78860511274151 70 7.573818483427267
      vertex 83 70 7.55
      vertex 83 75.7 7.55
    endloop
  endfacet
  facet normal -0.11196447610331037 2.6515530241738975e-19 0.9937122098932423
    outer loop
      vertex 83 70 7.55
      vertex 83.21139488725849 70 7.573818483427267
      vertex 83.21139488725849 75.7 7.573818483427267
    endloop
  endfacet
  facet normal -0.11196447610331037 0 0.9937122098932423
    outer loop
      vertex 83 70 7.55
      vertex 83.21139488725849 75.7 7.573818483427267
      vertex 83 75.7 7.55
    endloop
  endfacet
  facet normal 0.3302790619551639 0 0.9438833303083688
    outer loop
      vertex 82.78860511274151 70 7.573818483427267
      vertex 82.78860511274151 75.7 7.573818483427267
      vertex 82.58781044783832 70 7.644079575492702
    endloop
  endfacet
  facet normal 0.5320320765153209 -8.750057822038982e-19 0.846724199228294
    outer loop
      vertex 82.4076846882342 70 7.757260091655372
      vertex 82.58781044783832 70 7.644079575492702
      vertex 82.58781044783832 75.7 7.644079575492702
    endloop
  endfacet
  facet normal 0.7071067811865497 0 0.7071067811865455
    outer loop
      vertex 82.4076846882342 70 7.757260091655372
      vertex 82.4076846882342 75.7 7.757260091655372
      vertex 82.25726009165537 70 7.907684688234203
    endloop
  endfacet
  facet normal 0.8467241992282819 0 0.53203207651534
    outer loop
      vertex 82.25726009165537 70 7.907684688234203
      vertex 82.25726009165537 75.7 7.907684688234203
      vertex 82.1440795754927 70 8.08781044783832
    endloop
  endfacet
  facet normal 0.3302790619551639 0 0.9438833303083688
    outer loop
      vertex 82.58781044783832 70 7.644079575492702
      vertex 82.78860511274151 75.7 7.573818483427267
      vertex 82.58781044783832 75.7 7.644079575492702
    endloop
  endfacet
  facet normal 0.5320320765153209 0 0.846724199228294
    outer loop
      vertex 82.4076846882342 70 7.757260091655372
      vertex 82.58781044783832 75.7 7.644079575492702
      vertex 82.4076846882342 75.7 7.757260091655372
    endloop
  endfacet
  facet normal 0.7071067811865497 0 0.7071067811865455
    outer loop
      vertex 82.25726009165537 70 7.907684688234203
      vertex 82.4076846882342 75.7 7.757260091655372
      vertex 82.25726009165537 75.7 7.907684688234203
    endloop
  endfacet
  facet normal 0.9438833303083851 0 0.330279061955117
    outer loop
      vertex 82.1440795754927 70 8.08781044783832
      vertex 82.1440795754927 75.7 8.08781044783832
      vertex 82.07381848342727 70 8.288605112741502
    endloop
  endfacet
  facet normal 0.9937122098932375 0 0.11196447610335292
    outer loop
      vertex 82.07381848342727 70 8.288605112741502
      vertex 82.07381848342727 75.7 8.288605112741502
      vertex 82.05 70 8.5
    endloop
  endfacet
  facet normal 0.8467241992282819 0 0.53203207651534
    outer loop
      vertex 82.1440795754927 70 8.08781044783832
      vertex 82.25726009165537 75.7 7.907684688234203
      vertex 82.1440795754927 75.7 8.08781044783832
    endloop
  endfacet
  facet normal 0.9438833303083851 0 0.330279061955117
    outer loop
      vertex 82.07381848342727 70 8.288605112741502
      vertex 82.1440795754927 75.7 8.08781044783832
      vertex 82.07381848342727 75.7 8.288605112741502
    endloop
  endfacet
  facet normal 0.9937122098932375 0 0.11196447610335292
    outer loop
      vertex 82.05 70 8.5
      vertex 82.07381848342727 75.7 8.288605112741502
      vertex 82.05 75.7 8.5
    endloop
  endfacet
  facet normal -0.3302790619551639 -9.539002302031536e-20 0.9438833303083688
    outer loop
      vertex 83.21139488725849 70 7.573818483427267
      vertex 83.41218955216168 70 7.644079575492702
      vertex 83.41218955216168 75.7 7.644079575492702
    endloop
  endfacet
  facet normal -0.5320320765153209 8.750057822038982e-19 0.846724199228294
    outer loop
      vertex 83.41218955216168 70 7.644079575492702
      vertex 83.5923153117658 70 7.757260091655372
      vertex 83.5923153117658 75.7 7.757260091655372
    endloop
  endfacet
  facet normal -0.7071067811865517 6.962505785149097e-19 0.7071067811865434
    outer loop
      vertex 83.5923153117658 70 7.757260091655372
      vertex 83.74273990834463 70 7.907684688234204
      vertex 83.74273990834463 75.7 7.907684688234204
    endloop
  endfacet
  facet normal -0.3302790619551639 0 0.9438833303083688
    outer loop
      vertex 83.21139488725849 70 7.573818483427267
      vertex 83.41218955216168 75.7 7.644079575492702
      vertex 83.21139488725849 75.7 7.573818483427267
    endloop
  endfacet
  facet normal -0.5320320765153209 0 0.846724199228294
    outer loop
      vertex 83.41218955216168 70 7.644079575492702
      vertex 83.5923153117658 75.7 7.757260091655372
      vertex 83.41218955216168 75.7 7.644079575492702
    endloop
  endfacet
  facet normal -0.7071067811865517 0 0.7071067811865434
    outer loop
      vertex 83.5923153117658 70 7.757260091655372
      vertex 83.74273990834463 75.7 7.907684688234204
      vertex 83.5923153117658 75.7 7.757260091655372
    endloop
  endfacet
  facet normal -0.8467241992282808 0 0.5320320765153419
    outer loop
      vertex 83.74273990834463 70 7.907684688234204
      vertex 83.8559204245073 75.7 8.08781044783832
      vertex 83.74273990834463 75.7 7.907684688234204
    endloop
  endfacet
  facet normal -0.8467241992282808 -7.539112688985555e-19 0.5320320765153419
    outer loop
      vertex 83.74273990834463 70 7.907684688234204
      vertex 83.8559204245073 70 8.08781044783832
      vertex 83.8559204245073 75.7 8.08781044783832
    endloop
  endfacet
  facet normal -0.9438833303083851 -3.6845728282741035e-19 0.330279061955117
    outer loop
      vertex 83.8559204245073 70 8.08781044783832
      vertex 83.92618151657273 70 8.288605112741502
      vertex 83.92618151657273 75.7 8.288605112741502
    endloop
  endfacet
  facet normal -0.9937122098932375 -9.766748103117528e-20 0.11196447610335292
    outer loop
      vertex 83.92618151657273 70 8.288605112741502
      vertex 83.95 70 8.5
      vertex 83.95 75.7 8.5
    endloop
  endfacet
  facet normal -0.9438833303083851 0 0.330279061955117
    outer loop
      vertex 83.8559204245073 70 8.08781044783832
      vertex 83.92618151657273 75.7 8.288605112741502
      vertex 83.8559204245073 75.7 8.08781044783832
    endloop
  endfacet
  facet normal -0.9937122098932375 0 0.11196447610335292
    outer loop
      vertex 83.92618151657273 70 8.288605112741502
      vertex 83.95 75.7 8.5
      vertex 83.92618151657273 75.7 8.288605112741502
    endloop
  endfacet
  facet normal 0.9937122098932375 0 -0.11196447610335292
    outer loop
      vertex 82.05 70 8.5
      vertex 82.05 75.7 8.5
      vertex 82.07381848342727 70 8.711394887258498
    endloop
  endfacet
  facet normal 0.9438833303083851 0 -0.330279061955117
    outer loop
      vertex 82.07381848342727 70 8.711394887258498
      vertex 82.07381848342727 75.7 8.711394887258498
      vertex 82.1440795754927 70 8.91218955216168
    endloop
  endfacet
  facet normal 0.9937122098932375 0 -0.11196447610335292
    outer loop
      vertex 82.07381848342727 70 8.711394887258498
      vertex 82.05 75.7 8.5
      vertex 82.07381848342727 75.7 8.711394887258498
    endloop
  endfacet
  facet normal 0.9438833303083851 0 -0.330279061955117
    outer loop
      vertex 82.1440795754927 70 8.91218955216168
      vertex 82.07381848342727 75.7 8.711394887258498
      vertex 82.1440795754927 75.7 8.91218955216168
    endloop
  endfacet
  facet normal 0.8467241992282808 0 -0.5320320765153419
    outer loop
      vertex 82.1440795754927 70 8.91218955216168
      vertex 82.1440795754927 75.7 8.91218955216168
      vertex 82.25726009165537 70 9.092315311765796
    endloop
  endfacet
  facet normal 0.7071067811865517 0 -0.7071067811865434
    outer loop
      vertex 82.25726009165537 70 9.092315311765796
      vertex 82.25726009165537 75.7 9.092315311765796
      vertex 82.4076846882342 70 9.242739908344628
    endloop
  endfacet
  facet normal 0.5320320765153209 0 -0.846724199228294
    outer loop
      vertex 82.4076846882342 70 9.242739908344628
      vertex 82.4076846882342 75.7 9.242739908344628
      vertex 82.58781044783832 70 9.355920424507298
    endloop
  endfacet
  facet normal 0.8467241992282808 0 -0.5320320765153419
    outer loop
      vertex 82.25726009165537 70 9.092315311765796
      vertex 82.1440795754927 75.7 8.91218955216168
      vertex 82.25726009165537 75.7 9.092315311765796
    endloop
  endfacet
  facet normal 0.7071067811865517 0 -0.7071067811865434
    outer loop
      vertex 82.4076846882342 70 9.242739908344628
      vertex 82.25726009165537 75.7 9.092315311765796
      vertex 82.4076846882342 75.7 9.242739908344628
    endloop
  endfacet
  facet normal -0.9937122098932375 9.766748103117528e-20 -0.11196447610335292
    outer loop
      vertex 83.95 70 8.5
      vertex 83.92618151657273 70 8.711394887258498
      vertex 83.92618151657273 75.7 8.711394887258498
    endloop
  endfacet
  facet normal -0.9438833303083851 3.6845728282741035e-19 -0.330279061955117
    outer loop
      vertex 83.92618151657273 70 8.711394887258498
      vertex 83.8559204245073 70 8.91218955216168
      vertex 83.8559204245073 75.7 8.91218955216168
    endloop
  endfacet
  facet normal -0.9937122098932375 0 -0.11196447610335292
    outer loop
      vertex 83.95 70 8.5
      vertex 83.92618151657273 75.7 8.711394887258498
      vertex 83.95 75.7 8.5
    endloop
  endfacet
  facet normal -0.9438833303083851 0 -0.330279061955117
    outer loop
      vertex 83.92618151657273 70 8.711394887258498
      vertex 83.8559204245073 75.7 8.91218955216168
      vertex 83.92618151657273 75.7 8.711394887258498
    endloop
  endfacet
  facet normal -0.8467241992282808 7.539112688985555e-19 -0.5320320765153419
    outer loop
      vertex 83.8559204245073 70 8.91218955216168
      vertex 83.74273990834463 70 9.092315311765796
      vertex 83.74273990834463 75.7 9.092315311765796
    endloop
  endfacet
  facet normal -0.7071067811865517 0 -0.7071067811865434
    outer loop
      vertex 83.5923153117658 70 9.242739908344628
      vertex 83.5923153117658 75.7 9.242739908344628
      vertex 83.74273990834463 70 9.092315311765796
    endloop
  endfacet
  facet normal -0.8467241992282808 0 -0.5320320765153419
    outer loop
      vertex 83.8559204245073 70 8.91218955216168
      vertex 83.74273990834463 75.7 9.092315311765796
      vertex 83.8559204245073 75.7 8.91218955216168
    endloop
  endfacet
  facet normal -0.7071067811865517 0 -0.7071067811865434
    outer loop
      vertex 83.74273990834463 70 9.092315311765796
      vertex 83.5923153117658 75.7 9.242739908344628
      vertex 83.74273990834463 75.7 9.092315311765796
    endloop
  endfacet
  facet normal -0.5320320765153209 0 -0.846724199228294
    outer loop
      vertex 83.5923153117658 70 9.242739908344628
      vertex 83.41218955216168 75.7 9.355920424507298
      vertex 83.5923153117658 75.7 9.242739908344628
    endloop
  endfacet
  facet normal 0.3302790619551639 0 -0.9438833303083688
    outer loop
      vertex 82.58781044783832 70 9.355920424507298
      vertex 82.58781044783832 75.7 9.355920424507298
      vertex 82.78860511274151 70 9.426181516572733
    endloop
  endfacet
  facet normal 0.11196447610330623 0 -0.9937122098932428
    outer loop
      vertex 82.78860511274151 70 9.426181516572733
      vertex 82.78860511274151 75.7 9.426181516572733
      vertex 83 70 9.45
    endloop
  endfacet
  facet normal 0.5320320765153209 0 -0.846724199228294
    outer loop
      vertex 82.58781044783832 70 9.355920424507298
      vertex 82.4076846882342 75.7 9.242739908344628
      vertex 82.58781044783832 75.7 9.355920424507298
    endloop
  endfacet
  facet normal 0.3302790619551639 0 -0.9438833303083688
    outer loop
      vertex 82.78860511274151 70 9.426181516572733
      vertex 82.58781044783832 75.7 9.355920424507298
      vertex 82.78860511274151 75.7 9.426181516572733
    endloop
  endfacet
  facet normal -0.5320320765153209 -8.750057822038982e-19 -0.846724199228294
    outer loop
      vertex 83.5923153117658 70 9.242739908344628
      vertex 83.41218955216168 70 9.355920424507298
      vertex 83.41218955216168 75.7 9.355920424507298
    endloop
  endfacet
  facet normal -0.3302790619551639 9.539002302031536e-20 -0.9438833303083688
    outer loop
      vertex 83.41218955216168 70 9.355920424507298
      vertex 83.21139488725849 70 9.426181516572733
      vertex 83.21139488725849 75.7 9.426181516572733
    endloop
  endfacet
  facet normal -0.11196447610330623 0 -0.9937122098932428
    outer loop
      vertex 83 70 9.45
      vertex 83 75.7 9.45
      vertex 83.21139488725849 70 9.426181516572733
    endloop
  endfacet
  facet normal -0.3302790619551639 0 -0.9438833303083688
    outer loop
      vertex 83.41218955216168 70 9.355920424507298
      vertex 83.21139488725849 75.7 9.426181516572733
      vertex 83.41218955216168 75.7 9.355920424507298
    endloop
  endfacet
  facet normal -0.11196447610330623 0 -0.9937122098932428
    outer loop
      vertex 83.21139488725849 70 9.426181516572733
      vertex 83 75.7 9.45
      vertex 83.21139488725849 75.7 9.426181516572733
    endloop
  endfacet
  facet normal 0.11196447610330623 0 -0.9937122098932428
    outer loop
      vertex 83 70 9.45
      vertex 82.78860511274151 75.7 9.426181516572733
      vertex 83 75.7 9.45
    endloop
  endfacet
  facet normal 0 1 0
    outer loop
      vertex 81.731630676449 3.7 2.9429109005636054
      vertex 80.52686268702992 3.7 3.364477452956211
      vertex 84.51922413673705 3.7 3.7676427443360536
    endloop
  endfacet
  facet normal 0.11196447610330733 0 0.9937122098932426
    outer loop
      vertex 83 3.7 2.8
      vertex 83 16.3 2.8
      vertex 81.731630676449 3.7 2.9429109005636054
    endloop
  endfacet
  facet normal 0.33027906195516893 0 0.9438833303083669
    outer loop
      vertex 81.731630676449 3.7 2.9429109005636054
      vertex 81.731630676449 16.3 2.9429109005636054
      vertex 80.52686268702992 3.7 3.364477452956211
    endloop
  endfacet
  facet normal 0 1 0
    outer loop
      vertex 83 3.7 2.8
      vertex 81.731630676449 3.7 2.9429109005636054
      vertex 84.268369323551 3.7 2.9429109005636054
    endloop
  endfacet
  facet normal 0 1 0
    outer loop
      vertex 81.731630676449 3.7 2.9429109005636054
      vertex 84.51922413673705 3.7 3.7676427443360536
      vertex 84.268369323551 3.7 2.9429109005636054
    endloop
  endfacet
  facet normal 0 1 0
    outer loop
      vertex 84.268369323551 3.7 2.9429109005636054
      vertex 84.51922413673705 3.7 3.7676427443360536
      vertex 84.51922413673705 3.7 3.030688796120846
    endloop
  endfacet
  facet normal -0.11196447610330736 5.3565748712484535e-18 0.9937122098932427
    outer loop
      vertex 83 3.7 2.8
      vertex 84.268369323551 3.7 2.9429109005636054
      vertex 84.268369323551 5.287226819048154 2.9429109005636054
    endloop
  endfacet
  facet normal -0.11196447610330737 3.0379606637115034e-17 0.9937122098932427
    outer loop
      vertex 83 3.7 2.8
      vertex 84.268369323551 5.287226819048154 2.9429109005636054
      vertex 83.67999999970198 9.009999997913837 2.8766175990984957
    endloop
  endfacet
  facet normal -0.3302790619551689 0 0.9438833303083668
    outer loop
      vertex 84.268369323551 3.7 2.9429109005636054
      vertex 84.51922413673705 3.7 3.030688796120846
      vertex 84.268369323551 5.287226819048154 2.9429109005636054
    endloop
  endfacet
  facet normal 0 1 0
    outer loop
      vertex 80.52686268702992 3.7 3.364477452956211
      vertex 79.44610812940522 3.7 4.043560549932231
      vertex 86.11744900929367 3.7 4.590842587659851
    endloop
  endfacet
  facet normal 0.5320320765153365 0 0.8467241992282842
    outer loop
      vertex 80.52686268702992 3.7 3.364477452956211
      vertex 80.52686268702992 16.3 3.364477452956211
      vertex 79.44610812940522 3.7 4.043560549932231
    endloop
  endfacet
  facet normal 0 1 0
    outer loop
      vertex 80.52686268702992 3.7 3.364477452956211
      vertex 85.1694186955878 3.7 3.995155660487904
      vertex 84.51922413673705 3.7 3.7676427443360536
    endloop
  endfacet
  facet normal 0 1 0
    outer loop
      vertex 80.52686268702992 3.7 3.364477452956211
      vertex 86.11744900929367 3.7 4.590842587659851
      vertex 85.1694186955878 3.7 3.995155660487904
    endloop
  endfacet
  facet normal 0 1 0
    outer loop
      vertex 79.44610812940522 3.7 4.043560549932231
      vertex 78.54356054993224 3.7 4.946108129405218
      vertex 86.90915741234015 3.7 5.382550990706333
    endloop
  endfacet
  facet normal 0.7071067811865503 1.6068366330873246e-18 0.7071067811865448
    outer loop
      vertex 79.44610812940522 3.7 4.043560549932231
      vertex 78.54356054993224 16.3 4.946108129405218
      vertex 78.54356054993224 3.7 4.946108129405218
    endloop
  endfacet
  facet normal 0 1 0
    outer loop
      vertex 79.44610812940522 3.7 4.043560549932231
      vertex 86.90915741234015 3.7 5.382550990706333
      vertex 86.11744900929367 3.7 4.590842587659851
    endloop
  endfacet
  facet normal 0 1 0
    outer loop
      vertex 78.54356054993224 3.7 4.946108129405218
      vertex 77.86447745295621 3.7 6.026862687029918
      vertex 87.50484433951209 3.7 6.33058130441221
    endloop
  endfacet
  facet normal 0.8467241992282806 1.5814976522711326e-18 0.5320320765153422
    outer loop
      vertex 78.54356054993224 3.7 4.946108129405218
      vertex 77.86447745295621 16.3 6.026862687029918
      vertex 77.86447745295621 3.7 6.026862687029918
    endloop
  endfacet
  facet normal 0 1 0
    outer loop
      vertex 78.54356054993224 3.7 4.946108129405218
      vertex 87.50484433951209 3.7 6.33058130441221
      vertex 86.90915741234015 3.7 5.382550990706333
    endloop
  endfacet
  facet normal 0 1 0
    outer loop
      vertex 77.86447745295621 3.7 6.026862687029918
      vertex 87.87463956090912 3.7 7.387395330218428
      vertex 87.50484433951209 3.7 6.33058130441221
    endloop
  endfacet
  facet normal 0.9438833303083678 -6.328390837836263e-19 0.3302790619551664
    outer loop
      vertex 77.86447745295621 3.7 6.026862687029918
      vertex 77.4429109005636 16.3 7.231630676449008
      vertex 77.4429109005636 3.7 7.231630676449008
    endloop
  endfacet
  facet normal 0 1 0
    outer loop
      vertex 77.4429109005636 3.7 7.231630676449008
      vertex 77.3 3.7 8.5
      vertex 78 3.7 8.5
    endloop
  endfacet
  facet normal 0.9937122098932424 -6.793049016786575e-19 0.11196447610330863
    outer loop
      vertex 77.4429109005636 3.7 7.231630676449008
      vertex 77.3 16.3 8.5
      vertex 77.3 3.7 8.5
    endloop
  endfacet
  facet normal 0 1 0
    outer loop
      vertex 77.86447745295621 3.7 6.026862687029918
      vertex 77.4429109005636 3.7 7.231630676449008
      vertex 87.87463956090912 3.7 7.387395330218428
    endloop
  endfacet
  facet normal 0 1 0
    outer loop
      vertex 77.4429109005636 3.7 7.231630676449008
      vertex 82.75522697264806 3.7 7.427579296599994
      vertex 83 3.7 7.4
    endloop
  endfacet
  facet normal 0 1 0
    outer loop
      vertex 77.4429109005636 3.7 7.231630676449008
      vertex 83 3.7 7.4
      vertex 87.87463956090912 3.7 7.387395330218428
    endloop
  endfacet
  facet normal 0 1 0
    outer loop
      vertex 77.4429109005636 3.7 7.231630676449008
      vertex 82.52272788697069 3.7 7.508934245307339
      vertex 82.75522697264806 3.7 7.427579296599994
    endloop
  endfacet
  facet normal 0 1 0
    outer loop
      vertex 77.4429109005636 3.7 7.231630676449008
      vertex 82.31416121795539 3.7 7.639985369285167
      vertex 82.52272788697069 3.7 7.508934245307339
    endloop
  endfacet
  facet normal 0 1 0
    outer loop
      vertex 77.4429109005636 3.7 7.231630676449008
      vertex 82.13998536928517 3.7 7.814161217955393
      vertex 82.31416121795539 3.7 7.639985369285167
    endloop
  endfacet
  facet normal 0 1 0
    outer loop
      vertex 83 3.7 7.4
      vertex 83.24477302735194 3.7 7.427579296599994
      vertex 87.87463956090912 3.7 7.387395330218428
    endloop
  endfacet
  facet normal 0 1 0
    outer loop
      vertex 83.24477302735194 3.7 7.427579296599994
      vertex 83.47727211302931 3.7 7.508934245307339
      vertex 87.87463956090912 3.7 7.387395330218428
    endloop
  endfacet
  facet normal 0 1 0
    outer loop
      vertex 83.47727211302931 3.7 7.508934245307339
      vertex 83.68583878204461 3.7 7.639985369285167
      vertex 87.87463956090912 3.7 7.387395330218428
    endloop
  endfacet
  facet normal 0 1 0
    outer loop
      vertex 77.4429109005636 3.7 7.231630676449008
      vertex 82.00893424530734 3.7 8.022727886970685
      vertex 82.13998536928517 3.7 7.814161217955393
    endloop
  endfacet
  facet normal 0 1 0
    outer loop
      vertex 77.4429109005636 3.7 7.231630676449008
      vertex 81.92757929659999 3.7 8.255226972648053
      vertex 82.00893424530734 3.7 8.022727886970685
    endloop
  endfacet
  facet normal 0 1 0
    outer loop
      vertex 77.4429109005636 3.7 7.231630676449008
      vertex 81.9 3.7 8.5
      vertex 81.92757929659999 3.7 8.255226972648053
    endloop
  endfacet
  facet normal 0 1 0
    outer loop
      vertex 77.4429109005636 3.7 7.231630676449008
      vertex 78 3.7 8.5
      vertex 81.9 3.7 8.5
    endloop
  endfacet
  facet normal 0 1 0
    outer loop
      vertex 83.68583878204461 3.7 7.639985369285167
      vertex 83.86001463071483 3.7 7.814161217955393
      vertex 87.87463956090912 3.7 7.387395330218428
    endloop
  endfacet
  facet normal 0 1 0
    outer loop
      vertex 83.86001463071483 3.7 7.814161217955393
      vertex 83.99106575469266 3.7 8.022727886970687
      vertex 87.87463956090912 3.7 7.387395330218428
    endloop
  endfacet
  facet normal 0 1 0
    outer loop
      vertex 83.99106575469266 3.7 8.022727886970687
      vertex 88 3.7 8.5
      vertex 87.87463956090912 3.7 7.387395330218428
    endloop
  endfacet
  facet normal 0 1 0
    outer loop
      vertex 83.99106575469266 3.7 8.022727886970687
      vertex 84.07242070340001 3.7 8.255226972648055
      vertex 88 3.7 8.5
    endloop
  endfacet
  facet normal 0 1 0
    outer loop
      vertex 84.07242070340001 3.7 8.255226972648055
      vertex 84.1 3.7 8.5
      vertex 88 3.7 8.5
    endloop
  endfacet
  facet normal 0 1 0
    outer loop
      vertex 81.9 3.7 8.5
      vertex 78 3.7 8.5
      vertex 81.92757929659999 3.7 8.744773027351947
    endloop
  endfacet
  facet normal 0 1 0
    outer loop
      vertex 82.00893424530734 3.7 8.977272113029315
      vertex 81.92757929659999 3.7 8.744773027351947
      vertex 78 3.7 8.5
    endloop
  endfacet
  facet normal 0 1 0
    outer loop
      vertex 78.12536043909088 3.7 9.612604669781572
      vertex 82.00893424530734 3.7 8.977272113029315
      vertex 78 3.7 8.5
    endloop
  endfacet
  facet normal 0 1 0
    outer loop
      vertex 82.13998536928517 3.7 9.185838782044607
      vertex 82.00893424530734 3.7 8.977272113029315
      vertex 78.12536043909088 3.7 9.612604669781572
    endloop
  endfacet
  facet normal 0 1 0
    outer loop
      vertex 84.1 3.7 8.5
      vertex 84.07242070340001 3.7 8.744773027351945
      vertex 87.87463956090912 3.7 9.61260466978157
    endloop
  endfacet
  facet normal 0 1 0
    outer loop
      vertex 84.1 3.7 8.5
      vertex 87.87463956090912 3.7 9.61260466978157
      vertex 88 3.7 8.5
    endloop
  endfacet
  facet normal 0 1 0
    outer loop
      vertex 82.13998536928517 3.7 9.185838782044607
      vertex 78.12536043909088 3.7 9.612604669781572
      vertex 82.31416121795539 3.7 9.360014630714833
    endloop
  endfacet
  facet normal 0 1 0
    outer loop
      vertex 82.31416121795539 3.7 9.360014630714833
      vertex 78.12536043909088 3.7 9.612604669781572
      vertex 82.52272788697069 3.7 9.491065754692661
    endloop
  endfacet
  facet normal 0 1 0
    outer loop
      vertex 82.52272788697069 3.7 9.491065754692661
      vertex 78.12536043909088 3.7 9.612604669781572
      vertex 82.75522697264806 3.7 9.572420703400006
    endloop
  endfacet
  facet normal 0 1 0
    outer loop
      vertex 82.75522697264806 3.7 9.572420703400006
      vertex 78.12536043909088 3.7 9.612604669781572
      vertex 83 3.7 9.6
    endloop
  endfacet
  facet normal 0 1 0
    outer loop
      vertex 84.07242070340001 3.7 8.744773027351945
      vertex 83.99106575469266 3.7 8.977272113029315
      vertex 87.50484433951209 3.7 10.66941869558779
    endloop
  endfacet
  facet normal 0 1 0
    outer loop
      vertex 83.99106575469266 3.7 8.977272113029315
      vertex 83.86001463071483 3.7 9.185838782044607
      vertex 87.50484433951209 3.7 10.66941869558779
    endloop
  endfacet
  facet normal 0 1 0
    outer loop
      vertex 84.07242070340001 3.7 8.744773027351945
      vertex 87.50484433951209 3.7 10.66941869558779
      vertex 87.87463956090912 3.7 9.61260466978157
    endloop
  endfacet
  facet normal 0 1 0
    outer loop
      vertex 83.86001463071483 3.7 9.185838782044607
      vertex 83.68583878204461 3.7 9.360014630714833
      vertex 87.50484433951209 3.7 10.66941869558779
    endloop
  endfacet
  facet normal 0 1 0
    outer loop
      vertex 83.24477302735194 3.7 9.572420703400006
      vertex 87.50484433951209 3.7 10.66941869558779
      vertex 83.47727211302931 3.7 9.491065754692661
    endloop
  endfacet
  facet normal 0 1 0
    outer loop
      vertex 83.68583878204461 3.7 9.360014630714833
      vertex 83.47727211302931 3.7 9.491065754692661
      vertex 87.50484433951209 3.7 10.66941869558779
    endloop
  endfacet
  facet normal 0 1 0
    outer loop
      vertex 83 3.7 9.6
      vertex 78.12536043909088 3.7 9.612604669781572
      vertex 87.50484433951209 3.7 10.66941869558779
    endloop
  endfacet
  facet normal 0 1 0
    outer loop
      vertex 83 3.7 9.6
      vertex 87.50484433951209 3.7 10.66941869558779
      vertex 83.24477302735194 3.7 9.572420703400006
    endloop
  endfacet
  facet normal 0 1 0
    outer loop
      vertex 78.49515566048791 3.7 10.66941869558779
      vertex 86.90915741234015 3.7 11.617449009293667
      vertex 78.12536043909088 3.7 9.612604669781572
    endloop
  endfacet
  facet normal 0 1 0
    outer loop
      vertex 87.50484433951209 3.7 10.66941869558779
      vertex 78.12536043909088 3.7 9.612604669781572
      vertex 86.90915741234015 3.7 11.617449009293667
    endloop
  endfacet
  facet normal 0 1 0
    outer loop
      vertex 79.09084258765985 3.7 11.617449009293669
      vertex 86.11744900929367 3.7 12.40915741234015
      vertex 78.49515566048791 3.7 10.66941869558779
    endloop
  endfacet
  facet normal 0 1 0
    outer loop
      vertex 86.90915741234015 3.7 11.617449009293667
      vertex 78.49515566048791 3.7 10.66941869558779
      vertex 86.11744900929367 3.7 12.40915741234015
    endloop
  endfacet
  facet normal 0 1 0
    outer loop
      vertex 79.88255099070633 3.7 12.409157412340148
      vertex 85.1694186955878 3.7 13.004844339512095
      vertex 79.09084258765985 3.7 11.617449009293669
    endloop
  endfacet
  facet normal 0 1 0
    outer loop
      vertex 86.11744900929367 3.7 12.40915741234015
      vertex 79.09084258765985 3.7 11.617449009293669
      vertex 85.1694186955878 3.7 13.004844339512095
    endloop
  endfacet
  facet normal 0 1 0
    outer loop
      vertex 80.8305813044122 3.7 13.004844339512095
      vertex 84.11260466978158 3.7 13.374639560909118
      vertex 79.88255099070633 3.7 12.409157412340148
    endloop
  endfacet
  facet normal 0 1 0
    outer loop
      vertex 81.88739533021842 3.7 13.374639560909118
      vertex 83 3.7 13.5
      vertex 80.8305813044122 3.7 13.004844339512095
    endloop
  endfacet
  facet normal 0 1 0
    outer loop
      vertex 80.8305813044122 3.7 13.004844339512095
      vertex 83 3.7 13.5
      vertex 84.11260466978158 3.7 13.374639560909118
    endloop
  endfacet
  facet normal 0 1 0
    outer loop
      vertex 85.1694186955878 3.7 13.004844339512095
      vertex 79.88255099070633 3.7 12.409157412340148
      vertex 84.11260466978158 3.7 13.374639560909118
    endloop
  endfacet
  facet normal 0.11196447610330733 0 0.9937122098932426
    outer loop
      vertex 81.731630676449 3.7 2.9429109005636054
      vertex 83 16.3 2.8
      vertex 81.731630676449 16.3 2.9429109005636054
    endloop
  endfacet
  facet normal 0.33027906195516893 0 0.9438833303083669
    outer loop
      vertex 80.52686268702992 3.7 3.364477452956211
      vertex 81.731630676449 16.3 2.9429109005636054
      vertex 80.52686268702992 16.3 3.364477452956211
    endloop
  endfacet
  facet normal 0 -1 0
    outer loop
      vertex 83 16.3 2.8
      vertex 83.6051807224272 16.3 2.8681874911667458
      vertex 81.731630676449 16.3 2.9429109005636054
    endloop
  endfacet
  facet normal 0 -1 0
    outer loop
      vertex 81.731630676449 16.3 2.9429109005636054
      vertex 83.6051807224272 16.3 2.8681874911667458
      vertex 80.52686268702992 16.3 3.364477452956211
    endloop
  endfacet
  facet normal 0 -1 0
    outer loop
      vertex 80.52686268702992 16.3 3.364477452956211
      vertex 83.6051807224272 16.3 2.8681874911667458
      vertex 83.6051807224272 16.3 3.5681874911667464
    endloop
  endfacet
  facet normal -0.11196447610330712 0 0.9937122098932426
    outer loop
      vertex 83 3.7 2.8
      vertex 83.67999999970198 9.009999997913837 2.8766175990984957
      vertex 83 16.3 2.8
    endloop
  endfacet
  facet normal -0.11196447610330702 1.0564137892209423e-17 0.9937122098932427
    outer loop
      vertex 83 16.3 2.8
      vertex 83.67999999970198 9.009999997913837 2.8766175990984957
      vertex 83.6051807224272 16.3 2.8681874911667458
    endloop
  endfacet
  facet normal 0.5320320765153365 0 0.8467241992282842
    outer loop
      vertex 79.44610812940522 3.7 4.043560549932231
      vertex 80.52686268702992 16.3 3.364477452956211
      vertex 79.44610812940522 16.3 4.043560549932231
    endloop
  endfacet
  facet normal 0 -1 0
    outer loop
      vertex 80.52686268702992 16.3 3.364477452956211
      vertex 83.6051807224272 16.3 3.5681874911667464
      vertex 79.44610812940522 16.3 4.043560549932231
    endloop
  endfacet
  facet normal 0 -1 0
    outer loop
      vertex 79.44610812940522 16.3 4.043560549932231
      vertex 83.6051807224272 16.3 3.5681874911667464
      vertex 84.11260466978158 16.3 3.6253604390908816
    endloop
  endfacet
  facet normal 0 -1 0
    outer loop
      vertex 79.44610812940522 16.3 4.043560549932231
      vertex 84.11260466978158 16.3 3.6253604390908816
      vertex 85.1694186955878 16.3 3.995155660487904
    endloop
  endfacet
  facet normal 0.7071067811865503 0 0.7071067811865448
    outer loop
      vertex 79.44610812940522 3.7 4.043560549932231
      vertex 79.44610812940522 16.3 4.043560549932231
      vertex 78.54356054993224 16.3 4.946108129405218
    endloop
  endfacet
  facet normal 0 -1 0
    outer loop
      vertex 79.44610812940522 16.3 4.043560549932231
      vertex 85.1694186955878 16.3 3.995155660487904
      vertex 78.54356054993224 16.3 4.946108129405218
    endloop
  endfacet
  facet normal 0 -1 0
    outer loop
      vertex 78.54356054993224 16.3 4.946108129405218
      vertex 85.1694186955878 16.3 3.995155660487904
      vertex 86.11744900929367 16.3 4.590842587659851
    endloop
  endfacet
  facet normal 0.9438833303083678 0 0.3302790619551664
    outer loop
      vertex 77.86447745295621 3.7 6.026862687029918
      vertex 77.86447745295621 16.3 6.026862687029918
      vertex 77.4429109005636 16.3 7.231630676449008
    endloop
  endfacet
  facet normal 0.8467241992282806 0 0.5320320765153422
    outer loop
      vertex 78.54356054993224 3.7 4.946108129405218
      vertex 78.54356054993224 16.3 4.946108129405218
      vertex 77.86447745295621 16.3 6.026862687029918
    endloop
  endfacet
  facet normal 0 -1 0
    outer loop
      vertex 78.54356054993224 16.3 4.946108129405218
      vertex 86.11744900929367 16.3 4.590842587659851
      vertex 77.86447745295621 16.3 6.026862687029918
    endloop
  endfacet
  facet normal 0 -1 0
    outer loop
      vertex 77.86447745295621 16.3 6.026862687029918
      vertex 86.11744900929367 16.3 4.590842587659851
      vertex 86.90915741234015 16.3 5.382550990706333
    endloop
  endfacet
  facet normal 0 -1 0
    outer loop
      vertex 77.86447745295621 16.3 6.026862687029918
      vertex 86.90915741234015 16.3 5.382550990706333
      vertex 77.4429109005636 16.3 7.231630676449008
    endloop
  endfacet
  facet normal 0 -1 0
    outer loop
      vertex 77.4429109005636 16.3 7.231630676449008
      vertex 86.90915741234015 16.3 5.382550990706333
      vertex 87.50484433951209 16.3 6.33058130441221
    endloop
  endfacet
  facet normal 0.9937122098932424 0 0.11196447610330863
    outer loop
      vertex 77.4429109005636 3.7 7.231630676449008
      vertex 77.4429109005636 16.3 7.231630676449008
      vertex 77.3 16.3 8.5
    endloop
  endfacet
  facet normal 0 -1 0
    outer loop
      vertex 77.4429109005636 16.3 7.231630676449008
      vertex 87.50484433951209 16.3 6.33058130441221
      vertex 83 16.3 7.4
    endloop
  endfacet
  facet normal 0 -1 0
    outer loop
      vertex 77.4429109005636 16.3 7.231630676449008
      vertex 83 16.3 7.4
      vertex 82.75522697264806 16.3 7.427579296599994
    endloop
  endfacet
  facet normal 0 -1 0
    outer loop
      vertex 77.4429109005636 16.3 7.231630676449008
      vertex 82.75522697264806 16.3 7.427579296599994
      vertex 82.52272788697069 16.3 7.508934245307339
    endloop
  endfacet
  facet normal 0 -1 0
    outer loop
      vertex 77.4429109005636 16.3 7.231630676449008
      vertex 82.52272788697069 16.3 7.508934245307339
      vertex 82.31416121795539 16.3 7.639985369285167
    endloop
  endfacet
  facet normal 0 -1 0
    outer loop
      vertex 77.4429109005636 16.3 7.231630676449008
      vertex 82.31416121795539 16.3 7.639985369285167
      vertex 82.13998536928517 16.3 7.814161217955393
    endloop
  endfacet
  facet normal 0 -1 0
    outer loop
      vertex 83 16.3 7.4
      vertex 87.50484433951209 16.3 6.33058130441221
      vertex 83.24477302735194 16.3 7.427579296599994
    endloop
  endfacet
  facet normal 0 -1 0
    outer loop
      vertex 83.24477302735194 16.3 7.427579296599994
      vertex 87.50484433951209 16.3 6.33058130441221
      vertex 83.47727211302931 16.3 7.508934245307339
    endloop
  endfacet
  facet normal 0 -1 0
    outer loop
      vertex 83.47727211302931 16.3 7.508934245307339
      vertex 87.50484433951209 16.3 6.33058130441221
      vertex 83.68583878204461 16.3 7.639985369285167
    endloop
  endfacet
  facet normal 0 -1 0
    outer loop
      vertex 87.50484433951209 16.3 6.33058130441221
      vertex 83.86001463071483 16.3 7.814161217955393
      vertex 83.68583878204461 16.3 7.639985369285167
    endloop
  endfacet
  facet normal 0 -1 0
    outer loop
      vertex 87.50484433951209 16.3 6.33058130441221
      vertex 83.99106575469266 16.3 8.022727886970687
      vertex 83.86001463071483 16.3 7.814161217955393
    endloop
  endfacet
  facet normal 0 -1 0
    outer loop
      vertex 87.50484433951209 16.3 6.33058130441221
      vertex 84.07242070340001 16.3 8.255226972648055
      vertex 83.99106575469266 16.3 8.022727886970687
    endloop
  endfacet
  facet normal 0 -1 0
    outer loop
      vertex 87.50484433951209 16.3 6.33058130441221
      vertex 87.87463956090912 16.3 7.387395330218428
      vertex 84.07242070340001 16.3 8.255226972648055
    endloop
  endfacet
  facet normal 0 -1 0
    outer loop
      vertex 77.4429109005636 16.3 7.231630676449008
      vertex 82.00893424530734 16.3 8.022727886970685
      vertex 77.3 16.3 8.5
    endloop
  endfacet
  facet normal 0 -1 0
    outer loop
      vertex 77.4429109005636 16.3 7.231630676449008
      vertex 82.13998536928517 16.3 7.814161217955393
      vertex 82.00893424530734 16.3 8.022727886970685
    endloop
  endfacet
  facet normal 0 -1 0
    outer loop
      vertex 81.92757929659999 16.3 8.255226972648053
      vertex 78 16.3 8.5
      vertex 77.3 16.3 8.5
    endloop
  endfacet
  facet normal 0 -1 0
    outer loop
      vertex 82.00893424530734 16.3 8.022727886970685
      vertex 81.92757929659999 16.3 8.255226972648053
      vertex 77.3 16.3 8.5
    endloop
  endfacet
  facet normal 0 -1 0
    outer loop
      vertex 81.92757929659999 16.3 8.255226972648053
      vertex 81.9 16.3 8.5
      vertex 78 16.3 8.5
    endloop
  endfacet
  facet normal 0 -1 0
    outer loop
      vertex 84.07242070340001 16.3 8.255226972648055
      vertex 87.87463956090912 16.3 7.387395330218428
      vertex 84.1 16.3 8.5
    endloop
  endfacet
  facet normal 0 -1 0
    outer loop
      vertex 84.1 16.3 8.5
      vertex 87.87463956090912 16.3 7.387395330218428
      vertex 88 16.3 8.5
    endloop
  endfacet
  facet normal 0 -1 0
    outer loop
      vertex 78 16.3 8.5
      vertex 81.9 16.3 8.5
      vertex 78.12536043909088 16.3 9.612604669781572
    endloop
  endfacet
  facet normal 0 -1 0
    outer loop
      vertex 81.9 16.3 8.5
      vertex 81.92757929659999 16.3 8.744773027351947
      vertex 78.12536043909088 16.3 9.612604669781572
    endloop
  endfacet
  facet normal 0 -1 0
    outer loop
      vertex 84.1 16.3 8.5
      vertex 88 16.3 8.5
      vertex 84.07242070340001 16.3 8.744773027351945
    endloop
  endfacet
  facet normal 0 -1 0
    outer loop
      vertex 84.07242070340001 16.3 8.744773027351945
      vertex 88 16.3 8.5
      vertex 83.99106575469266 16.3 8.977272113029315
    endloop
  endfacet
  facet normal 0 -1 0
    outer loop
      vertex 83.86001463071483 16.3 9.185838782044607
      vertex 83.99106575469266 16.3 8.977272113029315
      vertex 87.87463956090912 16.3 9.61260466978157
    endloop
  endfacet
  facet normal 0 -1 0
    outer loop
      vertex 87.87463956090912 16.3 9.61260466978157
      vertex 83.99106575469266 16.3 8.977272113029315
      vertex 88 16.3 8.5
    endloop
  endfacet
  facet normal 0 -1 0
    outer loop
      vertex 81.92757929659999 16.3 8.744773027351947
      vertex 78.49515566048791 16.3 10.66941869558779
      vertex 78.12536043909088 16.3 9.612604669781572
    endloop
  endfacet
  facet normal 0 -1 0
    outer loop
      vertex 82.00893424530734 16.3 8.977272113029315
      vertex 78.49515566048791 16.3 10.66941869558779
      vertex 81.92757929659999 16.3 8.744773027351947
    endloop
  endfacet
  facet normal 0 -1 0
    outer loop
      vertex 82.00893424530734 16.3 8.977272113029315
      vertex 82.13998536928517 16.3 9.185838782044607
      vertex 78.49515566048791 16.3 10.66941869558779
    endloop
  endfacet
  facet normal 0 -1 0
    outer loop
      vertex 82.13998536928517 16.3 9.185838782044607
      vertex 82.31416121795539 16.3 9.360014630714833
      vertex 78.49515566048791 16.3 10.66941869558779
    endloop
  endfacet
  facet normal 0 -1 0
    outer loop
      vertex 82.31416121795539 16.3 9.360014630714833
      vertex 82.52272788697069 16.3 9.491065754692661
      vertex 78.49515566048791 16.3 10.66941869558779
    endloop
  endfacet
  facet normal 0 -1 0
    outer loop
      vertex 82.52272788697069 16.3 9.491065754692661
      vertex 82.75522697264806 16.3 9.572420703400006
      vertex 78.49515566048791 16.3 10.66941869558779
    endloop
  endfacet
  facet normal 0 -1 0
    outer loop
      vertex 82.75522697264806 16.3 9.572420703400006
      vertex 83 16.3 9.6
      vertex 78.49515566048791 16.3 10.66941869558779
    endloop
  endfacet
  facet normal 0 -1 0
    outer loop
      vertex 83.86001463071483 16.3 9.185838782044607
      vertex 87.87463956090912 16.3 9.61260466978157
      vertex 83.68583878204461 16.3 9.360014630714833
    endloop
  endfacet
  facet normal 0 -1 0
    outer loop
      vertex 83.68583878204461 16.3 9.360014630714833
      vertex 87.87463956090912 16.3 9.61260466978157
      vertex 83.47727211302931 16.3 9.491065754692661
    endloop
  endfacet
  facet normal 0 -1 0
    outer loop
      vertex 83 16.3 9.6
      vertex 83.24477302735194 16.3 9.572420703400006
      vertex 87.87463956090912 16.3 9.61260466978157
    endloop
  endfacet
  facet normal 0 -1 0
    outer loop
      vertex 83.47727211302931 16.3 9.491065754692661
      vertex 87.87463956090912 16.3 9.61260466978157
      vertex 83.24477302735194 16.3 9.572420703400006
    endloop
  endfacet
  facet normal 0 -1 0
    outer loop
      vertex 87.87463956090912 16.3 9.61260466978157
      vertex 78.49515566048791 16.3 10.66941869558779
      vertex 83 16.3 9.6
    endloop
  endfacet
  facet normal 0 -1 0
    outer loop
      vertex 78.49515566048791 16.3 10.66941869558779
      vertex 87.87463956090912 16.3 9.61260466978157
      vertex 79.09084258765985 16.3 11.617449009293669
    endloop
  endfacet
  facet normal 0 -1 0
    outer loop
      vertex 87.50484433951209 16.3 10.66941869558779
      vertex 79.09084258765985 16.3 11.617449009293669
      vertex 87.87463956090912 16.3 9.61260466978157
    endloop
  endfacet
  facet normal 0 -1 0
    outer loop
      vertex 79.09084258765985 16.3 11.617449009293669
      vertex 87.50484433951209 16.3 10.66941869558779
      vertex 79.88255099070633 16.3 12.409157412340148
    endloop
  endfacet
  facet normal 0 -1 0
    outer loop
      vertex 86.90915741234015 16.3 11.617449009293667
      vertex 79.88255099070633 16.3 12.409157412340148
      vertex 87.50484433951209 16.3 10.66941869558779
    endloop
  endfacet
  facet normal 0 -1 0
    outer loop
      vertex 79.88255099070633 16.3 12.409157412340148
      vertex 86.90915741234015 16.3 11.617449009293667
      vertex 80.8305813044122 16.3 13.004844339512095
    endloop
  endfacet
  facet normal 0 -1 0
    outer loop
      vertex 86.11744900929367 16.3 12.40915741234015
      vertex 80.8305813044122 16.3 13.004844339512095
      vertex 86.90915741234015 16.3 11.617449009293667
    endloop
  endfacet
  facet normal 0 -1 0
    outer loop
      vertex 80.8305813044122 16.3 13.004844339512095
      vertex 86.11744900929367 16.3 12.40915741234015
      vertex 81.88739533021842 16.3 13.374639560909118
    endloop
  endfacet
  facet normal 0 -1 0
    outer loop
      vertex 81.88739533021842 16.3 13.374639560909118
      vertex 86.11744900929367 16.3 12.40915741234015
      vertex 85.1694186955878 16.3 13.004844339512095
    endloop
  endfacet
  facet normal 0 -1 0
    outer loop
      vertex 81.88739533021842 16.3 13.374639560909118
      vertex 85.1694186955878 16.3 13.004844339512095
      vertex 83 16.3 13.5
    endloop
  endfacet
  facet normal 0 -1 0
    outer loop
      vertex 84.11260466978158 16.3 13.374639560909118
      vertex 83 16.3 13.5
      vertex 85.1694186955878 16.3 13.004844339512095
    endloop
  endfacet
  facet normal 0 1 0
    outer loop
      vertex 83 27.7 2.8
      vertex 81.731630676449 27.7 2.9429109005636054
      vertex 83.48817938351249 27.7 3.555004606338976
    endloop
  endfacet
  facet normal 0 1 0
    outer loop
      vertex 81.731630676449 27.7 2.9429109005636054
      vertex 80.52686268702992 27.7 3.364477452956211
      vertex 83.48817938351249 27.7 3.555004606338976
    endloop
  endfacet
  facet normal 0 1 0
    outer loop
      vertex 83 27.7 2.8
      vertex 83.48817938351249 27.7 3.555004606338976
      vertex 83.48817938351249 27.7 2.8550046063389756
    endloop
  endfacet
  facet normal 0.11196447610330733 0 0.9937122098932427
    outer loop
      vertex 83 27.7 2.8
      vertex 83 40.3 2.8
      vertex 81.731630676449 27.7 2.9429109005636054
    endloop
  endfacet
  facet normal 0.330279061955169 0 0.9438833303083669
    outer loop
      vertex 81.731630676449 27.7 2.9429109005636054
      vertex 81.731630676449 40.3 2.9429109005636054
      vertex 80.52686268702992 27.7 3.364477452956211
    endloop
  endfacet
  facet normal 0.11196447610330733 0 0.9937122098932427
    outer loop
      vertex 81.731630676449 27.7 2.9429109005636054
      vertex 83 40.3 2.8
      vertex 81.731630676449 40.3 2.9429109005636054
    endloop
  endfacet
  facet normal 0.330279061955169 0 0.9438833303083669
    outer loop
      vertex 80.52686268702992 27.7 3.364477452956211
      vertex 81.731630676449 40.3 2.9429109005636054
      vertex 80.52686268702992 40.3 3.364477452956211
    endloop
  endfacet
  facet normal -0.11196447610330765 0 0.9937122098932425
    outer loop
      vertex 83 27.7 2.8
      vertex 83.48817938351249 27.7 2.8550046063389756
      vertex 83 40.3 2.8
    endloop
  endfacet
  facet normal -0.11196447610330759 2.2039687270790758e-18 0.9937122098932425
    outer loop
      vertex 83 40.3 2.8
      vertex 83.48817938351249 27.7 2.8550046063389756
      vertex 83.3588621141857 40.3 2.8404340494240716
    endloop
  endfacet
  facet normal 0 -1 0
    outer loop
      vertex 83 40.3 2.8
      vertex 83.3588621141857 40.3 2.8404340494240716
      vertex 81.731630676449 40.3 2.9429109005636054
    endloop
  endfacet
  facet normal 0 -1 0
    outer loop
      vertex 81.731630676449 40.3 2.9429109005636054
      vertex 83.3588621141857 40.3 2.8404340494240716
      vertex 80.52686268702992 40.3 3.364477452956211
    endloop
  endfacet
  facet normal 0 -1 0
    outer loop
      vertex 80.52686268702992 40.3 3.364477452956211
      vertex 83.3588621141857 40.3 2.8404340494240716
      vertex 83.3588621141857 40.3 3.5404340494240722
    endloop
  endfacet
  facet normal 0 1 0
    outer loop
      vertex 80.52686268702992 27.7 3.364477452956211
      vertex 84.11260466978158 27.7 3.6253604390908816
      vertex 83.48817938351249 27.7 3.555004606338976
    endloop
  endfacet
  facet normal 0 1 0
    outer loop
      vertex 80.52686268702992 27.7 3.364477452956211
      vertex 79.44610812940522 27.7 4.043560549932231
      vertex 86.11744900929367 27.7 4.590842587659851
    endloop
  endfacet
  facet normal 0 1 0
    outer loop
      vertex 80.52686268702992 27.7 3.364477452956211
      vertex 85.1694186955878 27.7 3.995155660487904
      vertex 84.11260466978158 27.7 3.6253604390908816
    endloop
  endfacet
  facet normal 0 1 0
    outer loop
      vertex 80.52686268702992 27.7 3.364477452956211
      vertex 86.11744900929367 27.7 4.590842587659851
      vertex 85.1694186955878 27.7 3.995155660487904
    endloop
  endfacet
  facet normal 0 1 0
    outer loop
      vertex 79.44610812940522 27.7 4.043560549932231
      vertex 78.54356054993224 27.7 4.946108129405218
      vertex 86.90915741234015 27.7 5.382550990706333
    endloop
  endfacet
  facet normal 0 1 0
    outer loop
      vertex 79.44610812940522 27.7 4.043560549932231
      vertex 86.90915741234015 27.7 5.382550990706333
      vertex 86.11744900929367 27.7 4.590842587659851
    endloop
  endfacet
  facet normal 0 1 0
    outer loop
      vertex 78.54356054993224 27.7 4.946108129405218
      vertex 77.86447745295621 27.7 6.026862687029918
      vertex 87.50484433951209 27.7 6.33058130441221
    endloop
  endfacet
  facet normal 0 1 0
    outer loop
      vertex 78.54356054993224 27.7 4.946108129405218
      vertex 87.50484433951209 27.7 6.33058130441221
      vertex 86.90915741234015 27.7 5.382550990706333
    endloop
  endfacet
  facet normal 0 1 0
    outer loop
      vertex 77.86447745295621 27.7 6.026862687029918
      vertex 87.87463956090912 27.7 7.387395330218428
      vertex 87.50484433951209 27.7 6.33058130441221
    endloop
  endfacet
  facet normal 0.5320320765153363 0 0.8467241992282842
    outer loop
      vertex 80.52686268702992 27.7 3.364477452956211
      vertex 80.52686268702992 40.3 3.364477452956211
      vertex 79.44610812940522 27.7 4.043560549932231
    endloop
  endfacet
  facet normal 0.5320320765153363 0 0.8467241992282842
    outer loop
      vertex 79.44610812940522 27.7 4.043560549932231
      vertex 80.52686268702992 40.3 3.364477452956211
      vertex 79.44610812940522 40.3 4.043560549932231
    endloop
  endfacet
  facet normal 0.7071067811865503 1.606836633087325e-18 0.7071067811865447
    outer loop
      vertex 79.44610812940522 27.7 4.043560549932231
      vertex 78.54356054993224 40.3 4.946108129405218
      vertex 78.54356054993224 27.7 4.946108129405218
    endloop
  endfacet
  facet normal 0.7071067811865503 0 0.7071067811865447
    outer loop
      vertex 79.44610812940522 27.7 4.043560549932231
      vertex 79.44610812940522 40.3 4.043560549932231
      vertex 78.54356054993224 40.3 4.946108129405218
    endloop
  endfacet
  facet normal 0 -1 0
    outer loop
      vertex 80.52686268702992 40.3 3.364477452956211
      vertex 83.3588621141857 40.3 3.5404340494240722
      vertex 79.44610812940522 40.3 4.043560549932231
    endloop
  endfacet
  facet normal 0 -1 0
    outer loop
      vertex 79.44610812940522 40.3 4.043560549932231
      vertex 83.3588621141857 40.3 3.5404340494240722
      vertex 84.11260466978158 40.3 3.6253604390908816
    endloop
  endfacet
  facet normal 0 -1 0
    outer loop
      vertex 79.44610812940522 40.3 4.043560549932231
      vertex 84.11260466978158 40.3 3.6253604390908816
      vertex 85.1694186955878 40.3 3.995155660487904
    endloop
  endfacet
  facet normal 0 -1 0
    outer loop
      vertex 79.44610812940522 40.3 4.043560549932231
      vertex 85.1694186955878 40.3 3.995155660487904
      vertex 78.54356054993224 40.3 4.946108129405218
    endloop
  endfacet
  facet normal 0 -1 0
    outer loop
      vertex 78.54356054993224 40.3 4.946108129405218
      vertex 85.1694186955878 40.3 3.995155660487904
      vertex 86.11744900929367 40.3 4.590842587659851
    endloop
  endfacet
  facet normal 0.9438833303083677 0 0.3302790619551664
    outer loop
      vertex 77.86447745295621 27.7 6.026862687029918
      vertex 77.86447745295621 40.3 6.026862687029918
      vertex 77.4429109005636 40.3 7.231630676449008
    endloop
  endfacet
  facet normal 0.8467241992282806 1.581497652271133e-18 0.5320320765153422
    outer loop
      vertex 78.54356054993224 27.7 4.946108129405218
      vertex 77.86447745295621 40.3 6.026862687029918
      vertex 77.86447745295621 27.7 6.026862687029918
    endloop
  endfacet
  facet normal 0.8467241992282806 0 0.5320320765153422
    outer loop
      vertex 78.54356054993224 27.7 4.946108129405218
      vertex 78.54356054993224 40.3 4.946108129405218
      vertex 77.86447745295621 40.3 6.026862687029918
    endloop
  endfacet
  facet normal 0 -1 0
    outer loop
      vertex 78.54356054993224 40.3 4.946108129405218
      vertex 86.11744900929367 40.3 4.590842587659851
      vertex 77.86447745295621 40.3 6.026862687029918
    endloop
  endfacet
  facet normal 0 -1 0
    outer loop
      vertex 77.86447745295621 40.3 6.026862687029918
      vertex 86.11744900929367 40.3 4.590842587659851
      vertex 86.90915741234015 40.3 5.382550990706333
    endloop
  endfacet
  facet normal 0 -1 0
    outer loop
      vertex 77.86447745295621 40.3 6.026862687029918
      vertex 86.90915741234015 40.3 5.382550990706333
      vertex 77.4429109005636 40.3 7.231630676449008
    endloop
  endfacet
  facet normal 0 -1 0
    outer loop
      vertex 77.4429109005636 40.3 7.231630676449008
      vertex 86.90915741234015 40.3 5.382550990706333
      vertex 87.50484433951209 40.3 6.33058130441221
    endloop
  endfacet
  facet normal 0 1 0
    outer loop
      vertex 77.4429109005636 27.7 7.231630676449008
      vertex 77.3 27.7 8.5
      vertex 78 27.7 8.5
    endloop
  endfacet
  facet normal 0 1 0
    outer loop
      vertex 77.86447745295621 27.7 6.026862687029918
      vertex 77.4429109005636 27.7 7.231630676449008
      vertex 87.87463956090912 27.7 7.387395330218428
    endloop
  endfacet
  facet normal 0 1 0
    outer loop
      vertex 77.4429109005636 27.7 7.231630676449008
      vertex 82.75522697264806 27.7 7.427579296599994
      vertex 83 27.7 7.4
    endloop
  endfacet
  facet normal 0 1 0
    outer loop
      vertex 77.4429109005636 27.7 7.231630676449008
      vertex 83 27.7 7.4
      vertex 87.87463956090912 27.7 7.387395330218428
    endloop
  endfacet
  facet normal 0 1 0
    outer loop
      vertex 77.4429109005636 27.7 7.231630676449008
      vertex 82.52272788697069 27.7 7.508934245307339
      vertex 82.75522697264806 27.7 7.427579296599994
    endloop
  endfacet
  facet normal 0 1 0
    outer loop
      vertex 77.4429109005636 27.7 7.231630676449008
      vertex 82.31416121795539 27.7 7.639985369285167
      vertex 82.52272788697069 27.7 7.508934245307339
    endloop
  endfacet
  facet normal 0 1 0
    outer loop
      vertex 77.4429109005636 27.7 7.231630676449008
      vertex 82.13998536928517 27.7 7.814161217955393
      vertex 82.31416121795539 27.7 7.639985369285167
    endloop
  endfacet
  facet normal 0 1 0
    outer loop
      vertex 83 27.7 7.4
      vertex 83.24477302735194 27.7 7.427579296599994
      vertex 87.87463956090912 27.7 7.387395330218428
    endloop
  endfacet
  facet normal 0 1 0
    outer loop
      vertex 83.24477302735194 27.7 7.427579296599994
      vertex 83.47727211302931 27.7 7.508934245307339
      vertex 87.87463956090912 27.7 7.387395330218428
    endloop
  endfacet
  facet normal 0 1 0
    outer loop
      vertex 83.47727211302931 27.7 7.508934245307339
      vertex 83.68583878204461 27.7 7.639985369285167
      vertex 87.87463956090912 27.7 7.387395330218428
    endloop
  endfacet
  facet normal 0 1 0
    outer loop
      vertex 77.4429109005636 27.7 7.231630676449008
      vertex 82.00893424530734 27.7 8.022727886970685
      vertex 82.13998536928517 27.7 7.814161217955393
    endloop
  endfacet
  facet normal 0 1 0
    outer loop
      vertex 77.4429109005636 27.7 7.231630676449008
      vertex 81.92757929659999 27.7 8.255226972648053
      vertex 82.00893424530734 27.7 8.022727886970685
    endloop
  endfacet
  facet normal 0 1 0
    outer loop
      vertex 77.4429109005636 27.7 7.231630676449008
      vertex 81.9 27.7 8.5
      vertex 81.92757929659999 27.7 8.255226972648053
    endloop
  endfacet
  facet normal 0 1 0
    outer loop
      vertex 77.4429109005636 27.7 7.231630676449008
      vertex 78 27.7 8.5
      vertex 81.9 27.7 8.5
    endloop
  endfacet
  facet normal 0 1 0
    outer loop
      vertex 83.68583878204461 27.7 7.639985369285167
      vertex 83.86001463071483 27.7 7.814161217955393
      vertex 87.87463956090912 27.7 7.387395330218428
    endloop
  endfacet
  facet normal 0 1 0
    outer loop
      vertex 83.86001463071483 27.7 7.814161217955393
      vertex 83.99106575469266 27.7 8.022727886970687
      vertex 87.87463956090912 27.7 7.387395330218428
    endloop
  endfacet
  facet normal 0 1 0
    outer loop
      vertex 87.87463956090912 27.7 7.387395330218428
      vertex 83.99106575469266 27.7 8.022727886970687
      vertex 88 27.7 8.5
    endloop
  endfacet
  facet normal 0 1 0
    outer loop
      vertex 83.99106575469266 27.7 8.022727886970687
      vertex 84.07242070340001 27.7 8.255226972648055
      vertex 88 27.7 8.5
    endloop
  endfacet
  facet normal 0 1 0
    outer loop
      vertex 84.07242070340001 27.7 8.255226972648055
      vertex 84.1 27.7 8.5
      vertex 88 27.7 8.5
    endloop
  endfacet
  facet normal 0 1 0
    outer loop
      vertex 81.9 27.7 8.5
      vertex 78 27.7 8.5
      vertex 81.92757929659999 27.7 8.744773027351947
    endloop
  endfacet
  facet normal 0 1 0
    outer loop
      vertex 82.00893424530734 27.7 8.977272113029315
      vertex 81.92757929659999 27.7 8.744773027351947
      vertex 78 27.7 8.5
    endloop
  endfacet
  facet normal 0 1 0
    outer loop
      vertex 78.12536043909088 27.7 9.612604669781572
      vertex 82.00893424530734 27.7 8.977272113029315
      vertex 78 27.7 8.5
    endloop
  endfacet
  facet normal 0 1 0
    outer loop
      vertex 82.13998536928517 27.7 9.185838782044607
      vertex 82.00893424530734 27.7 8.977272113029315
      vertex 78.12536043909088 27.7 9.612604669781572
    endloop
  endfacet
  facet normal 0 1 0
    outer loop
      vertex 84.1 27.7 8.5
      vertex 84.07242070340001 27.7 8.744773027351945
      vertex 87.87463956090912 27.7 9.61260466978157
    endloop
  endfacet
  facet normal 0 1 0
    outer loop
      vertex 84.1 27.7 8.5
      vertex 87.87463956090912 27.7 9.61260466978157
      vertex 88 27.7 8.5
    endloop
  endfacet
  facet normal 0 1 0
    outer loop
      vertex 82.13998536928517 27.7 9.185838782044607
      vertex 78.12536043909088 27.7 9.612604669781572
      vertex 82.31416121795539 27.7 9.360014630714833
    endloop
  endfacet
  facet normal 0 1 0
    outer loop
      vertex 82.31416121795539 27.7 9.360014630714833
      vertex 78.12536043909088 27.7 9.612604669781572
      vertex 82.52272788697069 27.7 9.491065754692661
    endloop
  endfacet
  facet normal 0 1 0
    outer loop
      vertex 82.52272788697069 27.7 9.491065754692661
      vertex 78.12536043909088 27.7 9.612604669781572
      vertex 82.75522697264806 27.7 9.572420703400006
    endloop
  endfacet
  facet normal 0 1 0
    outer loop
      vertex 82.75522697264806 27.7 9.572420703400006
      vertex 78.12536043909088 27.7 9.612604669781572
      vertex 83 27.7 9.6
    endloop
  endfacet
  facet normal 0 1 0
    outer loop
      vertex 84.07242070340001 27.7 8.744773027351945
      vertex 83.99106575469266 27.7 8.977272113029315
      vertex 87.50484433951209 27.7 10.66941869558779
    endloop
  endfacet
  facet normal 0 1 0
    outer loop
      vertex 83.99106575469266 27.7 8.977272113029315
      vertex 83.86001463071483 27.7 9.185838782044607
      vertex 87.50484433951209 27.7 10.66941869558779
    endloop
  endfacet
  facet normal 0 1 0
    outer loop
      vertex 84.07242070340001 27.7 8.744773027351945
      vertex 87.50484433951209 27.7 10.66941869558779
      vertex 87.87463956090912 27.7 9.61260466978157
    endloop
  endfacet
  facet normal 0 1 0
    outer loop
      vertex 83.86001463071483 27.7 9.185838782044607
      vertex 83.68583878204461 27.7 9.360014630714833
      vertex 87.50484433951209 27.7 10.66941869558779
    endloop
  endfacet
  facet normal 0 1 0
    outer loop
      vertex 83.24477302735194 27.7 9.572420703400006
      vertex 87.50484433951209 27.7 10.66941869558779
      vertex 83.47727211302931 27.7 9.491065754692661
    endloop
  endfacet
  facet normal 0 1 0
    outer loop
      vertex 83.68583878204461 27.7 9.360014630714833
      vertex 83.47727211302931 27.7 9.491065754692661
      vertex 87.50484433951209 27.7 10.66941869558779
    endloop
  endfacet
  facet normal 0 1 0
    outer loop
      vertex 83 27.7 9.6
      vertex 78.12536043909088 27.7 9.612604669781572
      vertex 87.50484433951209 27.7 10.66941869558779
    endloop
  endfacet
  facet normal 0 1 0
    outer loop
      vertex 83 27.7 9.6
      vertex 87.50484433951209 27.7 10.66941869558779
      vertex 83.24477302735194 27.7 9.572420703400006
    endloop
  endfacet
  facet normal 0.9438833303083677 -6.328390837836264e-19 0.3302790619551664
    outer loop
      vertex 77.86447745295621 27.7 6.026862687029918
      vertex 77.4429109005636 40.3 7.231630676449008
      vertex 77.4429109005636 27.7 7.231630676449008
    endloop
  endfacet
  facet normal 0.9937122098932424 -6.793049016786577e-19 0.11196447610330863
    outer loop
      vertex 77.4429109005636 27.7 7.231630676449008
      vertex 77.3 40.3 8.5
      vertex 77.3 27.7 8.5
    endloop
  endfacet
  facet normal 0.9937122098932424 0 0.11196447610330863
    outer loop
      vertex 77.4429109005636 27.7 7.231630676449008
      vertex 77.4429109005636 40.3 7.231630676449008
      vertex 77.3 40.3 8.5
    endloop
  endfacet
  facet normal 0 -1 0
    outer loop
      vertex 77.4429109005636 40.3 7.231630676449008
      vertex 87.50484433951209 40.3 6.33058130441221
      vertex 83 40.3 7.4
    endloop
  endfacet
  facet normal 0 -1 0
    outer loop
      vertex 77.4429109005636 40.3 7.231630676449008
      vertex 83 40.3 7.4
      vertex 82.75522697264806 40.3 7.427579296599994
    endloop
  endfacet
  facet normal 0 -1 0
    outer loop
      vertex 77.4429109005636 40.3 7.231630676449008
      vertex 82.75522697264806 40.3 7.427579296599994
      vertex 82.52272788697069 40.3 7.508934245307339
    endloop
  endfacet
  facet normal 0 -1 0
    outer loop
      vertex 77.4429109005636 40.3 7.231630676449008
      vertex 82.52272788697069 40.3 7.508934245307339
      vertex 82.31416121795539 40.3 7.639985369285167
    endloop
  endfacet
  facet normal 0 -1 0
    outer loop
      vertex 77.4429109005636 40.3 7.231630676449008
      vertex 82.31416121795539 40.3 7.639985369285167
      vertex 82.13998536928517 40.3 7.814161217955393
    endloop
  endfacet
  facet normal 0 -1 0
    outer loop
      vertex 83 40.3 7.4
      vertex 87.50484433951209 40.3 6.33058130441221
      vertex 83.24477302735194 40.3 7.427579296599994
    endloop
  endfacet
  facet normal 0 -1 0
    outer loop
      vertex 83.24477302735194 40.3 7.427579296599994
      vertex 87.50484433951209 40.3 6.33058130441221
      vertex 83.47727211302931 40.3 7.508934245307339
    endloop
  endfacet
  facet normal 0 -1 0
    outer loop
      vertex 87.50484433951209 40.3 6.33058130441221
      vertex 83.68583878204461 40.3 7.639985369285167
      vertex 83.47727211302931 40.3 7.508934245307339
    endloop
  endfacet
  facet normal 0 -1 0
    outer loop
      vertex 87.50484433951209 40.3 6.33058130441221
      vertex 83.86001463071483 40.3 7.814161217955393
      vertex 83.68583878204461 40.3 7.639985369285167
    endloop
  endfacet
  facet normal 0 -1 0
    outer loop
      vertex 87.50484433951209 40.3 6.33058130441221
      vertex 83.99106575469266 40.3 8.022727886970687
      vertex 83.86001463071483 40.3 7.814161217955393
    endloop
  endfacet
  facet normal 0 -1 0
    outer loop
      vertex 87.50484433951209 40.3 6.33058130441221
      vertex 84.07242070340001 40.3 8.255226972648055
      vertex 83.99106575469266 40.3 8.022727886970687
    endloop
  endfacet
  facet normal 0 -1 0
    outer loop
      vertex 87.50484433951209 40.3 6.33058130441221
      vertex 87.87463956090912 40.3 7.387395330218428
      vertex 84.07242070340001 40.3 8.255226972648055
    endloop
  endfacet
  facet normal 0 -1 0
    outer loop
      vertex 77.4429109005636 40.3 7.231630676449008
      vertex 82.00893424530734 40.3 8.022727886970685
      vertex 77.3 40.3 8.5
    endloop
  endfacet
  facet normal 0 -1 0
    outer loop
      vertex 77.4429109005636 40.3 7.231630676449008
      vertex 82.13998536928517 40.3 7.814161217955393
      vertex 82.00893424530734 40.3 8.022727886970685
    endloop
  endfacet
  facet normal 0 -1 0
    outer loop
      vertex 81.92757929659999 40.3 8.255226972648053
      vertex 78 40.3 8.5
      vertex 77.3 40.3 8.5
    endloop
  endfacet
  facet normal 0 -1 0
    outer loop
      vertex 82.00893424530734 40.3 8.022727886970685
      vertex 81.92757929659999 40.3 8.255226972648053
      vertex 77.3 40.3 8.5
    endloop
  endfacet
  facet normal 0 -1 0
    outer loop
      vertex 81.92757929659999 40.3 8.255226972648053
      vertex 81.9 40.3 8.5
      vertex 78 40.3 8.5
    endloop
  endfacet
  facet normal 0 -1 0
    outer loop
      vertex 84.07242070340001 40.3 8.255226972648055
      vertex 87.87463956090912 40.3 7.387395330218428
      vertex 84.1 40.3 8.5
    endloop
  endfacet
  facet normal 0 -1 0
    outer loop
      vertex 84.1 40.3 8.5
      vertex 87.87463956090912 40.3 7.387395330218428
      vertex 88 40.3 8.5
    endloop
  endfacet
  facet normal 0 -1 0
    outer loop
      vertex 78 40.3 8.5
      vertex 81.9 40.3 8.5
      vertex 78.12536043909088 40.3 9.612604669781572
    endloop
  endfacet
  facet normal 0 -1 0
    outer loop
      vertex 78.12536043909088 40.3 9.612604669781572
      vertex 81.9 40.3 8.5
      vertex 81.92757929659999 40.3 8.744773027351947
    endloop
  endfacet
  facet normal 0 -1 0
    outer loop
      vertex 84.1 40.3 8.5
      vertex 88 40.3 8.5
      vertex 84.07242070340001 40.3 8.744773027351945
    endloop
  endfacet
  facet normal 0 -1 0
    outer loop
      vertex 84.07242070340001 40.3 8.744773027351945
      vertex 88 40.3 8.5
      vertex 83.99106575469266 40.3 8.977272113029315
    endloop
  endfacet
  facet normal 0 -1 0
    outer loop
      vertex 83.86001463071483 40.3 9.185838782044607
      vertex 83.99106575469266 40.3 8.977272113029315
      vertex 87.87463956090912 40.3 9.61260466978157
    endloop
  endfacet
  facet normal 0 -1 0
    outer loop
      vertex 87.87463956090912 40.3 9.61260466978157
      vertex 83.99106575469266 40.3 8.977272113029315
      vertex 88 40.3 8.5
    endloop
  endfacet
  facet normal 0 -1 0
    outer loop
      vertex 81.92757929659999 40.3 8.744773027351947
      vertex 78.49515566048791 40.3 10.66941869558779
      vertex 78.12536043909088 40.3 9.612604669781572
    endloop
  endfacet
  facet normal 0 -1 0
    outer loop
      vertex 82.00893424530734 40.3 8.977272113029315
      vertex 78.49515566048791 40.3 10.66941869558779
      vertex 81.92757929659999 40.3 8.744773027351947
    endloop
  endfacet
  facet normal 0 -1 0
    outer loop
      vertex 82.00893424530734 40.3 8.977272113029315
      vertex 82.13998536928517 40.3 9.185838782044607
      vertex 78.49515566048791 40.3 10.66941869558779
    endloop
  endfacet
  facet normal 0 -1 0
    outer loop
      vertex 82.13998536928517 40.3 9.185838782044607
      vertex 82.31416121795539 40.3 9.360014630714833
      vertex 78.49515566048791 40.3 10.66941869558779
    endloop
  endfacet
  facet normal 0 -1 0
    outer loop
      vertex 82.31416121795539 40.3 9.360014630714833
      vertex 82.52272788697069 40.3 9.491065754692661
      vertex 78.49515566048791 40.3 10.66941869558779
    endloop
  endfacet
  facet normal 0 -1 0
    outer loop
      vertex 82.52272788697069 40.3 9.491065754692661
      vertex 82.75522697264806 40.3 9.572420703400006
      vertex 78.49515566048791 40.3 10.66941869558779
    endloop
  endfacet
  facet normal 0 -1 0
    outer loop
      vertex 82.75522697264806 40.3 9.572420703400006
      vertex 83 40.3 9.6
      vertex 78.49515566048791 40.3 10.66941869558779
    endloop
  endfacet
  facet normal 0 -1 0
    outer loop
      vertex 83.86001463071483 40.3 9.185838782044607
      vertex 87.87463956090912 40.3 9.61260466978157
      vertex 83.68583878204461 40.3 9.360014630714833
    endloop
  endfacet
  facet normal 0 -1 0
    outer loop
      vertex 83.68583878204461 40.3 9.360014630714833
      vertex 87.87463956090912 40.3 9.61260466978157
      vertex 83.47727211302931 40.3 9.491065754692661
    endloop
  endfacet
  facet normal 0 -1 0
    outer loop
      vertex 83 40.3 9.6
      vertex 83.24477302735194 40.3 9.572420703400006
      vertex 87.87463956090912 40.3 9.61260466978157
    endloop
  endfacet
  facet normal 0 -1 0
    outer loop
      vertex 83.47727211302931 40.3 9.491065754692661
      vertex 87.87463956090912 40.3 9.61260466978157
      vertex 83.24477302735194 40.3 9.572420703400006
    endloop
  endfacet
  facet normal 0 -1 0
    outer loop
      vertex 87.87463956090912 40.3 9.61260466978157
      vertex 78.49515566048791 40.3 10.66941869558779
      vertex 83 40.3 9.6
    endloop
  endfacet
  facet normal 0 1 0
    outer loop
      vertex 78.49515566048791 27.7 10.66941869558779
      vertex 86.90915741234015 27.7 11.617449009293667
      vertex 78.12536043909088 27.7 9.612604669781572
    endloop
  endfacet
  facet normal 0 1 0
    outer loop
      vertex 87.50484433951209 27.7 10.66941869558779
      vertex 78.12536043909088 27.7 9.612604669781572
      vertex 86.90915741234015 27.7 11.617449009293667
    endloop
  endfacet
  facet normal 0 1 0
    outer loop
      vertex 79.09084258765985 27.7 11.617449009293669
      vertex 86.11744900929367 27.7 12.40915741234015
      vertex 78.49515566048791 27.7 10.66941869558779
    endloop
  endfacet
  facet normal 0 1 0
    outer loop
      vertex 86.90915741234015 27.7 11.617449009293667
      vertex 78.49515566048791 27.7 10.66941869558779
      vertex 86.11744900929367 27.7 12.40915741234015
    endloop
  endfacet
  facet normal 0 1 0
    outer loop
      vertex 79.88255099070633 27.7 12.409157412340148
      vertex 85.1694186955878 27.7 13.004844339512095
      vertex 79.09084258765985 27.7 11.617449009293669
    endloop
  endfacet
  facet normal 0 1 0
    outer loop
      vertex 86.11744900929367 27.7 12.40915741234015
      vertex 79.09084258765985 27.7 11.617449009293669
      vertex 85.1694186955878 27.7 13.004844339512095
    endloop
  endfacet
  facet normal 0 1 0
    outer loop
      vertex 80.8305813044122 27.7 13.004844339512095
      vertex 84.11260466978158 27.7 13.374639560909118
      vertex 79.88255099070633 27.7 12.409157412340148
    endloop
  endfacet
  facet normal 0 1 0
    outer loop
      vertex 81.88739533021842 27.7 13.374639560909118
      vertex 83 27.7 13.5
      vertex 80.8305813044122 27.7 13.004844339512095
    endloop
  endfacet
  facet normal 0 1 0
    outer loop
      vertex 80.8305813044122 27.7 13.004844339512095
      vertex 83 27.7 13.5
      vertex 84.11260466978158 27.7 13.374639560909118
    endloop
  endfacet
  facet normal 0 1 0
    outer loop
      vertex 85.1694186955878 27.7 13.004844339512095
      vertex 79.88255099070633 27.7 12.409157412340148
      vertex 84.11260466978158 27.7 13.374639560909118
    endloop
  endfacet
  facet normal 0 -1 0
    outer loop
      vertex 78.49515566048791 40.3 10.66941869558779
      vertex 87.87463956090912 40.3 9.61260466978157
      vertex 79.09084258765985 40.3 11.617449009293669
    endloop
  endfacet
  facet normal 0 -1 0
    outer loop
      vertex 87.50484433951209 40.3 10.66941869558779
      vertex 79.09084258765985 40.3 11.617449009293669
      vertex 87.87463956090912 40.3 9.61260466978157
    endloop
  endfacet
  facet normal 0 -1 0
    outer loop
      vertex 79.09084258765985 40.3 11.617449009293669
      vertex 87.50484433951209 40.3 10.66941869558779
      vertex 79.88255099070633 40.3 12.409157412340148
    endloop
  endfacet
  facet normal 0 -1 0
    outer loop
      vertex 86.90915741234015 40.3 11.617449009293667
      vertex 79.88255099070633 40.3 12.409157412340148
      vertex 87.50484433951209 40.3 10.66941869558779
    endloop
  endfacet
  facet normal 0 -1 0
    outer loop
      vertex 79.88255099070633 40.3 12.409157412340148
      vertex 86.90915741234015 40.3 11.617449009293667
      vertex 80.8305813044122 40.3 13.004844339512095
    endloop
  endfacet
  facet normal 0 -1 0
    outer loop
      vertex 86.11744900929367 40.3 12.40915741234015
      vertex 80.8305813044122 40.3 13.004844339512095
      vertex 86.90915741234015 40.3 11.617449009293667
    endloop
  endfacet
  facet normal 0 -1 0
    outer loop
      vertex 80.8305813044122 40.3 13.004844339512095
      vertex 86.11744900929367 40.3 12.40915741234015
      vertex 81.88739533021842 40.3 13.374639560909118
    endloop
  endfacet
  facet normal 0 -1 0
    outer loop
      vertex 81.88739533021842 40.3 13.374639560909118
      vertex 86.11744900929367 40.3 12.40915741234015
      vertex 85.1694186955878 40.3 13.004844339512095
    endloop
  endfacet
  facet normal 0 -1 0
    outer loop
      vertex 81.88739533021842 40.3 13.374639560909118
      vertex 85.1694186955878 40.3 13.004844339512095
      vertex 83 40.3 13.5
    endloop
  endfacet
  facet normal 0 -1 0
    outer loop
      vertex 84.11260466978158 40.3 13.374639560909118
      vertex 83 40.3 13.5
      vertex 85.1694186955878 40.3 13.004844339512095
    endloop
  endfacet
  facet normal 0 1 0
    outer loop
      vertex 83 51.7 2.8
      vertex 81.731630676449 51.7 2.9429109005636054
      vertex 83.241860775271 51.7 3.527251164596302
    endloop
  endfacet
  facet normal 0 1 0
    outer loop
      vertex 81.731630676449 51.7 2.9429109005636054
      vertex 80.52686268702992 51.7 3.364477452956211
      vertex 83.241860775271 51.7 3.527251164596302
    endloop
  endfacet
  facet normal 0.11196447610330733 0 0.9937122098932427
    outer loop
      vertex 83 51.7 2.8
      vertex 83 64.3 2.8
      vertex 81.731630676449 51.7 2.9429109005636054
    endloop
  endfacet
  facet normal 0.330279061955169 0 0.943883330308367
    outer loop
      vertex 81.731630676449 51.7 2.9429109005636054
      vertex 81.731630676449 64.3 2.9429109005636054
      vertex 80.52686268702992 51.7 3.364477452956211
    endloop
  endfacet
  facet normal -0.11196447610330815 1.3486655798113385e-16 0.9937122098932425
    outer loop
      vertex 83 51.7 2.8
      vertex 83.241860775271 51.7 2.8272511645963028
      vertex 83.2199999988079 53.82999999821186 2.8247880466437074
    endloop
  endfacet
  facet normal 0 1 0
    outer loop
      vertex 83 51.7 2.8
      vertex 83.241860775271 51.7 3.527251164596302
      vertex 83.241860775271 51.7 2.8272511645963028
    endloop
  endfacet
  facet normal -0.11196447610328886 -1.943218501792849e-15 0.9937122098932446
    outer loop
      vertex 83 51.7 2.8
      vertex 83.2199999988079 53.82999999821186 2.8247880466437074
      vertex 84.268369323551 64.3 2.9429109005636054
    endloop
  endfacet
  facet normal 0.11196447610330733 0 0.9937122098932427
    outer loop
      vertex 81.731630676449 51.7 2.9429109005636054
      vertex 83 64.3 2.8
      vertex 81.731630676449 64.3 2.9429109005636054
    endloop
  endfacet
  facet normal 0.330279061955169 0 0.943883330308367
    outer loop
      vertex 80.52686268702992 51.7 3.364477452956211
      vertex 81.731630676449 64.3 2.9429109005636054
      vertex 80.52686268702992 64.3 3.364477452956211
    endloop
  endfacet
  facet normal 0 -1 0
    outer loop
      vertex 81.731630676449 64.3 2.9429109005636054
      vertex 84.268369323551 64.3 2.9429109005636054
      vertex 80.52686268702992 64.3 3.364477452956211
    endloop
  endfacet
  facet normal -0.11196447610330733 0 0.9937122098932427
    outer loop
      vertex 83 51.7 2.8
      vertex 84.268369323551 64.3 2.9429109005636054
      vertex 83 64.3 2.8
    endloop
  endfacet
  facet normal -0.11196447610330743 0 0.9937122098932426
    outer loop
      vertex 84.268369323551 64.3 2.9429109005636054
      vertex 83.2199999988079 53.82999999821186 2.8247880466437074
      vertex 84.268369323551 63.53269326467396 2.9429109005636054
    endloop
  endfacet
  facet normal 0 -1 0
    outer loop
      vertex 83 64.3 2.8
      vertex 84.268369323551 64.3 2.9429109005636054
      vertex 81.731630676449 64.3 2.9429109005636054
    endloop
  endfacet
  facet normal -0.3302790619551672 0 0.9438833303083675
    outer loop
      vertex 84.268369323551 64.3 2.9429109005636054
      vertex 84.268369323551 63.53269326467396 2.9429109005636054
      vertex 84.35127628782298 64.3 2.9719213020719737
    endloop
  endfacet
  facet normal 0 -1 0
    outer loop
      vertex 80.52686268702992 64.3 3.364477452956211
      vertex 84.268369323551 64.3 2.9429109005636054
      vertex 84.35127628782298 64.3 2.9719213020719737
    endloop
  endfacet
  facet normal 0 1 0
    outer loop
      vertex 80.52686268702992 51.7 3.364477452956211
      vertex 84.11260466978158 51.7 3.6253604390908816
      vertex 83.241860775271 51.7 3.527251164596302
    endloop
  endfacet
  facet normal 0 1 0
    outer loop
      vertex 80.52686268702992 51.7 3.364477452956211
      vertex 79.44610812940522 51.7 4.043560549932231
      vertex 86.11744900929367 51.7 4.590842587659851
    endloop
  endfacet
  facet normal 0.5320320765153363 0 0.8467241992282841
    outer loop
      vertex 80.52686268702992 51.7 3.364477452956211
      vertex 80.52686268702992 64.3 3.364477452956211
      vertex 79.44610812940522 51.7 4.043560549932231
    endloop
  endfacet
  facet normal 0 1 0
    outer loop
      vertex 80.52686268702992 51.7 3.364477452956211
      vertex 85.1694186955878 51.7 3.995155660487904
      vertex 84.11260466978158 51.7 3.6253604390908816
    endloop
  endfacet
  facet normal 0 1 0
    outer loop
      vertex 80.52686268702992 51.7 3.364477452956211
      vertex 86.11744900929367 51.7 4.590842587659851
      vertex 85.1694186955878 51.7 3.995155660487904
    endloop
  endfacet
  facet normal 0 1 0
    outer loop
      vertex 79.44610812940522 51.7 4.043560549932231
      vertex 78.54356054993224 51.7 4.946108129405218
      vertex 86.90915741234015 51.7 5.382550990706333
    endloop
  endfacet
  facet normal 0.7071067811865503 1.6068366330873254e-18 0.7071067811865447
    outer loop
      vertex 79.44610812940522 51.7 4.043560549932231
      vertex 78.54356054993224 64.3 4.946108129405218
      vertex 78.54356054993224 51.7 4.946108129405218
    endloop
  endfacet
  facet normal 0 1 0
    outer loop
      vertex 79.44610812940522 51.7 4.043560549932231
      vertex 86.90915741234015 51.7 5.382550990706333
      vertex 86.11744900929367 51.7 4.590842587659851
    endloop
  endfacet
  facet normal 0 -1 0
    outer loop
      vertex 80.52686268702992 64.3 3.364477452956211
      vertex 84.35127628782298 64.3 2.9719213020719737
      vertex 79.44610812940522 64.3 4.043560549932231
    endloop
  endfacet
  facet normal 0 -1 0
    outer loop
      vertex 79.44610812940522 64.3 4.043560549932231
      vertex 84.35127628782298 64.3 2.9719213020719737
      vertex 84.35127628782298 64.3 3.708875250287181
    endloop
  endfacet
  facet normal 0.5320320765153363 0 0.8467241992282841
    outer loop
      vertex 79.44610812940522 51.7 4.043560549932231
      vertex 80.52686268702992 64.3 3.364477452956211
      vertex 79.44610812940522 64.3 4.043560549932231
    endloop
  endfacet
  facet normal 0 -1 0
    outer loop
      vertex 79.44610812940522 64.3 4.043560549932231
      vertex 84.35127628782298 64.3 3.708875250287181
      vertex 85.1694186955878 64.3 3.995155660487904
    endloop
  endfacet
  facet normal 0.7071067811865503 0 0.7071067811865447
    outer loop
      vertex 79.44610812940522 51.7 4.043560549932231
      vertex 79.44610812940522 64.3 4.043560549932231
      vertex 78.54356054993224 64.3 4.946108129405218
    endloop
  endfacet
  facet normal 0 -1 0
    outer loop
      vertex 79.44610812940522 64.3 4.043560549932231
      vertex 85.1694186955878 64.3 3.995155660487904
      vertex 78.54356054993224 64.3 4.946108129405218
    endloop
  endfacet
  facet normal 0 -1 0
    outer loop
      vertex 78.54356054993224 64.3 4.946108129405218
      vertex 85.1694186955878 64.3 3.995155660487904
      vertex 86.11744900929367 64.3 4.590842587659851
    endloop
  endfacet
  facet normal 0.9438833303083679 0 0.3302790619551664
    outer loop
      vertex 77.86447745295621 51.7 6.026862687029918
      vertex 77.86447745295621 64.3 6.026862687029918
      vertex 77.4429109005636 64.3 7.231630676449008
    endloop
  endfacet
  facet normal 0 1 0
    outer loop
      vertex 78.54356054993224 51.7 4.946108129405218
      vertex 77.86447745295621 51.7 6.026862687029918
      vertex 87.50484433951209 51.7 6.33058130441221
    endloop
  endfacet
  facet normal 0.8467241992282806 1.5814976522711334e-18 0.5320320765153421
    outer loop
      vertex 78.54356054993224 51.7 4.946108129405218
      vertex 77.86447745295621 64.3 6.026862687029918
      vertex 77.86447745295621 51.7 6.026862687029918
    endloop
  endfacet
  facet normal 0 1 0
    outer loop
      vertex 78.54356054993224 51.7 4.946108129405218
      vertex 87.50484433951209 51.7 6.33058130441221
      vertex 86.90915741234015 51.7 5.382550990706333
    endloop
  endfacet
  facet normal 0 1 0
    outer loop
      vertex 77.86447745295621 51.7 6.026862687029918
      vertex 87.87463956090912 51.7 7.387395330218428
      vertex 87.50484433951209 51.7 6.33058130441221
    endloop
  endfacet
  facet normal 0.8467241992282806 0 0.5320320765153421
    outer loop
      vertex 78.54356054993224 51.7 4.946108129405218
      vertex 78.54356054993224 64.3 4.946108129405218
      vertex 77.86447745295621 64.3 6.026862687029918
    endloop
  endfacet
  facet normal 0 -1 0
    outer loop
      vertex 78.54356054993224 64.3 4.946108129405218
      vertex 86.11744900929367 64.3 4.590842587659851
      vertex 77.86447745295621 64.3 6.026862687029918
    endloop
  endfacet
  facet normal 0 -1 0
    outer loop
      vertex 77.86447745295621 64.3 6.026862687029918
      vertex 86.11744900929367 64.3 4.590842587659851
      vertex 86.90915741234015 64.3 5.382550990706333
    endloop
  endfacet
  facet normal 0 -1 0
    outer loop
      vertex 77.86447745295621 64.3 6.026862687029918
      vertex 86.90915741234015 64.3 5.382550990706333
      vertex 77.4429109005636 64.3 7.231630676449008
    endloop
  endfacet
  facet normal 0 -1 0
    outer loop
      vertex 77.4429109005636 64.3 7.231630676449008
      vertex 86.90915741234015 64.3 5.382550990706333
      vertex 87.50484433951209 64.3 6.33058130441221
    endloop
  endfacet
  facet normal 0.9438833303083679 -6.328390837836267e-19 0.3302790619551664
    outer loop
      vertex 77.86447745295621 51.7 6.026862687029918
      vertex 77.4429109005636 64.3 7.231630676449008
      vertex 77.4429109005636 51.7 7.231630676449008
    endloop
  endfacet
  facet normal 0 1 0
    outer loop
      vertex 77.4429109005636 51.7 7.231630676449008
      vertex 77.3 51.7 8.5
      vertex 78 51.7 8.5
    endloop
  endfacet
  facet normal 0.9937122098932425 -6.79304901678658e-19 0.11196447610330863
    outer loop
      vertex 77.4429109005636 51.7 7.231630676449008
      vertex 77.3 64.3 8.5
      vertex 77.3 51.7 8.5
    endloop
  endfacet
  facet normal 0.9937122098932425 0 0.11196447610330863
    outer loop
      vertex 77.4429109005636 51.7 7.231630676449008
      vertex 77.4429109005636 64.3 7.231630676449008
      vertex 77.3 64.3 8.5
    endloop
  endfacet
  facet normal 0 1 0
    outer loop
      vertex 77.86447745295621 51.7 6.026862687029918
      vertex 77.4429109005636 51.7 7.231630676449008
      vertex 87.87463956090912 51.7 7.387395330218428
    endloop
  endfacet
  facet normal 0 1 0
    outer loop
      vertex 77.4429109005636 51.7 7.231630676449008
      vertex 82.75522697264806 51.7 7.427579296599994
      vertex 83 51.7 7.4
    endloop
  endfacet
  facet normal 0 1 0
    outer loop
      vertex 77.4429109005636 51.7 7.231630676449008
      vertex 83 51.7 7.4
      vertex 87.87463956090912 51.7 7.387395330218428
    endloop
  endfacet
  facet normal 0 1 0
    outer loop
      vertex 77.4429109005636 51.7 7.231630676449008
      vertex 82.52272788697069 51.7 7.508934245307339
      vertex 82.75522697264806 51.7 7.427579296599994
    endloop
  endfacet
  facet normal 0 1 0
    outer loop
      vertex 77.4429109005636 51.7 7.231630676449008
      vertex 82.31416121795539 51.7 7.639985369285167
      vertex 82.52272788697069 51.7 7.508934245307339
    endloop
  endfacet
  facet normal 0 1 0
    outer loop
      vertex 77.4429109005636 51.7 7.231630676449008
      vertex 82.13998536928517 51.7 7.814161217955393
      vertex 82.31416121795539 51.7 7.639985369285167
    endloop
  endfacet
  facet normal 0 1 0
    outer loop
      vertex 83 51.7 7.4
      vertex 83.24477302735194 51.7 7.427579296599994
      vertex 87.87463956090912 51.7 7.387395330218428
    endloop
  endfacet
  facet normal 0 1 0
    outer loop
      vertex 83.24477302735194 51.7 7.427579296599994
      vertex 83.47727211302931 51.7 7.508934245307339
      vertex 87.87463956090912 51.7 7.387395330218428
    endloop
  endfacet
  facet normal 0 1 0
    outer loop
      vertex 83.47727211302931 51.7 7.508934245307339
      vertex 83.68583878204461 51.7 7.639985369285167
      vertex 87.87463956090912 51.7 7.387395330218428
    endloop
  endfacet
  facet normal 0 1 0
    outer loop
      vertex 77.4429109005636 51.7 7.231630676449008
      vertex 82.00893424530734 51.7 8.022727886970685
      vertex 82.13998536928517 51.7 7.814161217955393
    endloop
  endfacet
  facet normal 0 1 0
    outer loop
      vertex 77.4429109005636 51.7 7.231630676449008
      vertex 81.92757929659999 51.7 8.255226972648053
      vertex 82.00893424530734 51.7 8.022727886970685
    endloop
  endfacet
  facet normal 0 1 0
    outer loop
      vertex 77.4429109005636 51.7 7.231630676449008
      vertex 81.9 51.7 8.5
      vertex 81.92757929659999 51.7 8.255226972648053
    endloop
  endfacet
  facet normal 0 1 0
    outer loop
      vertex 77.4429109005636 51.7 7.231630676449008
      vertex 78 51.7 8.5
      vertex 81.9 51.7 8.5
    endloop
  endfacet
  facet normal 0 1 0
    outer loop
      vertex 83.86001463071483 51.7 7.814161217955393
      vertex 87.87463956090912 51.7 7.387395330218428
      vertex 83.68583878204461 51.7 7.639985369285167
    endloop
  endfacet
  facet normal 0 1 0
    outer loop
      vertex 83.86001463071483 51.7 7.814161217955393
      vertex 83.99106575469266 51.7 8.022727886970687
      vertex 87.87463956090912 51.7 7.387395330218428
    endloop
  endfacet
  facet normal 0 1 0
    outer loop
      vertex 87.87463956090912 51.7 7.387395330218428
      vertex 83.99106575469266 51.7 8.022727886970687
      vertex 88 51.7 8.5
    endloop
  endfacet
  facet normal 0 1 0
    outer loop
      vertex 83.99106575469266 51.7 8.022727886970687
      vertex 84.07242070340001 51.7 8.255226972648055
      vertex 88 51.7 8.5
    endloop
  endfacet
  facet normal 0 1 0
    outer loop
      vertex 84.07242070340001 51.7 8.255226972648055
      vertex 84.1 51.7 8.5
      vertex 88 51.7 8.5
    endloop
  endfacet
  facet normal 0 -1 0
    outer loop
      vertex 77.4429109005636 64.3 7.231630676449008
      vertex 87.50484433951209 64.3 6.33058130441221
      vertex 83 64.3 7.4
    endloop
  endfacet
  facet normal 0 -1 0
    outer loop
      vertex 77.4429109005636 64.3 7.231630676449008
      vertex 83 64.3 7.4
      vertex 82.75522697264806 64.3 7.427579296599994
    endloop
  endfacet
  facet normal 0 -1 0
    outer loop
      vertex 77.4429109005636 64.3 7.231630676449008
      vertex 82.75522697264806 64.3 7.427579296599994
      vertex 82.52272788697069 64.3 7.508934245307339
    endloop
  endfacet
  facet normal 0 -1 0
    outer loop
      vertex 77.4429109005636 64.3 7.231630676449008
      vertex 82.52272788697069 64.3 7.508934245307339
      vertex 82.31416121795539 64.3 7.639985369285167
    endloop
  endfacet
  facet normal 0 -1 0
    outer loop
      vertex 77.4429109005636 64.3 7.231630676449008
      vertex 82.31416121795539 64.3 7.639985369285167
      vertex 82.13998536928517 64.3 7.814161217955393
    endloop
  endfacet
  facet normal 0 -1 0
    outer loop
      vertex 83 64.3 7.4
      vertex 87.50484433951209 64.3 6.33058130441221
      vertex 83.24477302735194 64.3 7.427579296599994
    endloop
  endfacet
  facet normal 0 -1 0
    outer loop
      vertex 83.24477302735194 64.3 7.427579296599994
      vertex 87.50484433951209 64.3 6.33058130441221
      vertex 83.47727211302931 64.3 7.508934245307339
    endloop
  endfacet
  facet normal 0 -1 0
    outer loop
      vertex 83.47727211302931 64.3 7.508934245307339
      vertex 87.50484433951209 64.3 6.33058130441221
      vertex 83.68583878204461 64.3 7.639985369285167
    endloop
  endfacet
  facet normal 0 -1 0
    outer loop
      vertex 83.68583878204461 64.3 7.639985369285167
      vertex 87.50484433951209 64.3 6.33058130441221
      vertex 83.86001463071483 64.3 7.814161217955393
    endloop
  endfacet
  facet normal 0 -1 0
    outer loop
      vertex 83.86001463071483 64.3 7.814161217955393
      vertex 87.50484433951209 64.3 6.33058130441221
      vertex 83.99106575469266 64.3 8.022727886970687
    endloop
  endfacet
  facet normal 0 -1 0
    outer loop
      vertex 83.99106575469266 64.3 8.022727886970687
      vertex 87.50484433951209 64.3 6.33058130441221
      vertex 84.07242070340001 64.3 8.255226972648055
    endloop
  endfacet
  facet normal 0 -1 0
    outer loop
      vertex 84.07242070340001 64.3 8.255226972648055
      vertex 87.50484433951209 64.3 6.33058130441221
      vertex 87.87463956090912 64.3 7.387395330218428
    endloop
  endfacet
  facet normal 0 -1 0
    outer loop
      vertex 77.4429109005636 64.3 7.231630676449008
      vertex 82.00893424530734 64.3 8.022727886970685
      vertex 77.3 64.3 8.5
    endloop
  endfacet
  facet normal 0 -1 0
    outer loop
      vertex 77.4429109005636 64.3 7.231630676449008
      vertex 82.13998536928517 64.3 7.814161217955393
      vertex 82.00893424530734 64.3 8.022727886970685
    endloop
  endfacet
  facet normal 0 -1 0
    outer loop
      vertex 81.92757929659999 64.3 8.255226972648053
      vertex 78 64.3 8.5
      vertex 77.3 64.3 8.5
    endloop
  endfacet
  facet normal 0 -1 0
    outer loop
      vertex 82.00893424530734 64.3 8.022727886970685
      vertex 81.92757929659999 64.3 8.255226972648053
      vertex 77.3 64.3 8.5
    endloop
  endfacet
  facet normal 0 -1 0
    outer loop
      vertex 81.92757929659999 64.3 8.255226972648053
      vertex 81.9 64.3 8.5
      vertex 78 64.3 8.5
    endloop
  endfacet
  facet normal 0 -1 0
    outer loop
      vertex 84.07242070340001 64.3 8.255226972648055
      vertex 87.87463956090912 64.3 7.387395330218428
      vertex 84.1 64.3 8.5
    endloop
  endfacet
  facet normal 0 -1 0
    outer loop
      vertex 87.87463956090912 64.3 7.387395330218428
      vertex 88 64.3 8.5
      vertex 84.1 64.3 8.5
    endloop
  endfacet
  facet normal 0 1 0
    outer loop
      vertex 81.9 51.7 8.5
      vertex 78 51.7 8.5
      vertex 81.92757929659999 51.7 8.744773027351947
    endloop
  endfacet
  facet normal 0 1 0
    outer loop
      vertex 82.00893424530734 51.7 8.977272113029315
      vertex 81.92757929659999 51.7 8.744773027351947
      vertex 78 51.7 8.5
    endloop
  endfacet
  facet normal 0 1 0
    outer loop
      vertex 78.12536043909088 51.7 9.612604669781572
      vertex 82.00893424530734 51.7 8.977272113029315
      vertex 78 51.7 8.5
    endloop
  endfacet
  facet normal 0 1 0
    outer loop
      vertex 82.13998536928517 51.7 9.185838782044607
      vertex 82.00893424530734 51.7 8.977272113029315
      vertex 78.12536043909088 51.7 9.612604669781572
    endloop
  endfacet
  facet normal 0 1 0
    outer loop
      vertex 84.1 51.7 8.5
      vertex 84.07242070340001 51.7 8.744773027351945
      vertex 87.87463956090912 51.7 9.61260466978157
    endloop
  endfacet
  facet normal 0 1 0
    outer loop
      vertex 87.87463956090912 51.7 9.61260466978157
      vertex 88 51.7 8.5
      vertex 84.1 51.7 8.5
    endloop
  endfacet
  facet normal 0 1 0
    outer loop
      vertex 82.13998536928517 51.7 9.185838782044607
      vertex 78.12536043909088 51.7 9.612604669781572
      vertex 82.31416121795539 51.7 9.360014630714833
    endloop
  endfacet
  facet normal 0 1 0
    outer loop
      vertex 82.31416121795539 51.7 9.360014630714833
      vertex 78.12536043909088 51.7 9.612604669781572
      vertex 82.52272788697069 51.7 9.491065754692661
    endloop
  endfacet
  facet normal 0 1 0
    outer loop
      vertex 82.52272788697069 51.7 9.491065754692661
      vertex 78.12536043909088 51.7 9.612604669781572
      vertex 82.75522697264806 51.7 9.572420703400006
    endloop
  endfacet
  facet normal 0 1 0
    outer loop
      vertex 82.75522697264806 51.7 9.572420703400006
      vertex 78.12536043909088 51.7 9.612604669781572
      vertex 83 51.7 9.6
    endloop
  endfacet
  facet normal 0 1 0
    outer loop
      vertex 84.07242070340001 51.7 8.744773027351945
      vertex 83.99106575469266 51.7 8.977272113029315
      vertex 87.50484433951209 51.7 10.66941869558779
    endloop
  endfacet
  facet normal 0 1 0
    outer loop
      vertex 83.99106575469266 51.7 8.977272113029315
      vertex 83.86001463071483 51.7 9.185838782044607
      vertex 87.50484433951209 51.7 10.66941869558779
    endloop
  endfacet
  facet normal 0 1 0
    outer loop
      vertex 87.87463956090912 51.7 9.61260466978157
      vertex 84.07242070340001 51.7 8.744773027351945
      vertex 87.50484433951209 51.7 10.66941869558779
    endloop
  endfacet
  facet normal 0 1 0
    outer loop
      vertex 83.86001463071483 51.7 9.185838782044607
      vertex 83.68583878204461 51.7 9.360014630714833
      vertex 87.50484433951209 51.7 10.66941869558779
    endloop
  endfacet
  facet normal 0 1 0
    outer loop
      vertex 87.50484433951209 51.7 10.66941869558779
      vertex 83.47727211302931 51.7 9.491065754692661
      vertex 83.24477302735194 51.7 9.572420703400006
    endloop
  endfacet
  facet normal 0 1 0
    outer loop
      vertex 83.68583878204461 51.7 9.360014630714833
      vertex 83.47727211302931 51.7 9.491065754692661
      vertex 87.50484433951209 51.7 10.66941869558779
    endloop
  endfacet
  facet normal 0 1 0
    outer loop
      vertex 83 51.7 9.6
      vertex 78.12536043909088 51.7 9.612604669781572
      vertex 87.50484433951209 51.7 10.66941869558779
    endloop
  endfacet
  facet normal 0 1 0
    outer loop
      vertex 87.50484433951209 51.7 10.66941869558779
      vertex 83.24477302735194 51.7 9.572420703400006
      vertex 83 51.7 9.6
    endloop
  endfacet
  facet normal 0 -1 0
    outer loop
      vertex 78 64.3 8.5
      vertex 81.9 64.3 8.5
      vertex 78.12536043909088 64.3 9.612604669781572
    endloop
  endfacet
  facet normal 0 -1 0
    outer loop
      vertex 78.12536043909088 64.3 9.612604669781572
      vertex 81.9 64.3 8.5
      vertex 81.92757929659999 64.3 8.744773027351947
    endloop
  endfacet
  facet normal 0 -1 0
    outer loop
      vertex 84.1 64.3 8.5
      vertex 88 64.3 8.5
      vertex 84.07242070340001 64.3 8.744773027351945
    endloop
  endfacet
  facet normal 0 -1 0
    outer loop
      vertex 84.07242070340001 64.3 8.744773027351945
      vertex 88 64.3 8.5
      vertex 83.99106575469266 64.3 8.977272113029315
    endloop
  endfacet
  facet normal 0 -1 0
    outer loop
      vertex 83.86001463071483 64.3 9.185838782044607
      vertex 83.99106575469266 64.3 8.977272113029315
      vertex 87.87463956090912 64.3 9.61260466978157
    endloop
  endfacet
  facet normal 0 -1 0
    outer loop
      vertex 87.87463956090912 64.3 9.61260466978157
      vertex 83.99106575469266 64.3 8.977272113029315
      vertex 88 64.3 8.5
    endloop
  endfacet
  facet normal 0 -1 0
    outer loop
      vertex 81.92757929659999 64.3 8.744773027351947
      vertex 78.49515566048791 64.3 10.66941869558779
      vertex 78.12536043909088 64.3 9.612604669781572
    endloop
  endfacet
  facet normal 0 -1 0
    outer loop
      vertex 82.00893424530734 64.3 8.977272113029315
      vertex 78.49515566048791 64.3 10.66941869558779
      vertex 81.92757929659999 64.3 8.744773027351947
    endloop
  endfacet
  facet normal 0 -1 0
    outer loop
      vertex 82.00893424530734 64.3 8.977272113029315
      vertex 82.13998536928517 64.3 9.185838782044607
      vertex 78.49515566048791 64.3 10.66941869558779
    endloop
  endfacet
  facet normal 0 -1 0
    outer loop
      vertex 82.13998536928517 64.3 9.185838782044607
      vertex 82.31416121795539 64.3 9.360014630714833
      vertex 78.49515566048791 64.3 10.66941869558779
    endloop
  endfacet
  facet normal 0 -1 0
    outer loop
      vertex 82.31416121795539 64.3 9.360014630714833
      vertex 82.52272788697069 64.3 9.491065754692661
      vertex 78.49515566048791 64.3 10.66941869558779
    endloop
  endfacet
  facet normal 0 -1 0
    outer loop
      vertex 82.52272788697069 64.3 9.491065754692661
      vertex 82.75522697264806 64.3 9.572420703400006
      vertex 78.49515566048791 64.3 10.66941869558779
    endloop
  endfacet
  facet normal 0 -1 0
    outer loop
      vertex 82.75522697264806 64.3 9.572420703400006
      vertex 83 64.3 9.6
      vertex 78.49515566048791 64.3 10.66941869558779
    endloop
  endfacet
  facet normal 0 -1 0
    outer loop
      vertex 83.86001463071483 64.3 9.185838782044607
      vertex 87.87463956090912 64.3 9.61260466978157
      vertex 83.68583878204461 64.3 9.360014630714833
    endloop
  endfacet
  facet normal 0 -1 0
    outer loop
      vertex 83.68583878204461 64.3 9.360014630714833
      vertex 87.87463956090912 64.3 9.61260466978157
      vertex 83.47727211302931 64.3 9.491065754692661
    endloop
  endfacet
  facet normal 0 -1 0
    outer loop
      vertex 83 64.3 9.6
      vertex 83.24477302735194 64.3 9.572420703400006
      vertex 87.87463956090912 64.3 9.61260466978157
    endloop
  endfacet
  facet normal 0 -1 0
    outer loop
      vertex 83.47727211302931 64.3 9.491065754692661
      vertex 87.87463956090912 64.3 9.61260466978157
      vertex 83.24477302735194 64.3 9.572420703400006
    endloop
  endfacet
  facet normal 0 -1 0
    outer loop
      vertex 87.87463956090912 64.3 9.61260466978157
      vertex 78.49515566048791 64.3 10.66941869558779
      vertex 83 64.3 9.6
    endloop
  endfacet
  facet normal 0 1 0
    outer loop
      vertex 78.49515566048791 51.7 10.66941869558779
      vertex 86.90915741234015 51.7 11.617449009293667
      vertex 78.12536043909088 51.7 9.612604669781572
    endloop
  endfacet
  facet normal 0 1 0
    outer loop
      vertex 87.50484433951209 51.7 10.66941869558779
      vertex 78.12536043909088 51.7 9.612604669781572
      vertex 86.90915741234015 51.7 11.617449009293667
    endloop
  endfacet
  facet normal 0 1 0
    outer loop
      vertex 79.09084258765985 51.7 11.617449009293669
      vertex 86.11744900929367 51.7 12.40915741234015
      vertex 78.49515566048791 51.7 10.66941869558779
    endloop
  endfacet
  facet normal 0 1 0
    outer loop
      vertex 86.90915741234015 51.7 11.617449009293667
      vertex 78.49515566048791 51.7 10.66941869558779
      vertex 86.11744900929367 51.7 12.40915741234015
    endloop
  endfacet
  facet normal 0 -1 0
    outer loop
      vertex 78.49515566048791 64.3 10.66941869558779
      vertex 87.87463956090912 64.3 9.61260466978157
      vertex 79.09084258765985 64.3 11.617449009293669
    endloop
  endfacet
  facet normal 0 -1 0
    outer loop
      vertex 87.50484433951209 64.3 10.66941869558779
      vertex 79.09084258765985 64.3 11.617449009293669
      vertex 87.87463956090912 64.3 9.61260466978157
    endloop
  endfacet
  facet normal 0 -1 0
    outer loop
      vertex 79.09084258765985 64.3 11.617449009293669
      vertex 87.50484433951209 64.3 10.66941869558779
      vertex 79.88255099070633 64.3 12.409157412340148
    endloop
  endfacet
  facet normal 0 -1 0
    outer loop
      vertex 86.90915741234015 64.3 11.617449009293667
      vertex 79.88255099070633 64.3 12.409157412340148
      vertex 87.50484433951209 64.3 10.66941869558779
    endloop
  endfacet
  facet normal 0 1 0
    outer loop
      vertex 79.88255099070633 51.7 12.409157412340148
      vertex 85.1694186955878 51.7 13.004844339512095
      vertex 79.09084258765985 51.7 11.617449009293669
    endloop
  endfacet
  facet normal 0 1 0
    outer loop
      vertex 86.11744900929367 51.7 12.40915741234015
      vertex 79.09084258765985 51.7 11.617449009293669
      vertex 85.1694186955878 51.7 13.004844339512095
    endloop
  endfacet
  facet normal 0 1 0
    outer loop
      vertex 80.8305813044122 51.7 13.004844339512095
      vertex 84.11260466978158 51.7 13.374639560909118
      vertex 79.88255099070633 51.7 12.409157412340148
    endloop
  endfacet
  facet normal 0 1 0
    outer loop
      vertex 81.88739533021842 51.7 13.374639560909118
      vertex 83 51.7 13.5
      vertex 80.8305813044122 51.7 13.004844339512095
    endloop
  endfacet
  facet normal 0 1 0
    outer loop
      vertex 80.8305813044122 51.7 13.004844339512095
      vertex 83 51.7 13.5
      vertex 84.11260466978158 51.7 13.374639560909118
    endloop
  endfacet
  facet normal 0 1 0
    outer loop
      vertex 85.1694186955878 51.7 13.004844339512095
      vertex 79.88255099070633 51.7 12.409157412340148
      vertex 84.11260466978158 51.7 13.374639560909118
    endloop
  endfacet
  facet normal 0 -1 0
    outer loop
      vertex 79.88255099070633 64.3 12.409157412340148
      vertex 86.90915741234015 64.3 11.617449009293667
      vertex 80.8305813044122 64.3 13.004844339512095
    endloop
  endfacet
  facet normal 0 -1 0
    outer loop
      vertex 86.11744900929367 64.3 12.40915741234015
      vertex 80.8305813044122 64.3 13.004844339512095
      vertex 86.90915741234015 64.3 11.617449009293667
    endloop
  endfacet
  facet normal 0 -1 0
    outer loop
      vertex 80.8305813044122 64.3 13.004844339512095
      vertex 86.11744900929367 64.3 12.40915741234015
      vertex 81.88739533021842 64.3 13.374639560909118
    endloop
  endfacet
  facet normal 0 -1 0
    outer loop
      vertex 81.88739533021842 64.3 13.374639560909118
      vertex 86.11744900929367 64.3 12.40915741234015
      vertex 85.1694186955878 64.3 13.004844339512095
    endloop
  endfacet
  facet normal 0 -1 0
    outer loop
      vertex 81.88739533021842 64.3 13.374639560909118
      vertex 85.1694186955878 64.3 13.004844339512095
      vertex 83 64.3 13.5
    endloop
  endfacet
  facet normal 0 -1 0
    outer loop
      vertex 84.11260466978158 64.3 13.374639560909118
      vertex 83 64.3 13.5
      vertex 85.1694186955878 64.3 13.004844339512095
    endloop
  endfacet
  facet normal -0.8660254037844395 0 0.4999999999999986
    outer loop
      vertex -53.653589838486226 -6.5 1.4999999999999998
      vertex -53.653589838486226 -5.179925081812357 1.4999999999999998
      vertex -53.91453488033165 -6.5 1.0480299295405362
    endloop
  endfacet
  facet normal 0 1 0
    outer loop
      vertex -53.653589838486226 -6.5 1.4999999999999998
      vertex -53.91453488033165 -6.5 1.0480299295405362
      vertex -53.91453488033165 -6.5 4.47375070092074
    endloop
  endfacet
  facet normal 0 1 0
    outer loop
      vertex -53.653589838486226 -6.5 1.4999999999999998
      vertex -53.91453488033165 -6.5 4.47375070092074
      vertex -52.431154273188014 -6.5 3.6173205080756885
    endloop
  endfacet
  facet normal 0 0 1
    outer loop
      vertex -53.653589838486226 -6.5 1.4999999999999998
      vertex -50.400000000000006 -6.5 1.4999999999999998
      vertex -53.653589838486226 -5.179925081812357 1.4999999999999998
    endloop
  endfacet
  facet normal 0 0 1
    outer loop
      vertex -50.400000000000006 -6.5 1.4999999999999998
      vertex -52.25999999791384 1.869999997317791 1.4999999999999998
      vertex -53.653589838486226 -5.179925081812357 1.4999999999999998
    endloop
  endfacet
  facet normal 0 0 1
    outer loop
      vertex -50.400000000000006 -6.5 1.4999999999999998
      vertex -50.53000000119209 4.200000002980232 1.4999999999999998
      vertex -52.25999999791384 1.869999997317791 1.4999999999999998
    endloop
  endfacet
  facet normal 0 0 1
    outer loop
      vertex -50.400000000000006 -6.5 1.4999999999999998
      vertex -50.400000000000006 4.235645164131272 1.4999999999999998
      vertex -50.53000000119209 4.200000002980232 1.4999999999999998
    endloop
  endfacet
  facet normal 0 1 0
    outer loop
      vertex -53.653589838486226 -6.5 1.4999999999999998
      vertex -50.400000000000006 -6.5 4.5
      vertex -50.400000000000006 -6.5 1.4999999999999998
    endloop
  endfacet
  facet normal 0 1 0
    outer loop
      vertex -53.653589838486226 -6.5 1.4999999999999998
      vertex -52.431154273188014 -6.5 3.6173205080756885
      vertex -50.400000000000006 -6.5 4.5
    endloop
  endfacet
  facet normal -1 0 0
    outer loop
      vertex -50.400000000000006 -6.5 1.4999999999999998
      vertex -50.400000000000006 4.235645164131272 4.5
      vertex -50.400000000000006 4.235645164131272 1.4999999999999998
    endloop
  endfacet
  facet normal 0 1 0
    outer loop
      vertex -52.431154273188014 -6.5 3.6173205080756885
      vertex -53.91453488033165 -6.5 4.47375070092074
      vertex -53.91453488033165 -6.5 4.5
    endloop
  endfacet
  facet normal 0 1 0
    outer loop
      vertex -52.431154273188014 -6.5 3.6173205080756885
      vertex -53.91453488033165 -6.5 4.5
      vertex -50.400000000000006 -6.5 4.5
    endloop
  endfacet
  facet normal -1 0 0
    outer loop
      vertex -50.400000000000006 -6.5 1.4999999999999998
      vertex -50.400000000000006 -6.5 4.5
      vertex -50.400000000000006 4.235645164131272 4.5
    endloop
  endfacet
  facet normal 0.5000000000000003 1.0212982772743539e-18 0.8660254037844384
    outer loop
      vertex -45.94115427318801 -6.5 1.001923788646684
      vertex -47.28999999910593 8.189999997615814 1.7806802316006713
      vertex -47.729999996721745 4.170000001788139 2.0347143486675967
    endloop
  endfacet
  facet normal 0 1 0
    outer loop
      vertex -45.94115427318801 -6.5 1.001923788646684
      vertex -49.05884572681199 -6.5 2.8019237886466843
      vertex -45.653589838486226 -6.5 1.4999999999999998
    endloop
  endfacet
  facet normal 0.5000000000000004 -4.8933406646318854e-18 0.8660254037844384
    outer loop
      vertex -45.94115427318801 -6.5 1.001923788646684
      vertex -47.729999996721745 4.170000001788139 2.0347143486675967
      vertex -49.05884572681199 -6.5 2.8019237886466843
    endloop
  endfacet
  facet normal 0 1 0
    outer loop
      vertex -45.653589838486226 -6.5 1.4999999999999998
      vertex -49.05884572681199 -6.5 2.8019237886466843
      vertex -44.431154273188014 -6.5 3.6173205080756885
    endloop
  endfacet
  facet normal 0.5000000000000004 0 0.8660254037844385
    outer loop
      vertex -49.05884572681199 -6.5 2.8019237886466843
      vertex -47.729999996721745 4.170000001788139 2.0347143486675967
      vertex -49.05884572681199 4.485174947825135 2.8019237886466843
    endloop
  endfacet
  facet normal 0.8660254037844394 0 -0.49999999999999845
    outer loop
      vertex -49.05884572681199 -6.5 2.8019237886466843
      vertex -49.05884572681199 4.485174947825135 2.8019237886466843
      vertex -48.078460969082656 4.252647795789321 4.5
    endloop
  endfacet
  facet normal 0 1 0
    outer loop
      vertex -49.05884572681199 -6.5 2.8019237886466843
      vertex -48.078460969082656 -6.5 4.5
      vertex -44.431154273188014 -6.5 3.6173205080756885
    endloop
  endfacet
  facet normal 0 1 0
    outer loop
      vertex -44.431154273188014 -6.5 3.6173205080756885
      vertex -48.078460969082656 -6.5 4.5
      vertex -45.96 -6.5 4.5
    endloop
  endfacet
  facet normal 0.8660254037844395 2.24952160582523e-18 -0.4999999999999984
    outer loop
      vertex -49.05884572681199 -6.5 2.8019237886466843
      vertex -48.078460969082656 4.252647795789321 4.5
      vertex -48.078460969082656 -6.5 4.5
    endloop
  endfacet
  facet normal -0.8660254037844389 -3.239224720111373e-19 0.4999999999999995
    outer loop
      vertex -45.94115427318801 -6.5 1.001923788646684
      vertex -45.653589838486226 -6.5 1.4999999999999998
      vertex -45.653589838486226 54.5 1.4999999999999998
    endloop
  endfacet
  facet normal 0.5000000000000004 0 0.8660254037844385
    outer loop
      vertex -45.94115427318801 -6.5 1.001923788646684
      vertex -45.94115427318801 54.5 1.001923788646684
      vertex -47.28999999910593 8.189999997615814 1.7806802316006713
    endloop
  endfacet
  facet normal 0.5000000000000004 -1.5488528305015535e-18 0.8660254037844384
    outer loop
      vertex -45.94115427318801 54.5 1.001923788646684
      vertex -47.979999996721745 25.34000000357628 2.1790519159650032
      vertex -47.28999999910593 8.189999997615814 1.7806802316006713
    endloop
  endfacet
  facet normal -0.8660254037844389 0 0.4999999999999995
    outer loop
      vertex -45.94115427318801 -6.5 1.001923788646684
      vertex -45.653589838486226 54.5 1.4999999999999998
      vertex -45.94115427318801 54.5 1.001923788646684
    endloop
  endfacet
  facet normal 0.5000000000000008 -2.92997553501879e-17 0.8660254037844384
    outer loop
      vertex -45.94115427318801 54.5 1.001923788646684
      vertex -47.96672735497629 54.5 2.17138895268041
      vertex -47.979999996721745 25.34000000357628 2.1790519159650032
    endloop
  endfacet
  facet normal 0 -1 0
    outer loop
      vertex -45.94115427318801 54.5 1.001923788646684
      vertex -45.653589838486226 54.5 1.4999999999999998
      vertex -47.96672735497629 54.5 2.17138895268041
    endloop
  endfacet
  facet normal 0 -1 0
    outer loop
      vertex -45.653589838486226 54.5 1.4999999999999998
      vertex -47.96672735497629 54.5 4.5
      vertex -47.96672735497629 54.5 2.17138895268041
    endloop
  endfacet
  facet normal 0 -1 0
    outer loop
      vertex -45.653589838486226 54.5 1.4999999999999998
      vertex -44.431154273188014 54.5 3.6173205080756885
      vertex -47.96672735497629 54.5 4.5
    endloop
  endfacet
  facet normal 0 -1 0
    outer loop
      vertex -44.431154273188014 54.5 3.6173205080756885
      vertex -45.96 54.5 4.5
      vertex -47.96672735497629 54.5 4.5
    endloop
  endfacet
  facet normal 0 1 0
    outer loop
      vertex -45.653589838486226 -6.5 1.4999999999999998
      vertex -42.400000000000006 -6.5 4.5
      vertex -42.400000000000006 -6.5 1.4999999999999998
    endloop
  endfacet
  facet normal 0 1 0
    outer loop
      vertex -45.653589838486226 -6.5 1.4999999999999998
      vertex -44.431154273188014 -6.5 3.6173205080756885
      vertex -42.400000000000006 -6.5 4.5
    endloop
  endfacet
  facet normal 0 1 0
    outer loop
      vertex -44.431154273188014 -6.5 3.6173205080756885
      vertex -45.96 -6.5 4.5
      vertex -42.400000000000006 -6.5 4.5
    endloop
  endfacet
  facet normal 0 0 1
    outer loop
      vertex -45.653589838486226 -6.5 1.4999999999999998
      vertex -42.400000000000006 -6.5 1.4999999999999998
      vertex -45.653589838486226 54.5 1.4999999999999998
    endloop
  endfacet
  facet normal -1 0 0
    outer loop
      vertex -42.400000000000006 -6.5 1.4999999999999998
      vertex -42.400000000000006 -6.5 4.5
      vertex -42.400000000000006 54.5 1.4999999999999998
    endloop
  endfacet
  facet normal 0 0 1
    outer loop
      vertex -42.400000000000006 -6.5 1.4999999999999998
      vertex -42.400000000000006 54.5 1.4999999999999998
      vertex -45.653589838486226 54.5 1.4999999999999998
    endloop
  endfacet
  facet normal -1 0 0
    outer loop
      vertex -42.400000000000006 -6.5 4.5
      vertex -42.400000000000006 54.5 4.5
      vertex -42.400000000000006 54.5 1.4999999999999998
    endloop
  endfacet
  facet normal 0 -1 0
    outer loop
      vertex -45.653589838486226 54.5 1.4999999999999998
      vertex -42.400000000000006 54.5 1.4999999999999998
      vertex -44.431154273188014 54.5 3.6173205080756885
    endloop
  endfacet
  facet normal 0 -1 0
    outer loop
      vertex -42.400000000000006 54.5 1.4999999999999998
      vertex -42.400000000000006 54.5 4.5
      vertex -44.431154273188014 54.5 3.6173205080756885
    endloop
  endfacet
  facet normal 0 -1 0
    outer loop
      vertex -44.431154273188014 54.5 3.6173205080756885
      vertex -42.400000000000006 54.5 4.5
      vertex -45.96 54.5 4.5
    endloop
  endfacet
  facet normal 0 1 0
    outer loop
      vertex -37.94115427318801 -6.5 1.001923788646684
      vertex -41.05884572681199 -6.5 2.8019237886466843
      vertex -37.653589838486226 -6.5 1.4999999999999998
    endloop
  endfacet
  facet normal 0 1 0
    outer loop
      vertex -37.653589838486226 -6.5 1.4999999999999998
      vertex -41.05884572681199 -6.5 2.8019237886466843
      vertex -36.431154273188014 -6.5 3.6173205080756885
    endloop
  endfacet
  facet normal 0 1 0
    outer loop
      vertex -41.05884572681199 -6.5 2.8019237886466843
      vertex -40.078460969082656 -6.5 4.5
      vertex -36.431154273188014 -6.5 3.6173205080756885
    endloop
  endfacet
  facet normal 0 1 0
    outer loop
      vertex -36.431154273188014 -6.5 3.6173205080756885
      vertex -40.078460969082656 -6.5 4.5
      vertex -37.96 -6.5 4.5
    endloop
  endfacet
  facet normal -0.8660254037844389 -3.239224720111373e-19 0.4999999999999995
    outer loop
      vertex -37.94115427318801 -6.5 1.001923788646684
      vertex -37.653589838486226 -6.5 1.4999999999999998
      vertex -37.653589838486226 54.5 1.4999999999999998
    endloop
  endfacet
  facet normal 0.5000000000000003 0 0.8660254037844384
    outer loop
      vertex -37.94115427318801 -6.5 1.001923788646684
      vertex -37.94115427318801 54.5 1.001923788646684
      vertex -41.05884572681199 -6.5 2.8019237886466843
    endloop
  endfacet
  facet normal -0.8660254037844389 0 0.4999999999999995
    outer loop
      vertex -37.94115427318801 -6.5 1.001923788646684
      vertex -37.653589838486226 54.5 1.4999999999999998
      vertex -37.94115427318801 54.5 1.001923788646684
    endloop
  endfacet
  facet normal 0.5000000000000003 0 0.8660254037844384
    outer loop
      vertex -41.05884572681199 -6.5 2.8019237886466843
      vertex -37.94115427318801 54.5 1.001923788646684
      vertex -41.05884572681199 54.5 2.8019237886466843
    endloop
  endfacet
  facet normal 0.8660254037844395 0 -0.4999999999999984
    outer loop
      vertex -41.05884572681199 -6.5 2.8019237886466843
      vertex -41.05884572681199 54.5 2.8019237886466843
      vertex -40.078460969082656 54.5 4.5
    endloop
  endfacet
  facet normal 0.8660254037844395 3.9652973010585433e-19 -0.4999999999999984
    outer loop
      vertex -41.05884572681199 -6.5 2.8019237886466843
      vertex -40.078460969082656 54.5 4.5
      vertex -40.078460969082656 -6.5 4.5
    endloop
  endfacet
  facet normal 0 -1 0
    outer loop
      vertex -37.94115427318801 54.5 1.001923788646684
      vertex -37.653589838486226 54.5 1.4999999999999998
      vertex -41.05884572681199 54.5 2.8019237886466843
    endloop
  endfacet
  facet normal 0 -1 0
    outer loop
      vertex -37.653589838486226 54.5 1.4999999999999998
      vertex -36.431154273188014 54.5 3.6173205080756885
      vertex -41.05884572681199 54.5 2.8019237886466843
    endloop
  endfacet
  facet normal 0 -1 0
    outer loop
      vertex -41.05884572681199 54.5 2.8019237886466843
      vertex -36.431154273188014 54.5 3.6173205080756885
      vertex -37.96 54.5 4.5
    endloop
  endfacet
  facet normal 0 -1 0
    outer loop
      vertex -41.05884572681199 54.5 2.8019237886466843
      vertex -37.96 54.5 4.5
      vertex -40.078460969082656 54.5 4.5
    endloop
  endfacet
  facet normal 0 1 0
    outer loop
      vertex -37.653589838486226 -6.5 1.4999999999999998
      vertex -34.400000000000006 -6.5 4.5
      vertex -34.400000000000006 -6.5 1.4999999999999998
    endloop
  endfacet
  facet normal 0 1 0
    outer loop
      vertex -37.653589838486226 -6.5 1.4999999999999998
      vertex -36.431154273188014 -6.5 3.6173205080756885
      vertex -34.400000000000006 -6.5 4.5
    endloop
  endfacet
  facet normal 0 1 0
    outer loop
      vertex -36.431154273188014 -6.5 3.6173205080756885
      vertex -37.96 -6.5 4.5
      vertex -34.400000000000006 -6.5 4.5
    endloop
  endfacet
  facet normal 0 0 1
    outer loop
      vertex -37.653589838486226 -6.5 1.4999999999999998
      vertex -34.400000000000006 -6.5 1.4999999999999998
      vertex -37.653589838486226 54.5 1.4999999999999998
    endloop
  endfacet
  facet normal 0 0 1
    outer loop
      vertex -34.400000000000006 -6.5 1.4999999999999998
      vertex -34.400000000000006 54.5 1.4999999999999998
      vertex -37.653589838486226 54.5 1.4999999999999998
    endloop
  endfacet
  facet normal 0 -1 0
    outer loop
      vertex -37.653589838486226 54.5 1.4999999999999998
      vertex -34.400000000000006 54.5 1.4999999999999998
      vertex -36.431154273188014 54.5 3.6173205080756885
    endloop
  endfacet
  facet normal 0 -1 0
    outer loop
      vertex -34.400000000000006 54.5 1.4999999999999998
      vertex -34.400000000000006 54.5 4.5
      vertex -36.431154273188014 54.5 3.6173205080756885
    endloop
  endfacet
  facet normal 0 -1 0
    outer loop
      vertex -36.431154273188014 54.5 3.6173205080756885
      vertex -34.400000000000006 54.5 4.5
      vertex -37.96 54.5 4.5
    endloop
  endfacet
  facet normal -1 0 0
    outer loop
      vertex -34.400000000000006 -6.5 1.4999999999999998
      vertex -34.400000000000006 -6.5 4.5
      vertex -34.400000000000006 54.5 1.4999999999999998
    endloop
  endfacet
  facet normal -1 0 0
    outer loop
      vertex -34.400000000000006 -6.5 4.5
      vertex -34.400000000000006 54.5 4.5
      vertex -34.400000000000006 54.5 1.4999999999999998
    endloop
  endfacet
  facet normal 0 1 0
    outer loop
      vertex -33.05884572681199 -6.5 2.8019237886466843
      vertex -29.653589838486226 -6.5 1.4999999999999998
      vertex -29.941154273188012 -6.5 1.001923788646684
    endloop
  endfacet
  facet normal 0 1 0
    outer loop
      vertex -33.05884572681199 -6.5 2.8019237886466843
      vertex -28.43115427318801 -6.5 3.6173205080756885
      vertex -29.653589838486226 -6.5 1.4999999999999998
    endloop
  endfacet
  facet normal 0 1 0
    outer loop
      vertex -33.05884572681199 -6.5 2.8019237886466843
      vertex -32.078460969082656 -6.5 4.5
      vertex -28.43115427318801 -6.5 3.6173205080756885
    endloop
  endfacet
  facet normal 0 1 0
    outer loop
      vertex -32.078460969082656 -6.5 4.5
      vertex -29.96 -6.5 4.5
      vertex -28.43115427318801 -6.5 3.6173205080756885
    endloop
  endfacet
  facet normal 0.5000000000000003 2.6165090702379957e-19 0.8660254037844384
    outer loop
      vertex -33.05884572681199 -6.5 2.8019237886466843
      vertex -29.941154273188012 -6.5 1.001923788646684
      vertex -29.941154273188012 54.5 1.001923788646684
    endloop
  endfacet
  facet normal -0.8660254037844389 -3.239224720111373e-19 0.4999999999999995
    outer loop
      vertex -29.941154273188012 -6.5 1.001923788646684
      vertex -29.653589838486226 -6.5 1.4999999999999998
      vertex -29.653589838486226 54.5 1.4999999999999998
    endloop
  endfacet
  facet normal -0.8660254037844389 0 0.4999999999999995
    outer loop
      vertex -29.941154273188012 -6.5 1.001923788646684
      vertex -29.653589838486226 54.5 1.4999999999999998
      vertex -29.941154273188012 54.5 1.001923788646684
    endloop
  endfacet
  facet normal 0.5000000000000003 0 0.8660254037844384
    outer loop
      vertex -33.05884572681199 -6.5 2.8019237886466843
      vertex -29.941154273188012 54.5 1.001923788646684
      vertex -33.05884572681199 54.5 2.8019237886466843
    endloop
  endfacet
  facet normal 0.8660254037844395 0 -0.4999999999999984
    outer loop
      vertex -33.05884572681199 -6.5 2.8019237886466843
      vertex -33.05884572681199 54.5 2.8019237886466843
      vertex -32.078460969082656 54.5 4.5
    endloop
  endfacet
  facet normal 0.8660254037844395 3.9652973010585433e-19 -0.4999999999999984
    outer loop
      vertex -33.05884572681199 -6.5 2.8019237886466843
      vertex -32.078460969082656 54.5 4.5
      vertex -32.078460969082656 -6.5 4.5
    endloop
  endfacet
  facet normal 0 -1 0
    outer loop
      vertex -33.05884572681199 54.5 2.8019237886466843
      vertex -29.941154273188012 54.5 1.001923788646684
      vertex -29.653589838486226 54.5 1.4999999999999998
    endloop
  endfacet
  facet normal 0 -1 0
    outer loop
      vertex -33.05884572681199 54.5 2.8019237886466843
      vertex -29.653589838486226 54.5 1.4999999999999998
      vertex -28.43115427318801 54.5 3.6173205080756885
    endloop
  endfacet
  facet normal 0 -1 0
    outer loop
      vertex -33.05884572681199 54.5 2.8019237886466843
      vertex -28.43115427318801 54.5 3.6173205080756885
      vertex -29.96 54.5 4.5
    endloop
  endfacet
  facet normal 0 -1 0
    outer loop
      vertex -33.05884572681199 54.5 2.8019237886466843
      vertex -29.96 54.5 4.5
      vertex -32.078460969082656 54.5 4.5
    endloop
  endfacet
  facet normal 0 1 0
    outer loop
      vertex -29.653589838486226 -6.5 1.4999999999999998
      vertex -26.4 -6.5 4.5
      vertex -26.4 -6.5 1.4999999999999998
    endloop
  endfacet
  facet normal 0 1 0
    outer loop
      vertex -29.653589838486226 -6.5 1.4999999999999998
      vertex -28.43115427318801 -6.5 3.6173205080756885
      vertex -26.4 -6.5 4.5
    endloop
  endfacet
  facet normal 0 1 0
    outer loop
      vertex -28.43115427318801 -6.5 3.6173205080756885
      vertex -29.96 -6.5 4.5
      vertex -26.4 -6.5 4.5
    endloop
  endfacet
  facet normal 0 0 1
    outer loop
      vertex -29.653589838486226 -6.5 1.4999999999999998
      vertex -26.4 -6.5 1.4999999999999998
      vertex -29.653589838486226 54.5 1.4999999999999998
    endloop
  endfacet
  facet normal -1 0 0
    outer loop
      vertex -26.4 -6.5 1.4999999999999998
      vertex -26.4 -6.5 4.5
      vertex -26.4 54.5 1.4999999999999998
    endloop
  endfacet
  facet normal 0 0 1
    outer loop
      vertex -26.4 -6.5 1.4999999999999998
      vertex -26.4 54.5 1.4999999999999998
      vertex -29.653589838486226 54.5 1.4999999999999998
    endloop
  endfacet
  facet normal -1 0 0
    outer loop
      vertex -26.4 -6.5 4.5
      vertex -26.4 54.5 4.5
      vertex -26.4 54.5 1.4999999999999998
    endloop
  endfacet
  facet normal 0 -1 0
    outer loop
      vertex -29.653589838486226 54.5 1.4999999999999998
      vertex -26.4 54.5 1.4999999999999998
      vertex -28.43115427318801 54.5 3.6173205080756885
    endloop
  endfacet
  facet normal 0 -1 0
    outer loop
      vertex -26.4 54.5 1.4999999999999998
      vertex -26.4 54.5 4.5
      vertex -28.43115427318801 54.5 3.6173205080756885
    endloop
  endfacet
  facet normal 0 -1 0
    outer loop
      vertex -28.43115427318801 54.5 3.6173205080756885
      vertex -26.4 54.5 4.5
      vertex -29.96 54.5 4.5
    endloop
  endfacet
  facet normal 0 1 0
    outer loop
      vertex -21.941154273188012 -6.5 1.001923788646684
      vertex -25.058845726811988 -6.5 2.8019237886466843
      vertex -21.653589838486226 -6.5 1.4999999999999998
    endloop
  endfacet
  facet normal 0 1 0
    outer loop
      vertex -21.653589838486226 -6.5 1.4999999999999998
      vertex -25.058845726811988 -6.5 2.8019237886466843
      vertex -20.43115427318801 -6.5 3.6173205080756885
    endloop
  endfacet
  facet normal 0 1 0
    outer loop
      vertex -25.058845726811988 -6.5 2.8019237886466843
      vertex -24.078460969082652 -6.5 4.5
      vertex -20.43115427318801 -6.5 3.6173205080756885
    endloop
  endfacet
  facet normal 0 1 0
    outer loop
      vertex -20.43115427318801 -6.5 3.6173205080756885
      vertex -24.078460969082652 -6.5 4.5
      vertex -21.96 -6.5 4.5
    endloop
  endfacet
  facet normal 0.5000000000000003 0 0.8660254037844384
    outer loop
      vertex -21.941154273188012 -6.5 1.001923788646684
      vertex -21.941154273188012 54.5 1.001923788646684
      vertex -25.058845726811988 -6.5 2.8019237886466843
    endloop
  endfacet
  facet normal -0.8660254037844389 -3.239224720111373e-19 0.4999999999999995
    outer loop
      vertex -21.941154273188012 -6.5 1.001923788646684
      vertex -21.653589838486226 -6.5 1.4999999999999998
      vertex -21.653589838486226 54.5 1.4999999999999998
    endloop
  endfacet
  facet normal -0.8660254037844389 0 0.4999999999999995
    outer loop
      vertex -21.941154273188012 -6.5 1.001923788646684
      vertex -21.653589838486226 54.5 1.4999999999999998
      vertex -21.941154273188012 54.5 1.001923788646684
    endloop
  endfacet
  facet normal 0.5000000000000003 0 0.8660254037844384
    outer loop
      vertex -25.058845726811988 -6.5 2.8019237886466843
      vertex -21.941154273188012 54.5 1.001923788646684
      vertex -25.058845726811988 54.5 2.8019237886466843
    endloop
  endfacet
  facet normal 0.8660254037844387 0 -0.4999999999999998
    outer loop
      vertex -25.058845726811988 -6.5 2.8019237886466843
      vertex -25.058845726811988 54.5 2.8019237886466843
      vertex -24.078460969082652 54.5 4.5
    endloop
  endfacet
  facet normal 0.8660254037844387 7.106774760949146e-19 -0.4999999999999998
    outer loop
      vertex -25.058845726811988 -6.5 2.8019237886466843
      vertex -24.078460969082652 54.5 4.5
      vertex -24.078460969082652 -6.5 4.5
    endloop
  endfacet
  facet normal 0 -1 0
    outer loop
      vertex -21.941154273188012 54.5 1.001923788646684
      vertex -21.653589838486226 54.5 1.4999999999999998
      vertex -25.058845726811988 54.5 2.8019237886466843
    endloop
  endfacet
  facet normal 0 -1 0
    outer loop
      vertex -21.653589838486226 54.5 1.4999999999999998
      vertex -20.43115427318801 54.5 3.6173205080756885
      vertex -25.058845726811988 54.5 2.8019237886466843
    endloop
  endfacet
  facet normal 0 -1 0
    outer loop
      vertex -25.058845726811988 54.5 2.8019237886466843
      vertex -20.43115427318801 54.5 3.6173205080756885
      vertex -21.96 54.5 4.5
    endloop
  endfacet
  facet normal 0 -1 0
    outer loop
      vertex -25.058845726811988 54.5 2.8019237886466843
      vertex -21.96 54.5 4.5
      vertex -24.078460969082652 54.5 4.5
    endloop
  endfacet
  facet normal 0 1 0
    outer loop
      vertex -21.653589838486226 -6.5 1.4999999999999998
      vertex -18.4 -6.5 4.5
      vertex -18.4 -6.5 1.4999999999999998
    endloop
  endfacet
  facet normal 0 1 0
    outer loop
      vertex -21.653589838486226 -6.5 1.4999999999999998
      vertex -20.43115427318801 -6.5 3.6173205080756885
      vertex -18.4 -6.5 4.5
    endloop
  endfacet
  facet normal 0 1 0
    outer loop
      vertex -20.43115427318801 -6.5 3.6173205080756885
      vertex -21.96 -6.5 4.5
      vertex -18.4 -6.5 4.5
    endloop
  endfacet
  facet normal 0 0 1
    outer loop
      vertex -21.653589838486226 -6.5 1.4999999999999998
      vertex -18.4 -6.5 1.4999999999999998
      vertex -21.653589838486226 54.5 1.4999999999999998
    endloop
  endfacet
  facet normal -1 0 0
    outer loop
      vertex -18.4 -6.5 1.4999999999999998
      vertex -18.4 -6.5 4.5
      vertex -18.4 54.5 1.4999999999999998
    endloop
  endfacet
  facet normal 0 0 1
    outer loop
      vertex -18.4 -6.5 1.4999999999999998
      vertex -18.4 54.5 1.4999999999999998
      vertex -21.653589838486226 54.5 1.4999999999999998
    endloop
  endfacet
  facet normal -1 0 0
    outer loop
      vertex -18.4 -6.5 4.5
      vertex -18.4 54.5 4.5
      vertex -18.4 54.5 1.4999999999999998
    endloop
  endfacet
  facet normal 0 -1 0
    outer loop
      vertex -21.653589838486226 54.5 1.4999999999999998
      vertex -18.4 54.5 1.4999999999999998
      vertex -20.43115427318801 54.5 3.6173205080756885
    endloop
  endfacet
  facet normal 0 -1 0
    outer loop
      vertex -18.4 54.5 1.4999999999999998
      vertex -18.4 54.5 4.5
      vertex -20.43115427318801 54.5 3.6173205080756885
    endloop
  endfacet
  facet normal 0 -1 0
    outer loop
      vertex -20.43115427318801 54.5 3.6173205080756885
      vertex -18.4 54.5 4.5
      vertex -21.96 54.5 4.5
    endloop
  endfacet
  facet normal 0 1 0
    outer loop
      vertex -13.94115427318801 -6.5 1.001923788646684
      vertex -17.058845726811988 -6.5 2.8019237886466843
      vertex -13.653589838486225 -6.5 1.4999999999999998
    endloop
  endfacet
  facet normal 0 1 0
    outer loop
      vertex -13.653589838486225 -6.5 1.4999999999999998
      vertex -17.058845726811988 -6.5 2.8019237886466843
      vertex -12.43115427318801 -6.5 3.6173205080756885
    endloop
  endfacet
  facet normal 0 1 0
    outer loop
      vertex -17.058845726811988 -6.5 2.8019237886466843
      vertex -16.078460969082652 -6.5 4.5
      vertex -12.43115427318801 -6.5 3.6173205080756885
    endloop
  endfacet
  facet normal 0 1 0
    outer loop
      vertex -12.43115427318801 -6.5 3.6173205080756885
      vertex -16.078460969082652 -6.5 4.5
      vertex -13.96 -6.5 4.5
    endloop
  endfacet
  facet normal 0.5000000000000002 0 0.8660254037844386
    outer loop
      vertex -13.94115427318801 -6.5 1.001923788646684
      vertex -13.94115427318801 54.5 1.001923788646684
      vertex -17.058845726811988 -6.5 2.8019237886466843
    endloop
  endfacet
  facet normal 0.5000000000000002 0 0.8660254037844386
    outer loop
      vertex -17.058845726811988 -6.5 2.8019237886466843
      vertex -13.94115427318801 54.5 1.001923788646684
      vertex -17.058845726811988 54.5 2.8019237886466843
    endloop
  endfacet
  facet normal 0.8660254037844387 0 -0.4999999999999998
    outer loop
      vertex -17.058845726811988 -6.5 2.8019237886466843
      vertex -17.058845726811988 54.5 2.8019237886466843
      vertex -16.078460969082652 54.5 4.5
    endloop
  endfacet
  facet normal -0.8660254037844389 -3.239224720111373e-19 0.4999999999999995
    outer loop
      vertex -13.94115427318801 -6.5 1.001923788646684
      vertex -13.653589838486225 -6.5 1.4999999999999998
      vertex -13.653589838486225 54.5 1.4999999999999998
    endloop
  endfacet
  facet normal -0.8660254037844389 0 0.4999999999999995
    outer loop
      vertex -13.94115427318801 -6.5 1.001923788646684
      vertex -13.653589838486225 54.5 1.4999999999999998
      vertex -13.94115427318801 54.5 1.001923788646684
    endloop
  endfacet
  facet normal 0.8660254037844387 7.106774760949146e-19 -0.4999999999999998
    outer loop
      vertex -17.058845726811988 -6.5 2.8019237886466843
      vertex -16.078460969082652 54.5 4.5
      vertex -16.078460969082652 -6.5 4.5
    endloop
  endfacet
  facet normal 0 -1 0
    outer loop
      vertex -13.94115427318801 54.5 1.001923788646684
      vertex -13.653589838486225 54.5 1.4999999999999998
      vertex -17.058845726811988 54.5 2.8019237886466843
    endloop
  endfacet
  facet normal 0 -1 0
    outer loop
      vertex -13.653589838486225 54.5 1.4999999999999998
      vertex -12.43115427318801 54.5 3.6173205080756885
      vertex -17.058845726811988 54.5 2.8019237886466843
    endloop
  endfacet
  facet normal 0 -1 0
    outer loop
      vertex -17.058845726811988 54.5 2.8019237886466843
      vertex -13.96 54.5 4.5
      vertex -16.078460969082652 54.5 4.5
    endloop
  endfacet
  facet normal 0 -1 0
    outer loop
      vertex -17.058845726811988 54.5 2.8019237886466843
      vertex -12.43115427318801 54.5 3.6173205080756885
      vertex -13.96 54.5 4.5
    endloop
  endfacet
  facet normal 0 1 0
    outer loop
      vertex -13.653589838486225 -6.5 1.4999999999999998
      vertex -10.399999999999999 -6.5 4.5
      vertex -10.399999999999999 -6.5 1.4999999999999998
    endloop
  endfacet
  facet normal 0 1 0
    outer loop
      vertex -13.653589838486225 -6.5 1.4999999999999998
      vertex -12.43115427318801 -6.5 3.6173205080756885
      vertex -10.399999999999999 -6.5 4.5
    endloop
  endfacet
  facet normal 0 1 0
    outer loop
      vertex -12.43115427318801 -6.5 3.6173205080756885
      vertex -13.96 -6.5 4.5
      vertex -10.399999999999999 -6.5 4.5
    endloop
  endfacet
  facet normal 0 0 1
    outer loop
      vertex -13.653589838486225 -6.5 1.4999999999999998
      vertex -10.399999999999999 -6.5 1.4999999999999998
      vertex -13.653589838486225 54.5 1.4999999999999998
    endloop
  endfacet
  facet normal -1 0 0
    outer loop
      vertex -10.399999999999999 -6.5 1.4999999999999998
      vertex -10.399999999999999 -6.5 4.5
      vertex -10.399999999999999 54.5 1.4999999999999998
    endloop
  endfacet
  facet normal 0 0 1
    outer loop
      vertex -10.399999999999999 -6.5 1.4999999999999998
      vertex -10.399999999999999 54.5 1.4999999999999998
      vertex -13.653589838486225 54.5 1.4999999999999998
    endloop
  endfacet
  facet normal -1 0 0
    outer loop
      vertex -10.399999999999999 -6.5 4.5
      vertex -10.399999999999999 54.5 4.5
      vertex -10.399999999999999 54.5 1.4999999999999998
    endloop
  endfacet
  facet normal 0 -1 0
    outer loop
      vertex -13.653589838486225 54.5 1.4999999999999998
      vertex -10.399999999999999 54.5 1.4999999999999998
      vertex -12.43115427318801 54.5 3.6173205080756885
    endloop
  endfacet
  facet normal 0 -1 0
    outer loop
      vertex -12.43115427318801 54.5 3.6173205080756885
      vertex -10.399999999999999 54.5 1.4999999999999998
      vertex -10.399999999999999 54.5 4.5
    endloop
  endfacet
  facet normal 0 -1 0
    outer loop
      vertex -12.43115427318801 54.5 3.6173205080756885
      vertex -10.399999999999999 54.5 4.5
      vertex -13.96 54.5 4.5
    endloop
  endfacet
  facet normal 0 1 0
    outer loop
      vertex -5.94115427318801 -6.5 1.001923788646684
      vertex -9.05884572681199 -6.5 2.8019237886466843
      vertex -5.653589838486225 -6.5 1.4999999999999998
    endloop
  endfacet
  facet normal 0 1 0
    outer loop
      vertex -5.653589838486225 -6.5 1.4999999999999998
      vertex -9.05884572681199 -6.5 2.8019237886466843
      vertex -4.43115427318801 -6.5 3.6173205080756885
    endloop
  endfacet
  facet normal 0 1 0
    outer loop
      vertex -9.05884572681199 -6.5 2.8019237886466843
      vertex -8.078460969082652 -6.5 4.5
      vertex -4.43115427318801 -6.5 3.6173205080756885
    endloop
  endfacet
  facet normal 0 1 0
    outer loop
      vertex -4.43115427318801 -6.5 3.6173205080756885
      vertex -8.078460969082652 -6.5 4.5
      vertex -5.960000000000001 -6.5 4.5
    endloop
  endfacet
  facet normal 0.49999999999999994 0 0.8660254037844386
    outer loop
      vertex -5.94115427318801 -6.5 1.001923788646684
      vertex -5.94115427318801 54.5 1.001923788646684
      vertex -9.05884572681199 -6.5 2.8019237886466843
    endloop
  endfacet
  facet normal -0.8660254037844389 -3.239224720111373e-19 0.4999999999999995
    outer loop
      vertex -5.94115427318801 -6.5 1.001923788646684
      vertex -5.653589838486225 -6.5 1.4999999999999998
      vertex -5.653589838486225 54.5 1.4999999999999998
    endloop
  endfacet
  facet normal -0.8660254037844389 0 0.4999999999999995
    outer loop
      vertex -5.94115427318801 -6.5 1.001923788646684
      vertex -5.653589838486225 54.5 1.4999999999999998
      vertex -5.94115427318801 54.5 1.001923788646684
    endloop
  endfacet
  facet normal 0.49999999999999994 0 0.8660254037844386
    outer loop
      vertex -9.05884572681199 -6.5 2.8019237886466843
      vertex -5.94115427318801 54.5 1.001923788646684
      vertex -9.05884572681199 54.5 2.8019237886466843
    endloop
  endfacet
  facet normal 0.8660254037844384 0 -0.5000000000000004
    outer loop
      vertex -9.05884572681199 -6.5 2.8019237886466843
      vertex -9.05884572681199 54.5 2.8019237886466843
      vertex -8.078460969082652 54.5 4.5
    endloop
  endfacet
  facet normal 0.8660254037844384 -6.047490643829331e-20 -0.5000000000000004
    outer loop
      vertex -9.05884572681199 -6.5 2.8019237886466843
      vertex -8.078460969082652 54.5 4.5
      vertex -8.078460969082652 -6.5 4.5
    endloop
  endfacet
  facet normal 0 -1 0
    outer loop
      vertex -5.94115427318801 54.5 1.001923788646684
      vertex -5.653589838486225 54.5 1.4999999999999998
      vertex -9.05884572681199 54.5 2.8019237886466843
    endloop
  endfacet
  facet normal 0 -1 0
    outer loop
      vertex -5.653589838486225 54.5 1.4999999999999998
      vertex -4.43115427318801 54.5 3.6173205080756885
      vertex -9.05884572681199 54.5 2.8019237886466843
    endloop
  endfacet
  facet normal 0 -1 0
    outer loop
      vertex -9.05884572681199 54.5 2.8019237886466843
      vertex -4.43115427318801 54.5 3.6173205080756885
      vertex -5.960000000000001 54.5 4.5
    endloop
  endfacet
  facet normal 0 -1 0
    outer loop
      vertex -9.05884572681199 54.5 2.8019237886466843
      vertex -5.960000000000001 54.5 4.5
      vertex -8.078460969082652 54.5 4.5
    endloop
  endfacet
  facet normal 0 1 0
    outer loop
      vertex -5.653589838486225 -6.5 1.4999999999999998
      vertex -2.4000000000000004 -6.5 4.5
      vertex -2.4000000000000004 -6.5 1.4999999999999998
    endloop
  endfacet
  facet normal 0 1 0
    outer loop
      vertex -5.653589838486225 -6.5 1.4999999999999998
      vertex -4.43115427318801 -6.5 3.6173205080756885
      vertex -2.4000000000000004 -6.5 4.5
    endloop
  endfacet
  facet normal 0 1 0
    outer loop
      vertex -4.43115427318801 -6.5 3.6173205080756885
      vertex -5.960000000000001 -6.5 4.5
      vertex -2.4000000000000004 -6.5 4.5
    endloop
  endfacet
  facet normal 0 0 1
    outer loop
      vertex -5.653589838486225 -6.5 1.4999999999999998
      vertex -2.4000000000000004 -6.5 1.4999999999999998
      vertex -5.653589838486225 54.5 1.4999999999999998
    endloop
  endfacet
  facet normal -1 0 0
    outer loop
      vertex -2.4000000000000004 -6.5 1.4999999999999998
      vertex -2.4000000000000004 -6.5 4.5
      vertex -2.4000000000000004 54.5 1.4999999999999998
    endloop
  endfacet
  facet normal 0 0 1
    outer loop
      vertex -2.4000000000000004 -6.5 1.4999999999999998
      vertex -2.4000000000000004 54.5 1.4999999999999998
      vertex -5.653589838486225 54.5 1.4999999999999998
    endloop
  endfacet
  facet normal -1 0 0
    outer loop
      vertex -2.4000000000000004 -6.5 4.5
      vertex -2.4000000000000004 54.5 4.5
      vertex -2.4000000000000004 54.5 1.4999999999999998
    endloop
  endfacet
  facet normal 0 -1 0
    outer loop
      vertex -5.653589838486225 54.5 1.4999999999999998
      vertex -2.4000000000000004 54.5 1.4999999999999998
      vertex -4.43115427318801 54.5 3.6173205080756885
    endloop
  endfacet
  facet normal 0 -1 0
    outer loop
      vertex -2.4000000000000004 54.5 1.4999999999999998
      vertex -2.4000000000000004 54.5 4.5
      vertex -4.43115427318801 54.5 3.6173205080756885
    endloop
  endfacet
  facet normal 0 -1 0
    outer loop
      vertex -4.43115427318801 54.5 3.6173205080756885
      vertex -2.4000000000000004 54.5 4.5
      vertex -5.960000000000001 54.5 4.5
    endloop
  endfacet
  facet normal 0 1 0
    outer loop
      vertex 2.0588457268119895 -6.5 1.001923788646684
      vertex -1.0588457268119895 -6.5 2.8019237886466843
      vertex 2.3464101615137753 -6.5 1.4999999999999998
    endloop
  endfacet
  facet normal 0 1 0
    outer loop
      vertex 2.3464101615137753 -6.5 1.4999999999999998
      vertex -1.0588457268119895 -6.5 2.8019237886466843
      vertex 3.5688457268119897 -6.5 3.6173205080756885
    endloop
  endfacet
  facet normal 0 1 0
    outer loop
      vertex -1.0588457268119895 -6.5 2.8019237886466843
      vertex -0.07846096908265254 -6.5 4.5
      vertex 3.5688457268119897 -6.5 3.6173205080756885
    endloop
  endfacet
  facet normal 0 1 0
    outer loop
      vertex 3.5688457268119897 -6.5 3.6173205080756885
      vertex -0.07846096908265254 -6.5 4.5
      vertex 2.039999999999999 -6.5 4.5
    endloop
  endfacet
  facet normal -0.8660254037844385 -3.482743565169616e-19 0.5000000000000001
    outer loop
      vertex 2.0588457268119895 -6.5 1.001923788646684
      vertex 2.3464101615137753 -6.5 1.4999999999999998
      vertex 2.3464101615137753 54.5 1.4999999999999998
    endloop
  endfacet
  facet normal 0.5000000000000001 0 0.8660254037844386
    outer loop
      vertex 2.0588457268119895 -6.5 1.001923788646684
      vertex 2.0588457268119895 54.5 1.001923788646684
      vertex -1.0588457268119895 -6.5 2.8019237886466843
    endloop
  endfacet
  facet normal -0.8660254037844385 0 0.5000000000000001
    outer loop
      vertex 2.0588457268119895 -6.5 1.001923788646684
      vertex 2.3464101615137753 54.5 1.4999999999999998
      vertex 2.0588457268119895 54.5 1.001923788646684
    endloop
  endfacet
  facet normal 0.5000000000000001 0 0.8660254037844386
    outer loop
      vertex -1.0588457268119895 -6.5 2.8019237886466843
      vertex 2.0588457268119895 54.5 1.001923788646684
      vertex -1.0588457268119895 54.5 2.8019237886466843
    endloop
  endfacet
  facet normal 0.8660254037844386 0 -0.5000000000000001
    outer loop
      vertex -1.0588457268119895 -6.5 2.8019237886466843
      vertex -1.0588457268119895 54.5 2.8019237886466843
      vertex -0.07846096908265254 54.5 4.5
    endloop
  endfacet
  facet normal 0.8660254037844386 3.251012848283106e-19 -0.5000000000000001
    outer loop
      vertex -1.0588457268119895 -6.5 2.8019237886466843
      vertex -0.07846096908265254 54.5 4.5
      vertex -0.07846096908265254 -6.5 4.5
    endloop
  endfacet
  facet normal 0 -1 0
    outer loop
      vertex 2.0588457268119895 54.5 1.001923788646684
      vertex 2.3464101615137753 54.5 1.4999999999999998
      vertex -1.0588457268119895 54.5 2.8019237886466843
    endloop
  endfacet
  facet normal 0 -1 0
    outer loop
      vertex 2.3464101615137753 54.5 1.4999999999999998
      vertex 3.5688457268119897 54.5 3.6173205080756885
      vertex -1.0588457268119895 54.5 2.8019237886466843
    endloop
  endfacet
  facet normal 0 -1 0
    outer loop
      vertex -1.0588457268119895 54.5 2.8019237886466843
      vertex 2.039999999999999 54.5 4.5
      vertex -0.07846096908265254 54.5 4.5
    endloop
  endfacet
  facet normal 0 -1 0
    outer loop
      vertex -1.0588457268119895 54.5 2.8019237886466843
      vertex 3.5688457268119897 54.5 3.6173205080756885
      vertex 2.039999999999999 54.5 4.5
    endloop
  endfacet
  facet normal 0 1 0
    outer loop
      vertex 2.3464101615137753 -6.5 1.4999999999999998
      vertex 5.6 -6.5 4.5
      vertex 5.6 -6.5 1.4999999999999998
    endloop
  endfacet
  facet normal 0 1 0
    outer loop
      vertex 2.3464101615137753 -6.5 1.4999999999999998
      vertex 3.5688457268119897 -6.5 3.6173205080756885
      vertex 5.6 -6.5 4.5
    endloop
  endfacet
  facet normal 0 1 0
    outer loop
      vertex 3.5688457268119897 -6.5 3.6173205080756885
      vertex 2.039999999999999 -6.5 4.5
      vertex 5.6 -6.5 4.5
    endloop
  endfacet
  facet normal 0 0 1
    outer loop
      vertex 2.3464101615137753 -6.5 1.4999999999999998
      vertex 5.6 -6.5 1.4999999999999998
      vertex 2.3464101615137753 54.5 1.4999999999999998
    endloop
  endfacet
  facet normal -1 0 0
    outer loop
      vertex 5.6 -6.5 1.4999999999999998
      vertex 5.6 -6.5 4.5
      vertex 5.6 54.5 1.4999999999999998
    endloop
  endfacet
  facet normal 0 0 1
    outer loop
      vertex 5.6 -6.5 1.4999999999999998
      vertex 5.6 54.5 1.4999999999999998
      vertex 2.3464101615137753 54.5 1.4999999999999998
    endloop
  endfacet
  facet normal -1 0 0
    outer loop
      vertex 5.6 -6.5 4.5
      vertex 5.6 54.5 4.5
      vertex 5.6 54.5 1.4999999999999998
    endloop
  endfacet
  facet normal 0 -1 0
    outer loop
      vertex 2.3464101615137753 54.5 1.4999999999999998
      vertex 5.6 54.5 1.4999999999999998
      vertex 3.5688457268119897 54.5 3.6173205080756885
    endloop
  endfacet
  facet normal 0 -1 0
    outer loop
      vertex 5.6 54.5 1.4999999999999998
      vertex 5.6 54.5 4.5
      vertex 3.5688457268119897 54.5 3.6173205080756885
    endloop
  endfacet
  facet normal 0 -1 0
    outer loop
      vertex 3.5688457268119897 54.5 3.6173205080756885
      vertex 5.6 54.5 4.5
      vertex 2.039999999999999 54.5 4.5
    endloop
  endfacet
  facet normal 0 0 1
    outer loop
      vertex -50.400000000000006 -6.5 4.5
      vertex -48.078460969082656 -6.5 4.5
      vertex -48.078460969082656 4.252647795789321 4.5
    endloop
  endfacet
  facet normal 0 0 1
    outer loop
      vertex -50.400000000000006 -6.5 4.5
      vertex -49.28999999910593 4.53999999910593 4.5
      vertex -50.400000000000006 4.235645164131272 4.5
    endloop
  endfacet
  facet normal 0 0 1
    outer loop
      vertex -50.400000000000006 -6.5 4.5
      vertex -48.078460969082656 4.252647795789321 4.5
      vertex -49.28999999910593 4.53999999910593 4.5
    endloop
  endfacet
  facet normal 0 0 1
    outer loop
      vertex 15.000000000000004 -7 4.5
      vertex -53.91453488033165 -6.5 4.5
      vertex -54.013372089587804 -7 4.5
    endloop
  endfacet
  facet normal 0 0 1
    outer loop
      vertex -50.400000000000006 -6.5 4.5
      vertex -53.91453488033165 -6.5 4.5
      vertex 15.000000000000004 -7 4.5
    endloop
  endfacet
  facet normal 0 0 1
    outer loop
      vertex -50.400000000000006 -6.5 4.5
      vertex 15.000000000000004 -7 4.5
      vertex -48.078460969082656 -6.5 4.5
    endloop
  endfacet
  facet normal 0 0 1
    outer loop
      vertex -48.078460969082656 -6.5 4.5
      vertex 15.000000000000004 -7 4.5
      vertex -45.96 -6.5 4.5
    endloop
  endfacet
  facet normal 0 0 1
    outer loop
      vertex -45.96 -6.5 4.5
      vertex 15.000000000000004 -7 4.5
      vertex -42.400000000000006 -6.5 4.5
    endloop
  endfacet
  facet normal 0 0 1
    outer loop
      vertex -42.400000000000006 -6.5 4.5
      vertex 15.000000000000004 -7 4.5
      vertex -40.078460969082656 -6.5 4.5
    endloop
  endfacet
  facet normal 0 0 1
    outer loop
      vertex -40.078460969082656 -6.5 4.5
      vertex 15.000000000000004 -7 4.5
      vertex -37.96 -6.5 4.5
    endloop
  endfacet
  facet normal 0 0 1
    outer loop
      vertex -37.96 -6.5 4.5
      vertex 15.000000000000004 -7 4.5
      vertex -34.400000000000006 -6.5 4.5
    endloop
  endfacet
  facet normal 0 0 1
    outer loop
      vertex -34.400000000000006 -6.5 4.5
      vertex 15.000000000000004 -7 4.5
      vertex -32.078460969082656 -6.5 4.5
    endloop
  endfacet
  facet normal 0 0 1
    outer loop
      vertex -32.078460969082656 -6.5 4.5
      vertex 15.000000000000004 -7 4.5
      vertex -29.96 -6.5 4.5
    endloop
  endfacet
  facet normal 0 0 1
    outer loop
      vertex -29.96 -6.5 4.5
      vertex 15.000000000000004 -7 4.5
      vertex -26.4 -6.5 4.5
    endloop
  endfacet
  facet normal 0 0 1
    outer loop
      vertex -26.4 -6.5 4.5
      vertex 15.000000000000004 -7 4.5
      vertex -24.078460969082652 -6.5 4.5
    endloop
  endfacet
  facet normal 0 0 1
    outer loop
      vertex -24.078460969082652 -6.5 4.5
      vertex 15.000000000000004 -7 4.5
      vertex -21.96 -6.5 4.5
    endloop
  endfacet
  facet normal 0 0 1
    outer loop
      vertex -21.96 -6.5 4.5
      vertex 15.000000000000004 -7 4.5
      vertex -18.4 -6.5 4.5
    endloop
  endfacet
  facet normal 0 0 1
    outer loop
      vertex -18.4 -6.5 4.5
      vertex 15.000000000000004 -7 4.5
      vertex -16.078460969082652 -6.5 4.5
    endloop
  endfacet
  facet normal 0 0 1
    outer loop
      vertex -16.078460969082652 -6.5 4.5
      vertex 15.000000000000004 -7 4.5
      vertex -13.96 -6.5 4.5
    endloop
  endfacet
  facet normal 0 0 1
    outer loop
      vertex -13.96 -6.5 4.5
      vertex 15.000000000000004 -7 4.5
      vertex -10.399999999999999 -6.5 4.5
    endloop
  endfacet
  facet normal 0 0 1
    outer loop
      vertex -10.399999999999999 -6.5 4.5
      vertex 15.000000000000004 -7 4.5
      vertex -8.078460969082652 -6.5 4.5
    endloop
  endfacet
  facet normal 0 0 1
    outer loop
      vertex -8.078460969082652 -6.5 4.5
      vertex 15.000000000000004 -7 4.5
      vertex -5.960000000000001 -6.5 4.5
    endloop
  endfacet
  facet normal 0 0 1
    outer loop
      vertex -5.960000000000001 -6.5 4.5
      vertex 15.000000000000004 -7 4.5
      vertex -2.4000000000000004 -6.5 4.5
    endloop
  endfacet
  facet normal 0 0 1
    outer loop
      vertex -2.4000000000000004 -6.5 4.5
      vertex 15.000000000000004 -7 4.5
      vertex -0.07846096908265254 -6.5 4.5
    endloop
  endfacet
  facet normal 0 0 1
    outer loop
      vertex -0.07846096908265254 -6.5 4.5
      vertex 15.000000000000004 -7 4.5
      vertex 2.039999999999999 -6.5 4.5
    endloop
  endfacet
  facet normal 0 1 0
    outer loop
      vertex 15.000000000000004 -7 4.5
      vertex -54.013372089587804 -7 4.5
      vertex 12.234708805539793 -7 8.5
    endloop
  endfacet
  facet normal 0 1 0
    outer loop
      vertex 8.845410433032646 -7 8.5
      vertex -54.013372089587804 -7 4.5
      vertex -54.013372089587804 -7 8.5
    endloop
  endfacet
  facet normal 0 1 0
    outer loop
      vertex 8.845410433032646 -7 8.5
      vertex 12.234708805539793 -7 8.5
      vertex -54.013372089587804 -7 4.5
    endloop
  endfacet
  facet normal 0 0 1
    outer loop
      vertex -42.400000000000006 -6.5 4.5
      vertex -40.078460969082656 -6.5 4.5
      vertex -40.078460969082656 54.5 4.5
    endloop
  endfacet
  facet normal 0 0 1
    outer loop
      vertex -42.400000000000006 -6.5 4.5
      vertex -40.078460969082656 54.5 4.5
      vertex -42.400000000000006 54.5 4.5
    endloop
  endfacet
  facet normal 0 0 1
    outer loop
      vertex -45.96 54.5 4.5
      vertex -47.96649977195594 55 4.5
      vertex -47.96672735497629 54.5 4.5
    endloop
  endfacet
  facet normal 0 0 1
    outer loop
      vertex -34.400000000000006 -6.5 4.5
      vertex -32.078460969082656 -6.5 4.5
      vertex -32.078460969082656 54.5 4.5
    endloop
  endfacet
  facet normal 0 0 1
    outer loop
      vertex -26.4 -6.5 4.5
      vertex -24.078460969082652 -6.5 4.5
      vertex -24.078460969082652 54.5 4.5
    endloop
  endfacet
  facet normal 0 0 1
    outer loop
      vertex -18.4 -6.5 4.5
      vertex -16.078460969082652 -6.5 4.5
      vertex -16.078460969082652 54.5 4.5
    endloop
  endfacet
  facet normal 0 0 1
    outer loop
      vertex -34.400000000000006 -6.5 4.5
      vertex -32.078460969082656 54.5 4.5
      vertex -34.400000000000006 54.5 4.5
    endloop
  endfacet
  facet normal 0 0 1
    outer loop
      vertex -26.4 -6.5 4.5
      vertex -24.078460969082652 54.5 4.5
      vertex -26.4 54.5 4.5
    endloop
  endfacet
  facet normal 0 0 1
    outer loop
      vertex -18.4 -6.5 4.5
      vertex -16.078460969082652 54.5 4.5
      vertex -18.4 54.5 4.5
    endloop
  endfacet
  facet normal 0 0 1
    outer loop
      vertex -10.399999999999999 -6.5 4.5
      vertex -8.078460969082652 -6.5 4.5
      vertex -8.078460969082652 54.5 4.5
    endloop
  endfacet
  facet normal 0 0 1
    outer loop
      vertex -2.4000000000000004 -6.5 4.5
      vertex -0.07846096908265254 -6.5 4.5
      vertex -0.07846096908265254 54.5 4.5
    endloop
  endfacet
  facet normal 0 0 1
    outer loop
      vertex -10.399999999999999 -6.5 4.5
      vertex -8.078460969082652 54.5 4.5
      vertex -10.399999999999999 54.5 4.5
    endloop
  endfacet
  facet normal 0 0 1
    outer loop
      vertex -2.4000000000000004 -6.5 4.5
      vertex -0.07846096908265254 54.5 4.5
      vertex -2.4000000000000004 54.5 4.5
    endloop
  endfacet
  facet normal 0 0 1
    outer loop
      vertex -45.96 54.5 4.5
      vertex 14.900000000000002 55 4.5
      vertex -47.96649977195594 55 4.5
    endloop
  endfacet
  facet normal 0 0 1
    outer loop
      vertex -45.96 54.5 4.5
      vertex -42.400000000000006 54.5 4.5
      vertex 14.900000000000002 55 4.5
    endloop
  endfacet
  facet normal 0 0 1
    outer loop
      vertex -42.400000000000006 54.5 4.5
      vertex -40.078460969082656 54.5 4.5
      vertex 14.900000000000002 55 4.5
    endloop
  endfacet
  facet normal 0 0 1
    outer loop
      vertex -40.078460969082656 54.5 4.5
      vertex -37.96 54.5 4.5
      vertex 14.900000000000002 55 4.5
    endloop
  endfacet
  facet normal 0 0 1
    outer loop
      vertex -37.96 54.5 4.5
      vertex -34.400000000000006 54.5 4.5
      vertex 14.900000000000002 55 4.5
    endloop
  endfacet
  facet normal 0 0 1
    outer loop
      vertex -34.400000000000006 54.5 4.5
      vertex -32.078460969082656 54.5 4.5
      vertex 14.900000000000002 55 4.5
    endloop
  endfacet
  facet normal 0 0 1
    outer loop
      vertex -32.078460969082656 54.5 4.5
      vertex -29.96 54.5 4.5
      vertex 14.900000000000002 55 4.5
    endloop
  endfacet
  facet normal 0 -1 0
    outer loop
      vertex -47.96649977195594 55 8.5
      vertex -47.96649977195594 55 4.5
      vertex 14.900000000000002 55 4.5
    endloop
  endfacet
  facet normal 0 0 1
    outer loop
      vertex -29.96 54.5 4.5
      vertex -26.4 54.5 4.5
      vertex 14.900000000000002 55 4.5
    endloop
  endfacet
  facet normal 0 0 1
    outer loop
      vertex -26.4 54.5 4.5
      vertex -24.078460969082652 54.5 4.5
      vertex 14.900000000000002 55 4.5
    endloop
  endfacet
  facet normal 0 0 1
    outer loop
      vertex -24.078460969082652 54.5 4.5
      vertex -21.96 54.5 4.5
      vertex 14.900000000000002 55 4.5
    endloop
  endfacet
  facet normal 0 0 1
    outer loop
      vertex -21.96 54.5 4.5
      vertex -18.4 54.5 4.5
      vertex 14.900000000000002 55 4.5
    endloop
  endfacet
  facet normal 0 0 1
    outer loop
      vertex -18.4 54.5 4.5
      vertex -16.078460969082652 54.5 4.5
      vertex 14.900000000000002 55 4.5
    endloop
  endfacet
  facet normal 0 0 1
    outer loop
      vertex -16.078460969082652 54.5 4.5
      vertex -13.96 54.5 4.5
      vertex 14.900000000000002 55 4.5
    endloop
  endfacet
  facet normal 0 0 1
    outer loop
      vertex -13.96 54.5 4.5
      vertex -10.399999999999999 54.5 4.5
      vertex 14.900000000000002 55 4.5
    endloop
  endfacet
  facet normal 0 0 1
    outer loop
      vertex -10.399999999999999 54.5 4.5
      vertex -8.078460969082652 54.5 4.5
      vertex 14.900000000000002 55 4.5
    endloop
  endfacet
  facet normal 0 0 1
    outer loop
      vertex -8.078460969082652 54.5 4.5
      vertex -5.960000000000001 54.5 4.5
      vertex 14.900000000000002 55 4.5
    endloop
  endfacet
  facet normal 0 0 1
    outer loop
      vertex -5.960000000000001 54.5 4.5
      vertex -2.4000000000000004 54.5 4.5
      vertex 14.900000000000002 55 4.5
    endloop
  endfacet
  facet normal 0 0 1
    outer loop
      vertex -2.4000000000000004 54.5 4.5
      vertex -0.07846096908265254 54.5 4.5
      vertex 14.900000000000002 55 4.5
    endloop
  endfacet
  facet normal 0 0 1
    outer loop
      vertex -0.07846096908265254 54.5 4.5
      vertex 2.039999999999999 54.5 4.5
      vertex 14.900000000000002 55 4.5
    endloop
  endfacet
  facet normal 0 -1 0
    outer loop
      vertex -42.64624668306974 55 8.5
      vertex -47.96649977195594 55 8.5
      vertex 14.900000000000002 55 4.5
    endloop
  endfacet
  facet normal 0 -1 0
    outer loop
      vertex -42.64624668306974 55 8.5
      vertex 14.900000000000002 55 4.5
      vertex -40.54052766631666 55 8.5
    endloop
  endfacet
  facet normal 0 -1 0
    outer loop
      vertex -40.54052766631666 55 8.5
      vertex 14.900000000000002 55 4.5
      vertex 14.900000000000002 55 8.5
    endloop
  endfacet
  facet normal 0 0 1
    outer loop
      vertex 2.039999999999999 -6.5 4.5
      vertex 15.000000000000004 -7 4.5
      vertex 5.6 -6.5 4.5
    endloop
  endfacet
  facet normal 0 0 1
    outer loop
      vertex 5.6 -6.5 4.5
      vertex 15.000000000000004 -7 4.5
      vertex 15.000000000000004 -2.218002479086581 4.5
    endloop
  endfacet
  facet normal 0 0 1
    outer loop
      vertex 5.6 -6.5 4.5
      vertex 15.000000000000004 -2.218002479086581 4.5
      vertex 14.900000000000002 -2.1996798984183465 4.5
    endloop
  endfacet
  facet normal -1 0 0
    outer loop
      vertex 15.000000000000004 -7 4.5
      vertex 15.000000000000004 -2.218002479086581 8.5
      vertex 15.000000000000004 -2.218002479086581 4.5
    endloop
  endfacet
  facet normal 0 1 0
    outer loop
      vertex 15.000000000000004 -7 4.5
      vertex 12.234708805539793 -7 8.5
      vertex 14.900000000000002 -7 8.5
    endloop
  endfacet
  facet normal 0 1 0
    outer loop
      vertex 15.000000000000004 -7 4.5
      vertex 14.900000000000002 -7 8.5
      vertex 15.000000000000004 -7 8.5
    endloop
  endfacet
  facet normal -1 0 0
    outer loop
      vertex 15.000000000000004 -7 4.5
      vertex 15.000000000000004 -7 8.5
      vertex 15.000000000000004 -2.218002479086581 8.5
    endloop
  endfacet
  facet normal 0 0 1
    outer loop
      vertex 5.6 -6.5 4.5
      vertex 14.900000000000002 -2.1996798984183465 4.5
      vertex 5.6 54.5 4.5
    endloop
  endfacet
  facet normal 0 0 1
    outer loop
      vertex 5.6 54.5 4.5
      vertex 14.900000000000002 -2.1996798984183465 4.5
      vertex 14.900000000000002 55 4.5
    endloop
  endfacet
  facet normal 0 0 1
    outer loop
      vertex 2.039999999999999 54.5 4.5
      vertex 5.6 54.5 4.5
      vertex 14.900000000000002 55 4.5
    endloop
  endfacet
endsolid OpenSCAD_Model
