solid OpenSCAD_Model
  facet normal -0.11196447610330719 8.786019352180853e-20 -0.9937122098932427
    outer loop
      vertex 81.88739533021842 4.3 -4.874639560909118
      vertex 83 15.7 -5
      vertex 83 4.3 -5
    endloop
  endfacet
  facet normal -0.330279061955167 0 -0.9438833303083676
    outer loop
      vertex 81.88739533021842 4.3 -4.874639560909118
      vertex 80.8305813044122 4.3 -4.504844339512096
      vertex 81.88739533021842 15.7 -4.874639560909118
    endloop
  endfacet
  facet normal 0.11196447610330719 0 -0.9937122098932427
    outer loop
      vertex 84.11260466978158 4.3 -4.874639560909118
      vertex 83 4.3 -5
      vertex 84.11260466978158 15.7 -4.874639560909118
    endloop
  endfacet
  facet normal 0.330279061955167 1.0858638005661721e-18 -0.9438833303083676
    outer loop
      vertex 84.11260466978158 4.3 -4.874639560909118
      vertex 85.1694186955878 15.7 -4.504844339512096
      vertex 85.1694186955878 4.3 -4.504844339512096
    endloop
  endfacet
  facet normal -0.5320320765153397 0 -0.8467241992282822
    outer loop
      vertex 80.8305813044122 4.3 -4.504844339512096
      vertex 79.88255099070633 4.3 -3.9091574123401482
      vertex 80.8305813044122 15.7 -4.504844339512096
    endloop
  endfacet
  facet normal 0.5320320765153391 0 -0.8467241992282826
    outer loop
      vertex 86.11744900929367 4.3 -3.909157412340149
      vertex 85.1694186955878 4.3 -4.504844339512096
      vertex 86.11744900929367 15.7 -3.909157412340149
    endloop
  endfacet
  facet normal -0.7071067811865451 0 -0.7071067811865499
    outer loop
      vertex 79.88255099070633 4.3 -3.9091574123401482
      vertex 79.09084258765985 4.3 -3.1174490092936686
      vertex 79.88255099070633 15.7 -3.9091574123401482
    endloop
  endfacet
  facet normal 0.7071067811865461 0 -0.7071067811865489
    outer loop
      vertex 86.90915741234015 4.3 -3.1174490092936673
      vertex 86.11744900929367 4.3 -3.909157412340149
      vertex 86.90915741234015 15.7 -3.1174490092936673
    endloop
  endfacet
  facet normal 0.8467241992282867 -9.030150824876827e-19 -0.5320320765153324
    outer loop
      vertex 87.50484433951209 4.3 -2.1694186955877908
      vertex 86.90915741234015 4.3 -3.1174490092936673
      vertex 86.90915741234015 15.7 -3.1174490092936673
    endloop
  endfacet
  facet normal -0.8467241992282869 2.942762820332592e-18 -0.532032076515332
    outer loop
      vertex 79.09084258765985 4.3 -3.1174490092936686
      vertex 78.49515566048791 4.3 -2.169418695587791
      vertex 78.49515566048791 15.7 -2.169418695587791
    endloop
  endfacet
  facet normal -0.9438833303083664 -1.19155872325226e-18 -0.3302790619551705
    outer loop
      vertex 78.49515566048791 4.3 -2.169418695587791
      vertex 78.12536043909088 4.3 -1.1126046697815724
      vertex 78.12536043909088 15.7 -1.1126046697815724
    endloop
  endfacet
  facet normal 0.9438833303083664 1.19155872325226e-18 -0.3302790619551705
    outer loop
      vertex 87.87463956090912 4.3 -1.112604669781572
      vertex 87.50484433951209 4.3 -2.1694186955877908
      vertex 87.50484433951209 15.7 -2.1694186955877908
    endloop
  endfacet
  facet normal 0.9937122098932425 0 -0.11196447610330909
    outer loop
      vertex 87.87463956090912 15.7 -1.112604669781572
      vertex 88 4.3 0
      vertex 87.87463956090912 4.3 -1.112604669781572
    endloop
  endfacet
  facet normal -0.9937122098932425 -2.8009875978648103e-19 -0.11196447610330906
    outer loop
      vertex 78.12536043909088 4.3 -1.1126046697815724
      vertex 78 4.3 0
      vertex 78 15.7 0
    endloop
  endfacet
  facet normal 0.9937122098932424 -2.1112566823873703e-19 0.11196447610330927
    outer loop
      vertex 87.87463956090912 4.3 1.11260466978157
      vertex 88 4.3 0
      vertex 88 15.7 0
    endloop
  endfacet
  facet normal 0.9438833303083667 1.9789486695289177e-18 0.3302790619551698
    outer loop
      vertex 87.50484433951209 4.3 2.169418695587791
      vertex 87.87463956090912 4.3 1.11260466978157
      vertex 87.87463956090912 15.7 1.11260466978157
    endloop
  endfacet
  facet normal 0.8467241992282866 -1.1367326553572292e-18 0.5320320765153328
    outer loop
      vertex 86.90915741234015 4.3 3.117449009293667
      vertex 87.50484433951209 4.3 2.169418695587791
      vertex 87.50484433951209 15.7 2.169418695587791
    endloop
  endfacet
  facet normal -0.846724199228303 0 0.5320320765153065
    outer loop
      vertex 79.09084258765985 4.3 3.1174490092936686
      vertex 79.09084258765985 15.7 3.1174490092936686
      vertex 79.01704448391352 4.3 3
    endloop
  endfacet
  facet normal -0.7071067811865451 0 0.7071067811865499
    outer loop
      vertex 79.09084258765985 4.3 3.1174490092936686
      vertex 79.88255099070633 4.3 3.9091574123401482
      vertex 79.09084258765985 15.7 3.1174490092936686
    endloop
  endfacet
  facet normal 0.7071067811865466 0 0.7071067811865486
    outer loop
      vertex 86.11744900929367 4.3 3.9091574123401496
      vertex 86.90915741234015 4.3 3.117449009293667
      vertex 86.11744900929367 15.7 3.9091574123401496
    endloop
  endfacet
  facet normal -0.5320320765153391 0 0.8467241992282826
    outer loop
      vertex 79.88255099070633 4.3 3.9091574123401482
      vertex 80.8305813044122 4.3 4.504844339512095
      vertex 79.88255099070633 15.7 3.9091574123401482
    endloop
  endfacet
  facet normal 0.5320320765153383 0 0.8467241992282831
    outer loop
      vertex 85.1694186955878 4.3 4.504844339512095
      vertex 86.11744900929367 4.3 3.9091574123401496
      vertex 85.1694186955878 15.7 4.504844339512095
    endloop
  endfacet
  facet normal -0.33027906195516776 6.902057585983643e-19 0.9438833303083672
    outer loop
      vertex 81.88739533021842 4.3 4.874639560909118
      vertex 80.8305813044122 15.7 4.504844339512095
      vertex 80.8305813044122 4.3 4.504844339512095
    endloop
  endfacet
  facet normal -0.11196447610330719 0 0.9937122098932427
    outer loop
      vertex 81.88739533021842 4.3 4.874639560909118
      vertex 83 4.3 5
      vertex 81.88739533021842 15.7 4.874639560909118
    endloop
  endfacet
  facet normal 0.33027906195516776 0 0.9438833303083672
    outer loop
      vertex 84.11260466978158 4.3 4.874639560909118
      vertex 85.1694186955878 4.3 4.504844339512095
      vertex 84.11260466978158 15.7 4.874639560909118
    endloop
  endfacet
  facet normal 0.11196447610330719 8.786019352180853e-20 0.9937122098932427
    outer loop
      vertex 84.11260466978158 4.3 4.874639560909118
      vertex 83 15.7 5
      vertex 83 4.3 5
    endloop
  endfacet
  facet normal -0.11196447610330719 0 -0.9937122098932427
    outer loop
      vertex 81.88739533021842 4.3 -4.874639560909118
      vertex 81.88739533021842 15.7 -4.874639560909118
      vertex 83 15.7 -5
    endloop
  endfacet
  facet normal -0.330279061955167 0 -0.9438833303083676
    outer loop
      vertex 80.8305813044122 4.3 -4.504844339512096
      vertex 80.8305813044122 15.7 -4.504844339512096
      vertex 81.88739533021842 15.7 -4.874639560909118
    endloop
  endfacet
  facet normal 0.11196447610330719 0 -0.9937122098932427
    outer loop
      vertex 83 4.3 -5
      vertex 83 15.7 -5
      vertex 84.11260466978158 15.7 -4.874639560909118
    endloop
  endfacet
  facet normal 0.330279061955167 0 -0.9438833303083676
    outer loop
      vertex 84.11260466978158 4.3 -4.874639560909118
      vertex 84.11260466978158 15.7 -4.874639560909118
      vertex 85.1694186955878 15.7 -4.504844339512096
    endloop
  endfacet
  facet normal -0.5320320765153397 0 -0.8467241992282822
    outer loop
      vertex 79.88255099070633 4.3 -3.9091574123401482
      vertex 79.88255099070633 15.7 -3.9091574123401482
      vertex 80.8305813044122 15.7 -4.504844339512096
    endloop
  endfacet
  facet normal 0.5320320765153391 0 -0.8467241992282826
    outer loop
      vertex 85.1694186955878 4.3 -4.504844339512096
      vertex 85.1694186955878 15.7 -4.504844339512096
      vertex 86.11744900929367 15.7 -3.909157412340149
    endloop
  endfacet
  facet normal -0.7071067811865451 0 -0.7071067811865499
    outer loop
      vertex 79.09084258765985 4.3 -3.1174490092936686
      vertex 79.09084258765985 15.7 -3.1174490092936686
      vertex 79.88255099070633 15.7 -3.9091574123401482
    endloop
  endfacet
  facet normal 0.7071067811865461 0 -0.7071067811865489
    outer loop
      vertex 86.11744900929367 4.3 -3.909157412340149
      vertex 86.11744900929367 15.7 -3.909157412340149
      vertex 86.90915741234015 15.7 -3.1174490092936673
    endloop
  endfacet
  facet normal -0.8467241992282869 0 -0.532032076515332
    outer loop
      vertex 79.09084258765985 4.3 -3.1174490092936686
      vertex 78.49515566048791 15.7 -2.169418695587791
      vertex 79.09084258765985 15.7 -3.1174490092936686
    endloop
  endfacet
  facet normal 0.8467241992282867 0 -0.5320320765153324
    outer loop
      vertex 87.50484433951209 4.3 -2.1694186955877908
      vertex 86.90915741234015 15.7 -3.1174490092936673
      vertex 87.50484433951209 15.7 -2.1694186955877908
    endloop
  endfacet
  facet normal -0.9438833303083664 0 -0.3302790619551705
    outer loop
      vertex 78.49515566048791 4.3 -2.169418695587791
      vertex 78.12536043909088 15.7 -1.1126046697815724
      vertex 78.49515566048791 15.7 -2.169418695587791
    endloop
  endfacet
  facet normal 0.9438833303083664 0 -0.3302790619551705
    outer loop
      vertex 87.87463956090912 4.3 -1.112604669781572
      vertex 87.50484433951209 15.7 -2.1694186955877908
      vertex 87.87463956090912 15.7 -1.112604669781572
    endloop
  endfacet
  facet normal -0.9937122098932425 0 -0.11196447610330906
    outer loop
      vertex 78.12536043909088 4.3 -1.1126046697815724
      vertex 78 15.7 0
      vertex 78.12536043909088 15.7 -1.1126046697815724
    endloop
  endfacet
  facet normal 0.9937122098932425 0 -0.11196447610330909
    outer loop
      vertex 88 4.3 0
      vertex 87.87463956090912 15.7 -1.112604669781572
      vertex 88 15.7 0
    endloop
  endfacet
  facet normal 0.9937122098932424 0 0.11196447610330927
    outer loop
      vertex 87.87463956090912 4.3 1.11260466978157
      vertex 88 15.7 0
      vertex 87.87463956090912 15.7 1.11260466978157
    endloop
  endfacet
  facet normal 0.9438833303083667 0 0.3302790619551698
    outer loop
      vertex 87.50484433951209 4.3 2.169418695587791
      vertex 87.87463956090912 15.7 1.11260466978157
      vertex 87.50484433951209 15.7 2.169418695587791
    endloop
  endfacet
  facet normal -0.846724199228303 0 0.5320320765153065
    outer loop
      vertex 79.01704448391352 4.3 3
      vertex 79.09084258765985 15.7 3.1174490092936686
      vertex 79.01704448391352 15.7 3
    endloop
  endfacet
  facet normal 0.8467241992282866 0 0.5320320765153328
    outer loop
      vertex 86.90915741234015 4.3 3.117449009293667
      vertex 87.50484433951209 15.7 2.169418695587791
      vertex 86.90915741234015 15.7 3.117449009293667
    endloop
  endfacet
  facet normal -0.7071067811865451 0 0.7071067811865499
    outer loop
      vertex 79.88255099070633 4.3 3.9091574123401482
      vertex 79.88255099070633 15.7 3.9091574123401482
      vertex 79.09084258765985 15.7 3.1174490092936686
    endloop
  endfacet
  facet normal 0.7071067811865466 0 0.7071067811865486
    outer loop
      vertex 86.90915741234015 4.3 3.117449009293667
      vertex 86.90915741234015 15.7 3.117449009293667
      vertex 86.11744900929367 15.7 3.9091574123401496
    endloop
  endfacet
  facet normal -0.5320320765153391 0 0.8467241992282826
    outer loop
      vertex 80.8305813044122 4.3 4.504844339512095
      vertex 80.8305813044122 15.7 4.504844339512095
      vertex 79.88255099070633 15.7 3.9091574123401482
    endloop
  endfacet
  facet normal 0.5320320765153383 0 0.8467241992282831
    outer loop
      vertex 86.11744900929367 4.3 3.9091574123401496
      vertex 86.11744900929367 15.7 3.9091574123401496
      vertex 85.1694186955878 15.7 4.504844339512095
    endloop
  endfacet
  facet normal -0.33027906195516776 0 0.9438833303083672
    outer loop
      vertex 81.88739533021842 4.3 4.874639560909118
      vertex 81.88739533021842 15.7 4.874639560909118
      vertex 80.8305813044122 15.7 4.504844339512095
    endloop
  endfacet
  facet normal -0.11196447610330719 0 0.9937122098932427
    outer loop
      vertex 83 4.3 5
      vertex 83 15.7 5
      vertex 81.88739533021842 15.7 4.874639560909118
    endloop
  endfacet
  facet normal 0.33027906195516776 0 0.9438833303083672
    outer loop
      vertex 85.1694186955878 4.3 4.504844339512095
      vertex 85.1694186955878 15.7 4.504844339512095
      vertex 84.11260466978158 15.7 4.874639560909118
    endloop
  endfacet
  facet normal 0.11196447610330719 0 0.9937122098932427
    outer loop
      vertex 84.11260466978158 4.3 4.874639560909118
      vertex 84.11260466978158 15.7 4.874639560909118
      vertex 83 15.7 5
    endloop
  endfacet
  facet normal -0.1119644761033072 8.786019352180849e-20 -0.9937122098932427
    outer loop
      vertex 81.88739533021842 28.3 -4.874639560909118
      vertex 83 39.7 -5
      vertex 83 28.3 -5
    endloop
  endfacet
  facet normal -0.33027906195516704 0 -0.9438833303083676
    outer loop
      vertex 81.88739533021842 28.3 -4.874639560909118
      vertex 80.8305813044122 28.3 -4.504844339512096
      vertex 81.88739533021842 39.7 -4.874639560909118
    endloop
  endfacet
  facet normal -0.1119644761033072 0 -0.9937122098932427
    outer loop
      vertex 81.88739533021842 28.3 -4.874639560909118
      vertex 81.88739533021842 39.7 -4.874639560909118
      vertex 83 39.7 -5
    endloop
  endfacet
  facet normal -0.33027906195516704 0 -0.9438833303083676
    outer loop
      vertex 80.8305813044122 28.3 -4.504844339512096
      vertex 80.8305813044122 39.7 -4.504844339512096
      vertex 81.88739533021842 39.7 -4.874639560909118
    endloop
  endfacet
  facet normal 0.1119644761033072 0 -0.9937122098932427
    outer loop
      vertex 84.11260466978158 28.3 -4.874639560909118
      vertex 83 28.3 -5
      vertex 84.11260466978158 39.7 -4.874639560909118
    endloop
  endfacet
  facet normal 0.33027906195516704 1.0858638005661717e-18 -0.9438833303083676
    outer loop
      vertex 84.11260466978158 28.3 -4.874639560909118
      vertex 85.1694186955878 39.7 -4.504844339512096
      vertex 85.1694186955878 28.3 -4.504844339512096
    endloop
  endfacet
  facet normal 0.1119644761033072 0 -0.9937122098932427
    outer loop
      vertex 83 28.3 -5
      vertex 83 39.7 -5
      vertex 84.11260466978158 39.7 -4.874639560909118
    endloop
  endfacet
  facet normal 0.33027906195516704 0 -0.9438833303083676
    outer loop
      vertex 84.11260466978158 28.3 -4.874639560909118
      vertex 84.11260466978158 39.7 -4.874639560909118
      vertex 85.1694186955878 39.7 -4.504844339512096
    endloop
  endfacet
  facet normal -0.5320320765153397 0 -0.8467241992282822
    outer loop
      vertex 80.8305813044122 28.3 -4.504844339512096
      vertex 79.88255099070633 28.3 -3.9091574123401482
      vertex 80.8305813044122 39.7 -4.504844339512096
    endloop
  endfacet
  facet normal -0.5320320765153397 0 -0.8467241992282822
    outer loop
      vertex 79.88255099070633 28.3 -3.9091574123401482
      vertex 79.88255099070633 39.7 -3.9091574123401482
      vertex 80.8305813044122 39.7 -4.504844339512096
    endloop
  endfacet
  facet normal 0.5320320765153391 0 -0.8467241992282826
    outer loop
      vertex 86.11744900929367 28.3 -3.909157412340149
      vertex 85.1694186955878 28.3 -4.504844339512096
      vertex 86.11744900929367 39.7 -3.909157412340149
    endloop
  endfacet
  facet normal 0.5320320765153391 0 -0.8467241992282826
    outer loop
      vertex 85.1694186955878 28.3 -4.504844339512096
      vertex 85.1694186955878 39.7 -4.504844339512096
      vertex 86.11744900929367 39.7 -3.909157412340149
    endloop
  endfacet
  facet normal -0.7071067811865451 0 -0.7071067811865499
    outer loop
      vertex 79.88255099070633 28.3 -3.9091574123401482
      vertex 79.09084258765985 28.3 -3.1174490092936686
      vertex 79.88255099070633 39.7 -3.9091574123401482
    endloop
  endfacet
  facet normal -0.7071067811865451 0 -0.7071067811865499
    outer loop
      vertex 79.09084258765985 28.3 -3.1174490092936686
      vertex 79.09084258765985 39.7 -3.1174490092936686
      vertex 79.88255099070633 39.7 -3.9091574123401482
    endloop
  endfacet
  facet normal 0.7071067811865461 0 -0.7071067811865489
    outer loop
      vertex 86.90915741234015 39.7 -3.1174490092936673
      vertex 86.90915741234015 28.3 -3.1174490092936673
      vertex 86.11744900929367 28.3 -3.909157412340149
    endloop
  endfacet
  facet normal 0.7071067811865461 0 -0.7071067811865489
    outer loop
      vertex 86.11744900929367 28.3 -3.909157412340149
      vertex 86.11744900929367 39.7 -3.909157412340149
      vertex 86.90915741234015 39.7 -3.1174490092936673
    endloop
  endfacet
  facet normal -0.846724199228287 0 -0.5320320765153321
    outer loop
      vertex 79.09084258765985 28.3 -3.1174490092936686
      vertex 78.49515566048791 39.7 -2.169418695587791
      vertex 79.09084258765985 39.7 -3.1174490092936686
    endloop
  endfacet
  facet normal 0.8467241992282868 0 -0.5320320765153325
    outer loop
      vertex 86.90915741234015 39.7 -3.1174490092936673
      vertex 87.50484433951209 28.3 -2.1694186955877908
      vertex 86.90915741234015 28.3 -3.1174490092936673
    endloop
  endfacet
  facet normal -0.846724199228287 2.9427628203325907e-18 -0.5320320765153321
    outer loop
      vertex 79.09084258765985 28.3 -3.1174490092936686
      vertex 78.49515566048791 28.3 -2.169418695587791
      vertex 78.49515566048791 39.7 -2.169418695587791
    endloop
  endfacet
  facet normal 0.8467241992282868 -9.030150824876823e-19 -0.5320320765153325
    outer loop
      vertex 86.90915741234015 39.7 -3.1174490092936673
      vertex 87.50484433951209 39.7 -2.1694186955877908
      vertex 87.50484433951209 28.3 -2.1694186955877908
    endloop
  endfacet
  facet normal -0.9438833303083664 -1.1915587232522597e-18 -0.33027906195517054
    outer loop
      vertex 78.49515566048791 28.3 -2.169418695587791
      vertex 78.12536043909088 28.3 -1.1126046697815724
      vertex 78.12536043909088 39.7 -1.1126046697815724
    endloop
  endfacet
  facet normal -0.9438833303083664 0 -0.33027906195517054
    outer loop
      vertex 78.49515566048791 28.3 -2.169418695587791
      vertex 78.12536043909088 39.7 -1.1126046697815724
      vertex 78.49515566048791 39.7 -2.169418695587791
    endloop
  endfacet
  facet normal 0.9438833303083664 0 -0.33027906195517054
    outer loop
      vertex 87.50484433951209 39.7 -2.1694186955877908
      vertex 87.87463956090912 28.3 -1.112604669781572
      vertex 87.50484433951209 28.3 -2.1694186955877908
    endloop
  endfacet
  facet normal 0.9438833303083664 1.1915587232522597e-18 -0.33027906195517054
    outer loop
      vertex 87.50484433951209 39.7 -2.1694186955877908
      vertex 87.87463956090912 39.7 -1.112604669781572
      vertex 87.87463956090912 28.3 -1.112604669781572
    endloop
  endfacet
  facet normal -0.9937122098932425 0 -0.11196447610330905
    outer loop
      vertex 78.12536043909088 28.3 -1.1126046697815724
      vertex 78 39.7 0
      vertex 78.12536043909088 39.7 -1.1126046697815724
    endloop
  endfacet
  facet normal 0.9937122098932425 0 -0.11196447610330909
    outer loop
      vertex 87.87463956090912 39.7 -1.112604669781572
      vertex 88 28.3 0
      vertex 87.87463956090912 28.3 -1.112604669781572
    endloop
  endfacet
  facet normal -0.9937122098932425 -2.8009875978648093e-19 -0.11196447610330905
    outer loop
      vertex 78.12536043909088 28.3 -1.1126046697815724
      vertex 78 28.3 0
      vertex 78 39.7 0
    endloop
  endfacet
  facet normal 0.9937122098932425 2.6755819768689114e-19 -0.11196447610330909
    outer loop
      vertex 87.87463956090912 39.7 -1.112604669781572
      vertex 88 39.7 0
      vertex 88 28.3 0
    endloop
  endfacet
  facet normal 0.9937122098932424 0 0.11196447610330929
    outer loop
      vertex 88 39.7 0
      vertex 87.87463956090912 28.3 1.11260466978157
      vertex 88 28.3 0
    endloop
  endfacet
  facet normal 0.9937122098932424 0 0.11196447610330929
    outer loop
      vertex 87.87463956090912 28.3 1.11260466978157
      vertex 88 39.7 0
      vertex 87.87463956090912 39.7 1.11260466978157
    endloop
  endfacet
  facet normal 0.9438833303083665 0 0.3302790619551698
    outer loop
      vertex 87.87463956090912 39.7 1.11260466978157
      vertex 87.50484433951209 28.3 2.169418695587791
      vertex 87.87463956090912 28.3 1.11260466978157
    endloop
  endfacet
  facet normal 0.9438833303083665 1.978948669528917e-18 0.3302790619551698
    outer loop
      vertex 87.87463956090912 39.7 1.11260466978157
      vertex 87.50484433951209 39.7 2.169418695587791
      vertex 87.50484433951209 28.3 2.169418695587791
    endloop
  endfacet
  facet normal 0.8467241992282865 0 0.5320320765153328
    outer loop
      vertex 87.50484433951209 39.7 2.169418695587791
      vertex 86.90915741234015 28.3 3.117449009293667
      vertex 87.50484433951209 28.3 2.169418695587791
    endloop
  endfacet
  facet normal -0.8467241992283031 0 0.5320320765153065
    outer loop
      vertex 79.09084258765985 28.3 3.1174490092936686
      vertex 79.09084258765985 39.7 3.1174490092936686
      vertex 79.01704448391352 28.3 3
    endloop
  endfacet
  facet normal -0.8467241992283031 0 0.5320320765153065
    outer loop
      vertex 79.01704448391352 39.7 3
      vertex 79.01704448391352 28.3 3
      vertex 79.09084258765985 39.7 3.1174490092936686
    endloop
  endfacet
  facet normal 0.8467241992282865 -1.136732655357229e-18 0.5320320765153328
    outer loop
      vertex 87.50484433951209 39.7 2.169418695587791
      vertex 86.90915741234015 39.7 3.117449009293667
      vertex 86.90915741234015 28.3 3.117449009293667
    endloop
  endfacet
  facet normal -0.7071067811865451 0 0.7071067811865499
    outer loop
      vertex 79.09084258765985 28.3 3.1174490092936686
      vertex 79.88255099070633 28.3 3.9091574123401482
      vertex 79.09084258765985 39.7 3.1174490092936686
    endloop
  endfacet
  facet normal -0.7071067811865451 0 0.7071067811865499
    outer loop
      vertex 79.88255099070633 28.3 3.9091574123401482
      vertex 79.88255099070633 39.7 3.9091574123401482
      vertex 79.09084258765985 39.7 3.1174490092936686
    endloop
  endfacet
  facet normal 0.7071067811865465 0 0.7071067811865485
    outer loop
      vertex 86.11744900929367 28.3 3.9091574123401496
      vertex 86.90915741234015 28.3 3.117449009293667
      vertex 86.11744900929367 39.7 3.9091574123401496
    endloop
  endfacet
  facet normal 0.7071067811865465 0 0.7071067811865485
    outer loop
      vertex 86.90915741234015 39.7 3.117449009293667
      vertex 86.11744900929367 39.7 3.9091574123401496
      vertex 86.90915741234015 28.3 3.117449009293667
    endloop
  endfacet
  facet normal -0.5320320765153391 0 0.8467241992282826
    outer loop
      vertex 79.88255099070633 28.3 3.9091574123401482
      vertex 80.8305813044122 28.3 4.504844339512095
      vertex 79.88255099070633 39.7 3.9091574123401482
    endloop
  endfacet
  facet normal -0.5320320765153391 0 0.8467241992282826
    outer loop
      vertex 80.8305813044122 28.3 4.504844339512095
      vertex 80.8305813044122 39.7 4.504844339512095
      vertex 79.88255099070633 39.7 3.9091574123401482
    endloop
  endfacet
  facet normal 0.5320320765153382 0 0.8467241992282831
    outer loop
      vertex 85.1694186955878 28.3 4.504844339512095
      vertex 86.11744900929367 28.3 3.9091574123401496
      vertex 85.1694186955878 39.7 4.504844339512095
    endloop
  endfacet
  facet normal 0.5320320765153382 0 0.8467241992282831
    outer loop
      vertex 86.11744900929367 28.3 3.9091574123401496
      vertex 86.11744900929367 39.7 3.9091574123401496
      vertex 85.1694186955878 39.7 4.504844339512095
    endloop
  endfacet
  facet normal -0.3302790619551677 0 0.9438833303083674
    outer loop
      vertex 80.8305813044122 28.3 4.504844339512095
      vertex 81.88739533021842 28.3 4.874639560909118
      vertex 80.8305813044122 39.7 4.504844339512095
    endloop
  endfacet
  facet normal -0.1119644761033072 0 0.9937122098932427
    outer loop
      vertex 81.88739533021842 28.3 4.874639560909118
      vertex 83 28.3 5
      vertex 81.88739533021842 39.7 4.874639560909118
    endloop
  endfacet
  facet normal -0.3302790619551677 0 0.9438833303083674
    outer loop
      vertex 81.88739533021842 28.3 4.874639560909118
      vertex 81.88739533021842 39.7 4.874639560909118
      vertex 80.8305813044122 39.7 4.504844339512095
    endloop
  endfacet
  facet normal -0.1119644761033072 0 0.9937122098932427
    outer loop
      vertex 83 28.3 5
      vertex 83 39.7 5
      vertex 81.88739533021842 39.7 4.874639560909118
    endloop
  endfacet
  facet normal 0.3302790619551677 0 0.9438833303083674
    outer loop
      vertex 84.11260466978158 28.3 4.874639560909118
      vertex 85.1694186955878 28.3 4.504844339512095
      vertex 84.11260466978158 39.7 4.874639560909118
    endloop
  endfacet
  facet normal 0.1119644761033072 0 0.9937122098932427
    outer loop
      vertex 83 28.3 5
      vertex 84.11260466978158 28.3 4.874639560909118
      vertex 83 39.7 5
    endloop
  endfacet
  facet normal 0.3302790619551677 0 0.9438833303083674
    outer loop
      vertex 85.1694186955878 28.3 4.504844339512095
      vertex 85.1694186955878 39.7 4.504844339512095
      vertex 84.11260466978158 39.7 4.874639560909118
    endloop
  endfacet
  facet normal 0.1119644761033072 0 0.9937122098932427
    outer loop
      vertex 84.11260466978158 28.3 4.874639560909118
      vertex 84.11260466978158 39.7 4.874639560909118
      vertex 83 39.7 5
    endloop
  endfacet
  facet normal -0.1119644761033072 8.786019352180847e-20 -0.9937122098932427
    outer loop
      vertex 81.88739533021842 52.3 -4.874639560909118
      vertex 83 63.7 -5
      vertex 83 52.3 -5
    endloop
  endfacet
  facet normal -0.33027906195516704 0 -0.9438833303083676
    outer loop
      vertex 81.88739533021842 52.3 -4.874639560909118
      vertex 80.8305813044122 52.3 -4.504844339512096
      vertex 81.88739533021842 63.7 -4.874639560909118
    endloop
  endfacet
  facet normal 0.1119644761033072 0 -0.9937122098932427
    outer loop
      vertex 84.11260466978158 52.3 -4.874639560909118
      vertex 83 52.3 -5
      vertex 84.11260466978158 63.7 -4.874639560909118
    endloop
  endfacet
  facet normal 0.33027906195516704 1.0858638005661715e-18 -0.9438833303083676
    outer loop
      vertex 84.11260466978158 52.3 -4.874639560909118
      vertex 85.1694186955878 63.7 -4.504844339512096
      vertex 85.1694186955878 52.3 -4.504844339512096
    endloop
  endfacet
  facet normal -0.5320320765153397 0 -0.8467241992282821
    outer loop
      vertex 80.8305813044122 52.3 -4.504844339512096
      vertex 79.88255099070633 52.3 -3.9091574123401482
      vertex 80.8305813044122 63.7 -4.504844339512096
    endloop
  endfacet
  facet normal 0.5320320765153391 0 -0.8467241992282826
    outer loop
      vertex 86.11744900929367 52.3 -3.909157412340149
      vertex 85.1694186955878 52.3 -4.504844339512096
      vertex 86.11744900929367 63.7 -3.909157412340149
    endloop
  endfacet
  facet normal -0.1119644761033072 0 -0.9937122098932427
    outer loop
      vertex 81.88739533021842 52.3 -4.874639560909118
      vertex 81.88739533021842 63.7 -4.874639560909118
      vertex 83 63.7 -5
    endloop
  endfacet
  facet normal -0.33027906195516704 0 -0.9438833303083676
    outer loop
      vertex 80.8305813044122 52.3 -4.504844339512096
      vertex 80.8305813044122 63.7 -4.504844339512096
      vertex 81.88739533021842 63.7 -4.874639560909118
    endloop
  endfacet
  facet normal 0.1119644761033072 0 -0.9937122098932427
    outer loop
      vertex 83 52.3 -5
      vertex 83 63.7 -5
      vertex 84.11260466978158 63.7 -4.874639560909118
    endloop
  endfacet
  facet normal 0.33027906195516704 0 -0.9438833303083676
    outer loop
      vertex 84.11260466978158 52.3 -4.874639560909118
      vertex 84.11260466978158 63.7 -4.874639560909118
      vertex 85.1694186955878 63.7 -4.504844339512096
    endloop
  endfacet
  facet normal -0.5320320765153397 0 -0.8467241992282821
    outer loop
      vertex 79.88255099070633 52.3 -3.9091574123401482
      vertex 79.88255099070633 63.7 -3.9091574123401482
      vertex 80.8305813044122 63.7 -4.504844339512096
    endloop
  endfacet
  facet normal 0.5320320765153391 0 -0.8467241992282826
    outer loop
      vertex 85.1694186955878 52.3 -4.504844339512096
      vertex 85.1694186955878 63.7 -4.504844339512096
      vertex 86.11744900929367 63.7 -3.909157412340149
    endloop
  endfacet
  facet normal -0.7071067811865451 0 -0.70710678118655
    outer loop
      vertex 79.88255099070633 52.3 -3.9091574123401482
      vertex 79.09084258765985 52.3 -3.1174490092936686
      vertex 79.88255099070633 63.7 -3.9091574123401482
    endloop
  endfacet
  facet normal 0.7071067811865461 0 -0.7071067811865489
    outer loop
      vertex 86.90915741234015 63.7 -3.1174490092936673
      vertex 86.90915741234015 52.3 -3.1174490092936673
      vertex 86.11744900929367 52.3 -3.909157412340149
    endloop
  endfacet
  facet normal 0.8467241992282868 0 -0.5320320765153325
    outer loop
      vertex 86.90915741234015 63.7 -3.1174490092936673
      vertex 87.50484433951209 52.3 -2.1694186955877908
      vertex 86.90915741234015 52.3 -3.1174490092936673
    endloop
  endfacet
  facet normal -0.7071067811865451 0 -0.70710678118655
    outer loop
      vertex 79.09084258765985 52.3 -3.1174490092936686
      vertex 79.09084258765985 63.7 -3.1174490092936686
      vertex 79.88255099070633 63.7 -3.9091574123401482
    endloop
  endfacet
  facet normal 0.7071067811865461 0 -0.7071067811865489
    outer loop
      vertex 86.11744900929367 52.3 -3.909157412340149
      vertex 86.11744900929367 63.7 -3.909157412340149
      vertex 86.90915741234015 63.7 -3.1174490092936673
    endloop
  endfacet
  facet normal -0.846724199228287 0 -0.5320320765153321
    outer loop
      vertex 79.09084258765985 52.3 -3.1174490092936686
      vertex 78.49515566048791 63.7 -2.169418695587791
      vertex 79.09084258765985 63.7 -3.1174490092936686
    endloop
  endfacet
  facet normal -0.846724199228287 2.94276282033259e-18 -0.5320320765153321
    outer loop
      vertex 79.09084258765985 52.3 -3.1174490092936686
      vertex 78.49515566048791 52.3 -2.169418695587791
      vertex 78.49515566048791 63.7 -2.169418695587791
    endloop
  endfacet
  facet normal -0.9438833303083665 -1.1915587232522595e-18 -0.3302790619551705
    outer loop
      vertex 78.49515566048791 52.3 -2.169418695587791
      vertex 78.12536043909088 52.3 -1.1126046697815724
      vertex 78.12536043909088 63.7 -1.1126046697815724
    endloop
  endfacet
  facet normal 0.9438833303083665 1.1915587232522595e-18 -0.3302790619551705
    outer loop
      vertex 87.87463956090912 52.3 -1.112604669781572
      vertex 87.50484433951209 52.3 -2.1694186955877908
      vertex 87.50484433951209 63.7 -2.1694186955877908
    endloop
  endfacet
  facet normal 0.8467241992282868 -9.030150824876821e-19 -0.5320320765153325
    outer loop
      vertex 86.90915741234015 63.7 -3.1174490092936673
      vertex 87.50484433951209 63.7 -2.1694186955877908
      vertex 87.50484433951209 52.3 -2.1694186955877908
    endloop
  endfacet
  facet normal -0.9438833303083665 0 -0.3302790619551705
    outer loop
      vertex 78.49515566048791 52.3 -2.169418695587791
      vertex 78.12536043909088 63.7 -1.1126046697815724
      vertex 78.49515566048791 63.7 -2.169418695587791
    endloop
  endfacet
  facet normal 0.9438833303083665 0 -0.3302790619551705
    outer loop
      vertex 87.87463956090912 52.3 -1.112604669781572
      vertex 87.50484433951209 63.7 -2.1694186955877908
      vertex 87.87463956090912 63.7 -1.112604669781572
    endloop
  endfacet
  facet normal 0.9937122098932424 0 -0.11196447610330908
    outer loop
      vertex 87.87463956090912 63.7 -1.112604669781572
      vertex 88 52.3 0
      vertex 87.87463956090912 52.3 -1.112604669781572
    endloop
  endfacet
  facet normal -0.9937122098932425 -2.8009875978648084e-19 -0.11196447610330905
    outer loop
      vertex 78.12536043909088 52.3 -1.1126046697815724
      vertex 78 52.3 0
      vertex 78 63.7 0
    endloop
  endfacet
  facet normal -0.9937122098932425 0 -0.11196447610330905
    outer loop
      vertex 78.12536043909088 52.3 -1.1126046697815724
      vertex 78 63.7 0
      vertex 78.12536043909088 63.7 -1.1126046697815724
    endloop
  endfacet
  facet normal 0.9937122098932424 2.6755819768689104e-19 -0.11196447610330908
    outer loop
      vertex 87.87463956090912 63.7 -1.112604669781572
      vertex 88 63.7 0
      vertex 88 52.3 0
    endloop
  endfacet
  facet normal 0.9937122098932425 0 0.1119644761033093
    outer loop
      vertex 88 63.7 0
      vertex 87.87463956090912 52.3 1.11260466978157
      vertex 88 52.3 0
    endloop
  endfacet
  facet normal 0.9937122098932425 0 0.1119644761033093
    outer loop
      vertex 87.87463956090912 52.3 1.11260466978157
      vertex 88 63.7 0
      vertex 87.87463956090912 63.7 1.11260466978157
    endloop
  endfacet
  facet normal 0.9438833303083666 1.978948669528916e-18 0.3302790619551698
    outer loop
      vertex 87.50484433951209 52.3 2.169418695587791
      vertex 87.87463956090912 52.3 1.11260466978157
      vertex 87.87463956090912 63.7 1.11260466978157
    endloop
  endfacet
  facet normal 0.8467241992282866 0 0.5320320765153328
    outer loop
      vertex 87.50484433951209 63.7 2.169418695587791
      vertex 86.90915741234015 52.3 3.117449009293667
      vertex 87.50484433951209 52.3 2.169418695587791
    endloop
  endfacet
  facet normal 0.9438833303083666 0 0.3302790619551698
    outer loop
      vertex 87.50484433951209 52.3 2.169418695587791
      vertex 87.87463956090912 63.7 1.11260466978157
      vertex 87.50484433951209 63.7 2.169418695587791
    endloop
  endfacet
  facet normal -0.846724199228303 0 0.5320320765153065
    outer loop
      vertex 79.09084258765985 52.3 3.1174490092936686
      vertex 79.09084258765985 63.7 3.1174490092936686
      vertex 79.01704448391352 52.3 3
    endloop
  endfacet
  facet normal -0.7071067811865451 0 0.70710678118655
    outer loop
      vertex 79.09084258765985 52.3 3.1174490092936686
      vertex 79.88255099070633 52.3 3.9091574123401482
      vertex 79.09084258765985 63.7 3.1174490092936686
    endloop
  endfacet
  facet normal 0.7071067811865465 0 0.7071067811865485
    outer loop
      vertex 86.11744900929367 52.3 3.9091574123401496
      vertex 86.90915741234015 52.3 3.117449009293667
      vertex 86.11744900929367 63.7 3.9091574123401496
    endloop
  endfacet
  facet normal -0.846724199228303 0 0.5320320765153065
    outer loop
      vertex 79.01704448391352 63.7 3
      vertex 79.01704448391352 52.3 3
      vertex 79.09084258765985 63.7 3.1174490092936686
    endloop
  endfacet
  facet normal 0.8467241992282866 -1.1367326553572286e-18 0.5320320765153328
    outer loop
      vertex 87.50484433951209 63.7 2.169418695587791
      vertex 86.90915741234015 63.7 3.117449009293667
      vertex 86.90915741234015 52.3 3.117449009293667
    endloop
  endfacet
  facet normal -0.7071067811865451 0 0.70710678118655
    outer loop
      vertex 79.88255099070633 52.3 3.9091574123401482
      vertex 79.88255099070633 63.7 3.9091574123401482
      vertex 79.09084258765985 63.7 3.1174490092936686
    endloop
  endfacet
  facet normal 0.7071067811865465 0 0.7071067811865485
    outer loop
      vertex 86.90915741234015 63.7 3.117449009293667
      vertex 86.11744900929367 63.7 3.9091574123401496
      vertex 86.90915741234015 52.3 3.117449009293667
    endloop
  endfacet
  facet normal -0.5320320765153391 0 0.8467241992282826
    outer loop
      vertex 79.88255099070633 52.3 3.9091574123401482
      vertex 80.8305813044122 52.3 4.504844339512095
      vertex 79.88255099070633 63.7 3.9091574123401482
    endloop
  endfacet
  facet normal 0.5320320765153382 0 0.8467241992282831
    outer loop
      vertex 85.1694186955878 52.3 4.504844339512095
      vertex 86.11744900929367 52.3 3.9091574123401496
      vertex 85.1694186955878 63.7 4.504844339512095
    endloop
  endfacet
  facet normal -0.33027906195516776 6.902057585983639e-19 0.9438833303083674
    outer loop
      vertex 81.88739533021842 52.3 4.874639560909118
      vertex 80.8305813044122 63.7 4.504844339512095
      vertex 80.8305813044122 52.3 4.504844339512095
    endloop
  endfacet
  facet normal -0.1119644761033072 0 0.9937122098932427
    outer loop
      vertex 81.88739533021842 52.3 4.874639560909118
      vertex 83 52.3 5
      vertex 81.88739533021842 63.7 4.874639560909118
    endloop
  endfacet
  facet normal 0.33027906195516776 0 0.9438833303083674
    outer loop
      vertex 84.11260466978158 52.3 4.874639560909118
      vertex 85.1694186955878 52.3 4.504844339512095
      vertex 84.11260466978158 63.7 4.874639560909118
    endloop
  endfacet
  facet normal 0.1119644761033072 8.786019352180847e-20 0.9937122098932427
    outer loop
      vertex 84.11260466978158 52.3 4.874639560909118
      vertex 83 63.7 5
      vertex 83 52.3 5
    endloop
  endfacet
  facet normal -0.5320320765153391 0 0.8467241992282826
    outer loop
      vertex 80.8305813044122 52.3 4.504844339512095
      vertex 80.8305813044122 63.7 4.504844339512095
      vertex 79.88255099070633 63.7 3.9091574123401482
    endloop
  endfacet
  facet normal 0.5320320765153382 0 0.8467241992282831
    outer loop
      vertex 86.11744900929367 52.3 3.9091574123401496
      vertex 86.11744900929367 63.7 3.9091574123401496
      vertex 85.1694186955878 63.7 4.504844339512095
    endloop
  endfacet
  facet normal -0.33027906195516776 0 0.9438833303083674
    outer loop
      vertex 81.88739533021842 52.3 4.874639560909118
      vertex 81.88739533021842 63.7 4.874639560909118
      vertex 80.8305813044122 63.7 4.504844339512095
    endloop
  endfacet
  facet normal -0.1119644761033072 0 0.9937122098932427
    outer loop
      vertex 83 52.3 5
      vertex 83 63.7 5
      vertex 81.88739533021842 63.7 4.874639560909118
    endloop
  endfacet
  facet normal 0.33027906195516776 0 0.9438833303083674
    outer loop
      vertex 85.1694186955878 52.3 4.504844339512095
      vertex 85.1694186955878 63.7 4.504844339512095
      vertex 84.11260466978158 63.7 4.874639560909118
    endloop
  endfacet
  facet normal 0.1119644761033072 0 0.9937122098932427
    outer loop
      vertex 84.11260466978158 52.3 4.874639560909118
      vertex 84.11260466978158 63.7 4.874639560909118
      vertex 83 63.7 5
    endloop
  endfacet
  facet normal 0 -1 0
    outer loop
      vertex 9.577210225483002 -5.600000000000001 -3.8523630331454646
      vertex 10 -5.600000000000001 -3.9
      vertex 10.422789774516998 -5.600000000000001 -3.8523630331454646
    endloop
  endfacet
  facet normal 0 -1 0
    outer loop
      vertex 9.577210225483002 -5.600000000000001 -3.8523630331454646
      vertex 10.82437910432336 -5.600000000000001 -3.711840849014596
      vertex 9.17562089567664 -5.600000000000001 -3.711840849014596
    endloop
  endfacet
  facet normal 0 -1 0
    outer loop
      vertex 9.577210225483002 -5.600000000000001 -3.8523630331454646
      vertex 10.422789774516998 -5.600000000000001 -3.8523630331454646
      vertex 10.82437910432336 -5.600000000000001 -3.711840849014596
    endloop
  endfacet
  facet normal -0.11196447610330816 -1.592079318667745e-19 -0.9937122098932427
    outer loop
      vertex 9.577210225483002 -5.600000000000001 -3.8523630331454646
      vertex 10 5.600000000000001 -3.9
      vertex 10 -5.600000000000001 -3.9
    endloop
  endfacet
  facet normal -0.33027906195516854 0 -0.943883330308367
    outer loop
      vertex 9.577210225483002 -5.600000000000001 -3.8523630331454646
      vertex 9.17562089567664 -5.600000000000001 -3.711840849014596
      vertex 9.577210225483002 5.6 -3.8523630331454646
    endloop
  endfacet
  facet normal 0.11196447610330813 1.592079318667745e-19 -0.9937122098932425
    outer loop
      vertex 10 -5.600000000000001 -3.9
      vertex 10.422789774516998 5.6 -3.8523630331454646
      vertex 10.422789774516998 -5.600000000000001 -3.8523630331454646
    endloop
  endfacet
  facet normal 0.33027906195516854 -4.929205898726111e-19 -0.943883330308367
    outer loop
      vertex 10.422789774516998 -5.600000000000001 -3.8523630331454646
      vertex 10.82437910432336 5.6 -3.711840849014596
      vertex 10.82437910432336 -5.600000000000001 -3.711840849014596
    endloop
  endfacet
  facet normal -0.11196447610330813 0 -0.9937122098932425
    outer loop
      vertex 9.577210225483002 -5.600000000000001 -3.8523630331454646
      vertex 9.577210225483002 5.6 -3.8523630331454646
      vertex 10 5.600000000000001 -3.9
    endloop
  endfacet
  facet normal 0.11196447610330816 0 -0.9937122098932427
    outer loop
      vertex 10 -5.600000000000001 -3.9
      vertex 10 5.600000000000001 -3.9
      vertex 10.422789774516998 5.6 -3.8523630331454646
    endloop
  endfacet
  facet normal -0.33027906195516854 4.92920589872611e-19 -0.9438833303083671
    outer loop
      vertex 9.577210225483002 5.6 -3.8523630331454646
      vertex 9.17562089567664 -5.600000000000001 -3.711840849014596
      vertex 9.17562089567664 5.600000000000001 -3.711840849014596
    endloop
  endfacet
  facet normal 0.33027906195516854 0 -0.943883330308367
    outer loop
      vertex 10.422789774516998 -5.600000000000001 -3.8523630331454646
      vertex 10.422789774516998 5.6 -3.8523630331454646
      vertex 10.82437910432336 5.6 -3.711840849014596
    endloop
  endfacet
  facet normal 0 1 3.728946145594344e-14
    outer loop
      vertex 9.577210225483002 5.6 -3.8523630331454646
      vertex 10.422789774516998 5.6 -3.8523630331454646
      vertex 10 5.600000000000001 -3.9
    endloop
  endfacet
  facet normal 0 1 -1.2641113219147844e-14
    outer loop
      vertex 9.577210225483002 5.6 -3.8523630331454646
      vertex 9.17562089567664 5.600000000000001 -3.711840849014596
      vertex 10.422789774516998 5.6 -3.8523630331454646
    endloop
  endfacet
  facet normal 1.0773907478272775e-15 1 -3.0790058597195275e-15
    outer loop
      vertex 10.422789774516998 5.6 -3.8523630331454646
      vertex 9.17562089567664 5.600000000000001 -3.711840849014596
      vertex 10.82437910432336 5.6 -3.711840849014596
    endloop
  endfacet
  facet normal 0 -1 0
    outer loop
      vertex 9.17562089567664 -5.600000000000001 -3.711840849014596
      vertex 10.82437910432336 -5.600000000000001 -3.711840849014596
      vertex 11.184630623531593 -5.600000000000001 -3.4854798166892564
    endloop
  endfacet
  facet normal -7.497513588263556e-16 -1 6.654227354776037e-15
    outer loop
      vertex 8.815369376468405 -5.6 -3.4854798166892564
      vertex 9.17562089567664 -5.600000000000001 -3.711840849014596
      vertex 11.184630623531593 -5.600000000000001 -3.4854798166892564
    endloop
  endfacet
  facet normal 0.532032076515336 -1.420865216165076e-18 -0.8467241992282846
    outer loop
      vertex 10.82437910432336 -5.600000000000001 -3.711840849014596
      vertex 11.184630623531593 5.6 -3.4854798166892564
      vertex 11.184630623531593 -5.600000000000001 -3.4854798166892564
    endloop
  endfacet
  facet normal -0.7071067811865486 -1.449426215878767e-18 -0.7071067811865466
    outer loop
      vertex 8.815369376468405 -5.6 -3.4854798166892564
      vertex 8.514520183310744 -5.6 -3.1846306235315938
      vertex 8.514520183310744 5.600000000000001 -3.1846306235315938
    endloop
  endfacet
  facet normal -5.979067569424411e-16 -1 -5.979067569424394e-16
    outer loop
      vertex 8.815369376468405 -5.6 -3.4854798166892564
      vertex 11.485479816689256 -5.600000000000001 -3.1846306235315938
      vertex 8.514520183310744 -5.6 -3.1846306235315938
    endloop
  endfacet
  facet normal -7.497513588263555e-16 -1 7.4975135882635765e-16
    outer loop
      vertex 8.815369376468405 -5.6 -3.4854798166892564
      vertex 11.184630623531593 -5.600000000000001 -3.4854798166892564
      vertex 11.485479816689256 -5.600000000000001 -3.1846306235315938
    endloop
  endfacet
  facet normal 0.7071067811865465 0 -0.7071067811865487
    outer loop
      vertex 11.184630623531593 -5.600000000000001 -3.4854798166892564
      vertex 11.184630623531593 5.6 -3.4854798166892564
      vertex 11.485479816689256 -5.600000000000001 -3.1846306235315938
    endloop
  endfacet
  facet normal -0.8467241992282843 -7.821467508878007e-19 -0.5320320765153363
    outer loop
      vertex 8.514520183310744 -5.6 -3.1846306235315938
      vertex 8.288159150985404 -5.600000000000001 -2.8243791043233606
      vertex 8.288159150985404 5.600000000000001 -2.8243791043233606
    endloop
  endfacet
  facet normal -5.979067569424411e-16 -1 3.7568971543338756e-16
    outer loop
      vertex 8.514520183310744 -5.6 -3.1846306235315938
      vertex 11.485479816689256 -5.600000000000001 -3.1846306235315938
      vertex 11.711840849014596 -5.600000000000001 -2.82437910432336
    endloop
  endfacet
  facet normal 6.3958936157829e-31 -1 -4.930879523573856e-15
    outer loop
      vertex 8.514520183310744 -5.6 -3.1846306235315938
      vertex 11.711840849014596 -5.600000000000001 -2.82437910432336
      vertex 8.288159150985404 -5.600000000000001 -2.8243791043233606
    endloop
  endfacet
  facet normal -0.9438833303083668 -5.621587756208098e-20 -0.3302790619551691
    outer loop
      vertex 8.288159150985404 -5.600000000000001 -2.8243791043233606
      vertex 8.147636966854535 -5.600000000000001 -2.4227897745169975
      vertex 8.21789805891997 0 -2.623584439420179
    endloop
  endfacet
  facet normal 0 -1 0
    outer loop
      vertex 8.288159150985404 -5.600000000000001 -2.8243791043233606
      vertex 11.711840849014596 -5.600000000000001 -2.82437910432336
      vertex 11.852363033145465 -5.600000000000001 -2.4227897745169975
    endloop
  endfacet
  facet normal 0 -1 0
    outer loop
      vertex 8.288159150985404 -5.600000000000001 -2.8243791043233606
      vertex 11.852363033145465 -5.600000000000001 -2.4227897745169975
      vertex 8.147636966854535 -5.600000000000001 -2.4227897745169975
    endloop
  endfacet
  facet normal 0.8467241992282846 0 -0.5320320765153359
    outer loop
      vertex 11.485479816689256 -5.600000000000001 -3.1846306235315938
      vertex 11.485479816689256 5.600000000000001 -3.1846306235315938
      vertex 11.711840849014596 -5.600000000000001 -2.82437910432336
    endloop
  endfacet
  facet normal 0.9438833303083667 1.3161634106078728e-17 -0.3302790619551694
    outer loop
      vertex 11.711840849014596 -5.600000000000001 -2.82437910432336
      vertex 11.78210194108003 0 -2.6235844394201786
      vertex 11.852363033145465 -5.600000000000001 -2.4227897745169975
    endloop
  endfacet
  facet normal -0.532032076515334 0 -0.8467241992282857
    outer loop
      vertex 8.815369376468405 -5.6 -3.4854798166892564
      vertex 8.815369376468405 5.600000000000001 -3.4854798166892564
      vertex 9.17562089567664 5.600000000000001 -3.711840849014596
    endloop
  endfacet
  facet normal 0.532032076515336 0 -0.8467241992282846
    outer loop
      vertex 10.82437910432336 -5.600000000000001 -3.711840849014596
      vertex 10.82437910432336 5.6 -3.711840849014596
      vertex 11.184630623531593 5.6 -3.4854798166892564
    endloop
  endfacet
  facet normal -0.7071067811865486 0 -0.7071067811865466
    outer loop
      vertex 8.815369376468405 -5.6 -3.4854798166892564
      vertex 8.514520183310744 5.600000000000001 -3.1846306235315938
      vertex 8.815369376468405 5.600000000000001 -3.4854798166892564
    endloop
  endfacet
  facet normal 0.7071067811865465 0 -0.7071067811865486
    outer loop
      vertex 11.485479816689256 -5.600000000000001 -3.1846306235315938
      vertex 11.184630623531593 5.6 -3.4854798166892564
      vertex 11.485479816689256 5.600000000000001 -3.1846306235315938
    endloop
  endfacet
  facet normal 1.0773907478272775e-15 1 1.7146575525765743e-15
    outer loop
      vertex 8.815369376468405 5.600000000000001 -3.4854798166892564
      vertex 10.82437910432336 5.6 -3.711840849014596
      vertex 9.17562089567664 5.600000000000001 -3.711840849014596
    endloop
  endfacet
  facet normal 7.497513588263556e-16 1 -1.1932224520757161e-15
    outer loop
      vertex 8.815369376468405 5.600000000000001 -3.4854798166892564
      vertex 11.184630623531593 5.6 -3.4854798166892564
      vertex 10.82437910432336 5.6 -3.711840849014596
    endloop
  endfacet
  facet normal 7.497513588263555e-16 1 7.497513588263533e-16
    outer loop
      vertex 8.815369376468405 5.600000000000001 -3.4854798166892564
      vertex 8.514520183310744 5.600000000000001 -3.1846306235315938
      vertex 11.184630623531593 5.6 -3.4854798166892564
    endloop
  endfacet
  facet normal 0 1 -5.9044759959496875e-15
    outer loop
      vertex 11.184630623531593 5.6 -3.4854798166892564
      vertex 8.514520183310744 5.600000000000001 -3.1846306235315938
      vertex 11.485479816689256 5.600000000000001 -3.1846306235315938
    endloop
  endfacet
  facet normal 0 1 0
    outer loop
      vertex 8.514520183310744 5.600000000000001 -3.1846306235315938
      vertex 10 5.600000000000001 -3.1
      vertex 11.485479816689256 5.600000000000001 -3.1846306235315938
    endloop
  endfacet
  facet normal -0.8467241992282842 0 -0.5320320765153365
    outer loop
      vertex 8.514520183310744 -5.6 -3.1846306235315938
      vertex 8.288159150985404 5.600000000000001 -2.8243791043233606
      vertex 8.514520183310744 5.600000000000001 -3.1846306235315938
    endloop
  endfacet
  facet normal -0.9438833303083668 2.810793878104049e-20 -0.3302790619551691
    outer loop
      vertex 8.21789805891997 0 -2.623584439420179
      vertex 8.147636966854535 5.600000000000001 -2.4227897745169975
      vertex 8.288159150985404 5.600000000000001 -2.8243791043233606
    endloop
  endfacet
  facet normal 0 1 0
    outer loop
      vertex 8.514520183310744 5.600000000000001 -3.1846306235315938
      vertex 8.288159150985404 5.600000000000001 -2.8243791043233606
      vertex 9.522727886970687 5.600000000000001 -2.991065754692661
    endloop
  endfacet
  facet normal 0 1 0
    outer loop
      vertex 8.514520183310744 5.600000000000001 -3.1846306235315938
      vertex 9.755226972648053 5.600000000000001 -3.072420703400006
      vertex 10 5.600000000000001 -3.1
    endloop
  endfacet
  facet normal 0 1 0
    outer loop
      vertex 8.514520183310744 5.600000000000001 -3.1846306235315938
      vertex 9.522727886970687 5.600000000000001 -2.991065754692661
      vertex 9.755226972648053 5.600000000000001 -3.072420703400006
    endloop
  endfacet
  facet normal 0 1 0
    outer loop
      vertex 11.485479816689256 5.600000000000001 -3.1846306235315938
      vertex 10 5.600000000000001 -3.1
      vertex 10.244773027351947 5.600000000000001 -3.072420703400006
    endloop
  endfacet
  facet normal 0 1 0
    outer loop
      vertex 11.485479816689256 5.600000000000001 -3.1846306235315938
      vertex 10.244773027351947 5.600000000000001 -3.072420703400006
      vertex 10.477272113029313 5.600000000000001 -2.991065754692661
    endloop
  endfacet
  facet normal 9.966504329878589e-16 1 5.191182937387814e-15
    outer loop
      vertex 11.485479816689256 5.600000000000001 -3.1846306235315938
      vertex 10.477272113029313 5.600000000000001 -2.991065754692661
      vertex 10.685838782044607 5.6000000000000005 -2.860014630714833
    endloop
  endfacet
  facet normal 1.1654865006405249e-15 1 8.632204155016648e-15
    outer loop
      vertex 8.288159150985404 5.600000000000001 -2.8243791043233606
      vertex 9.314161217955393 5.6000000000000005 -2.860014630714833
      vertex 9.522727886970687 5.600000000000001 -2.991065754692661
    endloop
  endfacet
  facet normal 6.823550522143867e-16 1 4.416965126105792e-15
    outer loop
      vertex 11.485479816689256 5.600000000000001 -3.1846306235315938
      vertex 10.685838782044607 5.6000000000000005 -2.860014630714833
      vertex 10.860014630714833 5.6 -2.685838782044607
    endloop
  endfacet
  facet normal 7.275987495609491e-16 1 4.4736989281075956e-15
    outer loop
      vertex 11.485479816689256 5.600000000000001 -3.1846306235315938
      vertex 10.860014630714833 5.6 -2.685838782044607
      vertex 11.711840849014596 5.6 -2.82437910432336
    endloop
  endfacet
  facet normal 7.133333285819146e-16 1 -4.385986849738275e-15
    outer loop
      vertex 8.288159150985404 5.600000000000001 -2.8243791043233606
      vertex 9.139985369285167 5.600000000000001 -2.6858387820446072
      vertex 9.314161217955393 5.6000000000000005 -2.860014630714833
    endloop
  endfacet
  facet normal 0 1 0
    outer loop
      vertex 8.288159150985404 5.600000000000001 -2.8243791043233606
      vertex 8.147636966854535 5.600000000000001 -2.4227897745169975
      vertex 9.139985369285167 5.600000000000001 -2.6858387820446072
    endloop
  endfacet
  facet normal 0 1 0
    outer loop
      vertex 8.147636966854535 5.600000000000001 -2.4227897745169975
      vertex 9.008934245307339 5.600000000000001 -2.477272113029314
      vertex 9.139985369285167 5.600000000000001 -2.6858387820446072
    endloop
  endfacet
  facet normal -1.2567614765143688e-15 1 -7.727298148549497e-15
    outer loop
      vertex 11.711840849014596 5.6 -2.82437910432336
      vertex 10.860014630714833 5.6 -2.685838782044607
      vertex 10.991065754692661 5.600000000000001 -2.477272113029314
    endloop
  endfacet
  facet normal 3.683485307771469e-15 1 2.531230003367732e-15
    outer loop
      vertex 11.711840849014596 5.6 -2.82437910432336
      vertex 10.991065754692661 5.600000000000001 -2.477272113029314
      vertex 11.072420703400006 5.6000000000000005 -2.244773027351946
    endloop
  endfacet
  facet normal 0.8467241992282846 0 -0.532032076515336
    outer loop
      vertex 11.711840849014596 -5.600000000000001 -2.82437910432336
      vertex 11.485479816689256 5.600000000000001 -3.1846306235315938
      vertex 11.711840849014596 5.6 -2.82437910432336
    endloop
  endfacet
  facet normal 0.9438833303083667 -1.313352616729769e-17 -0.3302790619551694
    outer loop
      vertex 11.78210194108003 0 -2.6235844394201786
      vertex 11.711840849014596 5.6 -2.82437910432336
      vertex 11.852363033145465 5.600000000000001 -2.4227897745169975
    endloop
  endfacet
  facet normal 0 -1 0
    outer loop
      vertex 8.147636966854535 -5.600000000000001 -2.4227897745169975
      vertex 11.852363033145465 -5.600000000000001 -2.4227897745169975
      vertex 11.9 -5.600000000000001 -2
    endloop
  endfacet
  facet normal -0.9937122098932426 -2.945553662369353e-21 -0.11196447610330723
    outer loop
      vertex 8.147636966854535 -5.600000000000001 -2.4227897745169975
      vertex 8.1 -5.600000000000001 -2
      vertex 8.1 5.600000000000001 -2
    endloop
  endfacet
  facet normal 0 -1 0
    outer loop
      vertex 8.147636966854535 -5.600000000000001 -2.4227897745169975
      vertex 11.9 -5.600000000000001 -2
      vertex 8.1 -5.600000000000001 -2
    endloop
  endfacet
  facet normal 0.9937122098932426 0 -0.11196447610330723
    outer loop
      vertex 11.852363033145465 -5.600000000000001 -2.4227897745169975
      vertex 11.852363033145465 5.600000000000001 -2.4227897745169975
      vertex 11.9 -5.600000000000001 -2
    endloop
  endfacet
  facet normal 0 -1 0
    outer loop
      vertex 8.1 -5.600000000000001 -2
      vertex 11.9 -5.600000000000001 -2
      vertex 11.852363033145465 -5.600000000000001 -1.5772102254830034
    endloop
  endfacet
  facet normal -4.794839908848337e-16 -1 4.2555381204210696e-15
    outer loop
      vertex 8.1 -5.600000000000001 -2
      vertex 11.852363033145465 -5.600000000000001 -1.5772102254830034
      vertex 8.147636966854535 -5.6 -1.5772102254830025
    endloop
  endfacet
  facet normal -4.794839908848348e-16 -1 -1.6777870489589679e-16
    outer loop
      vertex 8.147636966854535 -5.6 -1.5772102254830025
      vertex 11.852363033145465 -5.600000000000001 -1.5772102254830034
      vertex 11.711840849014596 -5.600000000000001 -1.1756208956766394
    endloop
  endfacet
  facet normal -5.188440386916788e-16 -1 1.8155138129638826e-16
    outer loop
      vertex 8.147636966854535 -5.6 -1.5772102254830025
      vertex 11.711840849014596 -5.600000000000001 -1.1756208956766394
      vertex 8.288159150985404 -5.6 -1.1756208956766394
    endloop
  endfacet
  facet normal -0.9438833303083668 -2.810793878104049e-20 -0.3302790619551691
    outer loop
      vertex 8.21789805891997 0 -2.623584439420179
      vertex 8.147636966854535 -5.600000000000001 -2.4227897745169975
      vertex 8.147636966854535 5.600000000000001 -2.4227897745169975
    endloop
  endfacet
  facet normal -0.9937122098932426 0 -0.11196447610330723
    outer loop
      vertex 8.147636966854535 -5.600000000000001 -2.4227897745169975
      vertex 8.1 5.600000000000001 -2
      vertex 8.147636966854535 5.600000000000001 -2.4227897745169975
    endloop
  endfacet
  facet normal 0 1 0
    outer loop
      vertex 8.147636966854535 5.600000000000001 -2.4227897745169975
      vertex 8.927579296599994 5.600000000000001 -2.244773027351946
      vertex 9.008934245307339 5.600000000000001 -2.477272113029314
    endloop
  endfacet
  facet normal 0 1 0
    outer loop
      vertex 8.147636966854535 5.600000000000001 -2.4227897745169975
      vertex 8.1 5.600000000000001 -2
      vertex 8.927579296599994 5.600000000000001 -2.244773027351946
    endloop
  endfacet
  facet normal -3.027880976250427e-16 1 3.662695649722888e-15
    outer loop
      vertex 11.852363033145465 5.600000000000001 -2.4227897745169975
      vertex 11.072420703400006 5.6000000000000005 -2.244773027351946
      vertex 11.1 5.6 -2
    endloop
  endfacet
  facet normal 0 1 0
    outer loop
      vertex 8.1 5.600000000000001 -2
      vertex 8.9 5.600000000000001 -2
      vertex 8.927579296599994 5.600000000000001 -2.244773027351946
    endloop
  endfacet
  facet normal 0 1 0
    outer loop
      vertex 11.9 5.6 -2
      vertex 11.1 5.6 -2
      vertex 11.072420703400006 5.6 -1.7552269726480545
    endloop
  endfacet
  facet normal 0.9438833303083667 3.768976964670418e-20 -0.33027906195516976
    outer loop
      vertex 11.78210194108003 0 -2.6235844394201786
      vertex 11.852363033145465 5.600000000000001 -2.4227897745169975
      vertex 11.852363033145465 -5.600000000000001 -2.4227897745169975
    endloop
  endfacet
  facet normal 0.9937122098932426 0 -0.11196447610330723
    outer loop
      vertex 11.9 -5.600000000000001 -2
      vertex 11.852363033145465 5.600000000000001 -2.4227897745169975
      vertex 11.9 5.6 -2
    endloop
  endfacet
  facet normal -1.9894764585987495e-15 1 -3.727168903822036e-15
    outer loop
      vertex 11.711840849014596 5.6 -2.82437910432336
      vertex 11.072420703400006 5.6000000000000005 -2.244773027351946
      vertex 11.852363033145465 5.600000000000001 -2.4227897745169975
    endloop
  endfacet
  facet normal 0 1 4.201513249533037e-15
    outer loop
      vertex 11.852363033145465 5.600000000000001 -2.4227897745169975
      vertex 11.1 5.6 -2
      vertex 11.9 5.6 -2
    endloop
  endfacet
  facet normal 0 1 0
    outer loop
      vertex 8.1 5.600000000000001 -2
      vertex 8.147636966854535 5.600000000000001 -1.5772102254830025
      vertex 8.9 5.600000000000001 -2
    endloop
  endfacet
  facet normal 0 1 0
    outer loop
      vertex 8.147636966854535 5.600000000000001 -1.5772102254830025
      vertex 8.927579296599994 5.600000000000001 -1.755226972648054
      vertex 8.9 5.600000000000001 -2
    endloop
  endfacet
  facet normal 0 1 0
    outer loop
      vertex 11.852363033145465 5.6 -1.5772102254830034
      vertex 11.072420703400006 5.6 -1.7552269726480545
      vertex 10.991065754692661 5.6 -1.522727886970686
    endloop
  endfacet
  facet normal 0 1 0
    outer loop
      vertex 8.147636966854535 5.600000000000001 -1.5772102254830025
      vertex 8.288159150985404 5.600000000000001 -1.1756208956766394
      vertex 8.927579296599994 5.600000000000001 -1.755226972648054
    endloop
  endfacet
  facet normal 0 1 0
    outer loop
      vertex 8.288159150985404 5.600000000000001 -1.1756208956766394
      vertex 9.008934245307339 5.600000000000001 -1.522727886970686
      vertex 8.927579296599994 5.600000000000001 -1.755226972648054
    endloop
  endfacet
  facet normal 0 1 0
    outer loop
      vertex 8.288159150985404 5.600000000000001 -1.1756208956766394
      vertex 9.139985369285167 5.600000000000001 -1.3141612179553928
      vertex 9.008934245307339 5.600000000000001 -1.522727886970686
    endloop
  endfacet
  facet normal 0 1 0
    outer loop
      vertex 11.852363033145465 5.6 -1.5772102254830034
      vertex 10.991065754692661 5.6 -1.522727886970686
      vertex 10.860014630714833 5.6 -1.3141612179553932
    endloop
  endfacet
  facet normal 0 1 0
    outer loop
      vertex 11.852363033145465 5.6 -1.5772102254830034
      vertex 10.860014630714833 5.6 -1.3141612179553932
      vertex 11.711840849014596 5.6 -1.1756208956766394
    endloop
  endfacet
  facet normal 0 1 0
    outer loop
      vertex 11.9 5.6 -2
      vertex 11.072420703400006 5.6 -1.7552269726480545
      vertex 11.852363033145465 5.6 -1.5772102254830034
    endloop
  endfacet
  facet normal -5.188440386916788e-16 -1 -3.260113169605e-16
    outer loop
      vertex 8.288159150985404 -5.6 -1.1756208956766394
      vertex 11.711840849014596 -5.600000000000001 -1.1756208956766394
      vertex 11.485479816689256 -5.600000000000001 -0.8153693764684067
    endloop
  endfacet
  facet normal -5.979067569424411e-16 -1 3.756897154333878e-16
    outer loop
      vertex 8.288159150985404 -5.6 -1.1756208956766394
      vertex 11.485479816689256 -5.600000000000001 -0.8153693764684067
      vertex 8.514520183310744 -5.6 -0.815369376468406
    endloop
  endfacet
  facet normal -5.979067569424413e-16 -1 -5.979067569424417e-16
    outer loop
      vertex 8.514520183310744 -5.6 -0.815369376468406
      vertex 11.485479816689256 -5.600000000000001 -0.8153693764684067
      vertex 11.184630623531593 -5.600000000000001 -0.5145201833107433
    endloop
  endfacet
  facet normal -7.497513588263557e-16 -1 7.49751358826354e-16
    outer loop
      vertex 8.514520183310744 -5.6 -0.815369376468406
      vertex 11.184630623531593 -5.600000000000001 -0.5145201833107433
      vertex 8.815369376468405 -5.6 -0.5145201833107436
    endloop
  endfacet
  facet normal -1.0773907478272751e-15 -1 1.7146575525765623e-15
    outer loop
      vertex 8.815369376468405 -5.6 -0.5145201833107436
      vertex 10.824379104323361 -5.600000000000001 -0.288159150985404
      vertex 9.175620895676639 -5.6 -0.288159150985404
    endloop
  endfacet
  facet normal -7.497513588263555e-16 -1 -1.1932224520757112e-15
    outer loop
      vertex 8.815369376468405 -5.6 -0.5145201833107436
      vertex 11.184630623531593 -5.600000000000001 -0.5145201833107433
      vertex 10.824379104323361 -5.600000000000001 -0.288159150985404
    endloop
  endfacet
  facet normal -1.0773907478272753e-15 -1 -3.0790058597195385e-15
    outer loop
      vertex 9.175620895676639 -5.6 -0.288159150985404
      vertex 10.824379104323361 -5.600000000000001 -0.288159150985404
      vertex 10.422789774516996 -5.600000000000001 -0.14763696685453498
    endloop
  endfacet
  facet normal -2.1007566247665252e-15 -1 6.003617508823962e-15
    outer loop
      vertex 9.175620895676639 -5.6 -0.288159150985404
      vertex 10.422789774516996 -5.600000000000001 -0.14763696685453498
      vertex 9.577210225483004 -5.6 -0.14763696685453498
    endloop
  endfacet
  facet normal -2.1007566247665252e-15 -1 1.864473072797189e-14
    outer loop
      vertex 9.577210225483004 -5.6 -0.14763696685453498
      vertex 10.422789774516996 -5.600000000000001 -0.14763696685453498
      vertex 10 -5.6 -0.10000000000000009
    endloop
  endfacet
  facet normal 0 1 0
    outer loop
      vertex 8.288159150985404 5.600000000000001 -1.1756208956766394
      vertex 8.514520183310744 5.600000000000001 -0.815369376468406
      vertex 9.139985369285167 5.600000000000001 -1.3141612179553928
    endloop
  endfacet
  facet normal 7.133333285819151e-16 1 -4.385986849738263e-15
    outer loop
      vertex 11.711840849014596 5.6 -1.1756208956766394
      vertex 10.860014630714833 5.6 -1.3141612179553932
      vertex 10.685838782044607 5.6000000000000005 -1.1399853692851671
    endloop
  endfacet
  facet normal 9.163200265379927e-16 1 1.4583149681292833e-15
    outer loop
      vertex 11.711840849014596 5.6 -1.1756208956766394
      vertex 10.685838782044607 5.6000000000000005 -1.1399853692851671
      vertex 10.477272113029315 5.6000000000000005 -1.0089342453073389
    endloop
  endfacet
  facet normal 2.262382391168448e-15 1 2.8369377871517415e-15
    outer loop
      vertex 8.514520183310744 5.600000000000001 -0.815369376468406
      vertex 9.314161217955393 5.6000000000000005 -1.1399853692851671
      vertex 9.139985369285167 5.600000000000001 -1.3141612179553928
    endloop
  endfacet
  facet normal 6.747720298600891e-16 1 -1.0738935336137692e-15
    outer loop
      vertex 8.514520183310744 5.600000000000001 -0.815369376468406
      vertex 9.522727886970685 5.6000000000000005 -1.0089342453073389
      vertex 9.314161217955393 5.6000000000000005 -1.1399853692851671
    endloop
  endfacet
  facet normal 7.861150774405159e-16 1 4.939488412069488e-16
    outer loop
      vertex 11.485479816689256 5.6 -0.8153693764684067
      vertex 11.711840849014596 5.6 -1.1756208956766394
      vertex 10.477272113029315 5.6000000000000005 -1.0089342453073389
    endloop
  endfacet
  facet normal 5.688403616524751e-16 1 -1.6256523552899047e-15
    outer loop
      vertex 8.514520183310744 5.600000000000001 -0.815369376468406
      vertex 9.755226972648055 5.6000000000000005 -0.9275792965999938
      vertex 9.522727886970685 5.6000000000000005 -1.0089342453073389
    endloop
  endfacet
  facet normal 3.971114468503894e-16 1 -3.524461571717615e-15
    outer loop
      vertex 8.514520183310744 5.600000000000001 -0.815369376468406
      vertex 10 5.6000000000000005 -0.8999999999999999
      vertex 9.755226972648055 5.6000000000000005 -0.9275792965999938
    endloop
  endfacet
  facet normal 5.979067569424412e-16 1 0
    outer loop
      vertex 8.514520183310744 5.600000000000001 -0.815369376468406
      vertex 11.485479816689256 5.6 -0.8153693764684067
      vertex 10 5.6000000000000005 -0.8999999999999999
    endloop
  endfacet
  facet normal 5.688403616524759e-16 1 1.6256523552899068e-15
    outer loop
      vertex 11.485479816689256 5.6 -0.8153693764684067
      vertex 10.477272113029315 5.6000000000000005 -1.0089342453073389
      vertex 10.244773027351945 5.6000000000000005 -0.9275792965999938
    endloop
  endfacet
  facet normal 3.971114468503905e-16 1 3.524461571717625e-15
    outer loop
      vertex 11.485479816689256 5.6 -0.8153693764684067
      vertex 10.244773027351945 5.6000000000000005 -0.9275792965999938
      vertex 10 5.6000000000000005 -0.8999999999999999
    endloop
  endfacet
  facet normal 5.97906756942441e-16 1 -5.979067569424397e-16
    outer loop
      vertex 8.514520183310744 5.600000000000001 -0.815369376468406
      vertex 8.815369376468405 5.600000000000001 -0.5145201833107436
      vertex 11.485479816689256 5.6 -0.8153693764684067
    endloop
  endfacet
  facet normal 7.497513588263555e-16 1 7.497513588263561e-16
    outer loop
      vertex 11.485479816689256 5.6 -0.8153693764684067
      vertex 8.815369376468405 5.600000000000001 -0.5145201833107436
      vertex 11.184630623531593 5.6 -0.5145201833107433
    endloop
  endfacet
  facet normal 7.497513588263556e-16 1 -1.1932224520757161e-15
    outer loop
      vertex 8.815369376468405 5.600000000000001 -0.5145201833107436
      vertex 9.175620895676639 5.600000000000001 -0.288159150985404
      vertex 11.184630623531593 5.6 -0.5145201833107433
    endloop
  endfacet
  facet normal 1.0773907478272751e-15 1 1.7146575525765554e-15
    outer loop
      vertex 11.184630623531593 5.6 -0.5145201833107433
      vertex 9.175620895676639 5.600000000000001 -0.288159150985404
      vertex 10.824379104323361 5.6 -0.288159150985404
    endloop
  endfacet
  facet normal 1.0773907478272753e-15 1 -3.0790058597195385e-15
    outer loop
      vertex 9.175620895676639 5.600000000000001 -0.288159150985404
      vertex 9.577210225483004 5.600000000000001 -0.14763696685453498
      vertex 10.824379104323361 5.6 -0.288159150985404
    endloop
  endfacet
  facet normal 2.1007566247665252e-15 1 6.003617508823962e-15
    outer loop
      vertex 10.824379104323361 5.6 -0.288159150985404
      vertex 9.577210225483004 5.600000000000001 -0.14763696685453498
      vertex 10.422789774516996 5.6 -0.14763696685453498
    endloop
  endfacet
  facet normal 2.1007566247665252e-15 1 1.864473072797189e-14
    outer loop
      vertex 9.577210225483004 5.600000000000001 -0.14763696685453498
      vertex 10 5.6 -0.10000000000000009
      vertex 10.422789774516996 5.6 -0.14763696685453498
    endloop
  endfacet
  facet normal 0 -1 0
    outer loop
      vertex 9.577210225483002 18.4 -3.8523630331454646
      vertex 10.82437910432336 18.4 -3.711840849014596
      vertex 9.17562089567664 18.4 -3.711840849014596
    endloop
  endfacet
  facet normal 0 -1 0
    outer loop
      vertex 9.577210225483002 18.4 -3.8523630331454646
      vertex 10.422789774516998 18.4 -3.8523630331454646
      vertex 10.82437910432336 18.4 -3.711840849014596
    endloop
  endfacet
  facet normal 0.33027906195516854 5.192875232419417e-17 -0.9438833303083671
    outer loop
      vertex 10.422789774516998 18.4 -3.8523630331454646
      vertex 10.623584439420178 24 -3.7821019410800303
      vertex 10.82437910432336 18.4 -3.711840849014596
    endloop
  endfacet
  facet normal -0.33027906195516854 0 -0.9438833303083671
    outer loop
      vertex 9.577210225483002 18.4 -3.8523630331454646
      vertex 9.17562089567664 18.4 -3.711840849014596
      vertex 9.577210225483002 29.6 -3.8523630331454646
    endloop
  endfacet
  facet normal -0.1119644761033087 0 -0.9937122098932425
    outer loop
      vertex 10 18.4 -3.9
      vertex 9.7886051127415 24 -3.876181516572732
      vertex 10 29.6 -3.9
    endloop
  endfacet
  facet normal 0.3302790619551698 0 -0.9438833303083667
    outer loop
      vertex 10.422789774516998 18.4 -3.8523630331454646
      vertex 10.422789774516998 29.6 -3.8523630331454646
      vertex 10.623584439420178 24 -3.7821019410800303
    endloop
  endfacet
  facet normal -0.33027906195516854 0 -0.9438833303083671
    outer loop
      vertex 9.17562089567664 18.4 -3.711840849014596
      vertex 9.17562089567664 29.6 -3.711840849014596
      vertex 9.577210225483002 29.6 -3.8523630331454646
    endloop
  endfacet
  facet normal 0.33027906195516854 -5.2156048957398985e-17 -0.9438833303083671
    outer loop
      vertex 10.623584439420178 24 -3.7821019410800303
      vertex 10.422789774516998 29.6 -3.8523630331454646
      vertex 10.82437910432336 29.6 -3.711840849014596
    endloop
  endfacet
  facet normal 0 -1 0
    outer loop
      vertex 9.17562089567664 18.4 -3.711840849014596
      vertex 10.82437910432336 18.4 -3.711840849014596
      vertex 11.184630623531593 18.4 -3.4854798166892564
    endloop
  endfacet
  facet normal 0 -1 0
    outer loop
      vertex 8.815369376468405 18.4 -3.4854798166892564
      vertex 9.17562089567664 18.4 -3.711840849014596
      vertex 11.184630623531593 18.4 -3.4854798166892564
    endloop
  endfacet
  facet normal 0 -1 0
    outer loop
      vertex 8.815369376468405 18.4 -3.4854798166892564
      vertex 11.485479816689256 18.4 -3.1846306235315938
      vertex 8.514520183310744 18.4 -3.1846306235315938
    endloop
  endfacet
  facet normal 0 -1 0
    outer loop
      vertex 8.815369376468405 18.4 -3.4854798166892564
      vertex 11.184630623531593 18.4 -3.4854798166892564
      vertex 11.485479816689256 18.4 -3.1846306235315938
    endloop
  endfacet
  facet normal 0 -1 0
    outer loop
      vertex 8.514520183310744 18.4 -3.1846306235315938
      vertex 11.485479816689256 18.4 -3.1846306235315938
      vertex 10 18.4 -3.1
    endloop
  endfacet
  facet normal 0 -1 0
    outer loop
      vertex 8.514520183310744 18.4 -3.1846306235315938
      vertex 9.139985369285167 18.4 -2.6858387820446072
      vertex 8.288159150985404 18.4 -2.8243791043233606
    endloop
  endfacet
  facet normal 0 -1 0
    outer loop
      vertex 8.514520183310744 18.4 -3.1846306235315938
      vertex 10 18.4 -3.1
      vertex 9.755226972648053 18.4 -3.072420703400006
    endloop
  endfacet
  facet normal 0 -1 0
    outer loop
      vertex 8.514520183310744 18.4 -3.1846306235315938
      vertex 9.755226972648053 18.4 -3.072420703400006
      vertex 9.522727886970687 18.4 -2.991065754692661
    endloop
  endfacet
  facet normal 0 -1 0
    outer loop
      vertex 8.514520183310744 18.4 -3.1846306235315938
      vertex 9.522727886970687 18.4 -2.991065754692661
      vertex 9.314161217955393 18.4 -2.860014630714833
    endloop
  endfacet
  facet normal 0 -1 0
    outer loop
      vertex 11.485479816689256 18.4 -3.1846306235315938
      vertex 10.244773027351947 18.4 -3.072420703400006
      vertex 10 18.4 -3.1
    endloop
  endfacet
  facet normal 0 -1 0
    outer loop
      vertex 11.485479816689256 18.4 -3.1846306235315938
      vertex 10.477272113029313 18.4 -2.991065754692661
      vertex 10.244773027351947 18.4 -3.072420703400006
    endloop
  endfacet
  facet normal 0 -1 0
    outer loop
      vertex 11.485479816689256 18.4 -3.1846306235315938
      vertex 11.711840849014596 18.4 -2.82437910432336
      vertex 10.477272113029313 18.4 -2.991065754692661
    endloop
  endfacet
  facet normal 0 -1 0
    outer loop
      vertex 8.514520183310744 18.4 -3.1846306235315938
      vertex 9.314161217955393 18.4 -2.860014630714833
      vertex 9.139985369285167 18.4 -2.6858387820446072
    endloop
  endfacet
  facet normal 0 -1 0
    outer loop
      vertex 11.711840849014596 18.4 -2.82437910432336
      vertex 10.685838782044607 18.4 -2.860014630714833
      vertex 10.477272113029313 18.4 -2.991065754692661
    endloop
  endfacet
  facet normal 0 -1 0
    outer loop
      vertex 8.288159150985404 18.4 -2.8243791043233606
      vertex 9.139985369285167 18.4 -2.6858387820446072
      vertex 9.008934245307339 18.4 -2.477272113029314
    endloop
  endfacet
  facet normal 0 -1 0
    outer loop
      vertex 8.288159150985404 18.4 -2.8243791043233606
      vertex 9.008934245307339 18.4 -2.477272113029314
      vertex 8.927579296599994 18.4 -2.244773027351946
    endloop
  endfacet
  facet normal 0 -1 0
    outer loop
      vertex 11.711840849014596 18.4 -2.82437910432336
      vertex 10.860014630714833 18.4 -2.685838782044607
      vertex 10.685838782044607 18.4 -2.860014630714833
    endloop
  endfacet
  facet normal 0 -1 0
    outer loop
      vertex 11.711840849014596 18.4 -2.82437910432336
      vertex 11.852363033145465 18.4 -2.4227897745169975
      vertex 10.860014630714833 18.4 -2.685838782044607
    endloop
  endfacet
  facet normal 0 -1 0
    outer loop
      vertex 11.852363033145465 18.4 -2.4227897745169975
      vertex 10.991065754692661 18.4 -2.477272113029314
      vertex 10.860014630714833 18.4 -2.685838782044607
    endloop
  endfacet
  facet normal 0.5320320765153359 -1.4208652161650756e-18 -0.8467241992282846
    outer loop
      vertex 10.82437910432336 18.4 -3.711840849014596
      vertex 11.184630623531593 29.6 -3.4854798166892564
      vertex 11.184630623531593 18.4 -3.4854798166892564
    endloop
  endfacet
  facet normal -0.532032076515334 0 -0.8467241992282857
    outer loop
      vertex 8.815369376468405 18.4 -3.4854798166892564
      vertex 8.815369376468405 29.6 -3.4854798166892564
      vertex 9.17562089567664 29.6 -3.711840849014596
    endloop
  endfacet
  facet normal 0.5320320765153359 0 -0.8467241992282846
    outer loop
      vertex 10.82437910432336 18.4 -3.711840849014596
      vertex 10.82437910432336 29.6 -3.711840849014596
      vertex 11.184630623531593 29.6 -3.4854798166892564
    endloop
  endfacet
  facet normal 0.7071067811865465 0 -0.7071067811865486
    outer loop
      vertex 11.485479816689256 18.4 -3.1846306235315938
      vertex 11.184630623531593 29.6 -3.4854798166892564
      vertex 11.485479816689256 29.6 -3.1846306235315938
    endloop
  endfacet
  facet normal -0.8467241992282842 -7.821467508878009e-19 -0.5320320765153365
    outer loop
      vertex 8.514520183310744 18.4 -3.1846306235315938
      vertex 8.288159150985404 18.4 -2.8243791043233606
      vertex 8.288159150985404 29.6 -2.8243791043233606
    endloop
  endfacet
  facet normal -0.9438833303083668 -5.621587756208098e-20 -0.3302790619551691
    outer loop
      vertex 8.288159150985404 18.4 -2.8243791043233606
      vertex 8.147636966854535 18.4 -2.4227897745169975
      vertex 8.21789805891997 24 -2.623584439420179
    endloop
  endfacet
  facet normal -0.8467241992282842 0 -0.5320320765153365
    outer loop
      vertex 8.514520183310744 18.4 -3.1846306235315938
      vertex 8.288159150985404 29.6 -2.8243791043233606
      vertex 8.514520183310744 29.6 -3.1846306235315938
    endloop
  endfacet
  facet normal -0.9438833303083668 2.810793878104049e-20 -0.3302790619551691
    outer loop
      vertex 8.21789805891997 24 -2.623584439420179
      vertex 8.147636966854535 29.6 -2.4227897745169975
      vertex 8.288159150985404 29.6 -2.8243791043233606
    endloop
  endfacet
  facet normal 0.9438833303083667 1.3161634106078728e-17 -0.3302790619551694
    outer loop
      vertex 11.711840849014596 18.4 -2.82437910432336
      vertex 11.78210194108003 24 -2.6235844394201786
      vertex 11.852363033145465 18.4 -2.4227897745169975
    endloop
  endfacet
  facet normal 0.8467241992282846 0 -0.5320320765153359
    outer loop
      vertex 11.711840849014596 18.4 -2.82437910432336
      vertex 11.485479816689256 29.6 -3.1846306235315938
      vertex 11.711840849014596 29.6 -2.82437910432336
    endloop
  endfacet
  facet normal 0.9438833303083667 -1.3133526167297687e-17 -0.3302790619551694
    outer loop
      vertex 11.78210194108003 24 -2.6235844394201786
      vertex 11.711840849014596 29.6 -2.82437910432336
      vertex 11.852363033145465 29.6 -2.4227897745169975
    endloop
  endfacet
  facet normal 0 1 0
    outer loop
      vertex 9.577210225483002 29.6 -3.8523630331454646
      vertex 10.422789774516998 29.6 -3.8523630331454646
      vertex 10 29.6 -3.9
    endloop
  endfacet
  facet normal 0 1 0
    outer loop
      vertex 9.577210225483002 29.6 -3.8523630331454646
      vertex 9.17562089567664 29.6 -3.711840849014596
      vertex 10.422789774516998 29.6 -3.8523630331454646
    endloop
  endfacet
  facet normal 0 1 0
    outer loop
      vertex 10.422789774516998 29.6 -3.8523630331454646
      vertex 9.17562089567664 29.6 -3.711840849014596
      vertex 10.82437910432336 29.6 -3.711840849014596
    endloop
  endfacet
  facet normal 0 1 0
    outer loop
      vertex 8.815369376468405 29.6 -3.4854798166892564
      vertex 10.82437910432336 29.6 -3.711840849014596
      vertex 9.17562089567664 29.6 -3.711840849014596
    endloop
  endfacet
  facet normal 0 1 0
    outer loop
      vertex 8.815369376468405 29.6 -3.4854798166892564
      vertex 11.184630623531593 29.6 -3.4854798166892564
      vertex 10.82437910432336 29.6 -3.711840849014596
    endloop
  endfacet
  facet normal 0 1 0
    outer loop
      vertex 8.815369376468405 29.6 -3.4854798166892564
      vertex 8.514520183310744 29.6 -3.1846306235315938
      vertex 11.184630623531593 29.6 -3.4854798166892564
    endloop
  endfacet
  facet normal 0 1 0
    outer loop
      vertex 11.184630623531593 29.6 -3.4854798166892564
      vertex 8.514520183310744 29.6 -3.1846306235315938
      vertex 11.485479816689256 29.6 -3.1846306235315938
    endloop
  endfacet
  facet normal 0 1 0
    outer loop
      vertex 8.514520183310744 29.6 -3.1846306235315938
      vertex 10 29.6 -3.1
      vertex 11.485479816689256 29.6 -3.1846306235315938
    endloop
  endfacet
  facet normal 0 1 0
    outer loop
      vertex 8.514520183310744 29.6 -3.1846306235315938
      vertex 8.288159150985404 29.6 -2.8243791043233606
      vertex 9.522727886970687 29.6 -2.991065754692661
    endloop
  endfacet
  facet normal 0 1 0
    outer loop
      vertex 8.514520183310744 29.6 -3.1846306235315938
      vertex 9.755226972648053 29.6 -3.072420703400006
      vertex 10 29.6 -3.1
    endloop
  endfacet
  facet normal 0 1 0
    outer loop
      vertex 8.514520183310744 29.6 -3.1846306235315938
      vertex 9.522727886970687 29.6 -2.991065754692661
      vertex 9.755226972648053 29.6 -3.072420703400006
    endloop
  endfacet
  facet normal 0 1 0
    outer loop
      vertex 11.485479816689256 29.6 -3.1846306235315938
      vertex 10 29.6 -3.1
      vertex 10.244773027351947 29.6 -3.072420703400006
    endloop
  endfacet
  facet normal 0 1 0
    outer loop
      vertex 11.485479816689256 29.6 -3.1846306235315938
      vertex 10.244773027351947 29.6 -3.072420703400006
      vertex 10.477272113029313 29.6 -2.991065754692661
    endloop
  endfacet
  facet normal 0 1 0
    outer loop
      vertex 11.485479816689256 29.6 -3.1846306235315938
      vertex 10.477272113029313 29.6 -2.991065754692661
      vertex 10.685838782044607 29.6 -2.860014630714833
    endloop
  endfacet
  facet normal 0 1 0
    outer loop
      vertex 8.288159150985404 29.6 -2.8243791043233606
      vertex 9.314161217955393 29.6 -2.860014630714833
      vertex 9.522727886970687 29.6 -2.991065754692661
    endloop
  endfacet
  facet normal 0 1 0
    outer loop
      vertex 11.485479816689256 29.6 -3.1846306235315938
      vertex 10.685838782044607 29.6 -2.860014630714833
      vertex 10.860014630714833 29.6 -2.685838782044607
    endloop
  endfacet
  facet normal 0 1 0
    outer loop
      vertex 11.485479816689256 29.6 -3.1846306235315938
      vertex 10.860014630714833 29.6 -2.685838782044607
      vertex 11.711840849014596 29.6 -2.82437910432336
    endloop
  endfacet
  facet normal 0 1 0
    outer loop
      vertex 8.288159150985404 29.6 -2.8243791043233606
      vertex 9.139985369285167 29.6 -2.6858387820446072
      vertex 9.314161217955393 29.6 -2.860014630714833
    endloop
  endfacet
  facet normal 0 1 0
    outer loop
      vertex 8.288159150985404 29.6 -2.8243791043233606
      vertex 8.147636966854535 29.6 -2.4227897745169975
      vertex 9.139985369285167 29.6 -2.6858387820446072
    endloop
  endfacet
  facet normal 0 1 0
    outer loop
      vertex 8.147636966854535 29.6 -2.4227897745169975
      vertex 9.008934245307339 29.6 -2.477272113029314
      vertex 9.139985369285167 29.6 -2.6858387820446072
    endloop
  endfacet
  facet normal 0 1 0
    outer loop
      vertex 11.711840849014596 29.6 -2.82437910432336
      vertex 10.860014630714833 29.6 -2.685838782044607
      vertex 10.991065754692661 29.6 -2.477272113029314
    endloop
  endfacet
  facet normal 0 1 0
    outer loop
      vertex 11.711840849014596 29.6 -2.82437910432336
      vertex 10.991065754692661 29.6 -2.477272113029314
      vertex 11.072420703400006 29.6 -2.244773027351946
    endloop
  endfacet
  facet normal 0 -1 0
    outer loop
      vertex 8.288159150985404 18.4 -2.8243791043233606
      vertex 8.927579296599994 18.4 -2.244773027351946
      vertex 8.147636966854535 18.4 -2.4227897745169975
    endloop
  endfacet
  facet normal 0 -1 0
    outer loop
      vertex 8.147636966854535 18.4 -2.4227897745169975
      vertex 8.927579296599994 18.4 -2.244773027351946
      vertex 8.9 18.4 -2
    endloop
  endfacet
  facet normal 0 -1 0
    outer loop
      vertex 11.852363033145465 18.4 -2.4227897745169975
      vertex 11.072420703400006 18.4 -2.244773027351946
      vertex 10.991065754692661 18.4 -2.477272113029314
    endloop
  endfacet
  facet normal 0 -1 0
    outer loop
      vertex 8.147636966854535 18.4 -2.4227897745169975
      vertex 8.9 18.4 -2
      vertex 8.1 18.4 -2
    endloop
  endfacet
  facet normal 0 -1 0
    outer loop
      vertex 8.1 18.4 -2
      vertex 8.9 18.4 -2
      vertex 8.927579296599994 18.4 -1.755226972648054
    endloop
  endfacet
  facet normal 0 -1 0
    outer loop
      vertex 11.9 18.4 -2
      vertex 11.1 18.4 -2
      vertex 11.072420703400006 18.4 -2.244773027351946
    endloop
  endfacet
  facet normal 0 -1 0
    outer loop
      vertex 11.852363033145465 18.4 -2.4227897745169975
      vertex 11.9 18.4 -2
      vertex 11.072420703400006 18.4 -2.244773027351946
    endloop
  endfacet
  facet normal 0 -1 0
    outer loop
      vertex 8.1 18.4 -2
      vertex 8.927579296599994 18.4 -1.755226972648054
      vertex 8.147636966854535 18.4 -1.5772102254830025
    endloop
  endfacet
  facet normal 0 -1 0
    outer loop
      vertex 8.147636966854535 18.4 -1.5772102254830025
      vertex 8.927579296599994 18.4 -1.755226972648054
      vertex 9.008934245307339 18.4 -1.522727886970686
    endloop
  endfacet
  facet normal 0 -1 0
    outer loop
      vertex 11.852363033145465 18.4 -1.5772102254830034
      vertex 11.072420703400006 18.4 -1.7552269726480545
      vertex 11.1 18.4 -2
    endloop
  endfacet
  facet normal 0 -1 0
    outer loop
      vertex 8.147636966854535 18.4 -1.5772102254830025
      vertex 9.008934245307339 18.4 -1.522727886970686
      vertex 9.139985369285167 18.4 -1.3141612179553928
    endloop
  endfacet
  facet normal 0 -1 0
    outer loop
      vertex 8.147636966854535 18.4 -1.5772102254830025
      vertex 9.139985369285167 18.4 -1.3141612179553928
      vertex 8.288159150985404 18.4 -1.1756208956766394
    endloop
  endfacet
  facet normal 0 -1 0
    outer loop
      vertex 11.711840849014596 18.4 -1.1756208956766394
      vertex 10.991065754692661 18.4 -1.522727886970686
      vertex 11.072420703400006 18.4 -1.7552269726480545
    endloop
  endfacet
  facet normal 0 -1 0
    outer loop
      vertex 11.711840849014596 18.4 -1.1756208956766394
      vertex 10.860014630714833 18.4 -1.3141612179553932
      vertex 10.991065754692661 18.4 -1.522727886970686
    endloop
  endfacet
  facet normal 0 -1 0
    outer loop
      vertex 11.9 18.4 -2
      vertex 11.852363033145465 18.4 -1.5772102254830034
      vertex 11.1 18.4 -2
    endloop
  endfacet
  facet normal 0 -1 0
    outer loop
      vertex 11.852363033145465 18.4 -1.5772102254830034
      vertex 11.711840849014596 18.4 -1.1756208956766394
      vertex 11.072420703400006 18.4 -1.7552269726480545
    endloop
  endfacet
  facet normal -0.9937122098932426 1.5323460674273074e-16 -0.11196447610330723
    outer loop
      vertex 8.147636966854535 18.4 -2.4227897745169975
      vertex 8.1 18.4 -2
      vertex 8.123818483427268 24 -2.211394887258499
    endloop
  endfacet
  facet normal -0.9438833303083668 -2.810793878104049e-20 -0.3302790619551691
    outer loop
      vertex 8.21789805891997 24 -2.623584439420179
      vertex 8.147636966854535 18.4 -2.4227897745169975
      vertex 8.147636966854535 29.6 -2.4227897745169975
    endloop
  endfacet
  facet normal -0.9937122098932422 0 -0.11196447610331121
    outer loop
      vertex 8.1 18.4 -2
      vertex 8.1 29.6 -2
      vertex 8.123818483427268 24 -2.211394887258499
    endloop
  endfacet
  facet normal -0.9937122098932426 -1.5303007096907273e-16 -0.11196447610330723
    outer loop
      vertex 8.123818483427268 24 -2.211394887258499
      vertex 8.1 29.6 -2
      vertex 8.147636966854535 29.6 -2.4227897745169975
    endloop
  endfacet
  facet normal 0.9937122098932426 1.528284807490769e-16 -0.11196447610330723
    outer loop
      vertex 11.852363033145465 18.4 -2.4227897745169975
      vertex 11.876181516572732 24 -2.211394887258499
      vertex 11.9 18.4 -2
    endloop
  endfacet
  facet normal 0.9438833303083667 3.768976964670418e-20 -0.33027906195516976
    outer loop
      vertex 11.78210194108003 24 -2.6235844394201786
      vertex 11.852363033145465 29.6 -2.4227897745169975
      vertex 11.852363033145465 18.4 -2.4227897745169975
    endloop
  endfacet
  facet normal 0.9937122098932422 0 -0.11196447610331121
    outer loop
      vertex 11.9 18.4 -2
      vertex 11.876181516572732 24 -2.211394887258499
      vertex 11.9 29.6 -2
    endloop
  endfacet
  facet normal 0.9937122098932426 -1.5303301652273492e-16 -0.11196447610330723
    outer loop
      vertex 11.876181516572732 24 -2.211394887258499
      vertex 11.852363033145465 29.6 -2.4227897745169975
      vertex 11.9 29.6 -2
    endloop
  endfacet
  facet normal 0 -1 0
    outer loop
      vertex 8.288159150985404 18.4 -1.1756208956766394
      vertex 9.139985369285167 18.4 -1.3141612179553928
      vertex 9.314161217955393 18.4 -1.1399853692851671
    endloop
  endfacet
  facet normal 0 -1 0
    outer loop
      vertex 8.288159150985404 18.4 -1.1756208956766394
      vertex 9.522727886970685 18.4 -1.0089342453073389
      vertex 8.514520183310744 18.4 -0.815369376468406
    endloop
  endfacet
  facet normal 0 -1 0
    outer loop
      vertex 8.288159150985404 18.4 -1.1756208956766394
      vertex 9.314161217955393 18.4 -1.1399853692851671
      vertex 9.522727886970685 18.4 -1.0089342453073389
    endloop
  endfacet
  facet normal 0 -1 0
    outer loop
      vertex 11.485479816689256 18.4 -0.8153693764684067
      vertex 10.860014630714833 18.4 -1.3141612179553932
      vertex 11.711840849014596 18.4 -1.1756208956766394
    endloop
  endfacet
  facet normal 0 -1 0
    outer loop
      vertex 11.485479816689256 18.4 -0.8153693764684067
      vertex 10.685838782044607 18.4 -1.1399853692851671
      vertex 10.860014630714833 18.4 -1.3141612179553932
    endloop
  endfacet
  facet normal 0 -1 0
    outer loop
      vertex 11.485479816689256 18.4 -0.8153693764684067
      vertex 10.477272113029315 18.4 -1.0089342453073389
      vertex 10.685838782044607 18.4 -1.1399853692851671
    endloop
  endfacet
  facet normal 0 -1 0
    outer loop
      vertex 8.514520183310744 18.4 -0.815369376468406
      vertex 9.522727886970685 18.4 -1.0089342453073389
      vertex 9.755226972648055 18.4 -0.9275792965999938
    endloop
  endfacet
  facet normal 0 -1 0
    outer loop
      vertex 8.514520183310744 18.4 -0.815369376468406
      vertex 9.755226972648055 18.4 -0.9275792965999938
      vertex 10 18.4 -0.8999999999999999
    endloop
  endfacet
  facet normal 0 -1 0
    outer loop
      vertex 8.514520183310744 18.4 -0.815369376468406
      vertex 10 18.4 -0.8999999999999999
      vertex 11.485479816689256 18.4 -0.8153693764684067
    endloop
  endfacet
  facet normal 0 -1 0
    outer loop
      vertex 11.485479816689256 18.4 -0.8153693764684067
      vertex 10.244773027351945 18.4 -0.9275792965999938
      vertex 10.477272113029315 18.4 -1.0089342453073389
    endloop
  endfacet
  facet normal 0 -1 0
    outer loop
      vertex 11.485479816689256 18.4 -0.8153693764684067
      vertex 10 18.4 -0.8999999999999999
      vertex 10.244773027351945 18.4 -0.9275792965999938
    endloop
  endfacet
  facet normal 0 -1 0
    outer loop
      vertex 8.514520183310744 18.4 -0.815369376468406
      vertex 11.485479816689256 18.4 -0.8153693764684067
      vertex 11.184630623531593 18.4 -0.5145201833107433
    endloop
  endfacet
  facet normal 0 -1 0
    outer loop
      vertex 8.514520183310744 18.4 -0.815369376468406
      vertex 11.184630623531593 18.4 -0.5145201833107433
      vertex 8.815369376468405 18.4 -0.5145201833107436
    endloop
  endfacet
  facet normal 0 -1 0
    outer loop
      vertex 8.815369376468405 18.4 -0.5145201833107436
      vertex 11.184630623531593 18.4 -0.5145201833107433
      vertex 9.723740020002658 18.4 -0.4121713923847836
    endloop
  endfacet
  facet normal 0 -1 0
    outer loop
      vertex 11.184630623531593 18.4 -0.5145201833107433
      vertex 11.147394918024451 18.4 -0.49112343884597726
      vertex 9.723740020002658 18.4 -0.4121713923847836
    endloop
  endfacet
  facet normal 0 -1 0
    outer loop
      vertex 8.815369376468405 18.4 -0.5145201833107436
      vertex 9.723740020002658 18.4 -0.4121713923847836
      vertex 9.280023835497536 18.4 -0.288159150985404
    endloop
  endfacet
  facet normal 0 -1 0
    outer loop
      vertex 8.815369376468405 18.4 -0.5145201833107436
      vertex 9.280023835497536 18.4 -0.288159150985404
      vertex 9.175620895676639 18.4 -0.288159150985404
    endloop
  endfacet
  facet normal 0 -1 0
    outer loop
      vertex 9.213174260663758 18.4 -0.2839279029491635
      vertex 9.175620895676639 18.4 -0.288159150985404
      vertex 9.280023835497536 18.4 -0.288159150985404
    endloop
  endfacet
  facet normal 0 1 0
    outer loop
      vertex 8.147636966854535 29.6 -2.4227897745169975
      vertex 8.927579296599994 29.6 -2.244773027351946
      vertex 9.008934245307339 29.6 -2.477272113029314
    endloop
  endfacet
  facet normal 0 1 0
    outer loop
      vertex 8.147636966854535 29.6 -2.4227897745169975
      vertex 8.1 29.6 -2
      vertex 8.927579296599994 29.6 -2.244773027351946
    endloop
  endfacet
  facet normal 0 1 0
    outer loop
      vertex 11.852363033145465 29.6 -2.4227897745169975
      vertex 11.072420703400006 29.6 -2.244773027351946
      vertex 11.1 29.6 -2
    endloop
  endfacet
  facet normal 0 1 0
    outer loop
      vertex 8.1 29.6 -2
      vertex 8.9 29.6 -2
      vertex 8.927579296599994 29.6 -2.244773027351946
    endloop
  endfacet
  facet normal 0 1 0
    outer loop
      vertex 11.9 29.6 -2
      vertex 11.1 29.6 -2
      vertex 11.072420703400006 29.6 -1.7552269726480545
    endloop
  endfacet
  facet normal 0 1 0
    outer loop
      vertex 11.711840849014596 29.6 -2.82437910432336
      vertex 11.072420703400006 29.6 -2.244773027351946
      vertex 11.852363033145465 29.6 -2.4227897745169975
    endloop
  endfacet
  facet normal 0 1 0
    outer loop
      vertex 11.852363033145465 29.6 -2.4227897745169975
      vertex 11.1 29.6 -2
      vertex 11.9 29.6 -2
    endloop
  endfacet
  facet normal 0 1 0
    outer loop
      vertex 8.1 29.6 -2
      vertex 8.147636966854535 29.6 -1.5772102254830025
      vertex 8.9 29.6 -2
    endloop
  endfacet
  facet normal 0 1 0
    outer loop
      vertex 8.147636966854535 29.6 -1.5772102254830025
      vertex 8.927579296599994 29.6 -1.755226972648054
      vertex 8.9 29.6 -2
    endloop
  endfacet
  facet normal 0 1 0
    outer loop
      vertex 8.147636966854535 29.6 -1.5772102254830025
      vertex 8.732745660591714 29.6 -1.5772102254830027
      vertex 8.927579296599994 29.6 -1.755226972648054
    endloop
  endfacet
  facet normal 0 1 0
    outer loop
      vertex 8.732745660591714 29.6 -1.5772102254830027
      vertex 9.008934245307339 29.6 -1.522727886970686
      vertex 8.927579296599994 29.6 -1.755226972648054
    endloop
  endfacet
  facet normal 0 1 0
    outer loop
      vertex 11.852363033145465 29.6 -1.5772102254830034
      vertex 11.072420703400006 29.6 -1.7552269726480545
      vertex 10.991065754692661 29.6 -1.522727886970686
    endloop
  endfacet
  facet normal 0 1 0
    outer loop
      vertex 8.732745660591714 29.6 -1.5772102254830027
      vertex 8.958376381114416 29.6 -1.2511362413669846
      vertex 9.008934245307339 29.6 -1.522727886970686
    endloop
  endfacet
  facet normal 0 1 0
    outer loop
      vertex 11.852363033145465 29.6 -1.5772102254830034
      vertex 10.991065754692661 29.6 -1.522727886970686
      vertex 10.962284282180761 29.6 -1.476922435869191
    endloop
  endfacet
  facet normal 0 1 0
    outer loop
      vertex 8.958376381114416 29.6 -1.2511362413669846
      vertex 9.139985369285167 29.6 -1.3141612179553928
      vertex 9.008934245307339 29.6 -1.522727886970686
    endloop
  endfacet
  facet normal 0 1 0
    outer loop
      vertex 8.958376381114416 29.6 -1.2511362413669846
      vertex 9.178237901950109 29.6 -1.2759086852904515
      vertex 9.139985369285167 29.6 -1.3141612179553928
    endloop
  endfacet
  facet normal 0 1 0
    outer loop
      vertex 11.9 29.6 -2
      vertex 11.072420703400006 29.6 -1.7552269726480545
      vertex 11.852363033145465 29.6 -1.5772102254830034
    endloop
  endfacet
  facet normal 0 -1 0
    outer loop
      vertex 9.577210225483002 42.4 -3.8523630331454646
      vertex 10.82437910432336 42.4 -3.711840849014596
      vertex 9.17562089567664 42.4 -3.711840849014596
    endloop
  endfacet
  facet normal 0 -1 0
    outer loop
      vertex 9.577210225483002 42.4 -3.8523630331454646
      vertex 10.422789774516998 42.4 -3.8523630331454646
      vertex 10.82437910432336 42.4 -3.711840849014596
    endloop
  endfacet
  facet normal -0.33027906195516854 0 -0.9438833303083671
    outer loop
      vertex 9.577210225483002 42.4 -3.8523630331454646
      vertex 9.17562089567664 42.4 -3.711840849014596
      vertex 9.577210225483002 53.6 -3.8523630331454646
    endloop
  endfacet
  facet normal 0 -1 0
    outer loop
      vertex 9.17562089567664 42.4 -3.711840849014596
      vertex 10.82437910432336 42.4 -3.711840849014596
      vertex 11.184630623531593 42.4 -3.4854798166892564
    endloop
  endfacet
  facet normal 0 -1 0
    outer loop
      vertex 8.815369376468405 42.4 -3.4854798166892564
      vertex 9.17562089567664 42.4 -3.711840849014596
      vertex 11.184630623531593 42.4 -3.4854798166892564
    endloop
  endfacet
  facet normal 0 -1 0
    outer loop
      vertex 8.815369376468405 42.4 -3.4854798166892564
      vertex 11.485479816689256 42.4 -3.1846306235315938
      vertex 8.514520183310744 42.4 -3.1846306235315938
    endloop
  endfacet
  facet normal 0 -1 0
    outer loop
      vertex 8.815369376468405 42.4 -3.4854798166892564
      vertex 11.184630623531593 42.4 -3.4854798166892564
      vertex 11.485479816689256 42.4 -3.1846306235315938
    endloop
  endfacet
  facet normal 0 -1 0
    outer loop
      vertex 8.514520183310744 42.4 -3.1846306235315938
      vertex 11.485479816689256 42.4 -3.1846306235315938
      vertex 10 42.4 -3.1
    endloop
  endfacet
  facet normal 0.5320320765153359 -1.4208652161650756e-18 -0.8467241992282846
    outer loop
      vertex 10.82437910432336 42.4 -3.711840849014596
      vertex 11.184630623531593 53.6 -3.4854798166892564
      vertex 11.184630623531593 42.4 -3.4854798166892564
    endloop
  endfacet
  facet normal 0 -1 0
    outer loop
      vertex 8.514520183310744 42.4 -3.1846306235315938
      vertex 9.139985369285167 42.4 -2.6858387820446072
      vertex 8.288159150985404 42.4 -2.8243791043233606
    endloop
  endfacet
  facet normal 0 -1 0
    outer loop
      vertex 8.514520183310744 42.4 -3.1846306235315938
      vertex 10 42.4 -3.1
      vertex 9.755226972648053 42.4 -3.072420703400006
    endloop
  endfacet
  facet normal 0 -1 0
    outer loop
      vertex 8.514520183310744 42.4 -3.1846306235315938
      vertex 9.755226972648053 42.4 -3.072420703400006
      vertex 9.522727886970687 42.4 -2.991065754692661
    endloop
  endfacet
  facet normal 0 -1 0
    outer loop
      vertex 8.514520183310744 42.4 -3.1846306235315938
      vertex 9.522727886970687 42.4 -2.991065754692661
      vertex 9.314161217955393 42.4 -2.860014630714833
    endloop
  endfacet
  facet normal 0 -1 0
    outer loop
      vertex 11.485479816689256 42.4 -3.1846306235315938
      vertex 10.244773027351947 42.4 -3.072420703400006
      vertex 10 42.4 -3.1
    endloop
  endfacet
  facet normal 0 -1 0
    outer loop
      vertex 11.485479816689256 42.4 -3.1846306235315938
      vertex 10.477272113029313 42.4 -2.991065754692661
      vertex 10.244773027351947 42.4 -3.072420703400006
    endloop
  endfacet
  facet normal 0 -1 0
    outer loop
      vertex 11.485479816689256 42.4 -3.1846306235315938
      vertex 11.711840849014596 42.4 -2.82437910432336
      vertex 10.477272113029313 42.4 -2.991065754692661
    endloop
  endfacet
  facet normal 0 -1 0
    outer loop
      vertex 8.514520183310744 42.4 -3.1846306235315938
      vertex 9.314161217955393 42.4 -2.860014630714833
      vertex 9.139985369285167 42.4 -2.6858387820446072
    endloop
  endfacet
  facet normal 0 -1 0
    outer loop
      vertex 11.711840849014596 42.4 -2.82437910432336
      vertex 10.685838782044607 42.4 -2.860014630714833
      vertex 10.477272113029313 42.4 -2.991065754692661
    endloop
  endfacet
  facet normal 0 -1 0
    outer loop
      vertex 8.288159150985404 42.4 -2.8243791043233606
      vertex 9.139985369285167 42.4 -2.6858387820446072
      vertex 9.008934245307339 42.4 -2.477272113029314
    endloop
  endfacet
  facet normal 0 -1 0
    outer loop
      vertex 8.288159150985404 42.4 -2.8243791043233606
      vertex 9.008934245307339 42.4 -2.477272113029314
      vertex 8.927579296599994 42.4 -2.244773027351946
    endloop
  endfacet
  facet normal -0.9438833303083668 -5.621587756208098e-20 -0.3302790619551691
    outer loop
      vertex 8.288159150985404 42.4 -2.8243791043233606
      vertex 8.147636966854535 42.4 -2.4227897745169975
      vertex 8.21789805891997 48 -2.623584439420179
    endloop
  endfacet
  facet normal 0 -1 0
    outer loop
      vertex 11.711840849014596 42.4 -2.82437910432336
      vertex 10.860014630714833 42.4 -2.685838782044607
      vertex 10.685838782044607 42.4 -2.860014630714833
    endloop
  endfacet
  facet normal 0 -1 0
    outer loop
      vertex 11.711840849014596 42.4 -2.82437910432336
      vertex 11.852363033145465 42.4 -2.4227897745169975
      vertex 10.860014630714833 42.4 -2.685838782044607
    endloop
  endfacet
  facet normal 0 -1 0
    outer loop
      vertex 11.852363033145465 42.4 -2.4227897745169975
      vertex 10.991065754692661 42.4 -2.477272113029314
      vertex 10.860014630714833 42.4 -2.685838782044607
    endloop
  endfacet
  facet normal -0.8467241992282842 -7.821467508878009e-19 -0.5320320765153365
    outer loop
      vertex 8.514520183310744 42.4 -3.1846306235315938
      vertex 8.288159150985404 42.4 -2.8243791043233606
      vertex 8.288159150985404 53.6 -2.8243791043233606
    endloop
  endfacet
  facet normal 0.9438833303083667 1.3161634106078728e-17 -0.3302790619551694
    outer loop
      vertex 11.711840849014596 42.4 -2.82437910432336
      vertex 11.78210194108003 48 -2.6235844394201786
      vertex 11.852363033145465 42.4 -2.4227897745169975
    endloop
  endfacet
  facet normal 0 -1 0
    outer loop
      vertex 8.288159150985404 42.4 -2.8243791043233606
      vertex 8.927579296599994 42.4 -2.244773027351946
      vertex 8.147636966854535 42.4 -2.4227897745169975
    endloop
  endfacet
  facet normal 0 -1 0
    outer loop
      vertex 8.147636966854535 42.4 -2.4227897745169975
      vertex 8.927579296599994 42.4 -2.244773027351946
      vertex 8.9 42.4 -2
    endloop
  endfacet
  facet normal -0.9937122098932426 1.5323460674273074e-16 -0.11196447610330723
    outer loop
      vertex 8.147636966854535 42.4 -2.4227897745169975
      vertex 8.1 42.4 -2
      vertex 8.123818483427268 48 -2.211394887258499
    endloop
  endfacet
  facet normal 0 -1 0
    outer loop
      vertex 11.852363033145465 42.4 -2.4227897745169975
      vertex 11.072420703400006 42.4 -2.244773027351946
      vertex 10.991065754692661 42.4 -2.477272113029314
    endloop
  endfacet
  facet normal 0 -1 0
    outer loop
      vertex 8.147636966854535 42.4 -2.4227897745169975
      vertex 8.9 42.4 -2
      vertex 8.1 42.4 -2
    endloop
  endfacet
  facet normal 0 -1 0
    outer loop
      vertex 8.1 42.4 -2
      vertex 8.9 42.4 -2
      vertex 8.927579296599994 42.4 -1.755226972648054
    endloop
  endfacet
  facet normal 0 -1 0
    outer loop
      vertex 11.9 42.4 -2
      vertex 11.1 42.4 -2
      vertex 11.072420703400006 42.4 -2.244773027351946
    endloop
  endfacet
  facet normal -0.9438833303083668 -2.810793878104049e-20 -0.3302790619551691
    outer loop
      vertex 8.21789805891997 48 -2.623584439420179
      vertex 8.147636966854535 42.4 -2.4227897745169975
      vertex 8.147636966854535 53.6 -2.4227897745169975
    endloop
  endfacet
  facet normal -0.9937122098932422 0 -0.11196447610331121
    outer loop
      vertex 8.1 42.4 -2
      vertex 8.1 53.6 -2
      vertex 8.123818483427268 48 -2.211394887258499
    endloop
  endfacet
  facet normal 0 -1 0
    outer loop
      vertex 11.852363033145465 42.4 -2.4227897745169975
      vertex 11.9 42.4 -2
      vertex 11.072420703400006 42.4 -2.244773027351946
    endloop
  endfacet
  facet normal 0.9937122098932426 1.528284807490769e-16 -0.11196447610330723
    outer loop
      vertex 11.852363033145465 42.4 -2.4227897745169975
      vertex 11.876181516572732 48 -2.211394887258499
      vertex 11.9 42.4 -2
    endloop
  endfacet
  facet normal 0.9438833303083667 3.768976964670418e-20 -0.33027906195516976
    outer loop
      vertex 11.78210194108003 48 -2.6235844394201786
      vertex 11.852363033145465 53.6 -2.4227897745169975
      vertex 11.852363033145465 42.4 -2.4227897745169975
    endloop
  endfacet
  facet normal 0.9937122098932422 0 -0.11196447610331121
    outer loop
      vertex 11.9 42.4 -2
      vertex 11.876181516572732 48 -2.211394887258499
      vertex 11.9 53.6 -2
    endloop
  endfacet
  facet normal 0 -1 0
    outer loop
      vertex 8.1 42.4 -2
      vertex 8.927579296599994 42.4 -1.755226972648054
      vertex 8.147636966854535 42.4 -1.5772102254830025
    endloop
  endfacet
  facet normal 0 -1 0
    outer loop
      vertex 8.147636966854535 42.4 -1.5772102254830025
      vertex 8.927579296599994 42.4 -1.755226972648054
      vertex 9.008934245307339 42.4 -1.522727886970686
    endloop
  endfacet
  facet normal 0 -1 0
    outer loop
      vertex 11.852363033145465 42.4 -1.5772102254830034
      vertex 11.072420703400006 42.4 -1.7552269726480545
      vertex 11.1 42.4 -2
    endloop
  endfacet
  facet normal 0 -1 0
    outer loop
      vertex 8.147636966854535 42.4 -1.5772102254830025
      vertex 9.008934245307339 42.4 -1.522727886970686
      vertex 9.139985369285167 42.4 -1.3141612179553928
    endloop
  endfacet
  facet normal 0 -1 0
    outer loop
      vertex 8.147636966854535 42.4 -1.5772102254830025
      vertex 9.139985369285167 42.4 -1.3141612179553928
      vertex 8.288159150985404 42.4 -1.1756208956766394
    endloop
  endfacet
  facet normal 0 -1 0
    outer loop
      vertex 11.711840849014596 42.4 -1.1756208956766394
      vertex 10.991065754692661 42.4 -1.522727886970686
      vertex 11.072420703400006 42.4 -1.7552269726480545
    endloop
  endfacet
  facet normal 0 -1 0
    outer loop
      vertex 11.711840849014596 42.4 -1.1756208956766394
      vertex 10.860014630714833 42.4 -1.3141612179553932
      vertex 10.991065754692661 42.4 -1.522727886970686
    endloop
  endfacet
  facet normal 0 -1 0
    outer loop
      vertex 11.9 42.4 -2
      vertex 11.852363033145465 42.4 -1.5772102254830034
      vertex 11.1 42.4 -2
    endloop
  endfacet
  facet normal 0 -1 0
    outer loop
      vertex 11.852363033145465 42.4 -1.5772102254830034
      vertex 11.711840849014596 42.4 -1.1756208956766394
      vertex 11.072420703400006 42.4 -1.7552269726480545
    endloop
  endfacet
  facet normal 0 -1 0
    outer loop
      vertex 8.288159150985404 42.4 -1.1756208956766394
      vertex 9.139985369285167 42.4 -1.3141612179553928
      vertex 9.314161217955393 42.4 -1.1399853692851671
    endloop
  endfacet
  facet normal 0 -1 0
    outer loop
      vertex 8.288159150985404 42.4 -1.1756208956766394
      vertex 9.522727886970685 42.4 -1.0089342453073389
      vertex 8.514520183310744 42.4 -0.815369376468406
    endloop
  endfacet
  facet normal 0 -1 0
    outer loop
      vertex 8.288159150985404 42.4 -1.1756208956766394
      vertex 9.314161217955393 42.4 -1.1399853692851671
      vertex 9.522727886970685 42.4 -1.0089342453073389
    endloop
  endfacet
  facet normal 0 -1 0
    outer loop
      vertex 11.485479816689256 42.4 -0.8153693764684067
      vertex 10.860014630714833 42.4 -1.3141612179553932
      vertex 11.711840849014596 42.4 -1.1756208956766394
    endloop
  endfacet
  facet normal 0 -1 0
    outer loop
      vertex 11.485479816689256 42.4 -0.8153693764684067
      vertex 10.685838782044607 42.4 -1.1399853692851671
      vertex 10.860014630714833 42.4 -1.3141612179553932
    endloop
  endfacet
  facet normal 0 -1 0
    outer loop
      vertex 11.485479816689256 42.4 -0.8153693764684067
      vertex 10.477272113029315 42.4 -1.0089342453073389
      vertex 10.685838782044607 42.4 -1.1399853692851671
    endloop
  endfacet
  facet normal 0 -1 0
    outer loop
      vertex 8.514520183310744 42.4 -0.815369376468406
      vertex 9.522727886970685 42.4 -1.0089342453073389
      vertex 9.755226972648055 42.4 -0.9275792965999938
    endloop
  endfacet
  facet normal 0 -1 0
    outer loop
      vertex 8.514520183310744 42.4 -0.815369376468406
      vertex 9.755226972648055 42.4 -0.9275792965999938
      vertex 10 42.4 -0.8999999999999999
    endloop
  endfacet
  facet normal 0 -1 0
    outer loop
      vertex 8.514520183310744 42.4 -0.815369376468406
      vertex 10 42.4 -0.8999999999999999
      vertex 11.485479816689256 42.4 -0.8153693764684067
    endloop
  endfacet
  facet normal 0 -1 0
    outer loop
      vertex 11.485479816689256 42.4 -0.8153693764684067
      vertex 10.244773027351945 42.4 -0.9275792965999938
      vertex 10.477272113029315 42.4 -1.0089342453073389
    endloop
  endfacet
  facet normal 0 -1 0
    outer loop
      vertex 11.485479816689256 42.4 -0.8153693764684067
      vertex 10 42.4 -0.8999999999999999
      vertex 10.244773027351945 42.4 -0.9275792965999938
    endloop
  endfacet
  facet normal 0 -1 0
    outer loop
      vertex 8.514520183310744 42.4 -0.815369376468406
      vertex 11.485479816689256 42.4 -0.8153693764684067
      vertex 11.184630623531593 42.4 -0.5145201833107433
    endloop
  endfacet
  facet normal 0 -1 0
    outer loop
      vertex 8.514520183310744 42.4 -0.815369376468406
      vertex 11.184630623531593 42.4 -0.5145201833107433
      vertex 8.815369376468405 42.4 -0.5145201833107436
    endloop
  endfacet
  facet normal 0 -1 0
    outer loop
      vertex 8.815369376468405 42.4 -0.5145201833107436
      vertex 11.184630623531593 42.4 -0.5145201833107433
      vertex 9.723740020002658 42.4 -0.4121713923847836
    endloop
  endfacet
  facet normal 0 -1 0
    outer loop
      vertex 11.184630623531593 42.4 -0.5145201833107433
      vertex 11.147394918024451 42.4 -0.49112343884597726
      vertex 9.723740020002658 42.4 -0.4121713923847836
    endloop
  endfacet
  facet normal 0 -1 0
    outer loop
      vertex 8.815369376468405 42.4 -0.5145201833107436
      vertex 9.723740020002658 42.4 -0.4121713923847836
      vertex 9.280023835497536 42.4 -0.288159150985404
    endloop
  endfacet
  facet normal 0 -1 0
    outer loop
      vertex 8.815369376468405 42.4 -0.5145201833107436
      vertex 9.280023835497536 42.4 -0.288159150985404
      vertex 9.175620895676639 42.4 -0.288159150985404
    endloop
  endfacet
  facet normal 0 -1 0
    outer loop
      vertex 9.213174260663758 42.4 -0.2839279029491635
      vertex 9.175620895676639 42.4 -0.288159150985404
      vertex 9.280023835497536 42.4 -0.288159150985404
    endloop
  endfacet
  facet normal -0.33027906195516854 0 -0.9438833303083671
    outer loop
      vertex 9.17562089567664 42.4 -3.711840849014596
      vertex 9.17562089567664 53.6 -3.711840849014596
      vertex 9.577210225483002 53.6 -3.8523630331454646
    endloop
  endfacet
  facet normal 0.33027906195516854 0 -0.9438833303083671
    outer loop
      vertex 10.422789774516998 42.4 -3.8523630331454646
      vertex 10.422789774516998 53.6 -3.8523630331454646
      vertex 10.82437910432336 53.6 -3.711840849014596
    endloop
  endfacet
  facet normal 0 1 0
    outer loop
      vertex 9.577210225483002 53.6 -3.8523630331454646
      vertex 10.422789774516998 53.6 -3.8523630331454646
      vertex 10 53.6 -3.9
    endloop
  endfacet
  facet normal 0 1 0
    outer loop
      vertex 9.577210225483002 53.6 -3.8523630331454646
      vertex 9.17562089567664 53.6 -3.711840849014596
      vertex 10.422789774516998 53.6 -3.8523630331454646
    endloop
  endfacet
  facet normal 0 1 0
    outer loop
      vertex 10.422789774516998 53.6 -3.8523630331454646
      vertex 9.17562089567664 53.6 -3.711840849014596
      vertex 10.82437910432336 53.6 -3.711840849014596
    endloop
  endfacet
  facet normal -0.532032076515334 0 -0.8467241992282857
    outer loop
      vertex 8.815369376468405 42.4 -3.4854798166892564
      vertex 8.815369376468405 53.6 -3.4854798166892564
      vertex 9.17562089567664 53.6 -3.711840849014596
    endloop
  endfacet
  facet normal 0.5320320765153359 0 -0.8467241992282846
    outer loop
      vertex 10.82437910432336 42.4 -3.711840849014596
      vertex 10.82437910432336 53.6 -3.711840849014596
      vertex 11.184630623531593 53.6 -3.4854798166892564
    endloop
  endfacet
  facet normal 0 1 0
    outer loop
      vertex 8.815369376468405 53.6 -3.4854798166892564
      vertex 10.82437910432336 53.6 -3.711840849014596
      vertex 9.17562089567664 53.6 -3.711840849014596
    endloop
  endfacet
  facet normal 0 1 0
    outer loop
      vertex 8.815369376468405 53.6 -3.4854798166892564
      vertex 11.184630623531593 53.6 -3.4854798166892564
      vertex 10.82437910432336 53.6 -3.711840849014596
    endloop
  endfacet
  facet normal 0.7071067811865465 0 -0.7071067811865486
    outer loop
      vertex 11.485479816689256 42.4 -3.1846306235315938
      vertex 11.184630623531593 53.6 -3.4854798166892564
      vertex 11.485479816689256 53.6 -3.1846306235315938
    endloop
  endfacet
  facet normal 0 1 0
    outer loop
      vertex 8.815369376468405 53.6 -3.4854798166892564
      vertex 8.514520183310744 53.6 -3.1846306235315938
      vertex 11.184630623531593 53.6 -3.4854798166892564
    endloop
  endfacet
  facet normal 0 1 0
    outer loop
      vertex 11.184630623531593 53.6 -3.4854798166892564
      vertex 8.514520183310744 53.6 -3.1846306235315938
      vertex 11.485479816689256 53.6 -3.1846306235315938
    endloop
  endfacet
  facet normal -0.8467241992282842 0 -0.5320320765153365
    outer loop
      vertex 8.514520183310744 42.4 -3.1846306235315938
      vertex 8.288159150985404 53.6 -2.8243791043233606
      vertex 8.514520183310744 53.6 -3.1846306235315938
    endloop
  endfacet
  facet normal 0 1 0
    outer loop
      vertex 8.514520183310744 53.6 -3.1846306235315938
      vertex 8.288159150985404 53.6 -2.8243791043233606
      vertex 11.485479816689256 53.6 -3.1846306235315938
    endloop
  endfacet
  facet normal 0 1 0
    outer loop
      vertex 11.485479816689256 53.6 -3.1846306235315938
      vertex 8.288159150985404 53.6 -2.8243791043233606
      vertex 10 53.6 -2.95
    endloop
  endfacet
  facet normal 0 1 0
    outer loop
      vertex 11.485479816689256 53.6 -3.1846306235315938
      vertex 10 53.6 -2.95
      vertex 10.211394887258498 53.6 -2.9261815165727323
    endloop
  endfacet
  facet normal 0 1 0
    outer loop
      vertex 11.485479816689256 53.6 -3.1846306235315938
      vertex 10.211394887258498 53.6 -2.9261815165727323
      vertex 10.41218955216168 53.6 -2.855920424507298
    endloop
  endfacet
  facet normal 0 1 0
    outer loop
      vertex 8.288159150985404 53.6 -2.8243791043233606
      vertex 9.788605112741502 53.6 -2.9261815165727323
      vertex 10 53.6 -2.95
    endloop
  endfacet
  facet normal 0 1 0
    outer loop
      vertex 8.288159150985404 53.6 -2.8243791043233606
      vertex 9.58781044783832 53.6 -2.855920424507298
      vertex 9.788605112741502 53.6 -2.9261815165727323
    endloop
  endfacet
  facet normal 0 1 0
    outer loop
      vertex 11.485479816689256 53.6 -3.1846306235315938
      vertex 10.41218955216168 53.6 -2.855920424507298
      vertex 10.592315311765796 53.6 -2.742739908344628
    endloop
  endfacet
  facet normal 0 1 0
    outer loop
      vertex 11.485479816689256 53.6 -3.1846306235315938
      vertex 10.592315311765796 53.6 -2.742739908344628
      vertex 11.711840849014596 53.6 -2.82437910432336
    endloop
  endfacet
  facet normal -0.9438833303083668 2.810793878104049e-20 -0.3302790619551691
    outer loop
      vertex 8.21789805891997 48 -2.623584439420179
      vertex 8.147636966854535 53.6 -2.4227897745169975
      vertex 8.288159150985404 53.6 -2.8243791043233606
    endloop
  endfacet
  facet normal 0 1 0
    outer loop
      vertex 8.288159150985404 53.6 -2.8243791043233606
      vertex 8.147636966854535 53.6 -2.4227897745169975
      vertex 9.257260091655372 53.6 -2.592315311765797
    endloop
  endfacet
  facet normal 0 1 0
    outer loop
      vertex 8.288159150985404 53.6 -2.8243791043233606
      vertex 9.407684688234204 53.6 -2.742739908344628
      vertex 9.58781044783832 53.6 -2.855920424507298
    endloop
  endfacet
  facet normal 0 1 0
    outer loop
      vertex 8.288159150985404 53.6 -2.8243791043233606
      vertex 9.257260091655372 53.6 -2.592315311765797
      vertex 9.407684688234204 53.6 -2.742739908344628
    endloop
  endfacet
  facet normal 0 1 0
    outer loop
      vertex 11.711840849014596 53.6 -2.82437910432336
      vertex 10.592315311765796 53.6 -2.742739908344628
      vertex 10.742739908344628 53.6 -2.592315311765797
    endloop
  endfacet
  facet normal 0 1 0
    outer loop
      vertex 11.711840849014596 53.6 -2.82437910432336
      vertex 10.742739908344628 53.6 -2.592315311765797
      vertex 10.855920424507298 53.6 -2.41218955216168
    endloop
  endfacet
  facet normal 0 1 0
    outer loop
      vertex 11.711840849014596 53.6 -2.82437910432336
      vertex 10.855920424507298 53.6 -2.41218955216168
      vertex 11.852363033145465 53.6 -2.4227897745169975
    endloop
  endfacet
  facet normal 0.8467241992282846 0 -0.5320320765153359
    outer loop
      vertex 11.711840849014596 42.4 -2.82437910432336
      vertex 11.485479816689256 53.6 -3.1846306235315938
      vertex 11.711840849014596 53.6 -2.82437910432336
    endloop
  endfacet
  facet normal 0.9438833303083667 -1.3133526167297687e-17 -0.3302790619551694
    outer loop
      vertex 11.78210194108003 48 -2.6235844394201786
      vertex 11.711840849014596 53.6 -2.82437910432336
      vertex 11.852363033145465 53.6 -2.4227897745169975
    endloop
  endfacet
  facet normal -0.9937122098932426 -1.5303007096907273e-16 -0.11196447610330723
    outer loop
      vertex 8.123818483427268 48 -2.211394887258499
      vertex 8.1 53.6 -2
      vertex 8.147636966854535 53.6 -2.4227897745169975
    endloop
  endfacet
  facet normal 0 1 0
    outer loop
      vertex 8.147636966854535 53.6 -2.4227897745169975
      vertex 9.144079575492702 53.6 -2.4121895521616805
      vertex 9.257260091655372 53.6 -2.592315311765797
    endloop
  endfacet
  facet normal 0 1 0
    outer loop
      vertex 8.147636966854535 53.6 -2.4227897745169975
      vertex 9.073818483427267 53.6 -2.211394887258499
      vertex 9.144079575492702 53.6 -2.4121895521616805
    endloop
  endfacet
  facet normal 0 1 0
    outer loop
      vertex 8.147636966854535 53.6 -2.4227897745169975
      vertex 8.1 53.6 -2
      vertex 9.073818483427267 53.6 -2.211394887258499
    endloop
  endfacet
  facet normal 0 1 0
    outer loop
      vertex 11.852363033145465 53.6 -2.4227897745169975
      vertex 10.855920424507298 53.6 -2.41218955216168
      vertex 10.926181516572733 53.6 -2.2113948872584985
    endloop
  endfacet
  facet normal 0 1 0
    outer loop
      vertex 8.1 53.6 -2
      vertex 9.05 53.6 -2
      vertex 9.073818483427267 53.6 -2.211394887258499
    endloop
  endfacet
  facet normal 0 1 0
    outer loop
      vertex 8.1 53.6 -2
      vertex 9.073818483427267 53.6 -1.7886051127415012
      vertex 9.05 53.6 -2
    endloop
  endfacet
  facet normal 0 1 0
    outer loop
      vertex 11.9 53.6 -2
      vertex 10.926181516572733 53.6 -2.2113948872584985
      vertex 10.95 53.6 -2
    endloop
  endfacet
  facet normal 0 1 0
    outer loop
      vertex 11.9 53.6 -2
      vertex 10.95 53.6 -2
      vertex 10.926181516572733 53.6 -1.7886051127415017
    endloop
  endfacet
  facet normal 0.9937122098932426 -1.5303301652273492e-16 -0.11196447610330723
    outer loop
      vertex 11.876181516572732 48 -2.211394887258499
      vertex 11.852363033145465 53.6 -2.4227897745169975
      vertex 11.9 53.6 -2
    endloop
  endfacet
  facet normal 0 1 0
    outer loop
      vertex 11.852363033145465 53.6 -2.4227897745169975
      vertex 10.926181516572733 53.6 -2.2113948872584985
      vertex 11.9 53.6 -2
    endloop
  endfacet
  facet normal 0 1 0
    outer loop
      vertex 8.1 53.6 -2
      vertex 8.147636966854535 53.6 -1.5772102254830025
      vertex 9.073818483427267 53.6 -1.7886051127415012
    endloop
  endfacet
  facet normal 0 1 0
    outer loop
      vertex 8.147636966854535 53.6 -1.5772102254830025
      vertex 8.732745660591714 53.6 -1.5772102254830027
      vertex 9.073818483427267 53.6 -1.7886051127415012
    endloop
  endfacet
  facet normal 0 1 0
    outer loop
      vertex 8.732745660591714 53.6 -1.5772102254830027
      vertex 9.144079575492702 53.6 -1.5878104478383197
      vertex 9.073818483427267 53.6 -1.7886051127415012
    endloop
  endfacet
  facet normal 0 1 0
    outer loop
      vertex 11.852363033145465 53.6 -1.5772102254830034
      vertex 10.926181516572733 53.6 -1.7886051127415017
      vertex 10.855920424507298 53.6 -1.5878104478383197
    endloop
  endfacet
  facet normal 0 1 0
    outer loop
      vertex 8.732745660591714 53.6 -1.5772102254830027
      vertex 8.958376381114416 53.6 -1.2511362413669846
      vertex 9.144079575492702 53.6 -1.5878104478383197
    endloop
  endfacet
  facet normal 0 1 0
    outer loop
      vertex 8.958376381114416 53.6 -1.2511362413669846
      vertex 9.257260091655372 53.6 -1.4076846882342031
      vertex 9.144079575492702 53.6 -1.5878104478383197
    endloop
  endfacet
  facet normal 0 1 0
    outer loop
      vertex 11.852363033145465 53.6 -1.5772102254830034
      vertex 10.855920424507298 53.6 -1.5878104478383197
      vertex 10.772832211325206 53.6 -1.4555763140757316
    endloop
  endfacet
  facet normal 0 1 0
    outer loop
      vertex 8.958376381114416 53.6 -1.2511362413669846
      vertex 9.367689972805664 53.6 -1.2972548070839114
      vertex 9.257260091655372 53.6 -1.4076846882342031
    endloop
  endfacet
  facet normal 0 1 0
    outer loop
      vertex 11.9 53.6 -2
      vertex 10.926181516572733 53.6 -1.7886051127415017
      vertex 11.852363033145465 53.6 -1.5772102254830034
    endloop
  endfacet
  facet normal -0.5320320765153339 -1.4163475631937624e-18 -0.8467241992282858
    outer loop
      vertex 8.815369376468405 -5.6 -3.4854798166892564
      vertex 9.17562089567664 5.600000000000001 -3.711840849014596
      vertex 9.17562089567664 -5.600000000000001 -3.711840849014596
    endloop
  endfacet
  facet normal -0.9438833303083668 0 -0.3302790619551691
    outer loop
      vertex 8.288159150985404 -5.600000000000001 -2.8243791043233606
      vertex 8.21789805891997 0 -2.623584439420179
      vertex 8.288159150985404 5.600000000000001 -2.8243791043233606
    endloop
  endfacet
  facet normal 0.9438833303083668 0 -0.33027906195516904
    outer loop
      vertex 11.711840849014596 -5.600000000000001 -2.82437910432336
      vertex 11.711840849014596 5.6 -2.82437910432336
      vertex 11.78210194108003 0 -2.6235844394201786
    endloop
  endfacet
  facet normal 1 0 0
    outer loop
      vertex 11.9 -5.600000000000001 -2
      vertex 11.9 5.6 -2
      vertex 11.9 -5.6 0
    endloop
  endfacet
  facet normal -1 0 0
    outer loop
      vertex 8.1 -5.600000000000001 -2
      vertex 8.1 5.6 0
      vertex 8.1 5.600000000000001 -2
    endloop
  endfacet
  facet normal 2.9406659955534416e-14 -1 8.881784197001252e-16
    outer loop
      vertex 8.1 -5.600000000000001 -2
      vertex 8.147636966854535 -5.6 -1.5772102254830025
      vertex 8.1 -5.6 0
    endloop
  endfacet
  facet normal 0 -1 0
    outer loop
      vertex 8.147636966854535 -5.6 -1.5772102254830025
      vertex 8.288159150985404 -5.6 -1.1756208956766394
      vertex 8.1 -5.6 0
    endloop
  endfacet
  facet normal 0 -1 0
    outer loop
      vertex 8.288159150985404 -5.6 -1.1756208956766394
      vertex 8.514520183310744 -5.6 -0.815369376468406
      vertex 8.1 -5.6 0
    endloop
  endfacet
  facet normal -1 0 0
    outer loop
      vertex 8.1 -5.600000000000001 -2
      vertex 8.1 -5.6 0
      vertex 8.1 5.6 0
    endloop
  endfacet
  facet normal 7.882801500409355e-15 -1 8.881784197001252e-16
    outer loop
      vertex 11.9 -5.600000000000001 -2
      vertex 11.9 -5.6 0
      vertex 11.852363033145465 -5.600000000000001 -1.5772102254830034
    endloop
  endfacet
  facet normal 2.962932020680912e-15 -1 1.0367747548923404e-15
    outer loop
      vertex 11.852363033145465 -5.600000000000001 -1.5772102254830034
      vertex 11.9 -5.6 0
      vertex 11.711840849014596 -5.600000000000001 -1.1756208956766394
    endloop
  endfacet
  facet normal 1.9165511804347718e-15 -1 1.2042489221448613e-15
    outer loop
      vertex 11.485479816689256 -5.600000000000001 -0.8153693764684067
      vertex 11.711840849014596 -5.600000000000001 -1.1756208956766394
      vertex 11.9 -5.6 0
    endloop
  endfacet
  facet normal 0 -1 0
    outer loop
      vertex 8.514520183310744 -5.6 -0.815369376468406
      vertex 8.815369376468405 -5.6 -0.5145201833107436
      vertex 8.1 -5.6 0
    endloop
  endfacet
  facet normal 0 -1 0
    outer loop
      vertex 8.815369376468405 -5.6 -0.5145201833107436
      vertex 9.175620895676639 -5.6 -0.288159150985404
      vertex 8.1 -5.6 0
    endloop
  endfacet
  facet normal 0 -1 0
    outer loop
      vertex 9.175620895676639 -5.6 -0.288159150985404
      vertex 9.577210225483004 -5.6 -0.14763696685453498
      vertex 8.1 -5.6 0
    endloop
  endfacet
  facet normal 1.1578213819801694e-15 -1 1.8426621735433686e-15
    outer loop
      vertex 11.184630623531593 -5.600000000000001 -0.5145201833107433
      vertex 11.9 -5.6 0
      vertex 10.824379104323361 -5.600000000000001 -0.288159150985404
    endloop
  endfacet
  facet normal 0 -1 0
    outer loop
      vertex 9.577210225483004 -5.6 -0.14763696685453498
      vertex 10 -5.6 -0.10000000000000009
      vertex 8.1 -5.6 0
    endloop
  endfacet
  facet normal 0 -1 0
    outer loop
      vertex 10 -5.6 -0.10000000000000009
      vertex 11.9 -5.6 0
      vertex 8.1 -5.6 0
    endloop
  endfacet
  facet normal -1.3377267471752813e-15 -1 2.5416808196330327e-14
    outer loop
      vertex 10 -5.6 -0.10000000000000009
      vertex 10.422789774516996 -5.600000000000001 -0.14763696685453498
      vertex 11.9 -5.6 0
    endloop
  endfacet
  facet normal 9.353517456728575e-16 -1 2.6730817130493266e-15
    outer loop
      vertex 10.824379104323361 -5.600000000000001 -0.288159150985404
      vertex 11.9 -5.6 0
      vertex 10.422789774516996 -5.600000000000001 -0.14763696685453498
    endloop
  endfacet
  facet normal 1.4443222363146388e-15 -1 1.44432223631464e-15
    outer loop
      vertex 11.485479816689256 -5.600000000000001 -0.8153693764684067
      vertex 11.9 -5.6 0
      vertex 11.184630623531593 -5.600000000000001 -0.5145201833107433
    endloop
  endfacet
  facet normal -7.88280150040937e-15 1 8.881784197001252e-16
    outer loop
      vertex 8.1 5.600000000000001 -2
      vertex 8.1 5.6 0
      vertex 8.147636966854535 5.600000000000001 -1.5772102254830025
    endloop
  endfacet
  facet normal -2.962932020680907e-15 1 1.036774754892341e-15
    outer loop
      vertex 8.147636966854535 5.600000000000001 -1.5772102254830025
      vertex 8.1 5.6 0
      vertex 8.288159150985404 5.600000000000001 -1.1756208956766394
    endloop
  endfacet
  facet normal -1.9165511804347745e-15 1 1.2042489221448607e-15
    outer loop
      vertex 8.288159150985404 5.600000000000001 -1.1756208956766394
      vertex 8.1 5.6 0
      vertex 8.514520183310744 5.600000000000001 -0.815369376468406
    endloop
  endfacet
  facet normal 1 0 0
    outer loop
      vertex 11.9 5.6 -2
      vertex 11.9 5.6 0
      vertex 11.9 -5.6 0
    endloop
  endfacet
  facet normal 0 1 0
    outer loop
      vertex 11.9 5.6 -2
      vertex 11.852363033145465 5.6 -1.5772102254830034
      vertex 11.9 5.6 0
    endloop
  endfacet
  facet normal 0 1 0
    outer loop
      vertex 11.852363033145465 5.6 -1.5772102254830034
      vertex 11.711840849014596 5.6 -1.1756208956766394
      vertex 11.9 5.6 0
    endloop
  endfacet
  facet normal 0 1 0
    outer loop
      vertex 11.485479816689256 5.6 -0.8153693764684067
      vertex 11.9 5.6 0
      vertex 11.711840849014596 5.6 -1.1756208956766394
    endloop
  endfacet
  facet normal -1.4443222363146424e-15 1 1.4443222363146392e-15
    outer loop
      vertex 8.514520183310744 5.600000000000001 -0.815369376468406
      vertex 8.1 5.6 0
      vertex 8.815369376468405 5.600000000000001 -0.5145201833107436
    endloop
  endfacet
  facet normal -1.157821381980168e-15 1 1.842662173543374e-15
    outer loop
      vertex 8.815369376468405 5.600000000000001 -0.5145201833107436
      vertex 8.1 5.6 0
      vertex 9.175620895676639 5.600000000000001 -0.288159150985404
    endloop
  endfacet
  facet normal -9.353517456728575e-16 1 2.6730817130493266e-15
    outer loop
      vertex 9.175620895676639 5.600000000000001 -0.288159150985404
      vertex 8.1 5.6 0
      vertex 9.577210225483004 5.600000000000001 -0.14763696685453498
    endloop
  endfacet
  facet normal 0 1 0
    outer loop
      vertex 11.184630623531593 5.6 -0.5145201833107433
      vertex 10.824379104323361 5.6 -0.288159150985404
      vertex 11.9 5.6 0
    endloop
  endfacet
  facet normal 5.239938207975472e-15 1 -9.216276413511777e-15
    outer loop
      vertex 9.577210225483004 5.600000000000001 -0.14763696685453498
      vertex 10.175885211766126 5.6 0
      vertex 10 5.6 -0.10000000000000009
    endloop
  endfacet
  facet normal 0 1 0
    outer loop
      vertex 10 5.6 -0.10000000000000009
      vertex 10.175885211766126 5.6 0
      vertex 10.422789774516996 5.6 -0.14763696685453498
    endloop
  endfacet
  facet normal 0 1 1.2031924505401649e-14
    outer loop
      vertex 9.577210225483004 5.600000000000001 -0.14763696685453498
      vertex 8.1 5.6 0
      vertex 10.175885211766126 5.6 0
    endloop
  endfacet
  facet normal 0 1 0
    outer loop
      vertex 10.824379104323361 5.6 -0.288159150985404
      vertex 10.422789774516996 5.6 -0.14763696685453498
      vertex 11.9 5.6 0
    endloop
  endfacet
  facet normal 0 1 0
    outer loop
      vertex 10.422789774516996 5.6 -0.14763696685453498
      vertex 10.175885211766126 5.6 0
      vertex 11.9 5.6 0
    endloop
  endfacet
  facet normal 0 1 0
    outer loop
      vertex 11.485479816689256 5.6 -0.8153693764684067
      vertex 11.184630623531593 5.6 -0.5145201833107433
      vertex 11.9 5.6 0
    endloop
  endfacet
  facet normal 0 -1 0
    outer loop
      vertex 9.577210225483002 18.4 -3.8523630331454646
      vertex 10 18.4 -3.9
      vertex 10.422789774516998 18.4 -3.8523630331454646
    endloop
  endfacet
  facet normal -0.11196447610330816 2.176840735658572e-17 -0.9937122098932427
    outer loop
      vertex 9.577210225483002 18.4 -3.8523630331454646
      vertex 9.7886051127415 24 -3.876181516572732
      vertex 10 18.4 -3.9
    endloop
  endfacet
  facet normal 0.11196447610330816 0 -0.9937122098932427
    outer loop
      vertex 10 18.4 -3.9
      vertex 10 29.6 -3.9
      vertex 10.422789774516998 18.4 -3.8523630331454646
    endloop
  endfacet
  facet normal -0.11196447610330759 0 -0.9937122098932426
    outer loop
      vertex 9.577210225483002 18.4 -3.8523630331454646
      vertex 9.577210225483002 29.6 -3.8523630331454646
      vertex 9.7886051127415 24 -3.876181516572732
    endloop
  endfacet
  facet normal 0.11196447610330816 0 -0.9937122098932427
    outer loop
      vertex 10.422789774516998 18.4 -3.8523630331454646
      vertex 10 29.6 -3.9
      vertex 10.422789774516998 29.6 -3.8523630331454646
    endloop
  endfacet
  facet normal -0.11196447610330816 -2.166336392749747e-17 -0.9937122098932427
    outer loop
      vertex 9.7886051127415 24 -3.876181516572732
      vertex 9.577210225483002 29.6 -3.8523630331454646
      vertex 10 29.6 -3.9
    endloop
  endfacet
  facet normal -0.532032076515334 -1.4163475631937626e-18 -0.8467241992282857
    outer loop
      vertex 8.815369376468405 18.4 -3.4854798166892564
      vertex 9.17562089567664 29.6 -3.711840849014596
      vertex 9.17562089567664 18.4 -3.711840849014596
    endloop
  endfacet
  facet normal 0.3302790619551672 -2.656239566677974e-19 -0.9438833303083675
    outer loop
      vertex 10.623584439420178 24 -3.7821019410800303
      vertex 10.82437910432336 29.6 -3.711840849014596
      vertex 10.82437910432336 18.4 -3.711840849014596
    endloop
  endfacet
  facet normal -0.7071067811865486 -1.4494262158787668e-18 -0.7071067811865466
    outer loop
      vertex 8.815369376468405 18.4 -3.4854798166892564
      vertex 8.514520183310744 18.4 -3.1846306235315938
      vertex 8.514520183310744 29.6 -3.1846306235315938
    endloop
  endfacet
  facet normal 0.7071067811865465 0 -0.7071067811865486
    outer loop
      vertex 11.184630623531593 18.4 -3.4854798166892564
      vertex 11.184630623531593 29.6 -3.4854798166892564
      vertex 11.485479816689256 18.4 -3.1846306235315938
    endloop
  endfacet
  facet normal -0.7071067811865486 0 -0.7071067811865466
    outer loop
      vertex 8.815369376468405 18.4 -3.4854798166892564
      vertex 8.514520183310744 29.6 -3.1846306235315938
      vertex 8.815369376468405 29.6 -3.4854798166892564
    endloop
  endfacet
  facet normal -0.9438833303083668 0 -0.3302790619551691
    outer loop
      vertex 8.288159150985404 18.4 -2.8243791043233606
      vertex 8.21789805891997 24 -2.623584439420179
      vertex 8.288159150985404 29.6 -2.8243791043233606
    endloop
  endfacet
  facet normal 0.8467241992282846 0 -0.5320320765153359
    outer loop
      vertex 11.485479816689256 18.4 -3.1846306235315938
      vertex 11.485479816689256 29.6 -3.1846306235315938
      vertex 11.711840849014596 18.4 -2.82437910432336
    endloop
  endfacet
  facet normal 0.9438833303083668 0 -0.3302790619551691
    outer loop
      vertex 11.711840849014596 18.4 -2.82437910432336
      vertex 11.711840849014596 29.6 -2.82437910432336
      vertex 11.78210194108003 24 -2.6235844394201786
    endloop
  endfacet
  facet normal -0.993712209893243 0 -0.1119644761033032
    outer loop
      vertex 8.147636966854535 18.4 -2.4227897745169975
      vertex 8.123818483427268 24 -2.211394887258499
      vertex 8.147636966854535 29.6 -2.4227897745169975
    endloop
  endfacet
  facet normal 0.993712209893243 0 -0.1119644761033032
    outer loop
      vertex 11.852363033145465 18.4 -2.4227897745169975
      vertex 11.852363033145465 29.6 -2.4227897745169975
      vertex 11.876181516572732 24 -2.211394887258499
    endloop
  endfacet
  facet normal -1 0 0
    outer loop
      vertex 8.1 18.4 -2
      vertex 8.1 29.6 0
      vertex 8.1 29.6 -2
    endloop
  endfacet
  facet normal 1 0 0
    outer loop
      vertex 11.9 18.4 -2
      vertex 11.9 29.6 -2
      vertex 11.9 18.4 0
    endloop
  endfacet
  facet normal 0 -1 0
    outer loop
      vertex 8.1 18.4 -2
      vertex 8.147636966854535 18.4 -1.5772102254830025
      vertex 8.1 18.4 0
    endloop
  endfacet
  facet normal 0 -1 0
    outer loop
      vertex 8.147636966854535 18.4 -1.5772102254830025
      vertex 8.288159150985404 18.4 -1.1756208956766394
      vertex 8.1 18.4 0
    endloop
  endfacet
  facet normal 0 -1 0
    outer loop
      vertex 8.288159150985404 18.4 -1.1756208956766394
      vertex 8.514520183310744 18.4 -0.815369376468406
      vertex 8.1 18.4 0
    endloop
  endfacet
  facet normal 0 -1 0
    outer loop
      vertex 11.9 18.4 -2
      vertex 11.9 18.4 0
      vertex 11.852363033145465 18.4 -1.5772102254830034
    endloop
  endfacet
  facet normal 0 -1 0
    outer loop
      vertex 11.852363033145465 18.4 -1.5772102254830034
      vertex 11.9 18.4 0
      vertex 11.711840849014596 18.4 -1.1756208956766394
    endloop
  endfacet
  facet normal 0 -1 0
    outer loop
      vertex 11.485479816689256 18.4 -0.8153693764684067
      vertex 11.711840849014596 18.4 -1.1756208956766394
      vertex 11.9 18.4 0
    endloop
  endfacet
  facet normal 0 -1 0
    outer loop
      vertex 8.514520183310744 18.4 -0.815369376468406
      vertex 8.815369376468405 18.4 -0.5145201833107436
      vertex 8.1 18.4 0
    endloop
  endfacet
  facet normal 0 -1 0
    outer loop
      vertex 11.184630623531593 18.4 -0.5145201833107433
      vertex 11.9 18.4 0
      vertex 11.147394918024451 18.4 -0.49112343884597726
    endloop
  endfacet
  facet normal 0 -1 0
    outer loop
      vertex 8.815369376468405 18.4 -0.5145201833107436
      vertex 9.175620895676639 18.4 -0.288159150985404
      vertex 8.1 18.4 0
    endloop
  endfacet
  facet normal 0 -1 0
    outer loop
      vertex 9.213174260663758 18.4 -0.2839279029491635
      vertex 8.1 18.4 0
      vertex 9.175620895676639 18.4 -0.288159150985404
    endloop
  endfacet
  facet normal 0 -1 0
    outer loop
      vertex 9.213174260663758 18.4 -0.2839279029491635
      vertex 9.280023835497536 18.4 -0.288159150985404
      vertex 8.1 18.4 0
    endloop
  endfacet
  facet normal 0 -1 0
    outer loop
      vertex 11.147394918024451 18.4 -0.49112343884597726
      vertex 11.9 18.4 0
      vertex 9.723740020002658 18.4 -0.4121713923847836
    endloop
  endfacet
  facet normal 0 -1 0
    outer loop
      vertex 9.723740020002658 18.4 -0.4121713923847836
      vertex 11.9 18.4 0
      vertex 9.280023835497536 18.4 -0.288159150985404
    endloop
  endfacet
  facet normal 0 -1 0
    outer loop
      vertex 9.280023835497536 18.4 -0.288159150985404
      vertex 11.9 18.4 0
      vertex 8.1 18.4 0
    endloop
  endfacet
  facet normal 0 -1 0
    outer loop
      vertex 11.485479816689256 18.4 -0.8153693764684067
      vertex 11.9 18.4 0
      vertex 11.184630623531593 18.4 -0.5145201833107433
    endloop
  endfacet
  facet normal -1 0 0
    outer loop
      vertex 8.1 18.4 -2
      vertex 8.1 18.4 0
      vertex 8.1 29.6 0
    endloop
  endfacet
  facet normal 1 0 0
    outer loop
      vertex 11.9 29.6 -2
      vertex 11.9 29.6 0
      vertex 11.9 18.4 0
    endloop
  endfacet
  facet normal 0 1 0
    outer loop
      vertex 8.1 29.6 -2
      vertex 8.1 29.6 0
      vertex 8.147636966854535 29.6 -1.5772102254830025
    endloop
  endfacet
  facet normal 0 1 0
    outer loop
      vertex 8.147636966854535 29.6 -1.5772102254830025
      vertex 8.1 29.6 0
      vertex 8.732745660591714 29.6 -1.5772102254830027
    endloop
  endfacet
  facet normal 0 1 0
    outer loop
      vertex 8.732745660591714 29.6 -1.5772102254830027
      vertex 8.1 29.6 0
      vertex 8.958376381114416 29.6 -1.2511362413669846
    endloop
  endfacet
  facet normal 0 1 0
    outer loop
      vertex 8.958376381114416 29.6 -1.2511362413669846
      vertex 9.314161217955393 29.6 -1.1399853692851671
      vertex 9.178237901950109 29.6 -1.2759086852904515
    endloop
  endfacet
  facet normal 0 1 0
    outer loop
      vertex 8.958376381114416 29.6 -1.2511362413669846
      vertex 8.1 29.6 0
      vertex 9.314161217955393 29.6 -1.1399853692851671
    endloop
  endfacet
  facet normal 0 1 0
    outer loop
      vertex 11.9 29.6 0
      vertex 10.962284282180761 29.6 -1.476922435869191
      vertex 10.860014630714833 29.6 -1.3141612179553932
    endloop
  endfacet
  facet normal 0 1 0
    outer loop
      vertex 11.9 29.6 0
      vertex 10.860014630714833 29.6 -1.3141612179553932
      vertex 10.685838782044607 29.6 -1.1399853692851671
    endloop
  endfacet
  facet normal 0 1 0
    outer loop
      vertex 8.1 29.6 0
      vertex 9.522727886970685 29.6 -1.0089342453073389
      vertex 9.314161217955393 29.6 -1.1399853692851671
    endloop
  endfacet
  facet normal 0 1 0
    outer loop
      vertex 11.9 29.6 0
      vertex 10.685838782044607 29.6 -1.1399853692851671
      vertex 10.477272113029315 29.6 -1.0089342453073389
    endloop
  endfacet
  facet normal 0 1 0
    outer loop
      vertex 11.9 29.6 0
      vertex 9.755226972648055 29.6 -0.9275792965999938
      vertex 9.522727886970685 29.6 -1.0089342453073389
    endloop
  endfacet
  facet normal 0 1 0
    outer loop
      vertex 11.9 29.6 0
      vertex 10.477272113029315 29.6 -1.0089342453073389
      vertex 10.244773027351945 29.6 -0.9275792965999938
    endloop
  endfacet
  facet normal 0 1 0
    outer loop
      vertex 11.9 29.6 -2
      vertex 11.852363033145465 29.6 -1.5772102254830034
      vertex 11.9 29.6 0
    endloop
  endfacet
  facet normal 0 1 0
    outer loop
      vertex 11.852363033145465 29.6 -1.5772102254830034
      vertex 10.962284282180761 29.6 -1.476922435869191
      vertex 11.9 29.6 0
    endloop
  endfacet
  facet normal 0 1 0
    outer loop
      vertex 11.9 29.6 0
      vertex 10 29.6 -0.8999999999999999
      vertex 9.755226972648055 29.6 -0.9275792965999938
    endloop
  endfacet
  facet normal 0 1 0
    outer loop
      vertex 11.9 29.6 0
      vertex 10.244773027351945 29.6 -0.9275792965999938
      vertex 10 29.6 -0.8999999999999999
    endloop
  endfacet
  facet normal 0 1 0
    outer loop
      vertex 8.1 29.6 0
      vertex 11.9 29.6 0
      vertex 9.522727886970685 29.6 -1.0089342453073389
    endloop
  endfacet
  facet normal 0 0 1
    outer loop
      vertex 8.1 20.3772297354205 3
      vertex 8.61593549215584 19.92065197688037 3
      vertex 11.771204445005942 29.220392048438566 3
    endloop
  endfacet
  facet normal 0 0 1
    outer loop
      vertex 8.1 20.3772297354205 3
      vertex 9.11864082560158 29.6 3
      vertex 8.1 29.48406351370162 3
    endloop
  endfacet
  facet normal 0 0 1
    outer loop
      vertex 8.1 20.3772297354205 3
      vertex 11.3980622709109 29.6 3
      vertex 9.11864082560158 29.6 3
    endloop
  endfacet
  facet normal 0 0 1
    outer loop
      vertex 8.1 20.3772297354205 3
      vertex 11.771204445005942 29.220392048438566 3
      vertex 11.3980622709109 29.6 3
    endloop
  endfacet
  facet normal 0 -1 0
    outer loop
      vertex 9.577210225483002 42.4 -3.8523630331454646
      vertex 10 42.4 -3.9
      vertex 10.422789774516998 42.4 -3.8523630331454646
    endloop
  endfacet
  facet normal -0.11196447610330816 0 -0.9937122098932427
    outer loop
      vertex 9.577210225483002 42.4 -3.8523630331454646
      vertex 9.577210225483002 53.6 -3.8523630331454646
      vertex 10 42.4 -3.9
    endloop
  endfacet
  facet normal 0.11196447610330816 0 -0.9937122098932427
    outer loop
      vertex 10 42.4 -3.9
      vertex 10 53.6 -3.9
      vertex 10.422789774516998 42.4 -3.8523630331454646
    endloop
  endfacet
  facet normal 0.33027906195516854 -4.92920589872611e-19 -0.9438833303083671
    outer loop
      vertex 10.422789774516998 42.4 -3.8523630331454646
      vertex 10.82437910432336 53.6 -3.711840849014596
      vertex 10.82437910432336 42.4 -3.711840849014596
    endloop
  endfacet
  facet normal -0.532032076515334 -1.4163475631937626e-18 -0.8467241992282857
    outer loop
      vertex 8.815369376468405 42.4 -3.4854798166892564
      vertex 9.17562089567664 53.6 -3.711840849014596
      vertex 9.17562089567664 42.4 -3.711840849014596
    endloop
  endfacet
  facet normal -0.7071067811865486 -1.4494262158787668e-18 -0.7071067811865466
    outer loop
      vertex 8.815369376468405 42.4 -3.4854798166892564
      vertex 8.514520183310744 42.4 -3.1846306235315938
      vertex 8.514520183310744 53.6 -3.1846306235315938
    endloop
  endfacet
  facet normal 0.7071067811865465 0 -0.7071067811865486
    outer loop
      vertex 11.184630623531593 42.4 -3.4854798166892564
      vertex 11.184630623531593 53.6 -3.4854798166892564
      vertex 11.485479816689256 42.4 -3.1846306235315938
    endloop
  endfacet
  facet normal -0.9438833303083668 0 -0.3302790619551691
    outer loop
      vertex 8.288159150985404 42.4 -2.8243791043233606
      vertex 8.21789805891997 48 -2.623584439420179
      vertex 8.288159150985404 53.6 -2.8243791043233606
    endloop
  endfacet
  facet normal 0.8467241992282846 0 -0.5320320765153359
    outer loop
      vertex 11.485479816689256 42.4 -3.1846306235315938
      vertex 11.485479816689256 53.6 -3.1846306235315938
      vertex 11.711840849014596 42.4 -2.82437910432336
    endloop
  endfacet
  facet normal 0.9438833303083668 0 -0.3302790619551691
    outer loop
      vertex 11.711840849014596 42.4 -2.82437910432336
      vertex 11.711840849014596 53.6 -2.82437910432336
      vertex 11.78210194108003 48 -2.6235844394201786
    endloop
  endfacet
  facet normal -0.993712209893243 0 -0.1119644761033032
    outer loop
      vertex 8.147636966854535 42.4 -2.4227897745169975
      vertex 8.123818483427268 48 -2.211394887258499
      vertex 8.147636966854535 53.6 -2.4227897745169975
    endloop
  endfacet
  facet normal 0.993712209893243 0 -0.1119644761033032
    outer loop
      vertex 11.852363033145465 42.4 -2.4227897745169975
      vertex 11.852363033145465 53.6 -2.4227897745169975
      vertex 11.876181516572732 48 -2.211394887258499
    endloop
  endfacet
  facet normal 1 0 0
    outer loop
      vertex 11.9 42.4 -2
      vertex 11.9 53.6 -2
      vertex 11.9 42.4 0
    endloop
  endfacet
  facet normal 0 -1 0
    outer loop
      vertex 8.1 42.4 -2
      vertex 8.147636966854535 42.4 -1.5772102254830025
      vertex 8.1 42.4 0
    endloop
  endfacet
  facet normal 0 -1 0
    outer loop
      vertex 8.147636966854535 42.4 -1.5772102254830025
      vertex 8.288159150985404 42.4 -1.1756208956766394
      vertex 8.1 42.4 0
    endloop
  endfacet
  facet normal 0 -1 0
    outer loop
      vertex 8.288159150985404 42.4 -1.1756208956766394
      vertex 8.514520183310744 42.4 -0.815369376468406
      vertex 8.1 42.4 0
    endloop
  endfacet
  facet normal -1 0 0
    outer loop
      vertex 8.1 42.4 -2
      vertex 8.1 42.4 0
      vertex 8.1 53.6 0
    endloop
  endfacet
  facet normal 0 -1 0
    outer loop
      vertex 11.9 42.4 -2
      vertex 11.9 42.4 0
      vertex 11.852363033145465 42.4 -1.5772102254830034
    endloop
  endfacet
  facet normal 0 -1 0
    outer loop
      vertex 11.852363033145465 42.4 -1.5772102254830034
      vertex 11.9 42.4 0
      vertex 11.711840849014596 42.4 -1.1756208956766394
    endloop
  endfacet
  facet normal 0 -1 0
    outer loop
      vertex 11.485479816689256 42.4 -0.8153693764684067
      vertex 11.711840849014596 42.4 -1.1756208956766394
      vertex 11.9 42.4 0
    endloop
  endfacet
  facet normal 0 -1 0
    outer loop
      vertex 8.514520183310744 42.4 -0.815369376468406
      vertex 8.815369376468405 42.4 -0.5145201833107436
      vertex 8.1 42.4 0
    endloop
  endfacet
  facet normal 0 -1 0
    outer loop
      vertex 11.184630623531593 42.4 -0.5145201833107433
      vertex 11.9 42.4 0
      vertex 11.147394918024451 42.4 -0.49112343884597726
    endloop
  endfacet
  facet normal 0 -1 0
    outer loop
      vertex 8.815369376468405 42.4 -0.5145201833107436
      vertex 9.175620895676639 42.4 -0.288159150985404
      vertex 8.1 42.4 0
    endloop
  endfacet
  facet normal 0 -1 0
    outer loop
      vertex 9.213174260663758 42.4 -0.2839279029491635
      vertex 8.1 42.4 0
      vertex 9.175620895676639 42.4 -0.288159150985404
    endloop
  endfacet
  facet normal 0 -1 0
    outer loop
      vertex 9.213174260663758 42.4 -0.2839279029491635
      vertex 9.280023835497536 42.4 -0.288159150985404
      vertex 8.1 42.4 0
    endloop
  endfacet
  facet normal 0 -1 0
    outer loop
      vertex 11.147394918024451 42.4 -0.49112343884597726
      vertex 11.9 42.4 0
      vertex 9.723740020002658 42.4 -0.4121713923847836
    endloop
  endfacet
  facet normal 0 -1 0
    outer loop
      vertex 9.723740020002658 42.4 -0.4121713923847836
      vertex 11.9 42.4 0
      vertex 9.280023835497536 42.4 -0.288159150985404
    endloop
  endfacet
  facet normal 0 -1 0
    outer loop
      vertex 9.280023835497536 42.4 -0.288159150985404
      vertex 11.9 42.4 0
      vertex 8.1 42.4 0
    endloop
  endfacet
  facet normal 0 -1 0
    outer loop
      vertex 11.485479816689256 42.4 -0.8153693764684067
      vertex 11.9 42.4 0
      vertex 11.184630623531593 42.4 -0.5145201833107433
    endloop
  endfacet
  facet normal -0.11196447610330816 0 -0.9937122098932427
    outer loop
      vertex 10 42.4 -3.9
      vertex 9.577210225483002 53.6 -3.8523630331454646
      vertex 10 53.6 -3.9
    endloop
  endfacet
  facet normal 0.11196447610330816 0 -0.9937122098932427
    outer loop
      vertex 10.422789774516998 42.4 -3.8523630331454646
      vertex 10 53.6 -3.9
      vertex 10.422789774516998 53.6 -3.8523630331454646
    endloop
  endfacet
  facet normal -0.7071067811865486 0 -0.7071067811865466
    outer loop
      vertex 8.815369376468405 42.4 -3.4854798166892564
      vertex 8.514520183310744 53.6 -3.1846306235315938
      vertex 8.815369376468405 53.6 -3.4854798166892564
    endloop
  endfacet
  facet normal -1 0 0
    outer loop
      vertex 8.1 42.4 -2
      vertex 8.1 53.6 0
      vertex 8.1 53.6 -2
    endloop
  endfacet
  facet normal 0 1 0
    outer loop
      vertex 8.958376381114416 53.6 -1.2511362413669846
      vertex 9.407684688234204 53.6 -1.2572600916553718
      vertex 9.367689972805664 53.6 -1.2972548070839114
    endloop
  endfacet
  facet normal 0 1 0
    outer loop
      vertex 8.1 53.6 -2
      vertex 8.1 53.6 0
      vertex 8.147636966854535 53.6 -1.5772102254830025
    endloop
  endfacet
  facet normal 0 1 0
    outer loop
      vertex 8.147636966854535 53.6 -1.5772102254830025
      vertex 8.1 53.6 0
      vertex 8.732745660591714 53.6 -1.5772102254830027
    endloop
  endfacet
  facet normal 0 1 0
    outer loop
      vertex 8.732745660591714 53.6 -1.5772102254830027
      vertex 8.1 53.6 0
      vertex 8.958376381114416 53.6 -1.2511362413669846
    endloop
  endfacet
  facet normal 0 1 0
    outer loop
      vertex 8.958376381114416 53.6 -1.2511362413669846
      vertex 9.58781044783832 53.6 -1.144079575492702
      vertex 9.407684688234204 53.6 -1.2572600916553718
    endloop
  endfacet
  facet normal 0 1 0
    outer loop
      vertex 11.9 53.6 0
      vertex 10.772832211325206 53.6 -1.4555763140757316
      vertex 10.742739908344628 53.6 -1.4076846882342033
    endloop
  endfacet
  facet normal 0 1 0
    outer loop
      vertex 8.958376381114416 53.6 -1.2511362413669846
      vertex 11.9 53.6 0
      vertex 9.58781044783832 53.6 -1.144079575492702
    endloop
  endfacet
  facet normal 0 1 0
    outer loop
      vertex 11.9 53.6 0
      vertex 10.742739908344628 53.6 -1.4076846882342033
      vertex 10.592315311765796 53.6 -1.2572600916553718
    endloop
  endfacet
  facet normal 0 1 0
    outer loop
      vertex 11.9 53.6 0
      vertex 10.592315311765796 53.6 -1.2572600916553718
      vertex 10.41218955216168 53.6 -1.144079575492702
    endloop
  endfacet
  facet normal 0 1 0
    outer loop
      vertex 11.9 53.6 0
      vertex 9.788605112741502 53.6 -1.0738184834272675
      vertex 9.58781044783832 53.6 -1.144079575492702
    endloop
  endfacet
  facet normal 0 1 0
    outer loop
      vertex 11.9 53.6 0
      vertex 10.41218955216168 53.6 -1.144079575492702
      vertex 10.211394887258498 53.6 -1.0738184834272675
    endloop
  endfacet
  facet normal 0 1 0
    outer loop
      vertex 11.9 53.6 0
      vertex 10.211394887258498 53.6 -1.0738184834272675
      vertex 10 53.6 -1.05
    endloop
  endfacet
  facet normal 0 1 0
    outer loop
      vertex 11.9 53.6 0
      vertex 10 53.6 -1.05
      vertex 9.788605112741502 53.6 -1.0738184834272675
    endloop
  endfacet
  facet normal 0 1 0
    outer loop
      vertex 11.9 53.6 -2
      vertex 11.852363033145465 53.6 -1.5772102254830034
      vertex 11.9 53.6 0
    endloop
  endfacet
  facet normal 0 1 0
    outer loop
      vertex 11.852363033145465 53.6 -1.5772102254830034
      vertex 10.772832211325206 53.6 -1.4555763140757316
      vertex 11.9 53.6 0
    endloop
  endfacet
  facet normal 1 0 0
    outer loop
      vertex 11.9 53.6 -2
      vertex 11.9 53.6 0
      vertex 11.9 42.4 0
    endloop
  endfacet
  facet normal 0 1 0
    outer loop
      vertex 8.958376381114416 53.6 -1.2511362413669846
      vertex 8.1 53.6 0
      vertex 11.9 53.6 0
    endloop
  endfacet
  facet normal -0.5661072439451682 -0.8243316009669931 0
    outer loop
      vertex -71.94931603223085 -51.83709490299225 0
      vertex -68.74617034196854 -54.03684555739164 0
      vertex -71.94931603223085 -51.83709490299225 3
    endloop
  endfacet
  facet normal 0 0 -1
    outer loop
      vertex -68.74617034196854 -54.03684555739164 0
      vertex -56.04568541795015 -59.51431457698345 0
      vertex -56.5224042609334 -59.9910334199667 0
    endloop
  endfacet
  facet normal 0 0 -1
    outer loop
      vertex -68.74617034196854 -54.03684555739164 0
      vertex -55.90562565624714 -59.40262063592672 0
      vertex -56.04568541795015 -59.51431457698345 0
    endloop
  endfacet
  facet normal 0 0 -1
    outer loop
      vertex -68.74617034196854 -54.03684555739164 0
      vertex -55.74422324448824 -59.324893333017826 0
      vertex -55.90562565624714 -59.40262063592672 0
    endloop
  endfacet
  facet normal 0 0 -1
    outer loop
      vertex -68.74617034196854 -54.03684555739164 0
      vertex -55.56957157701254 -59.285030230879784 0
      vertex -55.74422324448824 -59.324893333017826 0
    endloop
  endfacet
  facet normal -0.4379111583648895 -0.8990182519724061 0
    outer loop
      vertex -68.74617034196854 -54.03684555739164 0
      vertex -56.5224042609334 -59.9910334199667 0
      vertex -68.74617034196854 -54.03684555739164 3
    endloop
  endfacet
  facet normal 0.7071067811865475 -0.7071067811865475 0
    outer loop
      vertex -56.5224042609334 -59.9910334199667 0
      vertex -56.04568541795015 -59.51431457698345 0
      vertex -56.5224042609334 -59.9910334199667 3
    endloop
  endfacet
  facet normal 0.6234898299930178 -0.781831460031686 0
    outer loop
      vertex -56.04568541795015 -59.51431457698345 0
      vertex -55.90562565624714 -59.40262063592672 0
      vertex -56.04568541795015 -59.51431457698345 3
    endloop
  endfacet
  facet normal 0.4338837300164674 -0.9009688722852733 0
    outer loop
      vertex -55.90562565624714 -59.40262063592672 0
      vertex -55.74422324448824 -59.324893333017826 0
      vertex -55.90562565624714 -59.40262063592672 3
    endloop
  endfacet
  facet normal 0.2225209272995148 -0.9749279137011947 0
    outer loop
      vertex -55.74422324448824 -59.324893333017826 0
      vertex -55.56957157701254 -59.285030230879784 0
      vertex -55.74422324448824 -59.324893333017826 3
    endloop
  endfacet
  facet normal -0.2225209272995148 -0.9749279137011947 0
    outer loop
      vertex -55.21577674895525 -59.324893333017826 0
      vertex -55.39042841643095 -59.285030230879784 3
      vertex -55.39042841643095 -59.285030230879784 0
    endloop
  endfacet
  facet normal -0.4338837300164674 -0.9009688722852733 0
    outer loop
      vertex -55.21577674895525 -59.324893333017826 0
      vertex -55.05437433719635 -59.40262063592672 0
      vertex -55.21577674895525 -59.324893333017826 3
    endloop
  endfacet
  facet normal -0.5490262432586159 -0.8358051113826304 0
    outer loop
      vertex -55.05437433719635 -59.40262063592672 0
      vertex -55.027362786233425 -59.42036406695843 0
      vertex -55.05437433719635 -59.40262063592672 3
    endloop
  endfacet
  facet normal 0 -1 0
    outer loop
      vertex -55.56957157701254 -59.285030230879784 0
      vertex -55.39042841643095 -59.285030230879784 0
      vertex -55.56957157701254 -59.285030230879784 3
    endloop
  endfacet
  facet normal -0.5661072439451682 -0.8243316009669931 0
    outer loop
      vertex -68.74617034196854 -54.03684555739164 0
      vertex -68.74617034196854 -54.03684555739164 3
      vertex -71.94931603223085 -51.83709490299225 3
    endloop
  endfacet
  facet normal -0.4379111583648895 -0.8990182519724061 0
    outer loop
      vertex -56.5224042609334 -59.9910334199667 0
      vertex -56.5224042609334 -59.9910334199667 3
      vertex -68.74617034196854 -54.03684555739164 3
    endloop
  endfacet
  facet normal 0.7071067811865475 -0.7071067811865475 0
    outer loop
      vertex -56.04568541795015 -59.51431457698345 0
      vertex -56.04568541795015 -59.51431457698345 3
      vertex -56.5224042609334 -59.9910334199667 3
    endloop
  endfacet
  facet normal 0.6234898299930178 -0.781831460031686 0
    outer loop
      vertex -55.90562565624714 -59.40262063592672 0
      vertex -55.90562565624714 -59.40262063592672 3
      vertex -56.04568541795015 -59.51431457698345 3
    endloop
  endfacet
  facet normal 0.4338837300164674 -0.9009688722852733 0
    outer loop
      vertex -55.74422324448824 -59.324893333017826 0
      vertex -55.74422324448824 -59.324893333017826 3
      vertex -55.90562565624714 -59.40262063592672 3
    endloop
  endfacet
  facet normal 0.2225209272995148 -0.9749279137011947 0
    outer loop
      vertex -55.56957157701254 -59.285030230879784 0
      vertex -55.56957157701254 -59.285030230879784 3
      vertex -55.74422324448824 -59.324893333017826 3
    endloop
  endfacet
  facet normal -0.2225209272995148 -0.9749279137011947 0
    outer loop
      vertex -55.21577674895525 -59.324893333017826 0
      vertex -55.21577674895525 -59.324893333017826 3
      vertex -55.39042841643095 -59.285030230879784 3
    endloop
  endfacet
  facet normal -0.4338837300164674 -0.9009688722852733 0
    outer loop
      vertex -55.05437433719635 -59.40262063592672 0
      vertex -55.05437433719635 -59.40262063592672 3
      vertex -55.21577674895525 -59.324893333017826 3
    endloop
  endfacet
  facet normal -0.5490262432586159 -0.8358051113826304 0
    outer loop
      vertex -55.027362786233425 -59.42036406695843 0
      vertex -55.027362786233425 -59.42036406695843 3
      vertex -55.05437433719635 -59.40262063592672 3
    endloop
  endfacet
  facet normal 0 -1 0
    outer loop
      vertex -55.39042841643095 -59.285030230879784 0
      vertex -55.39042841643095 -59.285030230879784 3
      vertex -55.56957157701254 -59.285030230879784 3
    endloop
  endfacet
  facet normal -0.7219882041759016 -0.6919053642159864 -2.2420255708050437e-17
    outer loop
      vertex -71.94931603223085 -51.83709490299225 0
      vertex -73.66243045032024 -50.04949725419283 3
      vertex -73.66243045032024 -50.04949725419283 0
    endloop
  endfacet
  facet normal -0.8714672662214142 -0.4904536715170707 0
    outer loop
      vertex -73.66243045032024 -50.04949725419283 0
      vertex -74.75837288051844 -48.10216153413057 3
      vertex -74.75837288051844 -48.10216153413057 0
    endloop
  endfacet
  facet normal -0.9825702461046709 -0.18589166595037612 0
    outer loop
      vertex -74.75837288051844 -48.10216153413057 0
      vertex -75.19449440389872 -45.79694774001837 3
      vertex -75.19449440389872 -45.79694774001837 0
    endloop
  endfacet
  facet normal -0.9792604195771452 0.20260560369741387 0
    outer loop
      vertex -75.19449440389872 -45.79694774001837 0
      vertex -74.89960307627916 -44.37163965404034 3
      vertex -74.89960307627916 -44.37163965404034 0
    endloop
  endfacet
  facet normal -0.8220138838836786 0.5694674483256001 1.956961759845175e-17
    outer loop
      vertex -74.89960307627916 -44.37163965404034 0
      vertex -72.74580226838589 -41.26267500221729 3
      vertex -72.74580226838589 -41.26267500221729 0
    endloop
  endfacet
  facet normal -0.6679984020228934 0.7441627072723148 -2.337743011487159e-17
    outer loop
      vertex -72.74580226838589 -41.26267500221729 0
      vertex -66.85560128092766 -35.97533016651869 3
      vertex -66.85560128092766 -35.97533016651869 0
    endloop
  endfacet
  facet normal -0.6987705330812048 0.7153458898305132 0
    outer loop
      vertex -66.80735938996077 -35.92820609360933 0
      vertex -66.85560128092766 -35.97533016651869 0
      vertex -66.80735938996077 -35.92820609360933 3
    endloop
  endfacet
  facet normal -0.8004458625802846 0.5994050559330514 0
    outer loop
      vertex -66.80735938996077 -35.92820609360933 0
      vertex -66.69998007267714 -35.784811690449715 3
      vertex -66.69998007267714 -35.784811690449715 0
    endloop
  endfacet
  facet normal -0.8625249060280142 0.506014610936646 0
    outer loop
      vertex -66.69998007267714 -35.784811690449715 0
      vertex -64.9399800747633 -32.784811690449715 3
      vertex -64.9399800747633 -32.784811690449715 0
    endloop
  endfacet
  facet normal 0 0 -1
    outer loop
      vertex -73.66243045032024 -50.04949725419283 0
      vertex -74.75837288051844 -48.10216153413057 0
      vertex -18.095048241317272 -30.386054329574108 0
    endloop
  endfacet
  facet normal 0 0 -1
    outer loop
      vertex -74.75837288051844 -48.10216153413057 0
      vertex -75.19449440389872 -45.79694774001837 0
      vertex -18.041109308600426 -30.215224407613277 0
    endloop
  endfacet
  facet normal 0 0 -1
    outer loop
      vertex -75.19449440389872 -45.79694774001837 0
      vertex -74.89960307627916 -44.37163965404034 0
      vertex -18.041109308600426 -30.215224407613277 0
    endloop
  endfacet
  facet normal 0 0 -1
    outer loop
      vertex -74.89960307627916 -44.37163965404034 0
      vertex -72.74580226838589 -41.26267500221729 0
      vertex -18.041109308600426 -30.215224407613277 0
    endloop
  endfacet
  facet normal -0.9024465578863103 0.4308018223721324 0
    outer loop
      vertex -64.9399800747633 -32.784811690449715 0
      vertex -64.88134015351534 -32.661972388625145 3
      vertex -64.88134015351534 -32.661972388625145 0
    endloop
  endfacet
  facet normal -0.9694041549504803 0.24547012927186326 0
    outer loop
      vertex -64.88134015351534 -32.661972388625145 0
      vertex -64.83736585825682 -32.488310262560844 3
      vertex -64.83736585825682 -32.488310262560844 0
    endloop
  endfacet
  facet normal -0.8714672662214142 -0.4904536715170707 0
    outer loop
      vertex -73.66243045032024 -50.04949725419283 0
      vertex -73.66243045032024 -50.04949725419283 3
      vertex -74.75837288051844 -48.10216153413057 3
    endloop
  endfacet
  facet normal -0.9825702461046709 -0.18589166595037612 0
    outer loop
      vertex -74.75837288051844 -48.10216153413057 0
      vertex -74.75837288051844 -48.10216153413057 3
      vertex -75.19449440389872 -45.79694774001837 3
    endloop
  endfacet
  facet normal -0.7219882041759016 -0.6919053642159864 0
    outer loop
      vertex -71.94931603223085 -51.83709490299225 0
      vertex -71.94931603223085 -51.83709490299225 3
      vertex -73.66243045032024 -50.04949725419283 3
    endloop
  endfacet
  facet normal -0.9792604195771452 0.20260560369741387 0
    outer loop
      vertex -75.19449440389872 -45.79694774001837 0
      vertex -75.19449440389872 -45.79694774001837 3
      vertex -74.89960307627916 -44.37163965404034 3
    endloop
  endfacet
  facet normal -0.8220138838836786 0.5694674483256001 0
    outer loop
      vertex -74.89960307627916 -44.37163965404034 0
      vertex -74.89960307627916 -44.37163965404034 3
      vertex -72.74580226838589 -41.26267500221729 3
    endloop
  endfacet
  facet normal -0.6679984020228934 0.7441627072723148 0
    outer loop
      vertex -72.74580226838589 -41.26267500221729 0
      vertex -72.74580226838589 -41.26267500221729 3
      vertex -66.85560128092766 -35.97533016651869 3
    endloop
  endfacet
  facet normal -0.6987705330812048 0.7153458898305132 0
    outer loop
      vertex -66.85560128092766 -35.97533016651869 0
      vertex -66.85560128092766 -35.97533016651869 3
      vertex -66.80735938996077 -35.92820609360933 3
    endloop
  endfacet
  facet normal -0.8004458625802846 0.5994050559330514 0
    outer loop
      vertex -66.80735938996077 -35.92820609360933 0
      vertex -66.80735938996077 -35.92820609360933 3
      vertex -66.69998007267714 -35.784811690449715 3
    endloop
  endfacet
  facet normal -0.8625249060280142 0.506014610936646 0
    outer loop
      vertex -66.69998007267714 -35.784811690449715 0
      vertex -66.69998007267714 -35.784811690449715 3
      vertex -64.9399800747633 -32.784811690449715 3
    endloop
  endfacet
  facet normal -0.9024465578863103 0.4308018223721324 0
    outer loop
      vertex -64.9399800747633 -32.784811690449715 0
      vertex -64.9399800747633 -32.784811690449715 3
      vertex -64.88134015351534 -32.661972388625145 3
    endloop
  endfacet
  facet normal -0.9694041549504803 0.24547012927186326 0
    outer loop
      vertex -64.88134015351534 -32.661972388625145 0
      vertex -64.88134015351534 -32.661972388625145 3
      vertex -64.83736585825682 -32.488310262560844 3
    endloop
  endfacet
  facet normal -0.9907926812377574 0.13538782369805458 0
    outer loop
      vertex -64.83736585825682 -32.488310262560844 0
      vertex -64.83736585825682 -32.488310262560844 3
      vertex -64.61736585199833 -30.87831026315689 3
    endloop
  endfacet
  facet normal -0.7301507290274993 -0.6832861134990315 5.582974041426851e-17
    outer loop
      vertex -45.259084954857826 -68.91720221191645 0
      vertex -52.505879417061806 -61.173371106386185 3
      vertex -52.505879417061806 -61.173371106386185 0
    endloop
  endfacet
  facet normal 0 0 -1
    outer loop
      vertex -55.05437433719635 -59.40262063592672 0
      vertex -27.628577433526516 -52.990677550435066 0
      vertex -55.027362786233425 -59.42036406695843 0
    endloop
  endfacet
  facet normal 0 0 -1
    outer loop
      vertex -55.21577674895525 -59.324893333017826 0
      vertex -27.55905606597662 -52.899781338870525 0
      vertex -55.05437433719635 -59.40262063592672 0
    endloop
  endfacet
  facet normal 0 0 -1
    outer loop
      vertex -55.027362786233425 -59.42036406695843 0
      vertex -27.70957324653864 -53.15046475827694 0
      vertex -52.63736279308796 -61.060364067554474 0
    endloop
  endfacet
  facet normal -0.5657965095821149 -0.824544910689949 0
    outer loop
      vertex -55.027362786233425 -59.42036406695843 0
      vertex -52.63736279308796 -61.060364067554474 0
      vertex -55.027362786233425 -59.42036406695843 3
    endloop
  endfacet
  facet normal -0.6518115726041418 -0.7583809556016788 0
    outer loop
      vertex -52.63736279308796 -61.060364067554474 0
      vertex -52.505879417061806 -61.173371106386185 0
      vertex -52.63736279308796 -61.060364067554474 3
    endloop
  endfacet
  facet normal 0 0 -1
    outer loop
      vertex -45.259084954857826 -68.91720221191645 0
      vertex -32.671842478215694 -68.37570627778769 0
      vertex -42.683359533548355 -70.91949971020222 0
    endloop
  endfacet
  facet normal 0 0 -1
    outer loop
      vertex -45.259084954857826 -68.91720221191645 0
      vertex -52.505879417061806 -61.173371106386185 0
      vertex -30.393684022128582 -64.18621148914099 0
    endloop
  endfacet
  facet normal 0 0 -1
    outer loop
      vertex -42.683359533548355 -70.91949971020222 0
      vertex -35.434240743517876 -70.98208869993687 0
      vertex -39.412547655403614 -71.9404990002513 0
    endloop
  endfacet
  facet normal 0 0 -1
    outer loop
      vertex -42.683359533548355 -70.91949971020222 0
      vertex -32.671842478215694 -68.37570627778769 0
      vertex -35.434240743517876 -70.98208869993687 0
    endloop
  endfacet
  facet normal 0 0 -1
    outer loop
      vertex -45.259084954857826 -68.91720221191645 0
      vertex -30.393684022128582 -64.18621148914099 0
      vertex -32.671842478215694 -68.37570627778769 0
    endloop
  endfacet
  facet normal -0.6137411112798166 -0.7895073453268285 0
    outer loop
      vertex -45.259084954857826 -68.91720221191645 0
      vertex -42.683359533548355 -70.91949971020222 0
      vertex -45.259084954857826 -68.91720221191645 3
    endloop
  endfacet
  facet normal -0.2979746863687267 -0.9545737720487919 0
    outer loop
      vertex -42.683359533548355 -70.91949971020222 0
      vertex -39.412547655403614 -71.9404990002513 0
      vertex -42.683359533548355 -70.91949971020222 3
    endloop
  endfacet
  facet normal 0.23420853716406126 -0.9721863818833664 0
    outer loop
      vertex -39.412547655403614 -71.9404990002513 0
      vertex -35.434240743517876 -70.98208869993687 0
      vertex -39.412547655403614 -71.9404990002513 3
    endloop
  endfacet
  facet normal 0.6862686730338238 -0.727348134260613 0
    outer loop
      vertex -35.434240743517876 -70.98208869993687 0
      vertex -32.671842478215694 -68.37570627778769 0
      vertex -35.434240743517876 -70.98208869993687 3
    endloop
  endfacet
  facet normal 0 0 -1
    outer loop
      vertex -52.63736279308796 -61.060364067554474 0
      vertex -27.70957324653864 -53.15046475827694 0
      vertex -52.505879417061806 -61.173371106386185 0
    endloop
  endfacet
  facet normal 0 0 -1
    outer loop
      vertex -52.505879417061806 -61.173371106386185 0
      vertex -29.148285587725734 -58.6073774507091 0
      vertex -30.393684022128582 -64.18621148914099 0
    endloop
  endfacet
  facet normal 0 0 -1
    outer loop
      vertex -52.505879417061806 -61.173371106386185 0
      vertex -29.82993266315985 -58.27911352019565 0
      vertex -29.50760235649985 -58.48164707543412 0
    endloop
  endfacet
  facet normal 0 0 -1
    outer loop
      vertex -52.505879417061806 -61.173371106386185 0
      vertex -29.50760235649985 -58.48164707543412 0
      vertex -29.148285587725734 -58.6073774507091 0
    endloop
  endfacet
  facet normal 0 0 -1
    outer loop
      vertex -52.505879417061806 -61.173371106386185 0
      vertex -30.4273774507091 -57.32828558772574 0
      vertex -30.30164707543411 -57.68760235649985 0
    endloop
  endfacet
  facet normal 0 0 -1
    outer loop
      vertex -52.505879417061806 -61.173371106386185 0
      vertex -30.30164707543411 -57.68760235649985 0
      vertex -30.09911352019565 -58.00993266315985 0
    endloop
  endfacet
  facet normal 0 0 -1
    outer loop
      vertex -52.505879417061806 -61.173371106386185 0
      vertex -30.47 -56.95 0
      vertex -30.4273774507091 -57.32828558772574 0
    endloop
  endfacet
  facet normal 0 0 -1
    outer loop
      vertex -52.505879417061806 -61.173371106386185 0
      vertex -30.4273774507091 -56.57171441227427 0
      vertex -30.47 -56.95 0
    endloop
  endfacet
  facet normal 0 0 -1
    outer loop
      vertex -52.505879417061806 -61.173371106386185 0
      vertex -30.09911352019565 -58.00993266315985 0
      vertex -29.82993266315985 -58.27911352019565 0
    endloop
  endfacet
  facet normal 0 0 -1
    outer loop
      vertex -52.505879417061806 -61.173371106386185 0
      vertex -30.30164707543411 -56.212397643500154 0
      vertex -30.4273774507091 -56.57171441227427 0
    endloop
  endfacet
  facet normal 0 0 -1
    outer loop
      vertex -52.505879417061806 -61.173371106386185 0
      vertex -30.09911352019565 -55.890067336840154 0
      vertex -30.30164707543411 -56.212397643500154 0
    endloop
  endfacet
  facet normal 0 0 -1
    outer loop
      vertex -52.505879417061806 -61.173371106386185 0
      vertex -29.82993266315985 -55.620886479804355 0
      vertex -30.09911352019565 -55.890067336840154 0
    endloop
  endfacet
  facet normal 0 0 -1
    outer loop
      vertex -52.505879417061806 -61.173371106386185 0
      vertex -29.50760235649985 -55.41835292456589 0
      vertex -29.82993266315985 -55.620886479804355 0
    endloop
  endfacet
  facet normal 0 0 -1
    outer loop
      vertex -52.505879417061806 -61.173371106386185 0
      vertex -29.148285587725734 -55.292622549290904 0
      vertex -29.50760235649985 -55.41835292456589 0
    endloop
  endfacet
  facet normal 0 0 -1
    outer loop
      vertex -52.505879417061806 -61.173371106386185 0
      vertex -27.859942324459553 -54.5080167427659 0
      vertex -29.148285587725734 -55.292622549290904 0
    endloop
  endfacet
  facet normal 0 0 -1
    outer loop
      vertex -52.505879417061806 -61.173371106386185 0
      vertex -27.87999999523163 -54.32999999821186 0
      vertex -27.859942324459553 -54.5080167427659 0
    endloop
  endfacet
  facet normal 0 0 -1
    outer loop
      vertex -52.505879417061806 -61.173371106386185 0
      vertex -27.872982315719128 -54.22426902502775 0
      vertex -27.87999999523163 -54.32999999821186 0
    endloop
  endfacet
  facet normal 0 0 -1
    outer loop
      vertex -52.505879417061806 -61.173371106386185 0
      vertex -27.752982318401337 -53.32426902651787 0
      vertex -27.872982315719128 -54.22426902502775 0
    endloop
  endfacet
  facet normal 0 0 -1
    outer loop
      vertex -52.505879417061806 -61.173371106386185 0
      vertex -27.70957324653864 -53.15046475827694 0
      vertex -27.752982318401337 -53.32426902651787 0
    endloop
  endfacet
  facet normal 0 0 -1
    outer loop
      vertex -55.027362786233425 -59.42036406695843 0
      vertex -27.628577433526516 -52.990677550435066 0
      vertex -27.70957324653864 -53.15046475827694 0
    endloop
  endfacet
  facet normal 0 0 -1
    outer loop
      vertex -55.05437433719635 -59.40262063592672 0
      vertex -27.55905606597662 -52.899781338870525 0
      vertex -27.628577433526516 -52.990677550435066 0
    endloop
  endfacet
  facet normal -0.7301507290274993 -0.6832861134990315 0
    outer loop
      vertex -45.259084954857826 -68.91720221191645 0
      vertex -45.259084954857826 -68.91720221191645 3
      vertex -52.505879417061806 -61.173371106386185 3
    endloop
  endfacet
  facet normal -0.6518115726041418 -0.7583809556016788 0
    outer loop
      vertex -52.505879417061806 -61.173371106386185 0
      vertex -52.505879417061806 -61.173371106386185 3
      vertex -52.63736279308796 -61.060364067554474 3
    endloop
  endfacet
  facet normal -0.5657965095821149 -0.824544910689949 0
    outer loop
      vertex -52.63736279308796 -61.060364067554474 0
      vertex -52.63736279308796 -61.060364067554474 3
      vertex -55.027362786233425 -59.42036406695843 3
    endloop
  endfacet
  facet normal -0.6137411112798166 -0.7895073453268285 0
    outer loop
      vertex -42.683359533548355 -70.91949971020222 0
      vertex -42.683359533548355 -70.91949971020222 3
      vertex -45.259084954857826 -68.91720221191645 3
    endloop
  endfacet
  facet normal -0.2979746863687267 -0.9545737720487919 0
    outer loop
      vertex -39.412547655403614 -71.9404990002513 0
      vertex -39.412547655403614 -71.9404990002513 3
      vertex -42.683359533548355 -70.91949971020222 3
    endloop
  endfacet
  facet normal 0.23420853716406126 -0.9721863818833664 0
    outer loop
      vertex -35.434240743517876 -70.98208869993687 0
      vertex -35.434240743517876 -70.98208869993687 3
      vertex -39.412547655403614 -71.9404990002513 3
    endloop
  endfacet
  facet normal 0 0 -1
    outer loop
      vertex -71.94931603223085 -51.83709490299225 0
      vertex -18.095048241317272 -30.386054329574108 0
      vertex -68.74617034196854 -54.03684555739164 0
    endloop
  endfacet
  facet normal 0 0 -1
    outer loop
      vertex -71.94931603223085 -51.83709490299225 0
      vertex -73.66243045032024 -50.04949725419283 0
      vertex -18.095048241317272 -30.386054329574108 0
    endloop
  endfacet
  facet normal 0 0 -1
    outer loop
      vertex -68.74617034196854 -54.03684555739164 0
      vertex -18.095048241317272 -30.386054329574108 0
      vertex -55.56957157701254 -59.285030230879784 0
    endloop
  endfacet
  facet normal 0 0 -1
    outer loop
      vertex -72.74580226838589 -41.26267500221729 0
      vertex -66.85560128092766 -35.97533016651869 0
      vertex -18.041109308600426 -30.215224407613277 0
    endloop
  endfacet
  facet normal 0 0 -1
    outer loop
      vertex -66.80735938996077 -35.92820609360933 0
      vertex -18.041109308600426 -30.215224407613277 0
      vertex -66.85560128092766 -35.97533016651869 0
    endloop
  endfacet
  facet normal 0 0 -1
    outer loop
      vertex -66.80735938996077 -35.92820609360933 0
      vertex -66.69998007267714 -35.784811690449715 0
      vertex -18.041109308600426 -30.215224407613277 0
    endloop
  endfacet
  facet normal 0 0 -1
    outer loop
      vertex -66.69998007267714 -35.784811690449715 0
      vertex -64.9399800747633 -32.784811690449715 0
      vertex -18.041109308600426 -30.215224407613277 0
    endloop
  endfacet
  facet normal 0 0 -1
    outer loop
      vertex -64.9399800747633 -32.784811690449715 0
      vertex -64.88134015351534 -32.661972388625145 0
      vertex -18.041109308600426 -30.215224407613277 0
    endloop
  endfacet
  facet normal 0 0 -1
    outer loop
      vertex -64.88134015351534 -32.661972388625145 0
      vertex -64.83736585825682 -32.488310262560844 0
      vertex -18.041109308600426 -30.215224407613277 0
    endloop
  endfacet
  facet normal 0 0 -1
    outer loop
      vertex -55.56957157701254 -59.285030230879784 0
      vertex -18.095048241317272 -30.386054329574108 0
      vertex -55.39042841643095 -59.285030230879784 0
    endloop
  endfacet
  facet normal 0 0 -1
    outer loop
      vertex -55.21577674895525 -59.324893333017826 0
      vertex -55.39042841643095 -59.285030230879784 0
      vertex -18.109621569514275 -30.564603738486767 0
    endloop
  endfacet
  facet normal 0 0 -1
    outer loop
      vertex -74.75837288051844 -48.10216153413057 0
      vertex -18.041109308600426 -30.215224407613277 0
      vertex -18.095048241317272 -30.386054329574108 0
    endloop
  endfacet
  facet normal 0 0 1
    outer loop
      vertex -68.74617034196854 -54.03684555739164 3
      vertex -56.5224042609334 -59.9910334199667 3
      vertex -56.04568541795015 -59.51431457698345 3
    endloop
  endfacet
  facet normal 0 0 1
    outer loop
      vertex -68.74617034196854 -54.03684555739164 3
      vertex -56.04568541795015 -59.51431457698345 3
      vertex -55.90562565624714 -59.40262063592672 3
    endloop
  endfacet
  facet normal 0 0 1
    outer loop
      vertex -68.74617034196854 -54.03684555739164 3
      vertex -55.90562565624714 -59.40262063592672 3
      vertex -55.74422324448824 -59.324893333017826 3
    endloop
  endfacet
  facet normal 0 0 1
    outer loop
      vertex -68.74617034196854 -54.03684555739164 3
      vertex -55.74422324448824 -59.324893333017826 3
      vertex -55.56957157701254 -59.285030230879784 3
    endloop
  endfacet
  facet normal 0 0 1
    outer loop
      vertex -73.66243045032024 -50.04949725419283 3
      vertex -18.095048241317272 -30.386054329574108 3
      vertex -74.75837288051844 -48.10216153413057 3
    endloop
  endfacet
  facet normal 0 0 1
    outer loop
      vertex -74.75837288051844 -48.10216153413057 3
      vertex -18.041109308600426 -30.215224407613277 3
      vertex -75.19449440389872 -45.79694774001837 3
    endloop
  endfacet
  facet normal 0 0 1
    outer loop
      vertex -75.19449440389872 -45.79694774001837 3
      vertex -18.041109308600426 -30.215224407613277 3
      vertex -74.89960307627916 -44.37163965404034 3
    endloop
  endfacet
  facet normal 0 0 1
    outer loop
      vertex -74.89960307627916 -44.37163965404034 3
      vertex -18.041109308600426 -30.215224407613277 3
      vertex -72.74580226838589 -41.26267500221729 3
    endloop
  endfacet
  facet normal 0 0 1
    outer loop
      vertex -55.05437433719635 -59.40262063592672 3
      vertex -55.027362786233425 -59.42036406695843 3
      vertex -27.628577433526516 -52.990677550435066 3
    endloop
  endfacet
  facet normal 0 0 1
    outer loop
      vertex -55.21577674895525 -59.324893333017826 3
      vertex -55.05437433719635 -59.40262063592672 3
      vertex -27.55905606597662 -52.899781338870525 3
    endloop
  endfacet
  facet normal 0 0 1
    outer loop
      vertex -55.027362786233425 -59.42036406695843 3
      vertex -52.63736279308796 -61.060364067554474 3
      vertex -27.70957324653864 -53.15046475827694 3
    endloop
  endfacet
  facet normal 0 0 1
    outer loop
      vertex -45.259084954857826 -68.91720221191645 3
      vertex -42.683359533548355 -70.91949971020222 3
      vertex -32.671842478215694 -68.37570627778769 3
    endloop
  endfacet
  facet normal 0 0 1
    outer loop
      vertex -45.259084954857826 -68.91720221191645 3
      vertex -30.393684022128582 -64.18621148914099 3
      vertex -52.505879417061806 -61.173371106386185 3
    endloop
  endfacet
  facet normal 0 0 1
    outer loop
      vertex -42.683359533548355 -70.91949971020222 3
      vertex -39.412547655403614 -71.9404990002513 3
      vertex -35.434240743517876 -70.98208869993687 3
    endloop
  endfacet
  facet normal 0 0 1
    outer loop
      vertex -42.683359533548355 -70.91949971020222 3
      vertex -35.434240743517876 -70.98208869993687 3
      vertex -32.671842478215694 -68.37570627778769 3
    endloop
  endfacet
  facet normal 0 0 1
    outer loop
      vertex -45.259084954857826 -68.91720221191645 3
      vertex -32.671842478215694 -68.37570627778769 3
      vertex -30.393684022128582 -64.18621148914099 3
    endloop
  endfacet
  facet normal 0 0 1
    outer loop
      vertex -52.63736279308796 -61.060364067554474 3
      vertex -52.505879417061806 -61.173371106386185 3
      vertex -27.70957324653864 -53.15046475827694 3
    endloop
  endfacet
  facet normal 0 0 1
    outer loop
      vertex -52.505879417061806 -61.173371106386185 3
      vertex -30.393684022128582 -64.18621148914099 3
      vertex -29.50760235649985 -58.48164707543412 3
    endloop
  endfacet
  facet normal 0 0 1
    outer loop
      vertex -52.505879417061806 -61.173371106386185 3
      vertex -29.50760235649985 -58.48164707543412 3
      vertex -29.82993266315985 -58.27911352019565 3
    endloop
  endfacet
  facet normal 0 0 1
    outer loop
      vertex -52.505879417061806 -61.173371106386185 3
      vertex -30.30164707543411 -57.68760235649985 3
      vertex -30.4273774507091 -57.32828558772574 3
    endloop
  endfacet
  facet normal 0 0 1
    outer loop
      vertex -52.505879417061806 -61.173371106386185 3
      vertex -30.09911352019565 -58.00993266315985 3
      vertex -30.30164707543411 -57.68760235649985 3
    endloop
  endfacet
  facet normal 0 0 1
    outer loop
      vertex -52.505879417061806 -61.173371106386185 3
      vertex -30.4273774507091 -57.32828558772574 3
      vertex -30.47 -56.95 3
    endloop
  endfacet
  facet normal 0 0 1
    outer loop
      vertex -52.505879417061806 -61.173371106386185 3
      vertex -30.47 -56.95 3
      vertex -30.4273774507091 -56.57171441227427 3
    endloop
  endfacet
  facet normal 0 0 1
    outer loop
      vertex -52.505879417061806 -61.173371106386185 3
      vertex -29.82993266315985 -58.27911352019565 3
      vertex -30.09911352019565 -58.00993266315985 3
    endloop
  endfacet
  facet normal 0 0 1
    outer loop
      vertex -52.505879417061806 -61.173371106386185 3
      vertex -30.4273774507091 -56.57171441227427 3
      vertex -30.30164707543411 -56.212397643500154 3
    endloop
  endfacet
  facet normal 0 0 1
    outer loop
      vertex -52.505879417061806 -61.173371106386185 3
      vertex -30.30164707543411 -56.212397643500154 3
      vertex -30.09911352019565 -55.890067336840154 3
    endloop
  endfacet
  facet normal 0 0 1
    outer loop
      vertex -52.505879417061806 -61.173371106386185 3
      vertex -30.09911352019565 -55.890067336840154 3
      vertex -29.82993266315985 -55.620886479804355 3
    endloop
  endfacet
  facet normal 0 0 1
    outer loop
      vertex -52.505879417061806 -61.173371106386185 3
      vertex -29.82993266315985 -55.620886479804355 3
      vertex -29.50760235649985 -55.41835292456589 3
    endloop
  endfacet
  facet normal 0 0 1
    outer loop
      vertex -52.505879417061806 -61.173371106386185 3
      vertex -29.50760235649985 -55.41835292456589 3
      vertex -29.148285587725734 -55.292622549290904 3
    endloop
  endfacet
  facet normal 0 0 1
    outer loop
      vertex -52.505879417061806 -61.173371106386185 3
      vertex -29.148285587725734 -55.292622549290904 3
      vertex -27.859942324459553 -54.5080167427659 3
    endloop
  endfacet
  facet normal 0 0 1
    outer loop
      vertex -52.505879417061806 -61.173371106386185 3
      vertex -27.859942324459553 -54.5080167427659 3
      vertex -27.87999999523163 -54.32999999821186 3
    endloop
  endfacet
  facet normal 0 0 1
    outer loop
      vertex -52.505879417061806 -61.173371106386185 3
      vertex -27.87999999523163 -54.32999999821186 3
      vertex -27.872982315719128 -54.22426902502775 3
    endloop
  endfacet
  facet normal 0 0 1
    outer loop
      vertex -52.505879417061806 -61.173371106386185 3
      vertex -27.872982315719128 -54.22426902502775 3
      vertex -27.752982318401337 -53.32426902651787 3
    endloop
  endfacet
  facet normal 0 0 1
    outer loop
      vertex -52.505879417061806 -61.173371106386185 3
      vertex -27.752982318401337 -53.32426902651787 3
      vertex -27.70957324653864 -53.15046475827694 3
    endloop
  endfacet
  facet normal 0 0 1
    outer loop
      vertex -55.027362786233425 -59.42036406695843 3
      vertex -27.70957324653864 -53.15046475827694 3
      vertex -27.628577433526516 -52.990677550435066 3
    endloop
  endfacet
  facet normal 0 0 1
    outer loop
      vertex -55.05437433719635 -59.40262063592672 3
      vertex -27.628577433526516 -52.990677550435066 3
      vertex -27.55905606597662 -52.899781338870525 3
    endloop
  endfacet
  facet normal 0 0 1
    outer loop
      vertex -71.94931603223085 -51.83709490299225 3
      vertex -68.74617034196854 -54.03684555739164 3
      vertex -18.095048241317272 -30.386054329574108 3
    endloop
  endfacet
  facet normal 0 0 1
    outer loop
      vertex -71.94931603223085 -51.83709490299225 3
      vertex -18.095048241317272 -30.386054329574108 3
      vertex -73.66243045032024 -50.04949725419283 3
    endloop
  endfacet
  facet normal 0 0 1
    outer loop
      vertex -68.74617034196854 -54.03684555739164 3
      vertex -55.56957157701254 -59.285030230879784 3
      vertex -18.095048241317272 -30.386054329574108 3
    endloop
  endfacet
  facet normal 0 0 1
    outer loop
      vertex -72.74580226838589 -41.26267500221729 3
      vertex -18.041109308600426 -30.215224407613277 3
      vertex -66.85560128092766 -35.97533016651869 3
    endloop
  endfacet
  facet normal 0 0 1
    outer loop
      vertex -66.80735938996077 -35.92820609360933 3
      vertex -66.85560128092766 -35.97533016651869 3
      vertex -18.041109308600426 -30.215224407613277 3
    endloop
  endfacet
  facet normal 0 0 1
    outer loop
      vertex -66.80735938996077 -35.92820609360933 3
      vertex -18.041109308600426 -30.215224407613277 3
      vertex -66.69998007267714 -35.784811690449715 3
    endloop
  endfacet
  facet normal 0 0 1
    outer loop
      vertex -66.69998007267714 -35.784811690449715 3
      vertex -18.041109308600426 -30.215224407613277 3
      vertex -64.9399800747633 -32.784811690449715 3
    endloop
  endfacet
  facet normal 0 0 1
    outer loop
      vertex -64.9399800747633 -32.784811690449715 3
      vertex -18.041109308600426 -30.215224407613277 3
      vertex -64.88134015351534 -32.661972388625145 3
    endloop
  endfacet
  facet normal 0 0 1
    outer loop
      vertex -64.88134015351534 -32.661972388625145 3
      vertex -18.041109308600426 -30.215224407613277 3
      vertex -64.83736585825682 -32.488310262560844 3
    endloop
  endfacet
  facet normal 0 0 1
    outer loop
      vertex -55.56957157701254 -59.285030230879784 3
      vertex -55.39042841643095 -59.285030230879784 3
      vertex -18.095048241317272 -30.386054329574108 3
    endloop
  endfacet
  facet normal 0 0 1
    outer loop
      vertex -55.21577674895525 -59.324893333017826 3
      vertex -18.109621569514275 -30.564603738486767 3
      vertex -55.39042841643095 -59.285030230879784 3
    endloop
  endfacet
  facet normal 0 0 1
    outer loop
      vertex -74.75837288051844 -48.10216153413057 3
      vertex -18.095048241317272 -30.386054329574108 3
      vertex -18.041109308600426 -30.215224407613277 3
    endloop
  endfacet
  facet normal 0 0 -1
    outer loop
      vertex -68.17703320086002 -27.35253567248583 0
      vertex -68.56867264211178 -24.948622561991215 0
      vertex -65.59952180087566 -28.893335849046707 0
    endloop
  endfacet
  facet normal 0 0 -1
    outer loop
      vertex -68.72466636449099 -26.633354775607586 0
      vertex -68.56867264211178 -24.948622561991215 0
      vertex -68.17703320086002 -27.35253567248583 0
    endloop
  endfacet
  facet normal 0 0 -1
    outer loop
      vertex -65.59952180087566 -28.893335849046707 0
      vertex -68.56867264211178 -24.948622561991215 0
      vertex -67.35361766070127 -22.727066822350025 0
    endloop
  endfacet
  facet normal 0 0 -1
    outer loop
      vertex -65.4570161998272 -29.00189194828272 0
      vertex -65.59952180087566 -28.893335849046707 0
      vertex -65.51811600476503 -20.702338181436062 0
    endloop
  endfacet
  facet normal 0 0 -1
    outer loop
      vertex -65.59952180087566 -28.893335849046707 0
      vertex -67.35361766070127 -22.727066822350025 0
      vertex -65.51811600476503 -20.702338181436062 0
    endloop
  endfacet
  facet normal -0.7955992418040836 -0.6058232798768692 0
    outer loop
      vertex -68.72466636449099 -26.633354775607586 0
      vertex -68.17703320086002 -27.35253567248583 0
      vertex -68.72466636449099 -26.633354775607586 3
    endloop
  endfacet
  facet normal -0.892921447087323 -0.4502124935310892 0
    outer loop
      vertex -65.29566284269094 -29.219830006361008 0
      vertex -64.69566284120083 -30.409830011427402 0
      vertex -65.29566284269094 -29.219830006361008 3
    endloop
  endfacet
  facet normal -0.8652711434270289 -0.5013041475516455 0
    outer loop
      vertex -65.34223951399326 -29.139436796307564 0
      vertex -65.29566284269094 -29.219830006361008 0
      vertex -65.34223951399326 -29.139436796307564 3
    endloop
  endfacet
  facet normal -0.7677928968389373 -0.6406981095365218 0
    outer loop
      vertex -65.34223951399326 -29.139436796307564 0
      vertex -65.4570161998272 -29.00189194828272 3
      vertex -65.4570161998272 -29.00189194828272 0
    endloop
  endfacet
  facet normal -0.5130977482561911 -0.8583301816518085 0
    outer loop
      vertex -68.17703320086002 -27.35253567248583 0
      vertex -65.59952180087566 -28.893335849046707 0
      vertex -68.17703320086002 -27.35253567248583 3
    endloop
  endfacet
  facet normal -0.6059739994778495 -0.7954844511093976 0
    outer loop
      vertex -65.4570161998272 -29.00189194828272 0
      vertex -65.59952180087566 -28.893335849046707 3
      vertex -65.59952180087566 -28.893335849046707 0
    endloop
  endfacet
  facet normal -0.9957406741158426 0.0921982099139001 0
    outer loop
      vertex -68.72466636449099 -26.633354775607586 0
      vertex -68.56867264211178 -24.948622561991215 3
      vertex -68.56867264211178 -24.948622561991215 0
    endloop
  endfacet
  facet normal -0.8773475827377981 0.47985541474921645 -2.9230311280629856e-17
    outer loop
      vertex -68.56867264211178 -24.948622561991215 0
      vertex -67.35361766070127 -22.727066822350025 3
      vertex -67.35361766070127 -22.727066822350025 0
    endloop
  endfacet
  facet normal -0.7408792765312902 0.6716382192865977 2.708317597566626e-17
    outer loop
      vertex -67.35361766070127 -22.727066822350025 0
      vertex -65.51811600476503 -20.702338181436062 3
      vertex -65.51811600476503 -20.702338181436062 0
    endloop
  endfacet
  facet normal 0 0 -1
    outer loop
      vertex -64.69566284120083 -30.409830011427402 0
      vertex -59.19526916742325 -15.560682512819767 0
      vertex -64.63342739641666 -30.57781518995762 0
    endloop
  endfacet
  facet normal 0 0 -1
    outer loop
      vertex -65.34223951399326 -29.139436796307564 0
      vertex -65.4570161998272 -29.00189194828272 0
      vertex -59.19526916742325 -15.560682512819767 0
    endloop
  endfacet
  facet normal 0 0 -1
    outer loop
      vertex -65.34223951399326 -29.139436796307564 0
      vertex -59.19526916742325 -15.560682512819767 0
      vertex -65.29566284269094 -29.219830006361008 0
    endloop
  endfacet
  facet normal 0 0 -1
    outer loop
      vertex -65.29566284269094 -29.219830006361008 0
      vertex -59.19526916742325 -15.560682512819767 0
      vertex -64.69566284120083 -30.409830011427402 0
    endloop
  endfacet
  facet normal 0 0 -1
    outer loop
      vertex -65.4570161998272 -29.00189194828272 0
      vertex -65.51811600476503 -20.702338181436062 0
      vertex -59.19526916742325 -15.560682512819767 0
    endloop
  endfacet
  facet normal -0.9907926812377574 0.13538782369805458 0
    outer loop
      vertex -64.83736585825682 -32.488310262560844 0
      vertex -64.61736585199833 -30.87831026315689 3
      vertex -64.61736585199833 -30.87831026315689 0
    endloop
  endfacet
  facet normal -0.9982717624391167 0.05876638764378603 0
    outer loop
      vertex -64.61736585199833 -30.87831026315689 0
      vertex -64.61013255268335 -30.755437329411507 3
      vertex -64.61013255268335 -30.755437329411507 0
    endloop
  endfacet
  facet normal -0.9915094320595405 -0.13003478817980801 0
    outer loop
      vertex -64.61013255268335 -30.755437329411507 0
      vertex -64.63342739641666 -30.57781518995762 3
      vertex -64.63342739641666 -30.57781518995762 0
    endloop
  endfacet
  facet normal -0.9377147366327123 -0.347406207057161 0
    outer loop
      vertex -64.69566284120083 -30.409830011427402 0
      vertex -64.63342739641666 -30.57781518995762 0
      vertex -64.69566284120083 -30.409830011427402 3
    endloop
  endfacet
  facet normal 0 0 -1
    outer loop
      vertex -59.11820822954178 -15.489106841385365 0
      vertex -56.06164707543412 -13.847602356499848 0
      vertex -55.85911352019565 -14.169932663159846 0
    endloop
  endfacet
  facet normal 0 0 -1
    outer loop
      vertex -59.11820822954178 -15.489106841385365 0
      vertex -55.85911352019565 -14.169932663159846 0
      vertex -55.58993266315985 -14.43911352019565 0
    endloop
  endfacet
  facet normal 0 0 -1
    outer loop
      vertex -59.11820822954178 -15.489106841385365 0
      vertex -56.1873774507091 -13.488285587725734 0
      vertex -56.06164707543412 -13.847602356499848 0
    endloop
  endfacet
  facet normal 0 0 -1
    outer loop
      vertex -59.11820822954178 -15.489106841385365 0
      vertex -56.230000000000004 -13.11 0
      vertex -56.1873774507091 -13.488285587725734 0
    endloop
  endfacet
  facet normal 0 0 -1
    outer loop
      vertex -59.11820822954178 -15.489106841385365 0
      vertex -56.1873774507091 -12.731714412274265 0
      vertex -56.230000000000004 -13.11 0
    endloop
  endfacet
  facet normal 0 0 -1
    outer loop
      vertex -59.11820822954178 -15.489106841385365 0
      vertex -55.58993266315985 -14.43911352019565 0
      vertex -55.26760235649985 -14.641647075434111 0
    endloop
  endfacet
  facet normal 0 0 -1
    outer loop
      vertex -59.11820822954178 -15.489106841385365 0
      vertex -55.26760235649985 -14.641647075434111 0
      vertex -54.908285587725736 -14.7673774507091 0
    endloop
  endfacet
  facet normal 0 0 -1
    outer loop
      vertex -59.11820822954178 -15.489106841385365 0
      vertex -54.908285587725736 -14.7673774507091 0
      vertex -54.53 -14.809999999999999 0
    endloop
  endfacet
  facet normal 0 0 -1
    outer loop
      vertex -59.11820822954178 -15.489106841385365 0
      vertex -54.53 -14.809999999999999 0
      vertex -54.151714412274266 -14.7673774507091 0
    endloop
  endfacet
  facet normal 0 0 -1
    outer loop
      vertex -59.11820822954178 -15.489106841385365 0
      vertex -56.06164707543412 -12.37239764350015 0
      vertex -56.1873774507091 -12.731714412274265 0
    endloop
  endfacet
  facet normal 0 0 -1
    outer loop
      vertex -59.11820822954178 -15.489106841385365 0
      vertex -55.85911352019565 -12.050067336840153 0
      vertex -56.06164707543412 -12.37239764350015 0
    endloop
  endfacet
  facet normal 0 0 -1
    outer loop
      vertex -59.11820822954178 -15.489106841385365 0
      vertex -55.758208230137825 -11.92910684645176 0
      vertex -55.85911352019565 -12.050067336840153 0
    endloop
  endfacet
  facet normal 0 0 -1
    outer loop
      vertex -55.758208230137825 -11.92910684645176 0
      vertex -55.58993266315985 -11.780886479804348 0
      vertex -55.85911352019565 -12.050067336840153 0
    endloop
  endfacet
  facet normal 0 0 -1
    outer loop
      vertex -55.758208230137825 -11.92910684645176 0
      vertex -55.68345858156681 -11.837114170193672 0
      vertex -55.58993266315985 -11.780886479804348 0
    endloop
  endfacet
  facet normal -0.6309135445751518 0.7758531428508992 -4.0869407961951733e-17
    outer loop
      vertex -65.51811600476503 -20.702338181436062 0
      vertex -59.19526916742325 -15.560682512819767 3
      vertex -59.19526916742325 -15.560682512819767 0
    endloop
  endfacet
  facet normal -0.6805485424189476 0.7327029967261263 0
    outer loop
      vertex -59.19526916742325 -15.560682512819767 0
      vertex -59.11820822954178 -15.489106841385365 3
      vertex -59.11820822954178 -15.489106841385365 0
    endloop
  endfacet
  facet normal -0.7272397209435981 0.6863835577007054 7.559909023994389e-18
    outer loop
      vertex -59.11820822954178 -15.489106841385365 0
      vertex -55.758208230137825 -11.92910684645176 3
      vertex -55.758208230137825 -11.92910684645176 0
    endloop
  endfacet
  facet normal -0.7760908814576497 0.6306210777624613 0
    outer loop
      vertex -55.758208230137825 -11.92910684645176 0
      vertex -55.68345858156681 -11.837114170193672 3
      vertex -55.68345858156681 -11.837114170193672 0
    endloop
  endfacet
  facet normal -0.7955992418040836 -0.6058232798768692 0
    outer loop
      vertex -68.17703320086002 -27.35253567248583 0
      vertex -68.17703320086002 -27.35253567248583 3
      vertex -68.72466636449099 -26.633354775607586 3
    endloop
  endfacet
  facet normal -0.6059739994778495 -0.7954844511093976 0
    outer loop
      vertex -65.4570161998272 -29.00189194828272 0
      vertex -65.4570161998272 -29.00189194828272 3
      vertex -65.59952180087566 -28.893335849046707 3
    endloop
  endfacet
  facet normal -0.7677928968389373 -0.6406981095365218 0
    outer loop
      vertex -65.34223951399326 -29.139436796307564 0
      vertex -65.34223951399326 -29.139436796307564 3
      vertex -65.4570161998272 -29.00189194828272 3
    endloop
  endfacet
  facet normal -0.8652711434270289 -0.5013041475516455 0
    outer loop
      vertex -65.29566284269094 -29.219830006361008 0
      vertex -65.29566284269094 -29.219830006361008 3
      vertex -65.34223951399326 -29.139436796307564 3
    endloop
  endfacet
  facet normal -0.5130977482561911 -0.8583301816518085 0
    outer loop
      vertex -65.59952180087566 -28.893335849046707 0
      vertex -65.59952180087566 -28.893335849046707 3
      vertex -68.17703320086002 -27.35253567248583 3
    endloop
  endfacet
  facet normal -0.9957406741158426 0.0921982099139001 0
    outer loop
      vertex -68.72466636449099 -26.633354775607586 0
      vertex -68.72466636449099 -26.633354775607586 3
      vertex -68.56867264211178 -24.948622561991215 3
    endloop
  endfacet
  facet normal -0.8773475827377981 0.47985541474921645 0
    outer loop
      vertex -68.56867264211178 -24.948622561991215 0
      vertex -68.56867264211178 -24.948622561991215 3
      vertex -67.35361766070127 -22.727066822350025 3
    endloop
  endfacet
  facet normal -0.7408792765312902 0.6716382192865977 0
    outer loop
      vertex -67.35361766070127 -22.727066822350025 0
      vertex -67.35361766070127 -22.727066822350025 3
      vertex -65.51811600476503 -20.702338181436062 3
    endloop
  endfacet
  facet normal -0.9982717624391167 0.05876638764378603 0
    outer loop
      vertex -64.61736585199833 -30.87831026315689 0
      vertex -64.61736585199833 -30.87831026315689 3
      vertex -64.61013255268335 -30.755437329411507 3
    endloop
  endfacet
  facet normal -0.9915094320595405 -0.13003478817980801 0
    outer loop
      vertex -64.61013255268335 -30.755437329411507 0
      vertex -64.61013255268335 -30.755437329411507 3
      vertex -64.63342739641666 -30.57781518995762 3
    endloop
  endfacet
  facet normal -0.9377147366327123 -0.347406207057161 0
    outer loop
      vertex -64.63342739641666 -30.57781518995762 0
      vertex -64.63342739641666 -30.57781518995762 3
      vertex -64.69566284120083 -30.409830011427402 3
    endloop
  endfacet
  facet normal -0.892921447087323 -0.4502124935310892 0
    outer loop
      vertex -64.69566284120083 -30.409830011427402 0
      vertex -64.69566284120083 -30.409830011427402 3
      vertex -65.29566284269094 -29.219830006361008 3
    endloop
  endfacet
  facet normal -0.6309135445751518 0.7758531428508992 0
    outer loop
      vertex -65.51811600476503 -20.702338181436062 0
      vertex -65.51811600476503 -20.702338181436062 3
      vertex -59.19526916742325 -15.560682512819767 3
    endloop
  endfacet
  facet normal -0.6805485424189476 0.7327029967261263 0
    outer loop
      vertex -59.19526916742325 -15.560682512819767 0
      vertex -59.19526916742325 -15.560682512819767 3
      vertex -59.11820822954178 -15.489106841385365 3
    endloop
  endfacet
  facet normal -0.7272397209435981 0.6863835577007054 0
    outer loop
      vertex -59.11820822954178 -15.489106841385365 0
      vertex -59.11820822954178 -15.489106841385365 3
      vertex -55.758208230137825 -11.92910684645176 3
    endloop
  endfacet
  facet normal -0.7760908814576497 0.6306210777624613 0
    outer loop
      vertex -55.758208230137825 -11.92910684645176 0
      vertex -55.758208230137825 -11.92910684645176 3
      vertex -55.68345858156681 -11.837114170193672 3
    endloop
  endfacet
  facet normal 0 0 -1
    outer loop
      vertex -55.68345858156681 -11.837114170193672 0
      vertex -53.6434585750103 -8.907114170491695 0
      vertex -55.58993266315985 -11.780886479804348 0
    endloop
  endfacet
  facet normal 0 0 -1
    outer loop
      vertex -53.6434585750103 -8.907114170491695 0
      vertex -55.26760235649985 -11.578352924565888 0
      vertex -55.58993266315985 -11.780886479804348 0
    endloop
  endfacet
  facet normal -0.820676777994215 0.57139270739224 0
    outer loop
      vertex -55.68345858156681 -11.837114170193672 0
      vertex -55.68345858156681 -11.837114170193672 3
      vertex -53.6434585750103 -8.907114170491695 3
    endloop
  endfacet
  facet normal 0 0 -1
    outer loop
      vertex -64.83736585825682 -32.488310262560844 0
      vertex -64.61736585199833 -30.87831026315689 0
      vertex -18.041109308600426 -30.215224407613277 0
    endloop
  endfacet
  facet normal 0 0 -1
    outer loop
      vertex -64.61736585199833 -30.87831026315689 0
      vertex -64.61013255268335 -30.755437329411507 0
      vertex -18.041109308600426 -30.215224407613277 0
    endloop
  endfacet
  facet normal 0 0 -1
    outer loop
      vertex -64.61013255268335 -30.755437329411507 0
      vertex -64.63342739641666 -30.57781518995762 0
      vertex -18.041109308600426 -30.215224407613277 0
    endloop
  endfacet
  facet normal 0 0 -1
    outer loop
      vertex -64.63342739641666 -30.57781518995762 0
      vertex -59.19526916742325 -15.560682512819767 0
      vertex -18.041109308600426 -30.215224407613277 0
    endloop
  endfacet
  facet normal 0 0 -1
    outer loop
      vertex -59.19526916742325 -15.560682512819767 0
      vertex -59.11820822954178 -15.489106841385365 0
      vertex -18.041109308600426 -30.215224407613277 0
    endloop
  endfacet
  facet normal 0 0 -1
    outer loop
      vertex -59.11820822954178 -15.489106841385365 0
      vertex -54.151714412274266 -14.7673774507091 0
      vertex -18.041109308600426 -30.215224407613277 0
    endloop
  endfacet
  facet normal 0 0 -1
    outer loop
      vertex -18.041109308600426 -30.215224407613277 0
      vertex -54.151714412274266 -14.7673774507091 0
      vertex -53.79239764350015 -14.641647075434111 0
    endloop
  endfacet
  facet normal 0 0 -1
    outer loop
      vertex -18.041109308600426 -30.215224407613277 0
      vertex -53.79239764350015 -14.641647075434111 0
      vertex -53.47006733684015 -14.43911352019565 0
    endloop
  endfacet
  facet normal 0 0 -1
    outer loop
      vertex -18.041109308600426 -30.215224407613277 0
      vertex -53.47006733684015 -14.43911352019565 0
      vertex -53.20088647980435 -14.169932663159846 0
    endloop
  endfacet
  facet normal 0 0 -1
    outer loop
      vertex -18.041109308600426 -30.215224407613277 0
      vertex -53.20088647980435 -14.169932663159846 0
      vertex -52.998352924565886 -13.847602356499848 0
    endloop
  endfacet
  facet normal 0 0 -1
    outer loop
      vertex -18.041109308600426 -30.215224407613277 0
      vertex -52.998352924565886 -13.847602356499848 0
      vertex -52.8726225492909 -13.488285587725732 0
    endloop
  endfacet
  facet normal 0 0 -1
    outer loop
      vertex -18.041109308600426 -30.215224407613277 0
      vertex -52.8726225492909 -13.488285587725732 0
      vertex -52.83 -13.11 0
    endloop
  endfacet
  facet normal 0 0 -1
    outer loop
      vertex -18.041109308600426 -30.215224407613277 0
      vertex -52.998352924565886 -12.37239764350015 0
      vertex -53.20088647980435 -12.050067336840153 0
    endloop
  endfacet
  facet normal 0 0 -1
    outer loop
      vertex -18.041109308600426 -30.215224407613277 0
      vertex -53.47006733684015 -11.780886479804348 0
      vertex -53.79239764350015 -11.578352924565888 0
    endloop
  endfacet
  facet normal 0 0 -1
    outer loop
      vertex -18.041109308600426 -30.215224407613277 0
      vertex -53.20088647980435 -12.050067336840153 0
      vertex -53.47006733684015 -11.780886479804348 0
    endloop
  endfacet
  facet normal 0 0 -1
    outer loop
      vertex -18.041109308600426 -30.215224407613277 0
      vertex -52.83 -13.11 0
      vertex -52.8726225492909 -12.731714412274265 0
    endloop
  endfacet
  facet normal 0 0 -1
    outer loop
      vertex -18.041109308600426 -30.215224407613277 0
      vertex -52.8726225492909 -12.731714412274265 0
      vertex -52.998352924565886 -12.37239764350015 0
    endloop
  endfacet
  facet normal 0 0 -1
    outer loop
      vertex -53.6434585750103 -8.907114170491695 0
      vertex -18.041109308600426 -30.215224407613277 0
      vertex -53.79239764350015 -11.578352924565888 0
    endloop
  endfacet
  facet normal 0 0 -1
    outer loop
      vertex -53.6434585750103 -8.907114170491695 0
      vertex -53.56938470155001 -8.7758853957057 0
      vertex -17.963714703917503 -30.07885242253542 0
    endloop
  endfacet
  facet normal 0 0 -1
    outer loop
      vertex -53.56938470155001 -8.7758853957057 0
      vertex -53.51518642902374 -8.605137571692467 0
      vertex -16.14371470361948 -27.49885242432356 0
    endloop
  endfacet
  facet normal 0 0 -1
    outer loop
      vertex -53.6434585750103 -8.907114170491695 0
      vertex -54.908285587725736 -11.452622549290899 0
      vertex -55.26760235649985 -11.578352924565888 0
    endloop
  endfacet
  facet normal 0 0 -1
    outer loop
      vertex -53.6434585750103 -8.907114170491695 0
      vertex -54.53 -11.41 0
      vertex -54.908285587725736 -11.452622549290899 0
    endloop
  endfacet
  facet normal 0 0 -1
    outer loop
      vertex -53.6434585750103 -8.907114170491695 0
      vertex -53.79239764350015 -11.578352924565888 0
      vertex -54.151714412274266 -11.452622549290899 0
    endloop
  endfacet
  facet normal 0 0 -1
    outer loop
      vertex -53.6434585750103 -8.907114170491695 0
      vertex -54.151714412274266 -11.452622549290899 0
      vertex -54.53 -11.41 0
    endloop
  endfacet
  facet normal 0 0 -1
    outer loop
      vertex -53.51518642902374 -8.605137571692467 0
      vertex -51.51016487926245 1.5379125997424126 0
      vertex -47.91462176293135 3.391594707965851 0
    endloop
  endfacet
  facet normal -0.820676777994215 0.57139270739224 -3.10967322456328e-17
    outer loop
      vertex -55.68345858156681 -11.837114170193672 0
      vertex -53.6434585750103 -8.907114170491695 3
      vertex -53.6434585750103 -8.907114170491695 0
    endloop
  endfacet
  facet normal -0.8708438719354378 0.49155971225528133 0
    outer loop
      vertex -53.6434585750103 -8.907114170491695 0
      vertex -53.56938470155001 -8.7758853957057 3
      vertex -53.56938470155001 -8.7758853957057 0
    endloop
  endfacet
  facet normal -0.9531361566628449 0.30254167789245334 0
    outer loop
      vertex -53.56938470155001 -8.7758853957057 0
      vertex -53.51518642902374 -8.605137571692467 3
      vertex -53.51518642902374 -8.605137571692467 0
    endloop
  endfacet
  facet normal -0.9810169592864239 0.1939219574788246 1.6106806098842436e-17
    outer loop
      vertex -53.51518642902374 -8.605137571692467 0
      vertex -51.51016487926245 1.5379125997424126 3
      vertex -51.51016487926245 1.5379125997424126 0
    endloop
  endfacet
  facet normal 0 0 -1
    outer loop
      vertex -53.51518642902374 -8.605137571692467 0
      vertex -47.91462176293135 3.391594707965851 0
      vertex -47.817042358219624 3.374749332666397 0
    endloop
  endfacet
  facet normal 0 0 -1
    outer loop
      vertex -51.51016487926245 1.5379125997424126 0
      vertex -50.05224500596523 3.5014694333076477 0
      vertex -49.27565798908472 3.7144045755267143 0
    endloop
  endfacet
  facet normal 0 0 -1
    outer loop
      vertex -53.51518642902374 -8.605137571692467 0
      vertex -47.817042358219624 3.374749332666397 0
      vertex -47.63790009915829 3.375319182872772 0
    endloop
  endfacet
  facet normal 0 0 -1
    outer loop
      vertex -53.51518642902374 -8.605137571692467 0
      vertex -47.63790009915829 3.375319182872772 0
      vertex -47.46337611973286 3.4157376438379288 0
    endloop
  endfacet
  facet normal 0 0 -1
    outer loop
      vertex -53.51518642902374 -8.605137571692467 0
      vertex -47.46337611973286 3.4157376438379288 0
      vertex -47.30222177505493 3.493977963924408 0
    endloop
  endfacet
  facet normal 0 0 -1
    outer loop
      vertex -51.51016487926245 1.5379125997424126 0
      vertex -49.27565798908472 3.7144045755267143 0
      vertex -47.91462176293135 3.391594707965851 0
    endloop
  endfacet
  facet normal -0.8028852140202847 0.5961336537284249 -2.2698137265472796e-17
    outer loop
      vertex -51.51016487926245 1.5379125997424126 0
      vertex -50.05224500596523 3.5014694333076477 3
      vertex -50.05224500596523 3.5014694333076477 0
    endloop
  endfacet
  facet normal -0.26443333626180343 0.9644039665375976 0
    outer loop
      vertex -50.05224500596523 3.5014694333076477 0
      vertex -49.27565798908472 3.7144045755267143 3
      vertex -49.27565798908472 3.7144045755267143 0
    endloop
  endfacet
  facet normal 0.2307772062600364 0.9730066192327844 0
    outer loop
      vertex -49.27565798908472 3.7144045755267143 0
      vertex -47.91462176293135 3.391594707965851 3
      vertex -47.91462176293135 3.391594707965851 0
    endloop
  endfacet
  facet normal 0.17011619742541725 0.9854240099436976 0
    outer loop
      vertex -47.91462176293135 3.391594707965851 0
      vertex -47.817042358219624 3.374749332666397 3
      vertex -47.817042358219624 3.374749332666397 0
    endloop
  endfacet
  facet normal -0.003180976539579213 0.9999949406813289 0
    outer loop
      vertex -47.817042358219624 3.374749332666397 0
      vertex -47.63790009915829 3.375319182872772 3
      vertex -47.63790009915829 3.375319182872772 0
    endloop
  endfacet
  facet normal -0.225621012898042 0.9742151500253223 0
    outer loop
      vertex -47.63790009915829 3.375319182872772 0
      vertex -47.46337611973286 3.4157376438379288 3
      vertex -47.46337611973286 3.4157376438379288 0
    endloop
  endfacet
  facet normal -0.4367474685918368 0.899584153194476 0
    outer loop
      vertex -47.46337611973286 3.4157376438379288 0
      vertex -47.30222177505493 3.493977963924408 3
      vertex -47.30222177505493 3.493977963924408 0
    endloop
  endfacet
  facet normal -0.6259736216869783 0.7798442312103666 0
    outer loop
      vertex -47.30222177505493 3.493977963924408 0
      vertex -47.16251800954342 3.606116861104965 3
      vertex -47.16251800954342 3.606116861104965 0
    endloop
  endfacet
  facet normal -0.7838108240908571 0.6209996715281028 0
    outer loop
      vertex -47.16251800954342 3.606116861104965 0
      vertex -47.05127016454935 3.7465312108397484 3
      vertex -47.05127016454935 3.7465312108397484 0
    endloop
  endfacet
  facet normal -0.9023444758189915 0.4310155994380591 0
    outer loop
      vertex -47.05127016454935 3.7465312108397484 0
      vertex -46.97405666857958 3.9081800505518913 3
      vertex -46.97405666857958 3.9081800505518913 0
    endloop
  endfacet
  facet normal -0.9756308116572792 0.21941859389066973 0
    outer loop
      vertex -46.97405666857958 3.9081800505518913 0
      vertex -46.9347493276 4.08295764029026 3
      vertex -46.9347493276 4.08295764029026 0
    endloop
  endfacet
  facet normal -0.9940633368534284 0.10880295181578063 0
    outer loop
      vertex -46.9347493276 4.08295764029026 0
      vertex -46.49474932998419 8.102957636117935 3
      vertex -46.49474932998419 8.102957636117935 0
    endloop
  endfacet
  facet normal -0.9994082534930842 0.03439684360378418 0
    outer loop
      vertex -46.49474932998419 8.102957636117935 0
      vertex -46.490646697580814 8.222160570323467 3
      vertex -46.490646697580814 8.222160570323467 0
    endloop
  endfacet
  facet normal 0 0 -1
    outer loop
      vertex -53.51518642902374 -8.605137571692467 0
      vertex -47.30222177505493 3.493977963924408 0
      vertex -16.14371470361948 -27.49885242432356 0
    endloop
  endfacet
  facet normal 0 0 -1
    outer loop
      vertex -47.30222177505493 3.493977963924408 0
      vertex -47.16251800954342 3.606116861104965 0
      vertex -16.14371470361948 -27.49885242432356 0
    endloop
  endfacet
  facet normal 0 0 -1
    outer loop
      vertex -47.16251800954342 3.606116861104965 0
      vertex -47.05127016454935 3.7465312108397484 0
      vertex -16.024709716439247 -27.364949144423008 0
    endloop
  endfacet
  facet normal 0 0 -1
    outer loop
      vertex -47.05127016454935 3.7465312108397484 0
      vertex -46.97405666857958 3.9081800505518913 0
      vertex -15.878892160952091 -27.26088421046734 0
    endloop
  endfacet
  facet normal -0.8708438719354378 0.49155971225528133 0
    outer loop
      vertex -53.6434585750103 -8.907114170491695 0
      vertex -53.6434585750103 -8.907114170491695 3
      vertex -53.56938470155001 -8.7758853957057 3
    endloop
  endfacet
  facet normal -0.9531361566628449 0.30254167789245334 0
    outer loop
      vertex -53.56938470155001 -8.7758853957057 0
      vertex -53.56938470155001 -8.7758853957057 3
      vertex -53.51518642902374 -8.605137571692467 3
    endloop
  endfacet
  facet normal -0.9810169592864239 0.1939219574788246 0
    outer loop
      vertex -53.51518642902374 -8.605137571692467 0
      vertex -53.51518642902374 -8.605137571692467 3
      vertex -51.51016487926245 1.5379125997424126 3
    endloop
  endfacet
  facet normal -0.8028852140202847 0.5961336537284249 0
    outer loop
      vertex -51.51016487926245 1.5379125997424126 0
      vertex -51.51016487926245 1.5379125997424126 3
      vertex -50.05224500596523 3.5014694333076477 3
    endloop
  endfacet
  facet normal -0.26443333626180343 0.9644039665375976 0
    outer loop
      vertex -50.05224500596523 3.5014694333076477 0
      vertex -50.05224500596523 3.5014694333076477 3
      vertex -49.27565798908472 3.7144045755267143 3
    endloop
  endfacet
  facet normal 0.2307772062600364 0.9730066192327844 0
    outer loop
      vertex -49.27565798908472 3.7144045755267143 0
      vertex -49.27565798908472 3.7144045755267143 3
      vertex -47.91462176293135 3.391594707965851 3
    endloop
  endfacet
  facet normal 0.17011619742541725 0.9854240099436976 0
    outer loop
      vertex -47.91462176293135 3.391594707965851 0
      vertex -47.91462176293135 3.391594707965851 3
      vertex -47.817042358219624 3.374749332666397 3
    endloop
  endfacet
  facet normal -0.003180976539579213 0.9999949406813289 0
    outer loop
      vertex -47.817042358219624 3.374749332666397 0
      vertex -47.817042358219624 3.374749332666397 3
      vertex -47.63790009915829 3.375319182872772 3
    endloop
  endfacet
  facet normal -0.225621012898042 0.9742151500253223 0
    outer loop
      vertex -47.63790009915829 3.375319182872772 0
      vertex -47.63790009915829 3.375319182872772 3
      vertex -47.46337611973286 3.4157376438379288 3
    endloop
  endfacet
  facet normal -0.4367474685918368 0.899584153194476 0
    outer loop
      vertex -47.46337611973286 3.4157376438379288 0
      vertex -47.46337611973286 3.4157376438379288 3
      vertex -47.30222177505493 3.493977963924408 3
    endloop
  endfacet
  facet normal -0.6259736216869783 0.7798442312103666 0
    outer loop
      vertex -47.30222177505493 3.493977963924408 0
      vertex -47.30222177505493 3.493977963924408 3
      vertex -47.16251800954342 3.606116861104965 3
    endloop
  endfacet
  facet normal -0.7838108240908571 0.6209996715281028 0
    outer loop
      vertex -47.16251800954342 3.606116861104965 0
      vertex -47.16251800954342 3.606116861104965 3
      vertex -47.05127016454935 3.7465312108397484 3
    endloop
  endfacet
  facet normal -0.9023444758189915 0.4310155994380591 0
    outer loop
      vertex -47.05127016454935 3.7465312108397484 0
      vertex -47.05127016454935 3.7465312108397484 3
      vertex -46.97405666857958 3.9081800505518913 3
    endloop
  endfacet
  facet normal -0.9756308116572792 0.21941859389066973 0
    outer loop
      vertex -46.97405666857958 3.9081800505518913 0
      vertex -46.97405666857958 3.9081800505518913 3
      vertex -46.9347493276 4.08295764029026 3
    endloop
  endfacet
  facet normal -0.9940633368534284 0.10880295181578063 0
    outer loop
      vertex -46.9347493276 4.08295764029026 0
      vertex -46.9347493276 4.08295764029026 3
      vertex -46.49474932998419 8.102957636117935 3
    endloop
  endfacet
  facet normal -0.9994082534930842 0.03439684360378418 0
    outer loop
      vertex -46.49474932998419 8.102957636117935 0
      vertex -46.49474932998419 8.102957636117935 3
      vertex -46.490646697580814 8.222160570323467 3
    endloop
  endfacet
  facet normal 0 0 1
    outer loop
      vertex -68.17703320086002 -27.35253567248583 3
      vertex -65.59952180087566 -28.893335849046707 3
      vertex -68.56867264211178 -24.948622561991215 3
    endloop
  endfacet
  facet normal 0 0 1
    outer loop
      vertex -68.72466636449099 -26.633354775607586 3
      vertex -68.17703320086002 -27.35253567248583 3
      vertex -68.56867264211178 -24.948622561991215 3
    endloop
  endfacet
  facet normal 0 0 1
    outer loop
      vertex -65.59952180087566 -28.893335849046707 3
      vertex -67.35361766070127 -22.727066822350025 3
      vertex -68.56867264211178 -24.948622561991215 3
    endloop
  endfacet
  facet normal 0 0 1
    outer loop
      vertex -65.4570161998272 -29.00189194828272 3
      vertex -65.51811600476503 -20.702338181436062 3
      vertex -65.59952180087566 -28.893335849046707 3
    endloop
  endfacet
  facet normal 0 0 1
    outer loop
      vertex -65.59952180087566 -28.893335849046707 3
      vertex -65.51811600476503 -20.702338181436062 3
      vertex -67.35361766070127 -22.727066822350025 3
    endloop
  endfacet
  facet normal 0 0 1
    outer loop
      vertex -64.69566284120083 -30.409830011427402 3
      vertex -64.63342739641666 -30.57781518995762 3
      vertex -59.19526916742325 -15.560682512819767 3
    endloop
  endfacet
  facet normal 0 0 1
    outer loop
      vertex -65.34223951399326 -29.139436796307564 3
      vertex -59.19526916742325 -15.560682512819767 3
      vertex -65.4570161998272 -29.00189194828272 3
    endloop
  endfacet
  facet normal 0 0 1
    outer loop
      vertex -65.34223951399326 -29.139436796307564 3
      vertex -65.29566284269094 -29.219830006361008 3
      vertex -59.19526916742325 -15.560682512819767 3
    endloop
  endfacet
  facet normal 0 0 1
    outer loop
      vertex -65.29566284269094 -29.219830006361008 3
      vertex -64.69566284120083 -30.409830011427402 3
      vertex -59.19526916742325 -15.560682512819767 3
    endloop
  endfacet
  facet normal 0 0 1
    outer loop
      vertex -65.4570161998272 -29.00189194828272 3
      vertex -59.19526916742325 -15.560682512819767 3
      vertex -65.51811600476503 -20.702338181436062 3
    endloop
  endfacet
  facet normal 0 0 1
    outer loop
      vertex -59.11820822954178 -15.489106841385365 3
      vertex -55.85911352019565 -14.169932663159846 3
      vertex -56.06164707543412 -13.847602356499848 3
    endloop
  endfacet
  facet normal 0 0 1
    outer loop
      vertex -59.11820822954178 -15.489106841385365 3
      vertex -55.58993266315985 -14.43911352019565 3
      vertex -55.85911352019565 -14.169932663159846 3
    endloop
  endfacet
  facet normal 0 0 1
    outer loop
      vertex -59.11820822954178 -15.489106841385365 3
      vertex -56.06164707543412 -13.847602356499848 3
      vertex -56.1873774507091 -13.488285587725734 3
    endloop
  endfacet
  facet normal 0 0 1
    outer loop
      vertex -59.11820822954178 -15.489106841385365 3
      vertex -56.1873774507091 -13.488285587725734 3
      vertex -56.230000000000004 -13.11 3
    endloop
  endfacet
  facet normal 0 0 1
    outer loop
      vertex -59.11820822954178 -15.489106841385365 3
      vertex -56.230000000000004 -13.11 3
      vertex -56.1873774507091 -12.731714412274265 3
    endloop
  endfacet
  facet normal 0 0 1
    outer loop
      vertex -59.11820822954178 -15.489106841385365 3
      vertex -55.26760235649985 -14.641647075434111 3
      vertex -55.58993266315985 -14.43911352019565 3
    endloop
  endfacet
  facet normal 0 0 1
    outer loop
      vertex -59.11820822954178 -15.489106841385365 3
      vertex -56.1873774507091 -12.731714412274265 3
      vertex -56.06164707543412 -12.37239764350015 3
    endloop
  endfacet
  facet normal 0 0 1
    outer loop
      vertex -59.11820822954178 -15.489106841385365 3
      vertex -56.06164707543412 -12.37239764350015 3
      vertex -55.85911352019565 -12.050067336840153 3
    endloop
  endfacet
  facet normal 0 0 1
    outer loop
      vertex -59.11820822954178 -15.489106841385365 3
      vertex -55.85911352019565 -12.050067336840153 3
      vertex -55.758208230137825 -11.92910684645176 3
    endloop
  endfacet
  facet normal 0 0 1
    outer loop
      vertex -55.758208230137825 -11.92910684645176 3
      vertex -55.85911352019565 -12.050067336840153 3
      vertex -55.58993266315985 -11.780886479804348 3
    endloop
  endfacet
  facet normal 0 0 1
    outer loop
      vertex -55.758208230137825 -11.92910684645176 3
      vertex -55.58993266315985 -11.780886479804348 3
      vertex -55.68345858156681 -11.837114170193672 3
    endloop
  endfacet
  facet normal 0 0 1
    outer loop
      vertex -55.68345858156681 -11.837114170193672 3
      vertex -55.58993266315985 -11.780886479804348 3
      vertex -53.6434585750103 -8.907114170491695 3
    endloop
  endfacet
  facet normal 0 0 1
    outer loop
      vertex -53.6434585750103 -8.907114170491695 3
      vertex -55.58993266315985 -11.780886479804348 3
      vertex -55.26760235649985 -11.578352924565888 3
    endloop
  endfacet
  facet normal 0 0 1
    outer loop
      vertex -64.83736585825682 -32.488310262560844 3
      vertex -18.041109308600426 -30.215224407613277 3
      vertex -64.61736585199833 -30.87831026315689 3
    endloop
  endfacet
  facet normal 0 0 1
    outer loop
      vertex -64.61736585199833 -30.87831026315689 3
      vertex -18.041109308600426 -30.215224407613277 3
      vertex -64.61013255268335 -30.755437329411507 3
    endloop
  endfacet
  facet normal 0 0 1
    outer loop
      vertex -64.61013255268335 -30.755437329411507 3
      vertex -18.041109308600426 -30.215224407613277 3
      vertex -64.63342739641666 -30.57781518995762 3
    endloop
  endfacet
  facet normal 0 0 1
    outer loop
      vertex -64.63342739641666 -30.57781518995762 3
      vertex -18.041109308600426 -30.215224407613277 3
      vertex -59.19526916742325 -15.560682512819767 3
    endloop
  endfacet
  facet normal 0 0 1
    outer loop
      vertex -59.19526916742325 -15.560682512819767 3
      vertex -18.041109308600426 -30.215224407613277 3
      vertex -59.11820822954178 -15.489106841385365 3
    endloop
  endfacet
  facet normal 0 0 1
    outer loop
      vertex -59.11820822954178 -15.489106841385365 3
      vertex -18.041109308600426 -30.215224407613277 3
      vertex -55.26760235649985 -14.641647075434111 3
    endloop
  endfacet
  facet normal 0 0 1
    outer loop
      vertex -18.041109308600426 -30.215224407613277 3
      vertex -54.908285587725736 -14.7673774507091 3
      vertex -55.26760235649985 -14.641647075434111 3
    endloop
  endfacet
  facet normal 0 0 1
    outer loop
      vertex -18.041109308600426 -30.215224407613277 3
      vertex -54.53 -14.809999999999999 3
      vertex -54.908285587725736 -14.7673774507091 3
    endloop
  endfacet
  facet normal 0 0 1
    outer loop
      vertex -18.041109308600426 -30.215224407613277 3
      vertex -54.151714412274266 -14.7673774507091 3
      vertex -54.53 -14.809999999999999 3
    endloop
  endfacet
  facet normal 0 0 1
    outer loop
      vertex -18.041109308600426 -30.215224407613277 3
      vertex -53.79239764350015 -14.641647075434111 3
      vertex -54.151714412274266 -14.7673774507091 3
    endloop
  endfacet
  facet normal 0 0 1
    outer loop
      vertex -18.041109308600426 -30.215224407613277 3
      vertex -53.47006733684015 -14.43911352019565 3
      vertex -53.79239764350015 -14.641647075434111 3
    endloop
  endfacet
  facet normal 0 0 1
    outer loop
      vertex -18.041109308600426 -30.215224407613277 3
      vertex -53.20088647980435 -14.169932663159846 3
      vertex -53.47006733684015 -14.43911352019565 3
    endloop
  endfacet
  facet normal 0 0 1
    outer loop
      vertex -18.041109308600426 -30.215224407613277 3
      vertex -52.998352924565886 -13.847602356499848 3
      vertex -53.20088647980435 -14.169932663159846 3
    endloop
  endfacet
  facet normal 0 0 1
    outer loop
      vertex -18.041109308600426 -30.215224407613277 3
      vertex -52.8726225492909 -13.488285587725732 3
      vertex -52.998352924565886 -13.847602356499848 3
    endloop
  endfacet
  facet normal 0 0 1
    outer loop
      vertex -18.041109308600426 -30.215224407613277 3
      vertex -52.83 -13.11 3
      vertex -52.8726225492909 -13.488285587725732 3
    endloop
  endfacet
  facet normal 0 0 1
    outer loop
      vertex -18.041109308600426 -30.215224407613277 3
      vertex -53.20088647980435 -12.050067336840153 3
      vertex -52.998352924565886 -12.37239764350015 3
    endloop
  endfacet
  facet normal 0 0 1
    outer loop
      vertex -18.041109308600426 -30.215224407613277 3
      vertex -53.79239764350015 -11.578352924565888 3
      vertex -53.47006733684015 -11.780886479804348 3
    endloop
  endfacet
  facet normal 0 0 1
    outer loop
      vertex -18.041109308600426 -30.215224407613277 3
      vertex -53.47006733684015 -11.780886479804348 3
      vertex -53.20088647980435 -12.050067336840153 3
    endloop
  endfacet
  facet normal 0 0 1
    outer loop
      vertex -18.041109308600426 -30.215224407613277 3
      vertex -52.8726225492909 -12.731714412274265 3
      vertex -52.83 -13.11 3
    endloop
  endfacet
  facet normal 0 0 1
    outer loop
      vertex -18.041109308600426 -30.215224407613277 3
      vertex -52.998352924565886 -12.37239764350015 3
      vertex -52.8726225492909 -12.731714412274265 3
    endloop
  endfacet
  facet normal 0 0 1
    outer loop
      vertex -53.6434585750103 -8.907114170491695 3
      vertex -53.79239764350015 -11.578352924565888 3
      vertex -18.041109308600426 -30.215224407613277 3
    endloop
  endfacet
  facet normal 0 0 1
    outer loop
      vertex -53.6434585750103 -8.907114170491695 3
      vertex -17.963714703917503 -30.07885242253542 3
      vertex -53.56938470155001 -8.7758853957057 3
    endloop
  endfacet
  facet normal 0 0 1
    outer loop
      vertex -53.56938470155001 -8.7758853957057 3
      vertex -16.14371470361948 -27.49885242432356 3
      vertex -53.51518642902374 -8.605137571692467 3
    endloop
  endfacet
  facet normal 0 0 1
    outer loop
      vertex -53.6434585750103 -8.907114170491695 3
      vertex -55.26760235649985 -11.578352924565888 3
      vertex -54.908285587725736 -11.452622549290899 3
    endloop
  endfacet
  facet normal 0 0 1
    outer loop
      vertex -53.6434585750103 -8.907114170491695 3
      vertex -54.908285587725736 -11.452622549290899 3
      vertex -54.53 -11.41 3
    endloop
  endfacet
  facet normal 0 0 1
    outer loop
      vertex -53.6434585750103 -8.907114170491695 3
      vertex -54.151714412274266 -11.452622549290899 3
      vertex -53.79239764350015 -11.578352924565888 3
    endloop
  endfacet
  facet normal 0 0 1
    outer loop
      vertex -53.6434585750103 -8.907114170491695 3
      vertex -54.53 -11.41 3
      vertex -54.151714412274266 -11.452622549290899 3
    endloop
  endfacet
  facet normal 0 0 1
    outer loop
      vertex -53.51518642902374 -8.605137571692467 3
      vertex -47.91462176293135 3.391594707965851 3
      vertex -51.51016487926245 1.5379125997424126 3
    endloop
  endfacet
  facet normal 0 0 1
    outer loop
      vertex -53.51518642902374 -8.605137571692467 3
      vertex -47.817042358219624 3.374749332666397 3
      vertex -47.91462176293135 3.391594707965851 3
    endloop
  endfacet
  facet normal 0 0 1
    outer loop
      vertex -51.51016487926245 1.5379125997424126 3
      vertex -49.27565798908472 3.7144045755267143 3
      vertex -50.05224500596523 3.5014694333076477 3
    endloop
  endfacet
  facet normal 0 0 1
    outer loop
      vertex -53.51518642902374 -8.605137571692467 3
      vertex -47.63790009915829 3.375319182872772 3
      vertex -47.817042358219624 3.374749332666397 3
    endloop
  endfacet
  facet normal 0 0 1
    outer loop
      vertex -53.51518642902374 -8.605137571692467 3
      vertex -47.46337611973286 3.4157376438379288 3
      vertex -47.63790009915829 3.375319182872772 3
    endloop
  endfacet
  facet normal 0 0 1
    outer loop
      vertex -53.51518642902374 -8.605137571692467 3
      vertex -47.30222177505493 3.493977963924408 3
      vertex -47.46337611973286 3.4157376438379288 3
    endloop
  endfacet
  facet normal 0 0 1
    outer loop
      vertex -51.51016487926245 1.5379125997424126 3
      vertex -47.91462176293135 3.391594707965851 3
      vertex -49.27565798908472 3.7144045755267143 3
    endloop
  endfacet
  facet normal 0 0 1
    outer loop
      vertex -53.51518642902374 -8.605137571692467 3
      vertex -16.14371470361948 -27.49885242432356 3
      vertex -47.30222177505493 3.493977963924408 3
    endloop
  endfacet
  facet normal 0 0 1
    outer loop
      vertex -47.30222177505493 3.493977963924408 3
      vertex -16.14371470361948 -27.49885242432356 3
      vertex -47.16251800954342 3.606116861104965 3
    endloop
  endfacet
  facet normal 0 0 1
    outer loop
      vertex -47.16251800954342 3.606116861104965 3
      vertex -16.024709716439247 -27.364949144423008 3
      vertex -47.05127016454935 3.7465312108397484 3
    endloop
  endfacet
  facet normal 0 0 1
    outer loop
      vertex -47.05127016454935 3.7465312108397484 3
      vertex -15.878892160952091 -27.26088421046734 3
      vertex -46.97405666857958 3.9081800505518913 3
    endloop
  endfacet
  facet normal 0.8785137111506244 -0.4777171331660163 0
    outer loop
      vertex -32.671842478215694 -68.37570627778769 0
      vertex -30.393684022128582 -64.18621148914099 0
      vertex -32.671842478215694 -68.37570627778769 3
    endloop
  endfacet
  facet normal 0 0 -1
    outer loop
      vertex -30.393684022128582 -64.18621148914099 0
      vertex -29.148285587725734 -58.6073774507091 0
      vertex -28.77 -58.650000000000006 0
    endloop
  endfacet
  facet normal 0 0 -1
    outer loop
      vertex -30.393684022128582 -64.18621148914099 0
      vertex -28.77 -58.650000000000006 0
      vertex -28.391714412274265 -58.6073774507091 0
    endloop
  endfacet
  facet normal 0 0 -1
    outer loop
      vertex -30.393684022128582 -64.18621148914099 0
      vertex -28.391714412274265 -58.6073774507091 0
      vertex -28.059870699926986 -58.49126031365365 0
    endloop
  endfacet
  facet normal 0 0 -1
    outer loop
      vertex -27.859942324459553 -54.5080167427659 0
      vertex -28.77 -55.25 0
      vertex -29.148285587725734 -55.292622549290904 0
    endloop
  endfacet
  facet normal 0 0 -1
    outer loop
      vertex -27.859942324459553 -54.5080167427659 0
      vertex -28.391714412274265 -55.292622549290904 0
      vertex -28.77 -55.25 0
    endloop
  endfacet
  facet normal 0 0 -1
    outer loop
      vertex -27.800775095820427 -54.677106991410255 0
      vertex -28.03239764350015 -55.41835292456589 0
      vertex -28.391714412274265 -55.292622549290904 0
    endloop
  endfacet
  facet normal 0 0 -1
    outer loop
      vertex -27.07999999821186 -55.12999999523163 0
      vertex -27.440886479804348 -55.890067336840154 0
      vertex -27.710067336840154 -55.620886479804355 0
    endloop
  endfacet
  facet normal 0 0 -1
    outer loop
      vertex -26.682413041591644 -55.12999999523163 0
      vertex -27.238352924565888 -56.212397643500154 0
      vertex -27.440886479804348 -55.890067336840154 0
    endloop
  endfacet
  facet normal 0 0 -1
    outer loop
      vertex -26.682413041591644 -55.12999999523163 0
      vertex -27.186597420605885 -56.36030637604399 0
      vertex -27.238352924565888 -56.212397643500154 0
    endloop
  endfacet
  facet normal 0 0 -1
    outer loop
      vertex -27.427106991410255 -55.05077509582043 0
      vertex -27.710067336840154 -55.620886479804355 0
      vertex -28.03239764350015 -55.41835292456589 0
    endloop
  endfacet
  facet normal 0 0 -1
    outer loop
      vertex -27.578791841864586 -54.95546518266201 0
      vertex -28.03239764350015 -55.41835292456589 0
      vertex -27.70546518266201 -54.828791841864586 0
    endloop
  endfacet
  facet normal 0 0 -1
    outer loop
      vertex -27.70546518266201 -54.828791841864586 0
      vertex -28.03239764350015 -55.41835292456589 0
      vertex -27.800775095820427 -54.677106991410255 0
    endloop
  endfacet
  facet normal 0 0 -1
    outer loop
      vertex -27.427106991410255 -55.05077509582043 0
      vertex -27.258016742765903 -55.10994232445955 0
      vertex -27.710067336840154 -55.620886479804355 0
    endloop
  endfacet
  facet normal 0 0 -1
    outer loop
      vertex -27.578791841864586 -54.95546518266201 0
      vertex -27.427106991410255 -55.05077509582043 0
      vertex -28.03239764350015 -55.41835292456589 0
    endloop
  endfacet
  facet normal 0 0 -1
    outer loop
      vertex -27.800775095820427 -54.677106991410255 0
      vertex -28.391714412274265 -55.292622549290904 0
      vertex -27.859942324459553 -54.5080167427659 0
    endloop
  endfacet
  facet normal 0 0 -1
    outer loop
      vertex -27.258016742765903 -55.10994232445955 0
      vertex -27.07999999821186 -55.12999999523163 0
      vertex -27.710067336840154 -55.620886479804355 0
    endloop
  endfacet
  facet normal 0 0 -1
    outer loop
      vertex -27.07999999821186 -55.12999999523163 0
      vertex -26.682413041591644 -55.12999999523163 0
      vertex -27.440886479804348 -55.890067336840154 0
    endloop
  endfacet
  facet normal 0.9253155753246077 -0.3791979510251738 3.074083984410459e-17
    outer loop
      vertex -30.393684022128582 -64.18621148914099 0
      vertex -28.059870699926986 -58.49126031365365 0
      vertex -28.059870699926986 -58.49126031365365 3
    endloop
  endfacet
  facet normal 0.9253155753246081 -0.37919795102517306 0
    outer loop
      vertex -26.682413041591644 -55.12999999523163 0
      vertex -26.682413041591644 -55.12999999523163 3
      vertex -27.186597420605885 -56.36030637604399 0
    endloop
  endfacet
  facet normal 0.7071067811865476 0.7071067811865476 0
    outer loop
      vertex -27.578791841864586 -54.95546518266201 0
      vertex -27.70546518266201 -54.828791841864586 0
      vertex -27.578791841864586 -54.95546518266201 3
    endloop
  endfacet
  facet normal 0.5320320951115651 0.846724187543499 0
    outer loop
      vertex -27.578791841864586 -54.95546518266201 0
      vertex -27.427106991410255 -55.05077509582043 3
      vertex -27.427106991410255 -55.05077509582043 0
    endloop
  endfacet
  facet normal 0.846724187543499 0.5320320951115651 0
    outer loop
      vertex -27.70546518266201 -54.828791841864586 0
      vertex -27.800775095820427 -54.677106991410255 0
      vertex -27.70546518266201 -54.828791841864586 3
    endloop
  endfacet
  facet normal 0.9438833448640758 0.3302790203573401 0
    outer loop
      vertex -27.800775095820427 -54.677106991410255 0
      vertex -27.859942324459553 -54.5080167427659 0
      vertex -27.800775095820427 -54.677106991410255 3
    endloop
  endfacet
  facet normal 0.9937122093891047 0.11196448057765537 0
    outer loop
      vertex -27.87999999523163 -54.32999999821186 0
      vertex -27.859942324459553 -54.5080167427659 3
      vertex -27.859942324459553 -54.5080167427659 0
    endloop
  endfacet
  facet normal 0.997804565047567 -0.066227260023617 0
    outer loop
      vertex -27.87999999523163 -54.32999999821186 0
      vertex -27.872982315719128 -54.22426902502775 0
      vertex -27.87999999523163 -54.32999999821186 3
    endloop
  endfacet
  facet normal 0.3302790203573401 0.9438833448640758 0
    outer loop
      vertex -27.427106991410255 -55.05077509582043 0
      vertex -27.258016742765903 -55.10994232445955 3
      vertex -27.258016742765903 -55.10994232445955 0
    endloop
  endfacet
  facet normal 0.11196448057765537 0.9937122093891047 0
    outer loop
      vertex -27.258016742765903 -55.10994232445955 0
      vertex -27.07999999821186 -55.12999999523163 3
      vertex -27.07999999821186 -55.12999999523163 0
    endloop
  endfacet
  facet normal 0 1 0
    outer loop
      vertex -27.07999999821186 -55.12999999523163 0
      vertex -26.682413041591644 -55.12999999523163 3
      vertex -26.682413041591644 -55.12999999523163 0
    endloop
  endfacet
  facet normal 0.9912279010409667 -0.13216371740352764 0
    outer loop
      vertex -27.872982315719128 -54.22426902502775 0
      vertex -27.752982318401337 -53.32426902651787 0
      vertex -27.872982315719128 -54.22426902502775 3
    endloop
  endfacet
  facet normal 0.9701976333058755 -0.24231498576785965 0
    outer loop
      vertex -27.752982318401337 -53.32426902651787 0
      vertex -27.70957324653864 -53.15046475827694 0
      vertex -27.752982318401337 -53.32426902651787 3
    endloop
  endfacet
  facet normal 0.8919525786450768 -0.4521289610812362 0
    outer loop
      vertex -27.70957324653864 -53.15046475827694 0
      vertex -27.628577433526516 -52.990677550435066 0
      vertex -27.70957324653864 -53.15046475827694 3
    endloop
  endfacet
  facet normal 0.794305122255948 -0.6075190307784304 0
    outer loop
      vertex -27.628577433526516 -52.990677550435066 0
      vertex -27.55905606597662 -52.899781338870525 0
      vertex -27.628577433526516 -52.990677550435066 3
    endloop
  endfacet
  facet normal 0.6862686730338238 -0.727348134260613 2.4360433942410637e-17
    outer loop
      vertex -35.434240743517876 -70.98208869993687 3
      vertex -32.671842478215694 -68.37570627778769 0
      vertex -32.671842478215694 -68.37570627778769 3
    endloop
  endfacet
  facet normal 0.8785137111506244 -0.4777171331660163 0
    outer loop
      vertex -30.393684022128582 -64.18621148914099 0
      vertex -30.393684022128582 -64.18621148914099 3
      vertex -32.671842478215694 -68.37570627778769 3
    endloop
  endfacet
  facet normal 0.9253155753246077 -0.3791979510251738 0
    outer loop
      vertex -30.393684022128582 -64.18621148914099 0
      vertex -28.059870699926986 -58.49126031365365 3
      vertex -30.393684022128582 -64.18621148914099 3
    endloop
  endfacet
  facet normal 0.9253155753246081 -0.37919795102517306 6.8853448996742064e-18
    outer loop
      vertex -26.682413041591644 -55.12999999523163 3
      vertex -27.186597420605885 -56.36030637604399 3
      vertex -27.186597420605885 -56.36030637604399 0
    endloop
  endfacet
  facet normal 0.7071067811865476 0.7071067811865476 0
    outer loop
      vertex -27.70546518266201 -54.828791841864586 0
      vertex -27.70546518266201 -54.828791841864586 3
      vertex -27.578791841864586 -54.95546518266201 3
    endloop
  endfacet
  facet normal 0.5320320951115651 0.846724187543499 0
    outer loop
      vertex -27.578791841864586 -54.95546518266201 0
      vertex -27.578791841864586 -54.95546518266201 3
      vertex -27.427106991410255 -55.05077509582043 3
    endloop
  endfacet
  facet normal 0.846724187543499 0.5320320951115651 0
    outer loop
      vertex -27.800775095820427 -54.677106991410255 0
      vertex -27.800775095820427 -54.677106991410255 3
      vertex -27.70546518266201 -54.828791841864586 3
    endloop
  endfacet
  facet normal 0.9438833448640758 0.3302790203573401 0
    outer loop
      vertex -27.859942324459553 -54.5080167427659 0
      vertex -27.859942324459553 -54.5080167427659 3
      vertex -27.800775095820427 -54.677106991410255 3
    endloop
  endfacet
  facet normal 0.9937122093891047 0.11196448057765537 0
    outer loop
      vertex -27.87999999523163 -54.32999999821186 0
      vertex -27.87999999523163 -54.32999999821186 3
      vertex -27.859942324459553 -54.5080167427659 3
    endloop
  endfacet
  facet normal 0.997804565047567 -0.066227260023617 0
    outer loop
      vertex -27.872982315719128 -54.22426902502775 0
      vertex -27.872982315719128 -54.22426902502775 3
      vertex -27.87999999523163 -54.32999999821186 3
    endloop
  endfacet
  facet normal 0.3302790203573401 0.9438833448640758 0
    outer loop
      vertex -27.427106991410255 -55.05077509582043 0
      vertex -27.427106991410255 -55.05077509582043 3
      vertex -27.258016742765903 -55.10994232445955 3
    endloop
  endfacet
  facet normal 0.11196448057765537 0.9937122093891047 0
    outer loop
      vertex -27.258016742765903 -55.10994232445955 0
      vertex -27.258016742765903 -55.10994232445955 3
      vertex -27.07999999821186 -55.12999999523163 3
    endloop
  endfacet
  facet normal 0 1 0
    outer loop
      vertex -27.07999999821186 -55.12999999523163 0
      vertex -27.07999999821186 -55.12999999523163 3
      vertex -26.682413041591644 -55.12999999523163 3
    endloop
  endfacet
  facet normal 0.9912279010409667 -0.13216371740352764 0
    outer loop
      vertex -27.752982318401337 -53.32426902651787 0
      vertex -27.752982318401337 -53.32426902651787 3
      vertex -27.872982315719128 -54.22426902502775 3
    endloop
  endfacet
  facet normal 0.9701976333058755 -0.24231498576785965 0
    outer loop
      vertex -27.70957324653864 -53.15046475827694 0
      vertex -27.70957324653864 -53.15046475827694 3
      vertex -27.752982318401337 -53.32426902651787 3
    endloop
  endfacet
  facet normal 0.8919525786450768 -0.4521289610812362 0
    outer loop
      vertex -27.628577433526516 -52.990677550435066 0
      vertex -27.628577433526516 -52.990677550435066 3
      vertex -27.70957324653864 -53.15046475827694 3
    endloop
  endfacet
  facet normal 0.794305122255948 -0.6075190307784304 0
    outer loop
      vertex -27.55905606597662 -52.899781338870525 0
      vertex -27.55905606597662 -52.899781338870525 3
      vertex -27.628577433526516 -52.990677550435066 3
    endloop
  endfacet
  facet normal 0 0 -1
    outer loop
      vertex -55.21577674895525 -59.324893333017826 0
      vertex -18.305859856307507 -42.445258155465126 0
      vertex -27.55905606597662 -52.899781338870525 0
    endloop
  endfacet
  facet normal 0 0 -1
    outer loop
      vertex -55.21577674895525 -59.324893333017826 0
      vertex -16.79991016536951 -39.50865625590086 0
      vertex -18.305859856307507 -42.445258155465126 0
    endloop
  endfacet
  facet normal 0 0 -1
    outer loop
      vertex -55.21577674895525 -59.324893333017826 0
      vertex -16.398319981992245 -37.643492959439754 0
      vertex -16.79991016536951 -39.50865625590086 0
    endloop
  endfacet
  facet normal 0 0 -1
    outer loop
      vertex -55.21577674895525 -59.324893333017826 0
      vertex -16.56577830016613 -35.924841828644276 0
      vertex -16.398319981992245 -37.643492959439754 0
    endloop
  endfacet
  facet normal 0 0 -1
    outer loop
      vertex -55.21577674895525 -59.324893333017826 0
      vertex -18.01731664687395 -32.12551328539848 0
      vertex -16.56577830016613 -35.924841828644276 0
    endloop
  endfacet
  facet normal 0.7488200811578412 -0.6627733293176213 0
    outer loop
      vertex -27.55905606597662 -52.899781338870525 0
      vertex -18.305859856307507 -42.445258155465126 0
      vertex -27.55905606597662 -52.899781338870525 3
    endloop
  endfacet
  facet normal 0 0 -1
    outer loop
      vertex -55.21577674895525 -59.324893333017826 0
      vertex -18.062112540006638 -31.952061273157597 0
      vertex -18.01731664687395 -32.12551328539848 0
    endloop
  endfacet
  facet normal 0 0 -1
    outer loop
      vertex -55.21577674895525 -59.324893333017826 0
      vertex -18.069621570408344 -31.864603742957115 0
      vertex -18.062112540006638 -31.952061273157597 0
    endloop
  endfacet
  facet normal 0 0 -1
    outer loop
      vertex -55.21577674895525 -59.324893333017826 0
      vertex -18.109621569514275 -30.564603738486767 0
      vertex -18.069621570408344 -31.864603742957115 0
    endloop
  endfacet
  facet normal 0 0 -1
    outer loop
      vertex -55.39042841643095 -59.285030230879784 0
      vertex -18.095048241317272 -30.386054329574108 0
      vertex -18.109621569514275 -30.564603738486767 0
    endloop
  endfacet
  facet normal 0.8898174629537632 -0.45631664732127425 0
    outer loop
      vertex -18.305859856307507 -42.445258155465126 0
      vertex -16.79991016536951 -39.50865625590086 0
      vertex -18.305859856307507 -42.445258155465126 3
    endloop
  endfacet
  facet normal 0.9775965910082519 -0.21048730424670395 0
    outer loop
      vertex -16.79991016536951 -39.50865625590086 0
      vertex -16.398319981992245 -37.643492959439754 0
      vertex -16.79991016536951 -39.50865625590086 3
    endloop
  endfacet
  facet normal 0.9952866568488375 0.09697665027554045 0
    outer loop
      vertex -16.398319981992245 -37.643492959439754 0
      vertex -16.56577830016613 -35.924841828644276 0
      vertex -16.398319981992245 -37.643492959439754 3
    endloop
  endfacet
  facet normal 0.9341458041117231 0.3568916035163367 0
    outer loop
      vertex -16.56577830016613 -35.924841828644276 0
      vertex -18.01731664687395 -32.12551328539848 0
      vertex -16.56577830016613 -35.924841828644276 3
    endloop
  endfacet
  facet normal 0.968231273985216 0.2500563937934112 0
    outer loop
      vertex -18.01731664687395 -32.12551328539848 0
      vertex -18.062112540006638 -31.952061273157597 0
      vertex -18.01731664687395 -32.12551328539848 3
    endloop
  endfacet
  facet normal 0.9963343563830835 0.08554443459808868 0
    outer loop
      vertex -18.062112540006638 -31.952061273157597 0
      vertex -18.069621570408344 -31.864603742957115 0
      vertex -18.062112540006638 -31.952061273157597 3
    endloop
  endfacet
  facet normal 0.7488200811578412 -0.6627733293176213 0
    outer loop
      vertex -18.305859856307507 -42.445258155465126 0
      vertex -18.305859856307507 -42.445258155465126 3
      vertex -27.55905606597662 -52.899781338870525 3
    endloop
  endfacet
  facet normal 0.8898174629537632 -0.45631664732127425 0
    outer loop
      vertex -16.79991016536951 -39.50865625590086 0
      vertex -16.79991016536951 -39.50865625590086 3
      vertex -18.305859856307507 -42.445258155465126 3
    endloop
  endfacet
  facet normal 0.9775965910082519 -0.21048730424670395 0
    outer loop
      vertex -16.398319981992245 -37.643492959439754 0
      vertex -16.398319981992245 -37.643492959439754 3
      vertex -16.79991016536951 -39.50865625590086 3
    endloop
  endfacet
  facet normal 0.968231273985216 0.2500563937934112 0
    outer loop
      vertex -18.062112540006638 -31.952061273157597 0
      vertex -18.062112540006638 -31.952061273157597 3
      vertex -18.01731664687395 -32.12551328539848 3
    endloop
  endfacet
  facet normal 0.9963343563830835 0.08554443459808868 0
    outer loop
      vertex -18.069621570408344 -31.864603742957115 0
      vertex -18.069621570408344 -31.864603742957115 3
      vertex -18.062112540006638 -31.952061273157597 3
    endloop
  endfacet
  facet normal 0.9341458041117231 0.3568916035163367 0
    outer loop
      vertex -18.01731664687395 -32.12551328539848 0
      vertex -18.01731664687395 -32.12551328539848 3
      vertex -16.56577830016613 -35.924841828644276 3
    endloop
  endfacet
  facet normal 0.9952866568488375 0.09697665027554045 0
    outer loop
      vertex -16.56577830016613 -35.924841828644276 0
      vertex -16.56577830016613 -35.924841828644276 3
      vertex -16.398319981992245 -37.643492959439754 3
    endloop
  endfacet
  facet normal 0 0 1
    outer loop
      vertex -30.393684022128582 -64.18621148914099 3
      vertex -29.148285587725734 -58.6073774507091 3
      vertex -29.50760235649985 -58.48164707543412 3
    endloop
  endfacet
  facet normal 0 0 1
    outer loop
      vertex -30.393684022128582 -64.18621148914099 3
      vertex -28.77 -58.650000000000006 3
      vertex -29.148285587725734 -58.6073774507091 3
    endloop
  endfacet
  facet normal 0 0 1
    outer loop
      vertex -30.393684022128582 -64.18621148914099 3
      vertex -28.391714412274265 -58.6073774507091 3
      vertex -28.77 -58.650000000000006 3
    endloop
  endfacet
  facet normal 0 0 1
    outer loop
      vertex -30.393684022128582 -64.18621148914099 3
      vertex -28.059870699926986 -58.49126031365365 3
      vertex -28.391714412274265 -58.6073774507091 3
    endloop
  endfacet
  facet normal 0 0 1
    outer loop
      vertex -27.859942324459553 -54.5080167427659 3
      vertex -29.148285587725734 -55.292622549290904 3
      vertex -28.77 -55.25 3
    endloop
  endfacet
  facet normal 0 0 1
    outer loop
      vertex -27.859942324459553 -54.5080167427659 3
      vertex -28.77 -55.25 3
      vertex -28.391714412274265 -55.292622549290904 3
    endloop
  endfacet
  facet normal 0 0 1
    outer loop
      vertex -27.859942324459553 -54.5080167427659 3
      vertex -28.391714412274265 -55.292622549290904 3
      vertex -28.03239764350015 -55.41835292456589 3
    endloop
  endfacet
  facet normal 0 0 1
    outer loop
      vertex -27.427106991410255 -55.05077509582043 3
      vertex -27.710067336840154 -55.620886479804355 3
      vertex -27.440886479804348 -55.890067336840154 3
    endloop
  endfacet
  facet normal 0 0 1
    outer loop
      vertex -27.07999999821186 -55.12999999523163 3
      vertex -27.440886479804348 -55.890067336840154 3
      vertex -27.238352924565888 -56.212397643500154 3
    endloop
  endfacet
  facet normal 0 0 1
    outer loop
      vertex -26.682413041591644 -55.12999999523163 3
      vertex -27.238352924565888 -56.212397643500154 3
      vertex -27.186597420605885 -56.36030637604399 3
    endloop
  endfacet
  facet normal 0 0 1
    outer loop
      vertex -27.800775095820427 -54.677106991410255 3
      vertex -28.03239764350015 -55.41835292456589 3
      vertex -27.710067336840154 -55.620886479804355 3
    endloop
  endfacet
  facet normal 0 0 1
    outer loop
      vertex -27.800775095820427 -54.677106991410255 3
      vertex -27.859942324459553 -54.5080167427659 3
      vertex -28.03239764350015 -55.41835292456589 3
    endloop
  endfacet
  facet normal 0 0 1
    outer loop
      vertex -27.70546518266201 -54.828791841864586 3
      vertex -27.800775095820427 -54.677106991410255 3
      vertex -27.710067336840154 -55.620886479804355 3
    endloop
  endfacet
  facet normal 0 0 1
    outer loop
      vertex -27.578791841864586 -54.95546518266201 3
      vertex -27.710067336840154 -55.620886479804355 3
      vertex -27.427106991410255 -55.05077509582043 3
    endloop
  endfacet
  facet normal 0 0 1
    outer loop
      vertex -27.578791841864586 -54.95546518266201 3
      vertex -27.70546518266201 -54.828791841864586 3
      vertex -27.710067336840154 -55.620886479804355 3
    endloop
  endfacet
  facet normal 0 0 1
    outer loop
      vertex -27.427106991410255 -55.05077509582043 3
      vertex -27.440886479804348 -55.890067336840154 3
      vertex -27.258016742765903 -55.10994232445955 3
    endloop
  endfacet
  facet normal 0 0 1
    outer loop
      vertex -27.258016742765903 -55.10994232445955 3
      vertex -27.440886479804348 -55.890067336840154 3
      vertex -27.07999999821186 -55.12999999523163 3
    endloop
  endfacet
  facet normal 0 0 1
    outer loop
      vertex -27.07999999821186 -55.12999999523163 3
      vertex -27.238352924565888 -56.212397643500154 3
      vertex -26.682413041591644 -55.12999999523163 3
    endloop
  endfacet
  facet normal 0 0 1
    outer loop
      vertex -55.21577674895525 -59.324893333017826 3
      vertex -27.55905606597662 -52.899781338870525 3
      vertex -18.305859856307507 -42.445258155465126 3
    endloop
  endfacet
  facet normal 0 0 1
    outer loop
      vertex -55.21577674895525 -59.324893333017826 3
      vertex -18.305859856307507 -42.445258155465126 3
      vertex -16.79991016536951 -39.50865625590086 3
    endloop
  endfacet
  facet normal 0 0 1
    outer loop
      vertex -55.21577674895525 -59.324893333017826 3
      vertex -16.79991016536951 -39.50865625590086 3
      vertex -16.398319981992245 -37.643492959439754 3
    endloop
  endfacet
  facet normal 0 0 1
    outer loop
      vertex -55.21577674895525 -59.324893333017826 3
      vertex -16.398319981992245 -37.643492959439754 3
      vertex -16.56577830016613 -35.924841828644276 3
    endloop
  endfacet
  facet normal 0 0 1
    outer loop
      vertex -55.21577674895525 -59.324893333017826 3
      vertex -16.56577830016613 -35.924841828644276 3
      vertex -18.01731664687395 -32.12551328539848 3
    endloop
  endfacet
  facet normal 0 0 1
    outer loop
      vertex -55.21577674895525 -59.324893333017826 3
      vertex -18.01731664687395 -32.12551328539848 3
      vertex -18.062112540006638 -31.952061273157597 3
    endloop
  endfacet
  facet normal 0 0 1
    outer loop
      vertex -55.21577674895525 -59.324893333017826 3
      vertex -18.062112540006638 -31.952061273157597 3
      vertex -18.069621570408344 -31.864603742957115 3
    endloop
  endfacet
  facet normal 0 0 1
    outer loop
      vertex -55.21577674895525 -59.324893333017826 3
      vertex -18.069621570408344 -31.864603742957115 3
      vertex -18.109621569514275 -30.564603738486767 3
    endloop
  endfacet
  facet normal 0 0 1
    outer loop
      vertex -55.39042841643095 -59.285030230879784 3
      vertex -18.109621569514275 -30.564603738486767 3
      vertex -18.095048241317272 -30.386054329574108 3
    endloop
  endfacet
  facet normal 0 0 -1
    outer loop
      vertex -53.6434585750103 -8.907114170491695 0
      vertex -17.963714703917503 -30.07885242253542 0
      vertex -18.041109308600426 -30.215224407613277 0
    endloop
  endfacet
  facet normal 0 0 -1
    outer loop
      vertex -53.56938470155001 -8.7758853957057 0
      vertex -16.14371470361948 -27.49885242432356 0
      vertex -17.963714703917503 -30.07885242253542 0
    endloop
  endfacet
  facet normal 0 0 -1
    outer loop
      vertex -47.16251800954342 3.606116861104965 0
      vertex -16.024709716439247 -27.364949144423008 0
      vertex -16.14371470361948 -27.49885242432356 0
    endloop
  endfacet
  facet normal 0 0 -1
    outer loop
      vertex -47.05127016454935 3.7465312108397484 0
      vertex -15.878892160952091 -27.26088421046734 0
      vertex -16.024709716439247 -27.364949144423008 0
    endloop
  endfacet
  facet normal 0 0 -1
    outer loop
      vertex -46.97405666857958 3.9081800505518913 0
      vertex -15.794505886733532 -27.2202188372612 0
      vertex -15.878892160952091 -27.26088421046734 0
    endloop
  endfacet
  facet normal 0 0 -1
    outer loop
      vertex -46.97405666857958 3.9081800505518913 0
      vertex -11.834505885839462 -25.59021883457899 0
      vertex -15.794505886733532 -27.2202188372612 0
    endloop
  endfacet
  facet normal 0.9995269631010361 0.030754674994546604 0
    outer loop
      vertex -18.069621570408344 -31.864603742957115 0
      vertex -18.109621569514275 -30.564603738486767 0
      vertex -18.069621570408344 -31.864603742957115 3
    endloop
  endfacet
  facet normal 0.9966855816336412 -0.0813501774036817 0
    outer loop
      vertex -18.109621569514275 -30.564603738486767 0
      vertex -18.095048241317272 -30.386054329574108 0
      vertex -18.109621569514275 -30.564603738486767 3
    endloop
  endfacet
  facet normal 0.953594459436883 -0.3010940167643304 0
    outer loop
      vertex -18.095048241317272 -30.386054329574108 0
      vertex -18.041109308600426 -30.215224407613277 0
      vertex -18.095048241317272 -30.386054329574108 3
    endloop
  endfacet
  facet normal 0.869701550335803 -0.49357797088555394 0
    outer loop
      vertex -18.041109308600426 -30.215224407613277 0
      vertex -17.963714703917503 -30.07885242253542 0
      vertex -18.041109308600426 -30.215224407613277 3
    endloop
  endfacet
  facet normal 0.817143375611314 -0.5764344747623505 0
    outer loop
      vertex -17.963714703917503 -30.07885242253542 0
      vertex -16.14371470361948 -27.49885242432356 0
      vertex -17.963714703917503 -30.07885242253542 3
    endloop
  endfacet
  facet normal 0.747465169525703 -0.6643010013133446 0
    outer loop
      vertex -16.14371470361948 -27.49885242432356 0
      vertex -16.024709716439247 -27.364949144423008 0
      vertex -16.14371470361948 -27.49885242432356 3
    endloop
  endfacet
  facet normal 0.5809037692869654 -0.8139722420501796 0
    outer loop
      vertex -16.024709716439247 -27.364949144423008 0
      vertex -15.878892160952091 -27.26088421046734 0
      vertex -16.024709716439247 -27.364949144423008 3
    endloop
  endfacet
  facet normal 0.4341184377264782 -0.900855805346184 0
    outer loop
      vertex -15.878892160952091 -27.26088421046734 0
      vertex -15.794505886733532 -27.2202188372612 0
      vertex -15.878892160952091 -27.26088421046734 3
    endloop
  endfacet
  facet normal 0.38063235337654033 -0.9247264522890196 0
    outer loop
      vertex -15.794505886733532 -27.2202188372612 0
      vertex -11.834505885839462 -25.59021883457899 0
      vertex -15.794505886733532 -27.2202188372612 3
    endloop
  endfacet
  facet normal 0 0 -1
    outer loop
      vertex -46.97405666857958 3.9081800505518913 0
      vertex -1.4105841293931007 -13.5076205432415 0
      vertex -11.834505885839462 -25.59021883457899 0
    endloop
  endfacet
  facet normal 0.9995269631010361 0.030754674994546604 0
    outer loop
      vertex -18.069621570408344 -31.864603742957115 3
      vertex -18.109621569514275 -30.564603738486767 0
      vertex -18.109621569514275 -30.564603738486767 3
    endloop
  endfacet
  facet normal 0.9966855816336412 -0.0813501774036817 0
    outer loop
      vertex -18.095048241317272 -30.386054329574108 0
      vertex -18.095048241317272 -30.386054329574108 3
      vertex -18.109621569514275 -30.564603738486767 3
    endloop
  endfacet
  facet normal 0.953594459436883 -0.3010940167643304 0
    outer loop
      vertex -18.041109308600426 -30.215224407613277 0
      vertex -18.041109308600426 -30.215224407613277 3
      vertex -18.095048241317272 -30.386054329574108 3
    endloop
  endfacet
  facet normal 0.869701550335803 -0.49357797088555394 0
    outer loop
      vertex -17.963714703917503 -30.07885242253542 0
      vertex -17.963714703917503 -30.07885242253542 3
      vertex -18.041109308600426 -30.215224407613277 3
    endloop
  endfacet
  facet normal 0.817143375611314 -0.5764344747623505 0
    outer loop
      vertex -16.14371470361948 -27.49885242432356 0
      vertex -16.14371470361948 -27.49885242432356 3
      vertex -17.963714703917503 -30.07885242253542 3
    endloop
  endfacet
  facet normal 0.747465169525703 -0.6643010013133446 0
    outer loop
      vertex -16.024709716439247 -27.364949144423008 0
      vertex -16.024709716439247 -27.364949144423008 3
      vertex -16.14371470361948 -27.49885242432356 3
    endloop
  endfacet
  facet normal 0.5809037692869654 -0.8139722420501796 0
    outer loop
      vertex -15.878892160952091 -27.26088421046734 0
      vertex -15.878892160952091 -27.26088421046734 3
      vertex -16.024709716439247 -27.364949144423008 3
    endloop
  endfacet
  facet normal 0.4341184377264782 -0.900855805346184 0
    outer loop
      vertex -15.794505886733532 -27.2202188372612 0
      vertex -15.794505886733532 -27.2202188372612 3
      vertex -15.878892160952091 -27.26088421046734 3
    endloop
  endfacet
  facet normal 0 0 -1
    outer loop
      vertex -46.97405666857958 3.9081800505518913 0
      vertex -46.9347493276 4.08295764029026 0
      vertex -1.2791932299733162 -13.176718316972256 0
    endloop
  endfacet
  facet normal 0 0 -1
    outer loop
      vertex -46.9347493276 4.08295764029026 0
      vertex -46.49474932998419 8.102957636117935 0
      vertex -1.2791932299733162 -13.176718316972256 0
    endloop
  endfacet
  facet normal 0 0 -1
    outer loop
      vertex -46.49474932998419 8.102957636117935 0
      vertex -46.490646697580814 8.222160570323467 0
      vertex -1.1618012115359306 -13.041398741304874 0
    endloop
  endfacet
  facet normal 0 0 -1
    outer loop
      vertex -46.490646697580814 8.222160570323467 0
      vertex -47.17999267578125 25.355904892086983 0
      vertex -1.1037282049655914 -12.99281319975853 0
    endloop
  endfacet
  facet normal 0 0 -1
    outer loop
      vertex -46.97405666857958 3.9081800505518913 0
      vertex -1.3635305389761925 -13.334767334163189 0
      vertex -1.4105841293931007 -13.5076205432415 0
    endloop
  endfacet
  facet normal 0 0 -1
    outer loop
      vertex -46.97405666857958 3.9081800505518913 0
      vertex -1.2791932299733162 -13.176718316972256 0
      vertex -1.3635305389761925 -13.334767334163189 0
    endloop
  endfacet
  facet normal 0 0 -1
    outer loop
      vertex -46.49474932998419 8.102957636117935 0
      vertex -1.1618012115359306 -13.041398741304874 0
      vertex -1.2791932299733162 -13.176718316972256 0
    endloop
  endfacet
  facet normal 0 0 -1
    outer loop
      vertex -46.490646697580814 8.222160570323467 0
      vertex -1.1037282049655914 -12.99281319975853 0
      vertex -1.1618012115359306 -13.041398741304874 0
    endloop
  endfacet
  facet normal 0 0 -1
    outer loop
      vertex -1.1037282049655914 -12.99281319975853 0
      vertex -47.17999267578125 25.355904892086983 0
      vertex 0.8062717914581299 -11.542813196778297 0
    endloop
  endfacet
  facet normal 0 0 -1
    outer loop
      vertex 0.8062717914581299 -11.542813196778297 0
      vertex -47.17999267578125 25.355904892086983 0
      vertex 0.9601872712373734 -11.451149143278599 0
    endloop
  endfacet
  facet normal 0 0 -1
    outer loop
      vertex 0.9601872712373734 -11.451149143278599 0
      vertex -47.17999267578125 25.355904892086983 0
      vertex 1.1306409388780594 -11.396032720804214 0
    endloop
  endfacet
  facet normal 0 0 -1
    outer loop
      vertex -11.834505885839462 -25.59021883457899 0
      vertex -1.4105841293931007 -13.5076205432415 0
      vertex -11.662254489958286 -25.54100776463747 0
    endloop
  endfacet
  facet normal 0 0 -1
    outer loop
      vertex -11.662254489958286 -25.54100776463747 0
      vertex -1.4179945215582848 -13.686610370874405 0
      vertex -11.614573240280151 -25.534482955932617 0
    endloop
  endfacet
  facet normal 0 0 -1
    outer loop
      vertex -11.614573240280151 -25.534482955932617 0
      vertex -1.3144059032201767 -14.02724102884531 0
      vertex -2.650365687906742 -24.581477500498295 0
    endloop
  endfacet
  facet normal 0.27470247351240235 -0.9615292772693756 0
    outer loop
      vertex -11.834505885839462 -25.59021883457899 0
      vertex -11.662254489958286 -25.54100776463747 0
      vertex -11.834505885839462 -25.59021883457899 3
    endloop
  endfacet
  facet normal 0.13557871153138293 -0.9907665784530129 0
    outer loop
      vertex -11.662254489958286 -25.54100776463747 0
      vertex -11.614573240280151 -25.534482955932617 0
      vertex -11.662254489958286 -25.54100776463747 3
    endloop
  endfacet
  facet normal 0.10571655082115519 -0.994396304740961 0
    outer loop
      vertex -11.614573240280151 -25.534482955932617 0
      vertex -2.650365687906742 -24.581477500498295 0
      vertex -11.614573240280151 -25.534482955932617 3
    endloop
  endfacet
  facet normal 0 0 -1
    outer loop
      vertex -11.614573240280151 -25.534482955932617 0
      vertex -1.3853901475667953 -13.8627615198493 0
      vertex -1.3144059032201767 -14.02724102884531 0
    endloop
  endfacet
  facet normal 0 0 -1
    outer loop
      vertex -11.614573240280151 -25.534482955932617 0
      vertex -1.4179945215582848 -13.686610370874405 0
      vertex -1.3853901475667953 -13.8627615198493 0
    endloop
  endfacet
  facet normal 0 0 -1
    outer loop
      vertex -11.662254489958286 -25.54100776463747 0
      vertex -1.4105841293931007 -13.5076205432415 0
      vertex -1.4179945215582848 -13.686610370874405 0
    endloop
  endfacet
  facet normal 0 0 -1
    outer loop
      vertex 1.4756810441613197 -22.98740442097187 0
      vertex 2.475127637386322 -20.65161842107773 0
      vertex 2.4941839575767517 -21.43927999585867 0
    endloop
  endfacet
  facet normal 0.26764386250097766 -0.9635179099869176 0
    outer loop
      vertex -2.650365687906742 -24.581477500498295 0
      vertex 0.2307078167796135 -23.781179308891296 0
      vertex -2.650365687906742 -24.581477500498295 3
    endloop
  endfacet
  facet normal 0.5376076401753401 -0.8431951287958808 0
    outer loop
      vertex 0.2307078167796135 -23.781179308891296 0
      vertex 1.4756810441613197 -22.98740442097187 0
      vertex 0.2307078167796135 -23.781179308891296 3
    endloop
  endfacet
  facet normal 0.8354170817095483 -0.549616502288552 0
    outer loop
      vertex 1.4756810441613197 -22.98740442097187 0
      vertex 2.4941839575767517 -21.43927999585867 0
      vertex 1.4756810441613197 -22.98740442097187 3
    endloop
  endfacet
  facet normal 0 0 -1
    outer loop
      vertex -2.650365687906742 -24.581477500498295 0
      vertex -1.3144059032201767 -14.02724102884531 0
      vertex 0.2307078167796135 -23.781179308891296 0
    endloop
  endfacet
  facet normal 0 0 -1
    outer loop
      vertex 0.2307078167796135 -23.781179308891296 0
      vertex -1.3144059032201767 -14.02724102884531 0
      vertex 1.4756810441613197 -22.98740442097187 0
    endloop
  endfacet
  facet normal 0 0 -1
    outer loop
      vertex 1.4756810441613197 -22.98740442097187 0
      vertex -1.3144059032201767 -14.02724102884531 0
      vertex 2.475127637386322 -20.65161842107773 0
    endloop
  endfacet
  facet normal 0.86800738589953 0.4965512843844676 -4.849169103299887e-18
    outer loop
      vertex -1.3144059032201767 -14.02724102884531 0
      vertex 2.475127637386322 -20.65161842107773 3
      vertex 2.475127637386322 -20.65161842107773 0
    endloop
  endfacet
  facet normal 0.9181456264769253 0.39624311802388956 0
    outer loop
      vertex -1.3144059032201767 -14.02724102884531 0
      vertex -1.3853901475667953 -13.8627615198493 0
      vertex -1.3144059032201767 -14.02724102884531 3
    endloop
  endfacet
  facet normal 0.9832982013714544 0.18200177795742242 0
    outer loop
      vertex -1.3853901475667953 -13.8627615198493 0
      vertex -1.4179945215582848 -13.686610370874405 0
      vertex -1.3853901475667953 -13.8627615198493 3
    endloop
  endfacet
  facet normal 0.9991440708407047 -0.041365755207235726 0
    outer loop
      vertex -1.4179945215582848 -13.686610370874405 0
      vertex -1.4105841293931007 -13.5076205432415 0
      vertex -1.4179945215582848 -13.686610370874405 3
    endloop
  endfacet
  facet normal 0.9648886832863484 -0.2626591495949399 0
    outer loop
      vertex -1.4105841293931007 -13.5076205432415 0
      vertex -1.3635305389761925 -13.334767334163189 0
      vertex -1.4105841293931007 -13.5076205432415 3
    endloop
  endfacet
  facet normal 0.8822497765558388 -0.4707816179155387 0
    outer loop
      vertex -1.3635305389761925 -13.334767334163189 0
      vertex -1.2791932299733162 -13.176718316972256 0
      vertex -1.3635305389761925 -13.334767334163189 3
    endloop
  endfacet
  facet normal 0.755371134021167 -0.6552972225544498 0
    outer loop
      vertex -1.2791932299733162 -13.176718316972256 0
      vertex -1.1618012115359306 -13.041398741304874 0
      vertex -1.2791932299733162 -13.176718316972256 3
    endloop
  endfacet
  facet normal 0.6416747954421004 -0.7669768294377208 0
    outer loop
      vertex -1.1618012115359306 -13.041398741304874 0
      vertex -1.1037282049655914 -12.99281319975853 0
      vertex -1.1618012115359306 -13.041398741304874 3
    endloop
  endfacet
  facet normal 0.6046602556035637 -0.796483505977012 0
    outer loop
      vertex -1.1037282049655914 -12.99281319975853 0
      vertex 0.8062717914581299 -11.542813196778297 0
      vertex -1.1037282049655914 -12.99281319975853 3
    endloop
  endfacet
  facet normal 0.5116804396269348 -0.859175842131974 0
    outer loop
      vertex 0.8062717914581299 -11.542813196778297 0
      vertex 0.9601872712373734 -11.451149143278599 0
      vertex 0.8062717914581299 -11.542813196778297 3
    endloop
  endfacet
  facet normal 0.30766690484259895 -0.9514941280242222 0
    outer loop
      vertex 0.9601872712373734 -11.451149143278599 0
      vertex 1.1306409388780594 -11.396032720804214 0
      vertex 0.9601872712373734 -11.451149143278599 3
    endloop
  endfacet
  facet normal 0.09940148522819583 -0.995047408284866 0
    outer loop
      vertex 1.1306409388780594 -11.396032720804214 0
      vertex 1.2911267578601837 -11.380000792443752 0
      vertex 1.1306409388780594 -11.396032720804214 3
    endloop
  endfacet
  facet normal 0.9997074647764347 0.02418646047427248 0
    outer loop
      vertex 2.4941839575767517 -21.43927999585867 0
      vertex 2.475127637386322 -20.65161842107773 0
      vertex 2.4941839575767517 -21.43927999585867 3
    endloop
  endfacet
  facet normal -0.0014084490131116504 -0.9999990081351968 0
    outer loop
      vertex 1.2911267578601837 -11.380000792443752 0
      vertex 8.3911267593503 -11.39000079035759 0
      vertex 1.2911267578601837 -11.380000792443752 3
    endloop
  endfacet
  facet normal 0.38063235337654033 -0.9247264522890196 0
    outer loop
      vertex -11.834505885839462 -25.59021883457899 0
      vertex -11.834505885839462 -25.59021883457899 3
      vertex -15.794505886733532 -27.2202188372612 3
    endloop
  endfacet
  facet normal 0.27470247351240235 -0.9615292772693756 0
    outer loop
      vertex -11.662254489958286 -25.54100776463747 0
      vertex -11.662254489958286 -25.54100776463747 3
      vertex -11.834505885839462 -25.59021883457899 3
    endloop
  endfacet
  facet normal 0.13557871153138293 -0.9907665784530129 0
    outer loop
      vertex -11.614573240280151 -25.534482955932617 0
      vertex -11.614573240280151 -25.534482955932617 3
      vertex -11.662254489958286 -25.54100776463747 3
    endloop
  endfacet
  facet normal 0.10571655082115519 -0.994396304740961 0
    outer loop
      vertex -2.650365687906742 -24.581477500498295 0
      vertex -2.650365687906742 -24.581477500498295 3
      vertex -11.614573240280151 -25.534482955932617 3
    endloop
  endfacet
  facet normal 0.26764386250097766 -0.9635179099869176 0
    outer loop
      vertex 0.2307078167796135 -23.781179308891296 0
      vertex 0.2307078167796135 -23.781179308891296 3
      vertex -2.650365687906742 -24.581477500498295 3
    endloop
  endfacet
  facet normal 0.5376076401753401 -0.8431951287958808 0
    outer loop
      vertex 1.4756810441613197 -22.98740442097187 0
      vertex 1.4756810441613197 -22.98740442097187 3
      vertex 0.2307078167796135 -23.781179308891296 3
    endloop
  endfacet
  facet normal 0.8354170817095483 -0.549616502288552 0
    outer loop
      vertex 2.4941839575767517 -21.43927999585867 0
      vertex 2.4941839575767517 -21.43927999585867 3
      vertex 1.4756810441613197 -22.98740442097187 3
    endloop
  endfacet
  facet normal 0.9181456264769253 0.39624311802388956 0
    outer loop
      vertex -1.3853901475667953 -13.8627615198493 0
      vertex -1.3853901475667953 -13.8627615198493 3
      vertex -1.3144059032201767 -14.02724102884531 3
    endloop
  endfacet
  facet normal 0.9832982013714544 0.18200177795742242 0
    outer loop
      vertex -1.4179945215582848 -13.686610370874405 0
      vertex -1.4179945215582848 -13.686610370874405 3
      vertex -1.3853901475667953 -13.8627615198493 3
    endloop
  endfacet
  facet normal 0.9991440708407047 -0.041365755207235726 0
    outer loop
      vertex -1.4105841293931007 -13.5076205432415 0
      vertex -1.4105841293931007 -13.5076205432415 3
      vertex -1.4179945215582848 -13.686610370874405 3
    endloop
  endfacet
  facet normal 0.9648886832863484 -0.2626591495949399 0
    outer loop
      vertex -1.3635305389761925 -13.334767334163189 0
      vertex -1.3635305389761925 -13.334767334163189 3
      vertex -1.4105841293931007 -13.5076205432415 3
    endloop
  endfacet
  facet normal 0.8822497765558388 -0.4707816179155387 0
    outer loop
      vertex -1.2791932299733162 -13.176718316972256 0
      vertex -1.2791932299733162 -13.176718316972256 3
      vertex -1.3635305389761925 -13.334767334163189 3
    endloop
  endfacet
  facet normal 0.86800738589953 0.4965512843844676 0
    outer loop
      vertex -1.3144059032201767 -14.02724102884531 0
      vertex -1.3144059032201767 -14.02724102884531 3
      vertex 2.475127637386322 -20.65161842107773 3
    endloop
  endfacet
  facet normal 0.755371134021167 -0.6552972225544498 0
    outer loop
      vertex -1.1618012115359306 -13.041398741304874 0
      vertex -1.1618012115359306 -13.041398741304874 3
      vertex -1.2791932299733162 -13.176718316972256 3
    endloop
  endfacet
  facet normal 0.6416747954421004 -0.7669768294377208 0
    outer loop
      vertex -1.1037282049655914 -12.99281319975853 0
      vertex -1.1037282049655914 -12.99281319975853 3
      vertex -1.1618012115359306 -13.041398741304874 3
    endloop
  endfacet
  facet normal 0.6046602556035637 -0.796483505977012 0
    outer loop
      vertex 0.8062717914581299 -11.542813196778297 0
      vertex 0.8062717914581299 -11.542813196778297 3
      vertex -1.1037282049655914 -12.99281319975853 3
    endloop
  endfacet
  facet normal 0.5116804396269348 -0.859175842131974 0
    outer loop
      vertex 0.9601872712373734 -11.451149143278599 0
      vertex 0.9601872712373734 -11.451149143278599 3
      vertex 0.8062717914581299 -11.542813196778297 3
    endloop
  endfacet
  facet normal 0.30766690484259895 -0.9514941280242222 0
    outer loop
      vertex 1.1306409388780594 -11.396032720804214 0
      vertex 1.1306409388780594 -11.396032720804214 3
      vertex 0.9601872712373734 -11.451149143278599 3
    endloop
  endfacet
  facet normal 0.09940148522819583 -0.995047408284866 0
    outer loop
      vertex 1.2911267578601837 -11.380000792443752 0
      vertex 1.2911267578601837 -11.380000792443752 3
      vertex 1.1306409388780594 -11.396032720804214 3
    endloop
  endfacet
  facet normal 0.9997074647764347 0.02418646047427248 0
    outer loop
      vertex 2.475127637386322 -20.65161842107773 0
      vertex 2.475127637386322 -20.65161842107773 3
      vertex 2.4941839575767517 -21.43927999585867 3
    endloop
  endfacet
  facet normal -0.0014084490131116504 -0.9999990081351968 0
    outer loop
      vertex 1.2911267578601837 -11.380000792443752 3
      vertex 8.3911267593503 -11.39000079035759 0
      vertex 8.3911267593503 -11.39000079035759 3
    endloop
  endfacet
  facet normal 0 0 1
    outer loop
      vertex -53.6434585750103 -8.907114170491695 3
      vertex -18.041109308600426 -30.215224407613277 3
      vertex -17.963714703917503 -30.07885242253542 3
    endloop
  endfacet
  facet normal 0 0 1
    outer loop
      vertex -53.56938470155001 -8.7758853957057 3
      vertex -17.963714703917503 -30.07885242253542 3
      vertex -16.14371470361948 -27.49885242432356 3
    endloop
  endfacet
  facet normal 0 0 1
    outer loop
      vertex -47.16251800954342 3.606116861104965 3
      vertex -16.14371470361948 -27.49885242432356 3
      vertex -16.024709716439247 -27.364949144423008 3
    endloop
  endfacet
  facet normal 0 0 1
    outer loop
      vertex -47.05127016454935 3.7465312108397484 3
      vertex -16.024709716439247 -27.364949144423008 3
      vertex -15.878892160952091 -27.26088421046734 3
    endloop
  endfacet
  facet normal 0 0 1
    outer loop
      vertex -46.97405666857958 3.9081800505518913 3
      vertex -15.878892160952091 -27.26088421046734 3
      vertex -15.794505886733532 -27.2202188372612 3
    endloop
  endfacet
  facet normal 0 0 1
    outer loop
      vertex -46.97405666857958 3.9081800505518913 3
      vertex -15.794505886733532 -27.2202188372612 3
      vertex -11.834505885839462 -25.59021883457899 3
    endloop
  endfacet
  facet normal 0 0 1
    outer loop
      vertex -46.97405666857958 3.9081800505518913 3
      vertex -11.834505885839462 -25.59021883457899 3
      vertex -1.4105841293931007 -13.5076205432415 3
    endloop
  endfacet
  facet normal 0 0 1
    outer loop
      vertex -46.97405666857958 3.9081800505518913 3
      vertex -1.2791932299733162 -13.176718316972256 3
      vertex -46.9347493276 4.08295764029026 3
    endloop
  endfacet
  facet normal 0 0 1
    outer loop
      vertex -46.9347493276 4.08295764029026 3
      vertex -1.2791932299733162 -13.176718316972256 3
      vertex -46.49474932998419 8.102957636117935 3
    endloop
  endfacet
  facet normal 0 0 1
    outer loop
      vertex -46.49474932998419 8.102957636117935 3
      vertex -1.1618012115359306 -13.041398741304874 3
      vertex -46.490646697580814 8.222160570323467 3
    endloop
  endfacet
  facet normal 0 0 1
    outer loop
      vertex -46.490646697580814 8.222160570323467 3
      vertex -1.1037282049655914 -12.99281319975853 3
      vertex -47.17999267578125 25.355904892086983 3
    endloop
  endfacet
  facet normal 0 0 1
    outer loop
      vertex -46.97405666857958 3.9081800505518913 3
      vertex -1.4105841293931007 -13.5076205432415 3
      vertex -1.3635305389761925 -13.334767334163189 3
    endloop
  endfacet
  facet normal 0 0 1
    outer loop
      vertex -46.97405666857958 3.9081800505518913 3
      vertex -1.3635305389761925 -13.334767334163189 3
      vertex -1.2791932299733162 -13.176718316972256 3
    endloop
  endfacet
  facet normal 0 0 1
    outer loop
      vertex -46.49474932998419 8.102957636117935 3
      vertex -1.2791932299733162 -13.176718316972256 3
      vertex -1.1618012115359306 -13.041398741304874 3
    endloop
  endfacet
  facet normal 0 0 1
    outer loop
      vertex -46.490646697580814 8.222160570323467 3
      vertex -1.1618012115359306 -13.041398741304874 3
      vertex -1.1037282049655914 -12.99281319975853 3
    endloop
  endfacet
  facet normal 0 0 1
    outer loop
      vertex -1.1037282049655914 -12.99281319975853 3
      vertex 0.8062717914581299 -11.542813196778297 3
      vertex -47.17999267578125 25.355904892086983 3
    endloop
  endfacet
  facet normal 0 0 1
    outer loop
      vertex 0.8062717914581299 -11.542813196778297 3
      vertex 0.9601872712373734 -11.451149143278599 3
      vertex -47.17999267578125 25.355904892086983 3
    endloop
  endfacet
  facet normal 0 0 1
    outer loop
      vertex 0.9601872712373734 -11.451149143278599 3
      vertex 1.1306409388780594 -11.396032720804214 3
      vertex -47.17999267578125 25.355904892086983 3
    endloop
  endfacet
  facet normal 0 0 1
    outer loop
      vertex -11.834505885839462 -25.59021883457899 3
      vertex -11.662254489958286 -25.54100776463747 3
      vertex -1.4105841293931007 -13.5076205432415 3
    endloop
  endfacet
  facet normal 0 0 1
    outer loop
      vertex -11.662254489958286 -25.54100776463747 3
      vertex -11.614573240280151 -25.534482955932617 3
      vertex -1.4179945215582848 -13.686610370874405 3
    endloop
  endfacet
  facet normal 0 0 1
    outer loop
      vertex -11.614573240280151 -25.534482955932617 3
      vertex -2.650365687906742 -24.581477500498295 3
      vertex -1.3144059032201767 -14.02724102884531 3
    endloop
  endfacet
  facet normal 0 0 1
    outer loop
      vertex -11.614573240280151 -25.534482955932617 3
      vertex -1.3144059032201767 -14.02724102884531 3
      vertex -1.3853901475667953 -13.8627615198493 3
    endloop
  endfacet
  facet normal 0 0 1
    outer loop
      vertex -11.614573240280151 -25.534482955932617 3
      vertex -1.3853901475667953 -13.8627615198493 3
      vertex -1.4179945215582848 -13.686610370874405 3
    endloop
  endfacet
  facet normal 0 0 1
    outer loop
      vertex -11.662254489958286 -25.54100776463747 3
      vertex -1.4179945215582848 -13.686610370874405 3
      vertex -1.4105841293931007 -13.5076205432415 3
    endloop
  endfacet
  facet normal 0 0 1
    outer loop
      vertex 1.4756810441613197 -22.98740442097187 3
      vertex 2.4941839575767517 -21.43927999585867 3
      vertex 2.475127637386322 -20.65161842107773 3
    endloop
  endfacet
  facet normal 0 0 1
    outer loop
      vertex -2.650365687906742 -24.581477500498295 3
      vertex 0.2307078167796135 -23.781179308891296 3
      vertex -1.3144059032201767 -14.02724102884531 3
    endloop
  endfacet
  facet normal 0 0 1
    outer loop
      vertex 0.2307078167796135 -23.781179308891296 3
      vertex 1.4756810441613197 -22.98740442097187 3
      vertex -1.3144059032201767 -14.02724102884531 3
    endloop
  endfacet
  facet normal 0 0 1
    outer loop
      vertex 1.4756810441613197 -22.98740442097187 3
      vertex 2.475127637386322 -20.65161842107773 3
      vertex -1.3144059032201767 -14.02724102884531 3
    endloop
  endfacet
  facet normal -0.9991916246257222 -0.04020071240425784 1.6186268553438913e-17
    outer loop
      vertex -46.490646697580814 8.222160570323467 0
      vertex -47.17999267578125 25.355904892086983 3
      vertex -47.17999267578125 25.355904892086983 0
    endloop
  endfacet
  facet normal -0.9991916246257222 -0.04020071240425784 0
    outer loop
      vertex -46.490646697580814 8.222160570323467 0
      vertex -46.490646697580814 8.222160570323467 3
      vertex -47.17999267578125 25.355904892086983 3
    endloop
  endfacet
  facet normal -0.9999998964119619 0.00045516597599798154 0
    outer loop
      vertex -47.17999267578125 25.355904892086983 0
      vertex -47.17999267578125 25.355904892086983 3
      vertex -47.164489561892154 59.41625452425675 0
    endloop
  endfacet
  facet normal 0 0 -1
    outer loop
      vertex -47.17999267578125 25.355904892086983 0
      vertex -47.164489561892154 59.41625452425675 0
      vertex -46.841714412274264 59.4526225492909 0
    endloop
  endfacet
  facet normal 0 0 -1
    outer loop
      vertex -47.17999267578125 25.355904892086983 0
      vertex -46.841714412274264 59.4526225492909 0
      vertex -46.48239764350015 59.578352924565884 0
    endloop
  endfacet
  facet normal 0 0 -1
    outer loop
      vertex -47.17999267578125 25.355904892086983 0
      vertex -46.48239764350015 59.578352924565884 0
      vertex -46.16006733684015 59.78088647980435 0
    endloop
  endfacet
  facet normal -0.9999998964119619 0.00045516597599798154 2.380490843667367e-20
    outer loop
      vertex -47.17999267578125 25.355904892086983 3
      vertex -47.164489561892154 59.41625452425675 3
      vertex -47.164489561892154 59.41625452425675 0
    endloop
  endfacet
  facet normal 0 0 1
    outer loop
      vertex -47.17999267578125 25.355904892086983 3
      vertex -46.841714412274264 59.4526225492909 3
      vertex -47.164489561892154 59.41625452425675 3
    endloop
  endfacet
  facet normal 0 0 1
    outer loop
      vertex -47.17999267578125 25.355904892086983 3
      vertex -46.48239764350015 59.578352924565884 3
      vertex -46.841714412274264 59.4526225492909 3
    endloop
  endfacet
  facet normal 0 0 1
    outer loop
      vertex -47.17999267578125 25.355904892086983 3
      vertex -46.16006733684015 59.78088647980435 3
      vertex -46.48239764350015 59.578352924565884 3
    endloop
  endfacet
  facet normal 0 0 -1
    outer loop
      vertex -47.16000008583069 69.27963586896658 0
      vertex -45.89088647980435 62.16993266315985 0
      vertex -46.16006733684015 62.43911352019565 0
    endloop
  endfacet
  facet normal 0 0 -1
    outer loop
      vertex -47.16000008583069 69.27963586896658 0
      vertex -46.841714412274264 62.7673774507091 0
      vertex -47.16294777017794 62.803571757538094 0
    endloop
  endfacet
  facet normal 0 0 -1
    outer loop
      vertex -47.16000008583069 69.27963586896658 0
      vertex -46.48239764350015 62.641647075434115 0
      vertex -46.841714412274264 62.7673774507091 0
    endloop
  endfacet
  facet normal 0 0 -1
    outer loop
      vertex -47.16000008583069 69.27963586896658 0
      vertex -46.16006733684015 62.43911352019565 0
      vertex -46.48239764350015 62.641647075434115 0
    endloop
  endfacet
  facet normal -0.9999998964119617 0.0004551659759978777 -1.6016384099705079e-15
    outer loop
      vertex -47.16000008583069 69.27963586896658 0
      vertex -47.16294777017794 62.803571757538094 0
      vertex -47.163386392838596 61.83991753391695 3
    endloop
  endfacet
  facet normal -0.9971560667245118 -0.07536430583837989 0
    outer loop
      vertex -47.169142462313175 69.4005999788642 0
      vertex -47.16000008583069 69.27963586896658 0
      vertex -47.169142462313175 69.4005999788642 3
    endloop
  endfacet
  facet normal -0.9999998964119619 0.00045516597600286403 1.0763880481149509e-14
    outer loop
      vertex -47.16000008583069 69.27963586896658 0
      vertex -47.163386392838596 61.83991753391695 3
      vertex -47.16294777017794 62.803571757538094 3
    endloop
  endfacet
  facet normal -0.9999998964119617 0.0004551659759978777 0
    outer loop
      vertex -47.16000008583069 69.27963586896658 0
      vertex -47.16294777017794 62.803571757538094 3
      vertex -47.16000008583069 69.27963586896658 3
    endloop
  endfacet
  facet normal -0.9971560667245118 -0.07536430583837989 0
    outer loop
      vertex -47.16000008583069 69.27963586896658 0
      vertex -47.16000008583069 69.27963586896658 3
      vertex -47.169142462313175 69.4005999788642 3
    endloop
  endfacet
  facet normal -0.9885719226802541 -0.15074997077368174 1.26218087703163e-17
    outer loop
      vertex -47.169142462313175 69.4005999788642 0
      vertex -48.71615082025528 79.54540477693081 3
      vertex -48.71615082025528 79.54540477693081 0
    endloop
  endfacet
  facet normal -0.997997501090937 0.06325336209439782 0
    outer loop
      vertex -48.71615082025528 79.54540477693081 0
      vertex -48.547863975167274 82.20059724897146 3
      vertex -48.547863975167274 82.20059724897146 0
    endloop
  endfacet
  facet normal -0.9524739498610395 0.3046200499575002 -1.746338881059604e-17
    outer loop
      vertex -48.547863975167274 82.20059724897146 0
      vertex -47.90233024954796 84.2190266251564 3
      vertex -47.90233024954796 84.2190266251564 0
    endloop
  endfacet
  facet normal -0.8313429958960152 0.5557596811344251 0
    outer loop
      vertex -47.90233024954796 84.2190266251564 0
      vertex -46.82009310275316 85.83791029453278 3
      vertex -46.82009310275316 85.83791029453278 0
    endloop
  endfacet
  facet normal -0.6368814463554515 0.770961752156479 0
    outer loop
      vertex -46.82009310275316 85.83791029453278 0
      vertex -45.19862166047096 87.17738670110703 3
      vertex -45.19862166047096 87.17738670110703 0
    endloop
  endfacet
  facet normal -0.27712032339280057 0.9608352233149395 -8.998137777251743e-18
    outer loop
      vertex -45.19862166047096 87.17738670110703 0
      vertex -41.246909968554974 88.31712387502193 3
      vertex -41.246909968554974 88.31712387502193 0
    endloop
  endfacet
  facet normal 0.025388637078513476 0.9996776566010144 0
    outer loop
      vertex -41.246909968554974 88.31712387502193 0
      vertex -38.27063478529453 88.24153593927622 3
      vertex -38.27063478529453 88.24153593927622 0
    endloop
  endfacet
  facet normal -0.9885719226802541 -0.15074997077368174 0
    outer loop
      vertex -47.169142462313175 69.4005999788642 0
      vertex -47.169142462313175 69.4005999788642 3
      vertex -48.71615082025528 79.54540477693081 3
    endloop
  endfacet
  facet normal -0.997997501090937 0.06325336209439782 0
    outer loop
      vertex -48.71615082025528 79.54540477693081 0
      vertex -48.71615082025528 79.54540477693081 3
      vertex -48.547863975167274 82.20059724897146 3
    endloop
  endfacet
  facet normal -0.9524739498610395 0.3046200499575002 0
    outer loop
      vertex -48.547863975167274 82.20059724897146 0
      vertex -48.547863975167274 82.20059724897146 3
      vertex -47.90233024954796 84.2190266251564 3
    endloop
  endfacet
  facet normal -0.8313429958960152 0.5557596811344251 0
    outer loop
      vertex -47.90233024954796 84.2190266251564 0
      vertex -47.90233024954796 84.2190266251564 3
      vertex -46.82009310275316 85.83791029453278 3
    endloop
  endfacet
  facet normal -0.6368814463554515 0.770961752156479 0
    outer loop
      vertex -46.82009310275316 85.83791029453278 0
      vertex -46.82009310275316 85.83791029453278 3
      vertex -45.19862166047096 87.17738670110703 3
    endloop
  endfacet
  facet normal -0.27712032339280057 0.9608352233149395 0
    outer loop
      vertex -45.19862166047096 87.17738670110703 0
      vertex -45.19862166047096 87.17738670110703 3
      vertex -41.246909968554974 88.31712387502193 3
    endloop
  endfacet
  facet normal 0.025388637078513476 0.9996776566010144 0
    outer loop
      vertex -41.246909968554974 88.31712387502193 0
      vertex -41.246909968554974 88.31712387502193 3
      vertex -38.27063478529453 88.24153593927622 3
    endloop
  endfacet
  facet normal 0.15050195419362133 0.9886097115565379 0
    outer loop
      vertex -38.27063478529453 88.24153593927622 0
      vertex -38.27063478529453 88.24153593927622 3
      vertex -27.810401558876038 86.64911223202944 3
    endloop
  endfacet
  facet normal 0 0 1
    outer loop
      vertex -47.16000008583069 69.27963586896658 3
      vertex -46.16006733684015 62.43911352019565 3
      vertex -45.89088647980435 62.16993266315985 3
    endloop
  endfacet
  facet normal 0 0 1
    outer loop
      vertex -47.16000008583069 69.27963586896658 3
      vertex -47.16294777017794 62.803571757538094 3
      vertex -46.841714412274264 62.7673774507091 3
    endloop
  endfacet
  facet normal 0 0 1
    outer loop
      vertex -47.16000008583069 69.27963586896658 3
      vertex -46.841714412274264 62.7673774507091 3
      vertex -46.48239764350015 62.641647075434115 3
    endloop
  endfacet
  facet normal 0 0 1
    outer loop
      vertex -47.16000008583069 69.27963586896658 3
      vertex -46.48239764350015 62.641647075434115 3
      vertex -46.16006733684015 62.43911352019565 3
    endloop
  endfacet
  facet normal 0 0 -1
    outer loop
      vertex 1.1306409388780594 -11.396032720804214 0
      vertex -47.17999267578125 25.355904892086983 0
      vertex -46.16006733684015 59.78088647980435 0
    endloop
  endfacet
  facet normal 0 0 -1
    outer loop
      vertex 1.1306409388780594 -11.396032720804214 0
      vertex -47.16000008583069 69.27963586896658 0
      vertex 1.2911267578601837 -11.380000792443752 0
    endloop
  endfacet
  facet normal 0 0 -1
    outer loop
      vertex 1.1306409388780594 -11.396032720804214 0
      vertex -46.16006733684015 59.78088647980435 0
      vertex -45.89088647980435 60.05006733684015 0
    endloop
  endfacet
  facet normal 0 0 -1
    outer loop
      vertex 1.1306409388780594 -11.396032720804214 0
      vertex -45.89088647980435 60.05006733684015 0
      vertex -45.68835292456588 60.37239764350015 0
    endloop
  endfacet
  facet normal 0 0 -1
    outer loop
      vertex 1.1306409388780594 -11.396032720804214 0
      vertex -45.68835292456588 60.37239764350015 0
      vertex -45.5626225492909 60.731714412274265 0
    endloop
  endfacet
  facet normal 0 0 -1
    outer loop
      vertex 1.1306409388780594 -11.396032720804214 0
      vertex -45.5626225492909 60.731714412274265 0
      vertex -45.519999999999996 61.11 0
    endloop
  endfacet
  facet normal 0 0 -1
    outer loop
      vertex 1.1306409388780594 -11.396032720804214 0
      vertex -45.519999999999996 61.11 0
      vertex -45.5626225492909 61.488285587725734 0
    endloop
  endfacet
  facet normal 0 0 -1
    outer loop
      vertex 1.1306409388780594 -11.396032720804214 0
      vertex -45.5626225492909 61.488285587725734 0
      vertex -45.68835292456588 61.84760235649985 0
    endloop
  endfacet
  facet normal 0 0 -1
    outer loop
      vertex 1.1306409388780594 -11.396032720804214 0
      vertex -45.68835292456588 61.84760235649985 0
      vertex -45.89088647980435 62.16993266315985 0
    endloop
  endfacet
  facet normal 0 0 -1
    outer loop
      vertex 1.1306409388780594 -11.396032720804214 0
      vertex -45.89088647980435 62.16993266315985 0
      vertex -47.16000008583069 69.27963586896658 0
    endloop
  endfacet
  facet normal 0 0 -1
    outer loop
      vertex 1.2911267578601837 -11.380000792443752 0
      vertex -47.16000008583069 69.27963586896658 0
      vertex 8.3911267593503 -11.39000079035759 0
    endloop
  endfacet
  facet normal 0 0 -1
    outer loop
      vertex -47.16000008583069 69.27963586896658 0
      vertex 8.53418043255806 -11.403099745512009 0
      vertex 8.3911267593503 -11.39000079035759 0
    endloop
  endfacet
  facet normal 0 0 -1
    outer loop
      vertex -47.16000008583069 69.27963586896658 0
      vertex 8.1 -5.6 0
      vertex 8.53418043255806 -11.403099745512009 0
    endloop
  endfacet
  facet normal 0 0 -1
    outer loop
      vertex -47.16000008583069 69.27963586896658 0
      vertex 8.1 5.6 0
      vertex 8.1 -5.6 0
    endloop
  endfacet
  facet normal 0 0 -1
    outer loop
      vertex -47.16000008583069 69.27963586896658 0
      vertex 8.1 18.4 0
      vertex 8.1 5.6 0
    endloop
  endfacet
  facet normal 0 0 -1
    outer loop
      vertex -47.16000008583069 69.27963586896658 0
      vertex 8.1 29.6 0
      vertex 8.1 18.4 0
    endloop
  endfacet
  facet normal 0 0 -1
    outer loop
      vertex -48.547863975167274 82.20059724897146 0
      vertex 11.9 29.6 0
      vertex 8.1 29.6 0
    endloop
  endfacet
  facet normal 0 0 -1
    outer loop
      vertex -41.246909968554974 88.31712387502193 0
      vertex 48.12366957962513 -7.761985667049885 0
      vertex 11.9 29.6 0
    endloop
  endfacet
  facet normal 0 0 1
    outer loop
      vertex 1.1306409388780594 -11.396032720804214 3
      vertex -46.16006733684015 59.78088647980435 3
      vertex -47.17999267578125 25.355904892086983 3
    endloop
  endfacet
  facet normal 0 0 1
    outer loop
      vertex 1.1306409388780594 -11.396032720804214 3
      vertex 1.2911267578601837 -11.380000792443752 3
      vertex -47.16000008583069 69.27963586896658 3
    endloop
  endfacet
  facet normal 0 0 1
    outer loop
      vertex 1.1306409388780594 -11.396032720804214 3
      vertex -45.89088647980435 60.05006733684015 3
      vertex -46.16006733684015 59.78088647980435 3
    endloop
  endfacet
  facet normal 0 0 1
    outer loop
      vertex 1.1306409388780594 -11.396032720804214 3
      vertex -45.68835292456588 60.37239764350015 3
      vertex -45.89088647980435 60.05006733684015 3
    endloop
  endfacet
  facet normal 0 0 1
    outer loop
      vertex 1.1306409388780594 -11.396032720804214 3
      vertex -45.5626225492909 60.731714412274265 3
      vertex -45.68835292456588 60.37239764350015 3
    endloop
  endfacet
  facet normal 0 0 1
    outer loop
      vertex 1.1306409388780594 -11.396032720804214 3
      vertex -45.519999999999996 61.11 3
      vertex -45.5626225492909 60.731714412274265 3
    endloop
  endfacet
  facet normal 0 0 1
    outer loop
      vertex 1.1306409388780594 -11.396032720804214 3
      vertex -45.5626225492909 61.488285587725734 3
      vertex -45.519999999999996 61.11 3
    endloop
  endfacet
  facet normal 0 0 1
    outer loop
      vertex 1.1306409388780594 -11.396032720804214 3
      vertex -45.68835292456588 61.84760235649985 3
      vertex -45.5626225492909 61.488285587725734 3
    endloop
  endfacet
  facet normal 0 0 1
    outer loop
      vertex 1.1306409388780594 -11.396032720804214 3
      vertex -45.89088647980435 62.16993266315985 3
      vertex -45.68835292456588 61.84760235649985 3
    endloop
  endfacet
  facet normal 0 0 1
    outer loop
      vertex 1.1306409388780594 -11.396032720804214 3
      vertex -47.16000008583069 69.27963586896658 3
      vertex -45.89088647980435 62.16993266315985 3
    endloop
  endfacet
  facet normal 0 0 1
    outer loop
      vertex 1.2911267578601837 -11.380000792443752 3
      vertex 8.3911267593503 -11.39000079035759 3
      vertex -47.16000008583069 69.27963586896658 3
    endloop
  endfacet
  facet normal 0 0 1
    outer loop
      vertex -47.16000008583069 69.27963586896658 3
      vertex 8.3911267593503 -11.39000079035759 3
      vertex 8.53418043255806 -11.403099745512009 3
    endloop
  endfacet
  facet normal 0 0 1
    outer loop
      vertex -47.16000008583069 69.27963586896658 3
      vertex 8.53418043255806 -11.403099745512009 3
      vertex 16.28418043255806 -12.823099747300148 3
    endloop
  endfacet
  facet normal 0 0 1
    outer loop
      vertex -47.16000008583069 69.27963586896658 3
      vertex 16.28418043255806 -12.823099747300148 3
      vertex 16.455667309463024 -12.874912150204182 3
    endloop
  endfacet
  facet normal 0 0 1
    outer loop
      vertex -47.16000008583069 69.27963586896658 3
      vertex 16.455667309463024 -12.874912150204182 3
      vertex 8.1 20.3772297354205 3
    endloop
  endfacet
  facet normal 0 0 1
    outer loop
      vertex -48.71615082025528 79.54540477693081 3
      vertex 8.1 20.3772297354205 3
      vertex 8.1 29.48406351370162 3
    endloop
  endfacet
  facet normal 0 0 1
    outer loop
      vertex -48.547863975167274 82.20059724897146 3
      vertex 8.1 29.48406351370162 3
      vertex 9.11864082560158 29.6 3
    endloop
  endfacet
  facet normal 0 0 1
    outer loop
      vertex -45.19862166047096 87.17738670110703 3
      vertex 9.11864082560158 29.6 3
      vertex 11.3980622709109 29.6 3
    endloop
  endfacet
  facet normal 0 0 1
    outer loop
      vertex -41.246909968554974 88.31712387502193 3
      vertex 11.3980622709109 29.6 3
      vertex 11.771204445005942 29.220392048438566 3
    endloop
  endfacet
  facet normal 0 0 1
    outer loop
      vertex -41.246909968554974 88.31712387502193 3
      vertex 11.771204445005942 29.220392048438566 3
      vertex 48.12366957962513 -7.761985667049885 3
    endloop
  endfacet
  facet normal 0 0 -1
    outer loop
      vertex -47.169142462313175 69.4005999788642 0
      vertex 8.1 29.6 0
      vertex -47.16000008583069 69.27963586896658 0
    endloop
  endfacet
  facet normal 0 0 -1
    outer loop
      vertex -47.169142462313175 69.4005999788642 0
      vertex -48.71615082025528 79.54540477693081 0
      vertex 8.1 29.6 0
    endloop
  endfacet
  facet normal 0 0 -1
    outer loop
      vertex -48.71615082025528 79.54540477693081 0
      vertex -48.547863975167274 82.20059724897146 0
      vertex 8.1 29.6 0
    endloop
  endfacet
  facet normal 0 0 -1
    outer loop
      vertex -48.547863975167274 82.20059724897146 0
      vertex -47.90233024954796 84.2190266251564 0
      vertex 11.9 29.6 0
    endloop
  endfacet
  facet normal 0 0 -1
    outer loop
      vertex -47.90233024954796 84.2190266251564 0
      vertex -46.82009310275316 85.83791029453278 0
      vertex 11.9 29.6 0
    endloop
  endfacet
  facet normal 0 0 -1
    outer loop
      vertex -46.82009310275316 85.83791029453278 0
      vertex -45.19862166047096 87.17738670110703 0
      vertex 11.9 29.6 0
    endloop
  endfacet
  facet normal 0 0 -1
    outer loop
      vertex -45.19862166047096 87.17738670110703 0
      vertex -41.246909968554974 88.31712387502193 0
      vertex 11.9 29.6 0
    endloop
  endfacet
  facet normal 0.15050195419362133 0.9886097115565379 -1.39904753604161e-17
    outer loop
      vertex -38.27063478529453 88.24153593927622 0
      vertex -27.810401558876038 86.64911223202944 3
      vertex -27.810401558876038 86.64911223202944 0
    endloop
  endfacet
  facet normal 0.07362718010961683 0.9972858358309848 0
    outer loop
      vertex -27.810401558876038 86.64911223202944 0
      vertex -27.687049351632595 86.64000543951988 3
      vertex -27.687049351632595 86.64000543951988 0
    endloop
  endfacet
  facet normal 0.07362718010961683 0.9972858358309848 0
    outer loop
      vertex -27.810401558876038 86.64911223202944 0
      vertex -27.810401558876038 86.64911223202944 3
      vertex -27.687049351632595 86.64000543951988 3
    endloop
  endfacet
  facet normal -0.003688310812534798 0.9999931981585426 0
    outer loop
      vertex -27.687049351632595 86.64000543951988 0
      vertex -27.687049351632595 86.64000543951988 3
      vertex -5.997049354016781 86.72000544518232 3
    endloop
  endfacet
  facet normal 0 0 -1
    outer loop
      vertex -41.246909968554974 88.31712387502193 0
      vertex -38.27063478529453 88.24153593927622 0
      vertex 48.12366957962513 -7.761985667049885 0
    endloop
  endfacet
  facet normal 0 0 -1
    outer loop
      vertex -38.27063478529453 88.24153593927622 0
      vertex -27.810401558876038 86.64911223202944 0
      vertex 48.12366957962513 -7.761985667049885 0
    endloop
  endfacet
  facet normal 0 0 -1
    outer loop
      vertex -27.687049351632595 86.64000543951988 0
      vertex 8.1 53.6 0
      vertex 8.1 42.4 0
    endloop
  endfacet
  facet normal 0 0 -1
    outer loop
      vertex -27.810401558876038 86.64911223202944 0
      vertex -27.687049351632595 86.64000543951988 0
      vertex 48.12366957962513 -7.761985667049885 0
    endloop
  endfacet
  facet normal 0 0 -1
    outer loop
      vertex -5.997049354016781 86.72000544518232 0
      vertex 11.9 53.6 0
      vertex 8.1 53.6 0
    endloop
  endfacet
  facet normal 0 0 -1
    outer loop
      vertex -27.687049351632595 86.64000543951988 0
      vertex -5.997049354016781 86.72000544518232 0
      vertex 8.1 53.6 0
    endloop
  endfacet
  facet normal 0 0 -1
    outer loop
      vertex -5.20005165040493 87.5109096840024 0
      vertex -5.1960756331682205 87.8607991784811 0
      vertex -5.076621271669865 87.90975588560104 0
    endloop
  endfacet
  facet normal 0 0 -1
    outer loop
      vertex -5.20005165040493 87.5109096840024 0
      vertex -5.076621271669865 87.90975588560104 0
      vertex -5.023078456521034 87.93403421342373 0
    endloop
  endfacet
  facet normal 0 0 -1
    outer loop
      vertex -5.20005165040493 87.5109096840024 0
      vertex -5.023078456521034 87.93403421342373 0
      vertex -4.872709847986698 88.03140748292208 0
    endloop
  endfacet
  facet normal -0.003688310812534798 0.9999931981585426 0
    outer loop
      vertex -27.687049351632595 86.64000543951988 0
      vertex -5.997049354016781 86.72000544518232 3
      vertex -5.997049354016781 86.72000544518232 0
    endloop
  endfacet
  facet normal -0.10815037254182412 0.9941345466882561 0
    outer loop
      vertex -5.997049354016781 86.72000544518232 0
      vertex -5.830857150256634 86.73808524012566 3
      vertex -5.830857150256634 86.73808524012566 0
    endloop
  endfacet
  facet normal -0.3195324820907893 0.9475753230687782 0
    outer loop
      vertex -5.830857150256634 86.73808524012566 0
      vertex -5.661105513572693 86.79532729834318 3
      vertex -5.661105513572693 86.79532729834318 0
    endloop
  endfacet
  facet normal -0.5223765005160548 0.852714953374573 0
    outer loop
      vertex -5.661105513572693 86.79532729834318 0
      vertex -5.50834745913744 86.88890747725964 3
      vertex -5.50834745913744 86.88890747725964 0
    endloop
  endfacet
  facet normal -0.699026340594657 0.7150959202476566 0
    outer loop
      vertex -5.50834745913744 86.88890747725964 0
      vertex -5.3802429139614105 87.01413326710463 3
      vertex -5.3802429139614105 87.01413326710463 0
    endloop
  endfacet
  facet normal -0.8406241134830337 0.5416189618457461 0
    outer loop
      vertex -5.3802429139614105 87.01413326710463 0
      vertex -5.283215582370758 87.16472532600164 3
      vertex -5.283215582370758 87.16472532600164 0
    endloop
  endfacet
  facet normal -0.9400694675029317 0.34098298530682475 0
    outer loop
      vertex -5.283215582370758 87.16472532600164 0
      vertex -5.222130812704563 87.3331323415041 3
      vertex -5.222130812704563 87.3331323415041 0
    endloop
  endfacet
  facet normal -0.9923758146501283 0.12324870180855552 0
    outer loop
      vertex -5.222130812704563 87.3331323415041 0
      vertex -5.20005165040493 87.5109096840024 3
      vertex -5.20005165040493 87.5109096840024 0
    endloop
  endfacet
  facet normal -0.999935440128552 0.011362903454621782 0
    outer loop
      vertex -5.20005165040493 87.5109096840024 0
      vertex -5.1960756331682205 87.8607991784811 3
      vertex -5.1960756331682205 87.8607991784811 0
    endloop
  endfacet
  facet normal -0.379223428014565 0.9253051343448181 0
    outer loop
      vertex -5.1960756331682205 87.8607991784811 0
      vertex -5.076621271669865 87.90975588560104 3
      vertex -5.076621271669865 87.90975588560104 0
    endloop
  endfacet
  facet normal -0.41296659638943617 0.9107461722491752 0
    outer loop
      vertex -5.076621271669865 87.90975588560104 0
      vertex -5.023078456521034 87.93403421342373 3
      vertex -5.023078456521034 87.93403421342373 0
    endloop
  endfacet
  facet normal -0.5435500249514359 0.8393767749796831 0
    outer loop
      vertex -5.023078456521034 87.93403421342373 0
      vertex -4.872709847986698 88.03140748292208 3
      vertex -4.872709847986698 88.03140748292208 0
    endloop
  endfacet
  facet normal -0.7167010048616952 0.6973805773250618 0
    outer loop
      vertex -4.872709847986698 88.03140748292208 0
      vertex -4.747778885066509 88.15979956835508 3
      vertex -4.747778885066509 88.15979956835508 0
    endloop
  endfacet
  facet normal -0.8539136036952604 0.5204147936254061 0
    outer loop
      vertex -4.747778885066509 88.15979956835508 0
      vertex -4.654550135135651 88.31277234852314 3
      vertex -4.654550135135651 88.31277234852314 0
    endloop
  endfacet
  facet normal -0.9483073835210841 0.3173532832024832 0
    outer loop
      vertex -4.654550135135651 88.31277234852314 0
      vertex -4.597698464989662 88.48265513032675 3
      vertex -4.597698464989662 88.48265513032675 0
    endloop
  endfacet
  facet normal -0.9951490867749064 0.09837832632785445 0
    outer loop
      vertex -4.597698464989662 88.48265513032675 0
      vertex -4.580074660480022 88.66092928498983 3
      vertex -4.580074660480022 88.66092928498983 0
    endloop
  endfacet
  facet normal -0.6973805773250618 -0.7167010048616952 0
    outer loop
      vertex -4.761407487094402 89.1572901532054 0
      vertex -4.889799572527409 89.28222111612558 3
      vertex -4.889799572527409 89.28222111612558 0
    endloop
  endfacet
  facet normal -0.992089855265087 -0.12552975376419157 0
    outer loop
      vertex -4.580074660480022 88.66092928498983 0
      vertex -4.602562457323074 88.83865539729595 3
      vertex -4.602562457323074 88.83865539729595 0
    endloop
  endfacet
  facet normal -0.9392830986324169 -0.34314320716500485 0
    outer loop
      vertex -4.602562457323074 88.83865539729595 0
      vertex -4.664034217596054 89.00692154467106 3
      vertex -4.664034217596054 89.00692154467106 0
    endloop
  endfacet
  facet normal -0.8393767749796831 -0.5435500249514359 0
    outer loop
      vertex -4.761407487094402 89.1572901532054 0
      vertex -4.664034217596054 89.00692154467106 0
      vertex -4.761407487094402 89.1572901532054 3
    endloop
  endfacet
  facet normal -0.6127505406096942 -0.7902763915128221 0
    outer loop
      vertex -5.146064221858978 89.48091907054186 0
      vertex -4.889799572527409 89.28222111612558 0
      vertex -5.146064221858978 89.48091907054186 3
    endloop
  endfacet
  facet normal 0 0 -1
    outer loop
      vertex -5.146064221858978 89.48091907054186 0
      vertex 0.05597900599241257 89.95992857217789 0
      vertex -4.889799572527409 89.28222111612558 0
    endloop
  endfacet
  facet normal 0 0 -1
    outer loop
      vertex -4.761407487094402 89.1572901532054 0
      vertex -4.889799572527409 89.28222111612558 0
      vertex 0.05597900599241257 89.95992857217789 0
    endloop
  endfacet
  facet normal 0 0 -1
    outer loop
      vertex -4.747778885066509 88.15979956835508 0
      vertex -4.654550135135651 88.31277234852314 0
      vertex 0.05597900599241257 89.95992857217789 0
    endloop
  endfacet
  facet normal 0 0 -1
    outer loop
      vertex -4.654550135135651 88.31277234852314 0
      vertex -4.597698464989662 88.48265513032675 0
      vertex 0.05597900599241257 89.95992857217789 0
    endloop
  endfacet
  facet normal 0 0 -1
    outer loop
      vertex -4.580074660480022 88.66092928498983 0
      vertex -4.602562457323074 88.83865539729595 0
      vertex 0.05597900599241257 89.95992857217789 0
    endloop
  endfacet
  facet normal 0 0 -1
    outer loop
      vertex -4.597698464989662 88.48265513032675 0
      vertex -4.580074660480022 88.66092928498983 0
      vertex 0.05597900599241257 89.95992857217789 0
    endloop
  endfacet
  facet normal 0 0 -1
    outer loop
      vertex -4.602562457323074 88.83865539729595 0
      vertex -4.664034217596054 89.00692154467106 0
      vertex 0.05597900599241257 89.95992857217789 0
    endloop
  endfacet
  facet normal 0 0 -1
    outer loop
      vertex -4.761407487094402 89.1572901532054 0
      vertex 0.05597900599241257 89.95992857217789 0
      vertex -4.664034217596054 89.00692154467106 0
    endloop
  endfacet
  facet normal -0.09169312197509202 0.9957873123224963 3.542024910042456e-18
    outer loop
      vertex -5.146064221858978 89.48091907054186 0
      vertex 0.05597900599241257 89.95992857217789 3
      vertex 0.05597900599241257 89.95992857217789 0
    endloop
  endfacet
  facet normal -0.10815037254182412 0.9941345466882561 0
    outer loop
      vertex -5.997049354016781 86.72000544518232 0
      vertex -5.997049354016781 86.72000544518232 3
      vertex -5.830857150256634 86.73808524012566 3
    endloop
  endfacet
  facet normal -0.3195324820907893 0.9475753230687782 0
    outer loop
      vertex -5.830857150256634 86.73808524012566 0
      vertex -5.830857150256634 86.73808524012566 3
      vertex -5.661105513572693 86.79532729834318 3
    endloop
  endfacet
  facet normal -0.5223765005160548 0.852714953374573 0
    outer loop
      vertex -5.661105513572693 86.79532729834318 0
      vertex -5.661105513572693 86.79532729834318 3
      vertex -5.50834745913744 86.88890747725964 3
    endloop
  endfacet
  facet normal -0.699026340594657 0.7150959202476566 0
    outer loop
      vertex -5.50834745913744 86.88890747725964 0
      vertex -5.50834745913744 86.88890747725964 3
      vertex -5.3802429139614105 87.01413326710463 3
    endloop
  endfacet
  facet normal -0.8406241134830337 0.5416189618457461 0
    outer loop
      vertex -5.3802429139614105 87.01413326710463 0
      vertex -5.3802429139614105 87.01413326710463 3
      vertex -5.283215582370758 87.16472532600164 3
    endloop
  endfacet
  facet normal -0.9400694675029317 0.34098298530682475 0
    outer loop
      vertex -5.283215582370758 87.16472532600164 0
      vertex -5.283215582370758 87.16472532600164 3
      vertex -5.222130812704563 87.3331323415041 3
    endloop
  endfacet
  facet normal -0.9923758146501283 0.12324870180855552 0
    outer loop
      vertex -5.222130812704563 87.3331323415041 0
      vertex -5.222130812704563 87.3331323415041 3
      vertex -5.20005165040493 87.5109096840024 3
    endloop
  endfacet
  facet normal -0.999935440128552 0.011362903454621782 0
    outer loop
      vertex -5.20005165040493 87.5109096840024 0
      vertex -5.20005165040493 87.5109096840024 3
      vertex -5.1960756331682205 87.8607991784811 3
    endloop
  endfacet
  facet normal -0.379223428014565 0.9253051343448181 0
    outer loop
      vertex -5.1960756331682205 87.8607991784811 0
      vertex -5.1960756331682205 87.8607991784811 3
      vertex -5.076621271669865 87.90975588560104 3
    endloop
  endfacet
  facet normal -0.41296659638943617 0.9107461722491752 0
    outer loop
      vertex -5.076621271669865 87.90975588560104 0
      vertex -5.076621271669865 87.90975588560104 3
      vertex -5.023078456521034 87.93403421342373 3
    endloop
  endfacet
  facet normal -0.5435500249514359 0.8393767749796831 0
    outer loop
      vertex -5.023078456521034 87.93403421342373 0
      vertex -5.023078456521034 87.93403421342373 3
      vertex -4.872709847986698 88.03140748292208 3
    endloop
  endfacet
  facet normal -0.7167010048616952 0.6973805773250618 0
    outer loop
      vertex -4.872709847986698 88.03140748292208 0
      vertex -4.872709847986698 88.03140748292208 3
      vertex -4.747778885066509 88.15979956835508 3
    endloop
  endfacet
  facet normal -0.8539136036952604 0.5204147936254061 0
    outer loop
      vertex -4.747778885066509 88.15979956835508 0
      vertex -4.747778885066509 88.15979956835508 3
      vertex -4.654550135135651 88.31277234852314 3
    endloop
  endfacet
  facet normal -0.9483073835210841 0.3173532832024832 0
    outer loop
      vertex -4.654550135135651 88.31277234852314 0
      vertex -4.654550135135651 88.31277234852314 3
      vertex -4.597698464989662 88.48265513032675 3
    endloop
  endfacet
  facet normal -0.9951490867749064 0.09837832632785445 0
    outer loop
      vertex -4.597698464989662 88.48265513032675 0
      vertex -4.597698464989662 88.48265513032675 3
      vertex -4.580074660480022 88.66092928498983 3
    endloop
  endfacet
  facet normal -0.6973805773250618 -0.7167010048616952 0
    outer loop
      vertex -4.761407487094402 89.1572901532054 0
      vertex -4.761407487094402 89.1572901532054 3
      vertex -4.889799572527409 89.28222111612558 3
    endloop
  endfacet
  facet normal -0.9392830986324169 -0.34314320716500485 0
    outer loop
      vertex -4.602562457323074 88.83865539729595 0
      vertex -4.602562457323074 88.83865539729595 3
      vertex -4.664034217596054 89.00692154467106 3
    endloop
  endfacet
  facet normal -0.992089855265087 -0.12552975376419157 0
    outer loop
      vertex -4.580074660480022 88.66092928498983 0
      vertex -4.580074660480022 88.66092928498983 3
      vertex -4.602562457323074 88.83865539729595 3
    endloop
  endfacet
  facet normal -0.8393767749796831 -0.5435500249514359 0
    outer loop
      vertex -4.664034217596054 89.00692154467106 0
      vertex -4.664034217596054 89.00692154467106 3
      vertex -4.761407487094402 89.1572901532054 3
    endloop
  endfacet
  facet normal -0.6127505406096942 -0.7902763915128221 0
    outer loop
      vertex -4.889799572527409 89.28222111612558 0
      vertex -4.889799572527409 89.28222111612558 3
      vertex -5.146064221858978 89.48091907054186 3
    endloop
  endfacet
  facet normal -0.09169312197509202 0.9957873123224963 0
    outer loop
      vertex -5.146064221858978 89.48091907054186 0
      vertex -5.146064221858978 89.48091907054186 3
      vertex 0.05597900599241257 89.95992857217789 3
    endloop
  endfacet
  facet normal 0.0019430015322266867 0.9999981123707413 0
    outer loop
      vertex 0.05597900599241257 89.95992857217789 0
      vertex 0.05597900599241257 89.95992857217789 3
      vertex 15.401465103030205 89.93011221289635 3
    endloop
  endfacet
  facet normal 0 0 1
    outer loop
      vertex -47.169142462313175 69.4005999788642 3
      vertex -47.16000008583069 69.27963586896658 3
      vertex 8.1 20.3772297354205 3
    endloop
  endfacet
  facet normal 0 0 1
    outer loop
      vertex -47.169142462313175 69.4005999788642 3
      vertex 8.1 20.3772297354205 3
      vertex -48.71615082025528 79.54540477693081 3
    endloop
  endfacet
  facet normal 0 0 1
    outer loop
      vertex -48.71615082025528 79.54540477693081 3
      vertex 8.1 29.48406351370162 3
      vertex -48.547863975167274 82.20059724897146 3
    endloop
  endfacet
  facet normal 0 0 1
    outer loop
      vertex -48.547863975167274 82.20059724897146 3
      vertex 9.11864082560158 29.6 3
      vertex -47.90233024954796 84.2190266251564 3
    endloop
  endfacet
  facet normal 0 0 1
    outer loop
      vertex -47.90233024954796 84.2190266251564 3
      vertex 9.11864082560158 29.6 3
      vertex -46.82009310275316 85.83791029453278 3
    endloop
  endfacet
  facet normal 0 0 1
    outer loop
      vertex -46.82009310275316 85.83791029453278 3
      vertex 9.11864082560158 29.6 3
      vertex -45.19862166047096 87.17738670110703 3
    endloop
  endfacet
  facet normal 0 0 1
    outer loop
      vertex -45.19862166047096 87.17738670110703 3
      vertex 11.3980622709109 29.6 3
      vertex -41.246909968554974 88.31712387502193 3
    endloop
  endfacet
  facet normal 0 0 1
    outer loop
      vertex -41.246909968554974 88.31712387502193 3
      vertex 48.12366957962513 -7.761985667049885 3
      vertex -38.27063478529453 88.24153593927622 3
    endloop
  endfacet
  facet normal 0 0 1
    outer loop
      vertex -38.27063478529453 88.24153593927622 3
      vertex 48.12366957962513 -7.761985667049885 3
      vertex -27.810401558876038 86.64911223202944 3
    endloop
  endfacet
  facet normal 0 0 1
    outer loop
      vertex -27.810401558876038 86.64911223202944 3
      vertex 48.12366957962513 -7.761985667049885 3
      vertex -27.687049351632595 86.64000543951988 3
    endloop
  endfacet
  facet normal 0 0 1
    outer loop
      vertex -27.687049351632595 86.64000543951988 3
      vertex 48.12366957962513 -7.761985667049885 3
      vertex -5.997049354016781 86.72000544518232 3
    endloop
  endfacet
  facet normal 0 0 1
    outer loop
      vertex -5.20005165040493 87.5109096840024 3
      vertex -5.076621271669865 87.90975588560104 3
      vertex -5.1960756331682205 87.8607991784811 3
    endloop
  endfacet
  facet normal 0 0 1
    outer loop
      vertex -5.20005165040493 87.5109096840024 3
      vertex -5.023078456521034 87.93403421342373 3
      vertex -5.076621271669865 87.90975588560104 3
    endloop
  endfacet
  facet normal 0 0 1
    outer loop
      vertex -5.20005165040493 87.5109096840024 3
      vertex -4.872709847986698 88.03140748292208 3
      vertex -5.023078456521034 87.93403421342373 3
    endloop
  endfacet
  facet normal 0 0 1
    outer loop
      vertex -5.146064221858978 89.48091907054186 3
      vertex -4.889799572527409 89.28222111612558 3
      vertex 0.05597900599241257 89.95992857217789 3
    endloop
  endfacet
  facet normal 0 0 1
    outer loop
      vertex -4.761407487094402 89.1572901532054 3
      vertex 0.05597900599241257 89.95992857217789 3
      vertex -4.889799572527409 89.28222111612558 3
    endloop
  endfacet
  facet normal 0 0 1
    outer loop
      vertex -4.747778885066509 88.15979956835508 3
      vertex 0.05597900599241257 89.95992857217789 3
      vertex -4.654550135135651 88.31277234852314 3
    endloop
  endfacet
  facet normal 0 0 1
    outer loop
      vertex -4.654550135135651 88.31277234852314 3
      vertex 0.05597900599241257 89.95992857217789 3
      vertex -4.597698464989662 88.48265513032675 3
    endloop
  endfacet
  facet normal 0 0 1
    outer loop
      vertex -4.580074660480022 88.66092928498983 3
      vertex 0.05597900599241257 89.95992857217789 3
      vertex -4.602562457323074 88.83865539729595 3
    endloop
  endfacet
  facet normal 0 0 1
    outer loop
      vertex -4.597698464989662 88.48265513032675 3
      vertex 0.05597900599241257 89.95992857217789 3
      vertex -4.580074660480022 88.66092928498983 3
    endloop
  endfacet
  facet normal 0 0 1
    outer loop
      vertex -4.602562457323074 88.83865539729595 3
      vertex 0.05597900599241257 89.95992857217789 3
      vertex -4.664034217596054 89.00692154467106 3
    endloop
  endfacet
  facet normal 0 0 1
    outer loop
      vertex -4.761407487094402 89.1572901532054 3
      vertex -4.664034217596054 89.00692154467106 3
      vertex 0.05597900599241257 89.95992857217789 3
    endloop
  endfacet
  facet normal -0.09118524486561326 -0.9958339475629449 0
    outer loop
      vertex 8.3911267593503 -11.39000079035759 0
      vertex 8.53418043255806 -11.403099745512009 0
      vertex 8.3911267593503 -11.39000079035759 3
    endloop
  endfacet
  facet normal -0.18022554125255225 -0.9836253119355076 0
    outer loop
      vertex 8.53418043255806 -11.403099745512009 0
      vertex 16.28418043255806 -12.823099747300148 0
      vertex 8.53418043255806 -11.403099745512009 3
    endloop
  endfacet
  facet normal -0.2892234404661302 -0.9572616160094036 0
    outer loop
      vertex 16.28418043255806 -12.823099747300148 0
      vertex 16.455667309463024 -12.874912150204182 0
      vertex 16.28418043255806 -12.823099747300148 3
    endloop
  endfacet
  facet normal -0.4949827145389709 -0.8689028209803624 0
    outer loop
      vertex 16.455667309463024 -12.874912150204182 0
      vertex 16.611325301229954 -12.963584914803505 0
      vertex 16.455667309463024 -12.874912150204182 3
    endloop
  endfacet
  facet normal 0 0 -1
    outer loop
      vertex 17.268871180713177 -15.245167694985867 0
      vertex 16.764298774302006 -14.59566492587328 0
      vertex 16.92546357959509 -13.761812292039394 0
    endloop
  endfacet
  facet normal 0 0 -1
    outer loop
      vertex 17.268871180713177 -15.245167694985867 0
      vertex 16.92546357959509 -13.761812292039394 0
      vertex 30.668139934539795 -16.478288806974888 0
    endloop
  endfacet
  facet normal 0 0 -1
    outer loop
      vertex 16.92546357959509 -13.761812292039394 0
      vertex 16.926900252699852 -13.754180431365967 0
      vertex 30.668139934539795 -16.478288806974888 0
    endloop
  endfacet
  facet normal 0 0 -1
    outer loop
      vertex 16.926900252699852 -13.754180431365967 0
      vertex 16.9392541795969 -13.575463749468327 0
      vertex 30.668139934539795 -16.478288806974888 0
    endloop
  endfacet
  facet normal 0 0 -1
    outer loop
      vertex 16.911530174314976 -13.398478858172894 0
      vertex 30.668139934539795 -16.478288806974888 0
      vertex 16.9392541795969 -13.575463749468327 0
    endloop
  endfacet
  facet normal 0 0 -1
    outer loop
      vertex 16.911530174314976 -13.398478858172894 0
      vertex 16.845118418335915 -13.232100524008274 0
      vertex 30.668139934539795 -16.478288806974888 0
    endloop
  endfacet
  facet normal 0 0 -1
    outer loop
      vertex 16.845118418335915 -13.232100524008274 0
      vertex 16.743349082767963 -13.084671638906002 0
      vertex 30.668139934539795 -16.478288806974888 0
    endloop
  endfacet
  facet normal 0 0 -1
    outer loop
      vertex 16.743349082767963 -13.084671638906002 0
      vertex 16.611325301229954 -12.963584914803505 0
      vertex 40.611017271876335 -9.91864661872387 0
    endloop
  endfacet
  facet normal 0 0 -1
    outer loop
      vertex 16.455667309463024 -12.874912150204182 0
      vertex 41.414314575493336 -9.10431458055973 0
      vertex 16.611325301229954 -12.963584914803505 0
    endloop
  endfacet
  facet normal -0.7897035093736919 -0.6134886855377819 0
    outer loop
      vertex 17.268871180713177 -15.245167694985867 0
      vertex 16.764298774302006 -14.59566492587328 3
      vertex 16.764298774302006 -14.59566492587328 0
    endloop
  endfacet
  facet normal -0.9818294677313589 0.1897653716945131 0
    outer loop
      vertex 16.764298774302006 -14.59566492587328 0
      vertex 16.92546357959509 -13.761812292039394 3
      vertex 16.92546357959509 -13.761812292039394 0
    endloop
  endfacet
  facet normal -0.987952261641251 -0.15475893744122535 0
    outer loop
      vertex 16.911530174314976 -13.398478858172894 0
      vertex 16.9392541795969 -13.575463749468327 0
      vertex 16.911530174314976 -13.398478858172894 3
    endloop
  endfacet
  facet normal -0.9287451170673923 -0.3707189063474856 0
    outer loop
      vertex 16.911530174314976 -13.398478858172894 0
      vertex 16.845118418335915 -13.232100524008274 3
      vertex 16.845118418335915 -13.232100524008274 0
    endloop
  endfacet
  facet normal -0.8229668405665589 -0.5680894113851236 0
    outer loop
      vertex 16.845118418335915 -13.232100524008274 0
      vertex 16.743349082767963 -13.084671638906002 3
      vertex 16.743349082767963 -13.084671638906002 0
    endloop
  endfacet
  facet normal -0.9976193428416702 0.06896119769953461 0
    outer loop
      vertex 16.926900252699852 -13.754180431365967 0
      vertex 16.9392541795969 -13.575463749468327 3
      vertex 16.9392541795969 -13.575463749468327 0
    endloop
  endfacet
  facet normal -0.9827390024142878 0.18499744088438197 0
    outer loop
      vertex 16.92546357959509 -13.761812292039394 0
      vertex 16.926900252699852 -13.754180431365967 3
      vertex 16.926900252699852 -13.754180431365967 0
    endloop
  endfacet
  facet normal -0.6759215399202247 -0.7369735896705336 0
    outer loop
      vertex 16.743349082767963 -13.084671638906002 0
      vertex 16.611325301229954 -12.963584914803505 3
      vertex 16.611325301229954 -12.963584914803505 0
    endloop
  endfacet
  facet normal -0.09164173165019825 -0.995792043059269 0
    outer loop
      vertex 17.268871180713177 -15.245167694985867 0
      vertex 30.668139934539795 -16.478288806974888 0
      vertex 17.268871180713177 -15.245167694985867 3
    endloop
  endfacet
  facet normal -0.09118524486561326 -0.9958339475629449 0
    outer loop
      vertex 8.53418043255806 -11.403099745512009 0
      vertex 8.53418043255806 -11.403099745512009 3
      vertex 8.3911267593503 -11.39000079035759 3
    endloop
  endfacet
  facet normal -0.18022554125255225 -0.9836253119355076 0
    outer loop
      vertex 16.28418043255806 -12.823099747300148 0
      vertex 16.28418043255806 -12.823099747300148 3
      vertex 8.53418043255806 -11.403099745512009 3
    endloop
  endfacet
  facet normal -0.2892234404661302 -0.9572616160094036 0
    outer loop
      vertex 16.455667309463024 -12.874912150204182 0
      vertex 16.455667309463024 -12.874912150204182 3
      vertex 16.28418043255806 -12.823099747300148 3
    endloop
  endfacet
  facet normal -0.4949827145389709 -0.8689028209803624 0
    outer loop
      vertex 16.611325301229954 -12.963584914803505 0
      vertex 16.611325301229954 -12.963584914803505 3
      vertex 16.455667309463024 -12.874912150204182 3
    endloop
  endfacet
  facet normal -0.7897035093736919 -0.6134886855377819 0
    outer loop
      vertex 17.268871180713177 -15.245167694985867 0
      vertex 17.268871180713177 -15.245167694985867 3
      vertex 16.764298774302006 -14.59566492587328 3
    endloop
  endfacet
  facet normal -0.9818294677313589 0.1897653716945131 0
    outer loop
      vertex 16.764298774302006 -14.59566492587328 0
      vertex 16.764298774302006 -14.59566492587328 3
      vertex 16.92546357959509 -13.761812292039394 3
    endloop
  endfacet
  facet normal -0.9827390024142878 0.18499744088438197 0
    outer loop
      vertex 16.92546357959509 -13.761812292039394 0
      vertex 16.92546357959509 -13.761812292039394 3
      vertex 16.926900252699852 -13.754180431365967 3
    endloop
  endfacet
  facet normal -0.9287451170673923 -0.3707189063474856 0
    outer loop
      vertex 16.911530174314976 -13.398478858172894 0
      vertex 16.911530174314976 -13.398478858172894 3
      vertex 16.845118418335915 -13.232100524008274 3
    endloop
  endfacet
  facet normal -0.8229668405665589 -0.5680894113851236 0
    outer loop
      vertex 16.845118418335915 -13.232100524008274 0
      vertex 16.845118418335915 -13.232100524008274 3
      vertex 16.743349082767963 -13.084671638906002 3
    endloop
  endfacet
  facet normal -0.9976193428416702 0.06896119769953461 0
    outer loop
      vertex 16.926900252699852 -13.754180431365967 0
      vertex 16.926900252699852 -13.754180431365967 3
      vertex 16.9392541795969 -13.575463749468327 3
    endloop
  endfacet
  facet normal -0.987952261641251 -0.15475893744122535 0
    outer loop
      vertex 16.9392541795969 -13.575463749468327 0
      vertex 16.9392541795969 -13.575463749468327 3
      vertex 16.911530174314976 -13.398478858172894 3
    endloop
  endfacet
  facet normal -0.6759215399202247 -0.7369735896705336 0
    outer loop
      vertex 16.743349082767963 -13.084671638906002 0
      vertex 16.743349082767963 -13.084671638906002 3
      vertex 16.611325301229954 -12.963584914803505 3
    endloop
  endfacet
  facet normal -0.09164173165019825 -0.995792043059269 0
    outer loop
      vertex 30.668139934539795 -16.478288806974888 0
      vertex 30.668139934539795 -16.478288806974888 3
      vertex 17.268871180713177 -15.245167694985867 3
    endloop
  endfacet
  facet normal 0 0 -1
    outer loop
      vertex 8.53418043255806 -11.403099745512009 0
      vertex 8.1 -5.6 0
      vertex 11.9 -5.6 0
    endloop
  endfacet
  facet normal 0 0 -1
    outer loop
      vertex 8.53418043255806 -11.403099745512009 0
      vertex 11.9 -5.6 0
      vertex 16.28418043255806 -12.823099747300148 0
    endloop
  endfacet
  facet normal 0 0 -1
    outer loop
      vertex 16.28418043255806 -12.823099747300148 0
      vertex 11.9 -5.6 0
      vertex 16.455667309463024 -12.874912150204182 0
    endloop
  endfacet
  facet normal 0 0 -1
    outer loop
      vertex 16.455667309463024 -12.874912150204182 0
      vertex 11.9 -5.6 0
      vertex 41.414314575493336 -9.10431458055973 0
    endloop
  endfacet
  facet normal 0 0 -1
    outer loop
      vertex 11.9 -5.6 0
      vertex 11.9 5.6 0
      vertex 41.414314575493336 -9.10431458055973 0
    endloop
  endfacet
  facet normal 0 0 -1
    outer loop
      vertex 11.9 5.6 0
      vertex 11.9 18.4 0
      vertex 41.414314575493336 -9.10431458055973 0
    endloop
  endfacet
  facet normal 0 0 -1
    outer loop
      vertex 16.743349082767963 -13.084671638906002 0
      vertex 40.465445049107075 -10.243559807538986 0
      vertex 30.668139934539795 -16.478288806974888 0
    endloop
  endfacet
  facet normal 0 0 -1
    outer loop
      vertex 30.668139934539795 -16.478288806974888 0
      vertex 40.45030426234007 -10.422061987221241 0
      vertex 35.476138547062874 -16.254434622824192 0
    endloop
  endfacet
  facet normal 0.046508322924879546 -0.9989179024818381 0
    outer loop
      vertex 30.668139934539795 -16.478288806974888 0
      vertex 35.476138547062874 -16.254434622824192 0
      vertex 30.668139934539795 -16.478288806974888 3
    endloop
  endfacet
  facet normal 0 0 -1
    outer loop
      vertex 35.476138547062874 -16.254434622824192 0
      vertex 40.47526355832815 -10.599457889795303 0
      vertex 40.78262769430876 -14.968301706016064 0
    endloop
  endfacet
  facet normal 0 0 -1
    outer loop
      vertex 30.668139934539795 -16.478288806974888 0
      vertex 40.465445049107075 -10.243559807538986 0
      vertex 40.45030426234007 -10.422061987221241 0
    endloop
  endfacet
  facet normal 0 0 -1
    outer loop
      vertex 35.476138547062874 -16.254434622824192 0
      vertex 40.45030426234007 -10.422061987221241 0
      vertex 40.47526355832815 -10.599457889795303 0
    endloop
  endfacet
  facet normal 0 0 -1
    outer loop
      vertex 40.78262769430876 -14.968301706016064 0
      vertex 41.37606189399958 -14.098348267376423 0
      vertex 41.270690597593784 -14.544921830296516 0
    endloop
  endfacet
  facet normal 0 0 -1
    outer loop
      vertex 40.78262769430876 -14.968301706016064 0
      vertex 40.47526355832815 -10.599457889795303 0
      vertex 41.37606189399958 -14.098348267376423 0
    endloop
  endfacet
  facet normal 0.23555008689978263 -0.9718622106870421 0
    outer loop
      vertex 35.476138547062874 -16.254434622824192 0
      vertex 40.78262769430876 -14.968301706016064 0
      vertex 35.476138547062874 -16.254434622824192 3
    endloop
  endfacet
  facet normal 0.6552769638655345 -0.7553887083000161 0
    outer loop
      vertex 40.78262769430876 -14.968301706016064 0
      vertex 41.270690597593784 -14.544921830296516 0
      vertex 40.78262769430876 -14.968301706016064 3
    endloop
  endfacet
  facet normal 0.9732735559745352 -0.22964883026195304 0
    outer loop
      vertex 41.270690597593784 -14.544921830296516 0
      vertex 41.37606189399958 -14.098348267376423 0
      vertex 41.270690597593784 -14.544921830296516 3
    endloop
  endfacet
  facet normal 0.9684205486631555 0.24932236347137562 0
    outer loop
      vertex 41.37606189399958 -14.098348267376423 0
      vertex 40.47526355832815 -10.599457889795303 0
      vertex 41.37606189399958 -14.098348267376423 3
    endloop
  endfacet
  facet normal 0.046508322924879546 -0.9989179024818381 0
    outer loop
      vertex 35.476138547062874 -16.254434622824192 0
      vertex 35.476138547062874 -16.254434622824192 3
      vertex 30.668139934539795 -16.478288806974888 3
    endloop
  endfacet
  facet normal 0.23555008689978263 -0.9718622106870421 0
    outer loop
      vertex 40.78262769430876 -14.968301706016064 0
      vertex 40.78262769430876 -14.968301706016064 3
      vertex 35.476138547062874 -16.254434622824192 3
    endloop
  endfacet
  facet normal 0.6552769638655345 -0.7553887083000161 0
    outer loop
      vertex 41.270690597593784 -14.544921830296516 0
      vertex 41.270690597593784 -14.544921830296516 3
      vertex 40.78262769430876 -14.968301706016064 3
    endloop
  endfacet
  facet normal 0.9732735559745352 -0.22964883026195304 0
    outer loop
      vertex 41.37606189399958 -14.098348267376423 0
      vertex 41.37606189399958 -14.098348267376423 3
      vertex 41.270690597593784 -14.544921830296516 3
    endloop
  endfacet
  facet normal 0.9684205486631555 0.24932236347137562 0
    outer loop
      vertex 40.47526355832815 -10.599457889795303 0
      vertex 40.47526355832815 -10.599457889795303 3
      vertex 41.37606189399958 -14.098348267376423 3
    endloop
  endfacet
  facet normal 0 0 -1
    outer loop
      vertex 16.743349082767963 -13.084671638906002 0
      vertex 40.51992669701576 -10.07290218770504 0
      vertex 40.465445049107075 -10.243559807538986 0
    endloop
  endfacet
  facet normal 0 0 -1
    outer loop
      vertex 16.743349082767963 -13.084671638906002 0
      vertex 40.611017271876335 -9.91864661872387 0
      vertex 40.51992669701576 -10.07290218770504 0
    endloop
  endfacet
  facet normal 0 0 -1
    outer loop
      vertex 16.611325301229954 -12.963584914803505 0
      vertex 40.68431457877159 -9.834314577281475 0
      vertex 40.611017271876335 -9.91864661872387 0
    endloop
  endfacet
  facet normal 0 0 -1
    outer loop
      vertex 16.611325301229954 -12.963584914803505 0
      vertex 41.414314575493336 -9.10431458055973 0
      vertex 40.68431457877159 -9.834314577281475 0
    endloop
  endfacet
  facet normal 0 0 -1
    outer loop
      vertex 41.414314575493336 -9.10431458055973 0
      vertex 11.9 18.4 0
      vertex 41.55437433719635 -8.992620639503002 0
    endloop
  endfacet
  facet normal 0 0 -1
    outer loop
      vertex 41.55437433719635 -8.992620639503002 0
      vertex 11.9 18.4 0
      vertex 41.71577674895525 -8.914893336594105 0
    endloop
  endfacet
  facet normal 0 0 -1
    outer loop
      vertex 41.71577674895525 -8.914893336594105 0
      vertex 11.9 18.4 0
      vertex 41.742623180150986 -8.906028635799885 0
    endloop
  endfacet
  facet normal 0 0 -1
    outer loop
      vertex 41.742623180150986 -8.906028635799885 0
      vertex 11.9 18.4 0
      vertex 44.542623184621334 -8.036028631031513 0
    endloop
  endfacet
  facet normal 0 0 -1
    outer loop
      vertex 44.542623184621334 -8.036028631031513 0
      vertex 11.9 18.4 0
      vertex 44.718574337661266 -8.002361677587032 0
    endloop
  endfacet
  facet normal 0 0 -1
    outer loop
      vertex 44.718574337661266 -8.002361677587032 0
      vertex 11.9 18.4 0
      vertex 44.723669581115246 -8.001985661685467 0
    endloop
  endfacet
  facet normal 0 0 -1
    outer loop
      vertex 44.723669581115246 -8.001985661685467 0
      vertex 11.9 18.4 0
      vertex 48.12366957962513 -7.761985667049885 0
    endloop
  endfacet
  facet normal 0.9902465715104074 0.13932597608444613 0
    outer loop
      vertex 40.47526355832815 -10.599457889795303 0
      vertex 40.45030426234007 -10.422061987221241 0
      vertex 40.47526355832815 -10.599457889795303 3
    endloop
  endfacet
  facet normal 0.9964219690955924 -0.08451780583795479 0
    outer loop
      vertex 40.45030426234007 -10.422061987221241 0
      vertex 40.465445049107075 -10.243559807538986 0
      vertex 40.45030426234007 -10.422061987221241 3
    endloop
  endfacet
  facet normal 0.9526326103340039 -0.30412351064694354 0
    outer loop
      vertex 40.465445049107075 -10.243559807538986 0
      vertex 40.51992669701576 -10.07290218770504 0
      vertex 40.465445049107075 -10.243559807538986 3
    endloop
  endfacet
  facet normal 0.8610742665194793 -0.5084792105267835 0
    outer loop
      vertex 40.51992669701576 -10.07290218770504 0
      vertex 40.611017271876335 -9.91864661872387 0
      vertex 40.51992669701576 -10.07290218770504 3
    endloop
  endfacet
  facet normal 0.7547601768378202 -0.6560008197096574 0
    outer loop
      vertex 40.611017271876335 -9.91864661872387 0
      vertex 40.68431457877159 -9.834314577281475 0
      vertex 40.611017271876335 -9.91864661872387 3
    endloop
  endfacet
  facet normal 0.7071067811865476 -0.7071067811865476 0
    outer loop
      vertex 40.68431457877159 -9.834314577281475 0
      vertex 41.414314575493336 -9.10431458055973 0
      vertex 40.68431457877159 -9.834314577281475 3
    endloop
  endfacet
  facet normal 0.6234898299930178 -0.781831460031686 0
    outer loop
      vertex 41.414314575493336 -9.10431458055973 0
      vertex 41.55437433719635 -8.992620639503002 0
      vertex 41.414314575493336 -9.10431458055973 3
    endloop
  endfacet
  facet normal 0.4338837300164674 -0.9009688722852733 0
    outer loop
      vertex 41.55437433719635 -8.992620639503002 0
      vertex 41.71577674895525 -8.914893336594105 0
      vertex 41.55437433719635 -8.992620639503002 3
    endloop
  endfacet
  facet normal 0.31354900674731173 -0.9495720195792282 0
    outer loop
      vertex 41.71577674895525 -8.914893336594105 0
      vertex 41.742623180150986 -8.906028635799885 0
      vertex 41.71577674895525 -8.914893336594105 3
    endloop
  endfacet
  facet normal 0.296721022329641 -0.9549642060871458 0
    outer loop
      vertex 41.742623180150986 -8.906028635799885 0
      vertex 44.542623184621334 -8.036028631031513 0
      vertex 41.742623180150986 -8.906028635799885 3
    endloop
  endfacet
  facet normal 0.18793323351524033 -0.9821818058488491 0
    outer loop
      vertex 44.542623184621334 -8.036028631031513 0
      vertex 44.718574337661266 -8.002361677587032 0
      vertex 44.542623184621334 -8.036028631031513 3
    endloop
  endfacet
  facet normal 0.07359730018263692 -0.9972880413430348 0
    outer loop
      vertex 44.718574337661266 -8.002361677587032 0
      vertex 44.723669581115246 -8.001985661685467 0
      vertex 44.718574337661266 -8.002361677587032 3
    endloop
  endfacet
  facet normal 0.07041302827136936 -0.9975179223701474 0
    outer loop
      vertex 44.723669581115246 -8.001985661685467 0
      vertex 48.12366957962513 -7.761985667049885 0
      vertex 44.723669581115246 -8.001985661685467 3
    endloop
  endfacet
  facet normal 0.9902465715104074 0.13932597608444613 0
    outer loop
      vertex 40.45030426234007 -10.422061987221241 0
      vertex 40.45030426234007 -10.422061987221241 3
      vertex 40.47526355832815 -10.599457889795303 3
    endloop
  endfacet
  facet normal 0.9964219690955924 -0.08451780583795479 0
    outer loop
      vertex 40.465445049107075 -10.243559807538986 0
      vertex 40.465445049107075 -10.243559807538986 3
      vertex 40.45030426234007 -10.422061987221241 3
    endloop
  endfacet
  facet normal 0.9526326103340039 -0.30412351064694354 0
    outer loop
      vertex 40.51992669701576 -10.07290218770504 0
      vertex 40.51992669701576 -10.07290218770504 3
      vertex 40.465445049107075 -10.243559807538986 3
    endloop
  endfacet
  facet normal 0.8610742665194793 -0.5084792105267835 0
    outer loop
      vertex 40.611017271876335 -9.91864661872387 0
      vertex 40.611017271876335 -9.91864661872387 3
      vertex 40.51992669701576 -10.07290218770504 3
    endloop
  endfacet
  facet normal 0.7547601768378202 -0.6560008197096574 0
    outer loop
      vertex 40.68431457877159 -9.834314577281475 0
      vertex 40.68431457877159 -9.834314577281475 3
      vertex 40.611017271876335 -9.91864661872387 3
    endloop
  endfacet
  facet normal 0.7071067811865476 -0.7071067811865476 0
    outer loop
      vertex 41.414314575493336 -9.10431458055973 0
      vertex 41.414314575493336 -9.10431458055973 3
      vertex 40.68431457877159 -9.834314577281475 3
    endloop
  endfacet
  facet normal 0.6234898299930178 -0.781831460031686 0
    outer loop
      vertex 41.55437433719635 -8.992620639503002 0
      vertex 41.55437433719635 -8.992620639503002 3
      vertex 41.414314575493336 -9.10431458055973 3
    endloop
  endfacet
  facet normal 0.4338837300164674 -0.9009688722852733 0
    outer loop
      vertex 41.71577674895525 -8.914893336594105 0
      vertex 41.71577674895525 -8.914893336594105 3
      vertex 41.55437433719635 -8.992620639503002 3
    endloop
  endfacet
  facet normal 0.31354900674731173 -0.9495720195792282 0
    outer loop
      vertex 41.742623180150986 -8.906028635799885 0
      vertex 41.742623180150986 -8.906028635799885 3
      vertex 41.71577674895525 -8.914893336594105 3
    endloop
  endfacet
  facet normal 0.296721022329641 -0.9549642060871458 0
    outer loop
      vertex 44.542623184621334 -8.036028631031513 0
      vertex 44.542623184621334 -8.036028631031513 3
      vertex 41.742623180150986 -8.906028635799885 3
    endloop
  endfacet
  facet normal 0.18793323351524033 -0.9821818058488491 0
    outer loop
      vertex 44.718574337661266 -8.002361677587032 0
      vertex 44.718574337661266 -8.002361677587032 3
      vertex 44.542623184621334 -8.036028631031513 3
    endloop
  endfacet
  facet normal 0.07359730018263692 -0.9972880413430348 0
    outer loop
      vertex 44.723669581115246 -8.001985661685467 0
      vertex 44.723669581115246 -8.001985661685467 3
      vertex 44.718574337661266 -8.002361677587032 3
    endloop
  endfacet
  facet normal 0.07041302827136936 -0.9975179223701474 0
    outer loop
      vertex 44.723669581115246 -8.001985661685467 3
      vertex 48.12366957962513 -7.761985667049885 0
      vertex 48.12366957962513 -7.761985667049885 3
    endloop
  endfacet
  facet normal 0 0 1
    outer loop
      vertex 17.268871180713177 -15.245167694985867 3
      vertex 16.92546357959509 -13.761812292039394 3
      vertex 16.764298774302006 -14.59566492587328 3
    endloop
  endfacet
  facet normal 0 0 1
    outer loop
      vertex 17.268871180713177 -15.245167694985867 3
      vertex 30.668139934539795 -16.478288806974888 3
      vertex 16.92546357959509 -13.761812292039394 3
    endloop
  endfacet
  facet normal 0 0 1
    outer loop
      vertex 16.92546357959509 -13.761812292039394 3
      vertex 30.668139934539795 -16.478288806974888 3
      vertex 16.926900252699852 -13.754180431365967 3
    endloop
  endfacet
  facet normal 0 0 1
    outer loop
      vertex 16.926900252699852 -13.754180431365967 3
      vertex 30.668139934539795 -16.478288806974888 3
      vertex 16.9392541795969 -13.575463749468327 3
    endloop
  endfacet
  facet normal 0 0 1
    outer loop
      vertex 16.911530174314976 -13.398478858172894 3
      vertex 16.9392541795969 -13.575463749468327 3
      vertex 30.668139934539795 -16.478288806974888 3
    endloop
  endfacet
  facet normal 0 0 1
    outer loop
      vertex 16.911530174314976 -13.398478858172894 3
      vertex 30.668139934539795 -16.478288806974888 3
      vertex 16.845118418335915 -13.232100524008274 3
    endloop
  endfacet
  facet normal 0 0 1
    outer loop
      vertex 16.845118418335915 -13.232100524008274 3
      vertex 30.668139934539795 -16.478288806974888 3
      vertex 16.743349082767963 -13.084671638906002 3
    endloop
  endfacet
  facet normal 0 0 1
    outer loop
      vertex 16.743349082767963 -13.084671638906002 3
      vertex 40.611017271876335 -9.91864661872387 3
      vertex 16.611325301229954 -12.963584914803505 3
    endloop
  endfacet
  facet normal 0 0 1
    outer loop
      vertex 16.455667309463024 -12.874912150204182 3
      vertex 16.611325301229954 -12.963584914803505 3
      vertex 41.414314575493336 -9.10431458055973 3
    endloop
  endfacet
  facet normal 0 0 1
    outer loop
      vertex 16.455667309463024 -12.874912150204182 3
      vertex 41.414314575493336 -9.10431458055973 3
      vertex 8.61593549215584 19.92065197688037 3
    endloop
  endfacet
  facet normal 0 0 1
    outer loop
      vertex 16.743349082767963 -13.084671638906002 3
      vertex 30.668139934539795 -16.478288806974888 3
      vertex 40.465445049107075 -10.243559807538986 3
    endloop
  endfacet
  facet normal 0 0 1
    outer loop
      vertex 30.668139934539795 -16.478288806974888 3
      vertex 35.476138547062874 -16.254434622824192 3
      vertex 40.45030426234007 -10.422061987221241 3
    endloop
  endfacet
  facet normal 0 0 1
    outer loop
      vertex 35.476138547062874 -16.254434622824192 3
      vertex 40.78262769430876 -14.968301706016064 3
      vertex 40.47526355832815 -10.599457889795303 3
    endloop
  endfacet
  facet normal 0 0 1
    outer loop
      vertex 30.668139934539795 -16.478288806974888 3
      vertex 40.45030426234007 -10.422061987221241 3
      vertex 40.465445049107075 -10.243559807538986 3
    endloop
  endfacet
  facet normal 0 0 1
    outer loop
      vertex 35.476138547062874 -16.254434622824192 3
      vertex 40.47526355832815 -10.599457889795303 3
      vertex 40.45030426234007 -10.422061987221241 3
    endloop
  endfacet
  facet normal 0 0 1
    outer loop
      vertex 40.78262769430876 -14.968301706016064 3
      vertex 41.270690597593784 -14.544921830296516 3
      vertex 41.37606189399958 -14.098348267376423 3
    endloop
  endfacet
  facet normal 0 0 1
    outer loop
      vertex 40.78262769430876 -14.968301706016064 3
      vertex 41.37606189399958 -14.098348267376423 3
      vertex 40.47526355832815 -10.599457889795303 3
    endloop
  endfacet
  facet normal 0 0 1
    outer loop
      vertex 16.743349082767963 -13.084671638906002 3
      vertex 40.465445049107075 -10.243559807538986 3
      vertex 40.51992669701576 -10.07290218770504 3
    endloop
  endfacet
  facet normal 0 0 1
    outer loop
      vertex 16.743349082767963 -13.084671638906002 3
      vertex 40.51992669701576 -10.07290218770504 3
      vertex 40.611017271876335 -9.91864661872387 3
    endloop
  endfacet
  facet normal 0 0 1
    outer loop
      vertex 16.611325301229954 -12.963584914803505 3
      vertex 40.611017271876335 -9.91864661872387 3
      vertex 40.68431457877159 -9.834314577281475 3
    endloop
  endfacet
  facet normal 0 0 1
    outer loop
      vertex 16.611325301229954 -12.963584914803505 3
      vertex 40.68431457877159 -9.834314577281475 3
      vertex 41.414314575493336 -9.10431458055973 3
    endloop
  endfacet
  facet normal 0 0 1
    outer loop
      vertex 41.414314575493336 -9.10431458055973 3
      vertex 41.55437433719635 -8.992620639503002 3
      vertex 8.61593549215584 19.92065197688037 3
    endloop
  endfacet
  facet normal 0 0 1
    outer loop
      vertex 41.55437433719635 -8.992620639503002 3
      vertex 41.71577674895525 -8.914893336594105 3
      vertex 8.61593549215584 19.92065197688037 3
    endloop
  endfacet
  facet normal 0 0 1
    outer loop
      vertex 41.71577674895525 -8.914893336594105 3
      vertex 41.742623180150986 -8.906028635799885 3
      vertex 8.61593549215584 19.92065197688037 3
    endloop
  endfacet
  facet normal 0 0 1
    outer loop
      vertex 41.742623180150986 -8.906028635799885 3
      vertex 44.542623184621334 -8.036028631031513 3
      vertex 8.61593549215584 19.92065197688037 3
    endloop
  endfacet
  facet normal 0 0 1
    outer loop
      vertex 44.542623184621334 -8.036028631031513 3
      vertex 44.718574337661266 -8.002361677587032 3
      vertex 8.61593549215584 19.92065197688037 3
    endloop
  endfacet
  facet normal 0 0 1
    outer loop
      vertex 44.718574337661266 -8.002361677587032 3
      vertex 44.723669581115246 -8.001985661685467 3
      vertex 8.61593549215584 19.92065197688037 3
    endloop
  endfacet
  facet normal 0 0 1
    outer loop
      vertex 44.723669581115246 -8.001985661685467 3
      vertex 48.12366957962513 -7.761985667049885 3
      vertex 8.61593549215584 19.92065197688037 3
    endloop
  endfacet
  facet normal 0.0077696991517312835 -0.9999698154319918 0
    outer loop
      vertex 48.12366957962513 -7.761985667049885 0
      vertex 48.2239234149456 -7.761206701397896 0
      vertex 48.12366957962513 -7.761985667049885 3
    endloop
  endfacet
  facet normal -0.054904270785601623 -0.9984916229240491 0
    outer loop
      vertex 48.2239234149456 -7.761206701397896 0
      vertex 63.86392341554165 -8.62120670080185 0
      vertex 48.2239234149456 -7.761206701397896 3
    endloop
  endfacet
  facet normal -0.10889168078496379 -0.994053621217601 0
    outer loop
      vertex 63.86392341554165 -8.62120670080185 0
      vertex 63.95004764944315 -8.630641013383865 0
      vertex 63.86392341554165 -8.62120670080185 3
    endloop
  endfacet
  facet normal -0.1625595608328191 -0.9866987327354997 0
    outer loop
      vertex 63.95004764944315 -8.630641013383865 0
      vertex 74.33439277112484 -10.341471813619137 0
      vertex 63.95004764944315 -8.630641013383865 3
    endloop
  endfacet
  facet normal 0.0077696991517312835 -0.9999698154319918 0
    outer loop
      vertex 48.2239234149456 -7.761206701397896 0
      vertex 48.2239234149456 -7.761206701397896 3
      vertex 48.12366957962513 -7.761985667049885 3
    endloop
  endfacet
  facet normal -0.054904270785601623 -0.9984916229240491 0
    outer loop
      vertex 63.86392341554165 -8.62120670080185 0
      vertex 63.86392341554165 -8.62120670080185 3
      vertex 48.2239234149456 -7.761206701397896 3
    endloop
  endfacet
  facet normal -0.10889168078496379 -0.994053621217601 0
    outer loop
      vertex 63.95004764944315 -8.630641013383865 0
      vertex 63.95004764944315 -8.630641013383865 3
      vertex 63.86392341554165 -8.62120670080185 3
    endloop
  endfacet
  facet normal -0.02250234033828511 -0.9997467902820694 0
    outer loop
      vertex 74.33439277112484 -10.341471813619137 0
      vertex 77.25934561342001 -10.407306768000126 0
      vertex 74.33439277112484 -10.341471813619137 3
    endloop
  endfacet
  facet normal 0 0 -1
    outer loop
      vertex 77.25934561342001 -10.407306768000126 0
      vertex 77.3 -8.3 0
      vertex 81.9 -8.3 0
    endloop
  endfacet
  facet normal 0 0 -1
    outer loop
      vertex 77.25934561342001 -10.407306768000126 0
      vertex 81.9 -8.3 0
      vertex 81.16652665287256 -9.21370492130518 0
    endloop
  endfacet
  facet normal 0 0 -1
    outer loop
      vertex 81.16652665287256 -9.21370492130518 0
      vertex 81.9 -8.3 0
      vertex 81.9 -8.585615672457822 0
    endloop
  endfacet
  facet normal 0.6504318060319565 -0.7595646553796506 1.2837212825883503e-15
    outer loop
      vertex 81.16652665287256 -9.21370492130518 0
      vertex 81.9 -8.585615672457822 0
      vertex 81.92757929659999 -8.561998918347994 0.24477302735194595
    endloop
  endfacet
  facet normal 0.2921605466270405 -0.9563692879816817 0
    outer loop
      vertex 77.25934561342001 -10.407306768000126 0
      vertex 81.16652665287256 -9.21370492130518 0
      vertex 77.25934561342001 -10.407306768000126 3
    endloop
  endfacet
  facet normal 0.6504318060319567 -0.7595646553796505 0
    outer loop
      vertex 81.16652665287256 -9.21370492130518 0
      vertex 81.92757929659999 -8.561998918347994 0.24477302735194595
      vertex 81.16652665287256 -9.21370492130518 3
    endloop
  endfacet
  facet normal 0.6504318060319588 -0.7595646553796486 1.0431696706621018e-15
    outer loop
      vertex 81.16652665287256 -9.21370492130518 3
      vertex 81.92757929659999 -8.561998918347994 0.24477302735194595
      vertex 82.00893424530734 -8.492332898684513 0.4772721130293141
    endloop
  endfacet
  facet normal -0.1625595608328191 -0.9866987327354997 0
    outer loop
      vertex 74.33439277112484 -10.341471813619137 0
      vertex 74.33439277112484 -10.341471813619137 3
      vertex 63.95004764944315 -8.630641013383865 3
    endloop
  endfacet
  facet normal -0.02250234033828511 -0.9997467902820694 0
    outer loop
      vertex 77.25934561342001 -10.407306768000126 0
      vertex 77.25934561342001 -10.407306768000126 3
      vertex 74.33439277112484 -10.341471813619137 3
    endloop
  endfacet
  facet normal 0.6504318060319577 -0.7595646553796495 2.808750964902489e-16
    outer loop
      vertex 81.16652665287256 -9.21370492130518 3
      vertex 82.00893424530734 -8.492332898684513 0.4772721130293141
      vertex 82.13998536928517 -8.380110958593303 0.6858387820446071
    endloop
  endfacet
  facet normal 0.6504318060319626 -0.7595646553796453 3.80380533596878e-15
    outer loop
      vertex 81.16652665287256 -9.21370492130518 3
      vertex 82.13998536928517 -8.380110958593303 0.6858387820446071
      vertex 82.23353776338975 -8.3 0.7793911761491916
    endloop
  endfacet
  facet normal 0.2921605466270405 -0.9563692879816817 0
    outer loop
      vertex 81.16652665287256 -9.21370492130518 0
      vertex 81.16652665287256 -9.21370492130518 3
      vertex 77.25934561342001 -10.407306768000126 3
    endloop
  endfacet
  facet normal 0.6504318060319578 -0.7595646553796495 1.1401472320465694e-17
    outer loop
      vertex 81.16652665287256 -9.21370492130518 3
      vertex 82.23353776338975 -8.3 0.7793911761491916
      vertex 82.23353776338975 -8.3 3
    endloop
  endfacet
  facet normal 0 0 1
    outer loop
      vertex 77.25934561342001 -10.407306768000126 3
      vertex 81.16652665287256 -9.21370492130518 3
      vertex 78.19552722060719 -8.3 3
    endloop
  endfacet
  facet normal 0 0 1
    outer loop
      vertex 81.16652665287256 -9.21370492130518 3
      vertex 82.23353776338975 -8.3 3
      vertex 78.19552722060719 -8.3 3
    endloop
  endfacet
  facet normal 0 0 -1
    outer loop
      vertex 8.1 5.6 0
      vertex 8.1 18.4 0
      vertex 10.175885211766126 5.6 0
    endloop
  endfacet
  facet normal 0 0 -1
    outer loop
      vertex 10.175885211766126 5.6 0
      vertex 11.9 18.4 0
      vertex 11.9 5.6 0
    endloop
  endfacet
  facet normal 0 0 -1
    outer loop
      vertex 10.175885211766126 5.6 0
      vertex 8.1 18.4 0
      vertex 11.9 18.4 0
    endloop
  endfacet
  facet normal 0 0 -1
    outer loop
      vertex 48.12366957962513 -7.761985667049885 0
      vertex 11.9 18.4 0
      vertex 11.9 29.6 0
    endloop
  endfacet
  facet normal 0 0 -1
    outer loop
      vertex 48.12366957962513 -7.761985667049885 0
      vertex 8.1 42.4 0
      vertex 11.9 42.4 0
    endloop
  endfacet
  facet normal 0 0 -1
    outer loop
      vertex -27.687049351632595 86.64000543951988 0
      vertex 8.1 42.4 0
      vertex 48.12366957962513 -7.761985667049885 0
    endloop
  endfacet
  facet normal 0 0 -1
    outer loop
      vertex 48.12366957962513 -7.761985667049885 0
      vertex 11.9 42.4 0
      vertex 11.9 53.6 0
    endloop
  endfacet
  facet normal 0 0 -1
    outer loop
      vertex -5.997049354016781 86.72000544518232 0
      vertex 48.12366957962513 -7.761985667049885 0
      vertex 11.9 53.6 0
    endloop
  endfacet
  facet normal 0 0 -1
    outer loop
      vertex -5.283215582370758 87.16472532600164 0
      vertex 48.2239234149456 -7.761206701397896 0
      vertex 48.12366957962513 -7.761985667049885 0
    endloop
  endfacet
  facet normal 0 0 -1
    outer loop
      vertex -5.283215582370758 87.16472532600164 0
      vertex 63.86392341554165 -8.62120670080185 0
      vertex 48.2239234149456 -7.761206701397896 0
    endloop
  endfacet
  facet normal 0 0 -1
    outer loop
      vertex -5.222130812704563 87.3331323415041 0
      vertex 63.95004764944315 -8.630641013383865 0
      vertex 63.86392341554165 -8.62120670080185 0
    endloop
  endfacet
  facet normal 0 0 -1
    outer loop
      vertex -5.222130812704563 87.3331323415041 0
      vertex 74.33439277112484 -10.341471813619137 0
      vertex 63.95004764944315 -8.630641013383865 0
    endloop
  endfacet
  facet normal 0 0 1
    outer loop
      vertex 16.455667309463024 -12.874912150204182 3
      vertex 8.61593549215584 19.92065197688037 3
      vertex 8.1 20.3772297354205 3
    endloop
  endfacet
  facet normal 0 0 1
    outer loop
      vertex 48.12366957962513 -7.761985667049885 3
      vertex 11.771204445005942 29.220392048438566 3
      vertex 8.61593549215584 19.92065197688037 3
    endloop
  endfacet
  facet normal 0 0 1
    outer loop
      vertex -5.283215582370758 87.16472532600164 3
      vertex 48.12366957962513 -7.761985667049885 3
      vertex 48.2239234149456 -7.761206701397896 3
    endloop
  endfacet
  facet normal 0 0 1
    outer loop
      vertex -5.283215582370758 87.16472532600164 3
      vertex 48.2239234149456 -7.761206701397896 3
      vertex 63.86392341554165 -8.62120670080185 3
    endloop
  endfacet
  facet normal 0 0 1
    outer loop
      vertex -5.222130812704563 87.3331323415041 3
      vertex 63.86392341554165 -8.62120670080185 3
      vertex 63.95004764944315 -8.630641013383865 3
    endloop
  endfacet
  facet normal 0 0 1
    outer loop
      vertex -5.222130812704563 87.3331323415041 3
      vertex 63.95004764944315 -8.630641013383865 3
      vertex 74.33439277112484 -10.341471813619137 3
    endloop
  endfacet
  facet normal 0 0 -1
    outer loop
      vertex -5.997049354016781 86.72000544518232 0
      vertex -5.830857150256634 86.73808524012566 0
      vertex 48.12366957962513 -7.761985667049885 0
    endloop
  endfacet
  facet normal 0 0 -1
    outer loop
      vertex -5.830857150256634 86.73808524012566 0
      vertex -5.661105513572693 86.79532729834318 0
      vertex 48.12366957962513 -7.761985667049885 0
    endloop
  endfacet
  facet normal 0 0 -1
    outer loop
      vertex -5.661105513572693 86.79532729834318 0
      vertex -5.50834745913744 86.88890747725964 0
      vertex 48.12366957962513 -7.761985667049885 0
    endloop
  endfacet
  facet normal 0 0 -1
    outer loop
      vertex -5.50834745913744 86.88890747725964 0
      vertex -5.3802429139614105 87.01413326710463 0
      vertex 48.12366957962513 -7.761985667049885 0
    endloop
  endfacet
  facet normal 0 0 -1
    outer loop
      vertex -5.3802429139614105 87.01413326710463 0
      vertex -5.283215582370758 87.16472532600164 0
      vertex 48.12366957962513 -7.761985667049885 0
    endloop
  endfacet
  facet normal 0 0 -1
    outer loop
      vertex -5.283215582370758 87.16472532600164 0
      vertex -5.222130812704563 87.3331323415041 0
      vertex 63.86392341554165 -8.62120670080185 0
    endloop
  endfacet
  facet normal 0 0 -1
    outer loop
      vertex -5.222130812704563 87.3331323415041 0
      vertex -5.20005165040493 87.5109096840024 0
      vertex 74.33439277112484 -10.341471813619137 0
    endloop
  endfacet
  facet normal 0 0 -1
    outer loop
      vertex -5.20005165040493 87.5109096840024 0
      vertex -4.872709847986698 88.03140748292208 0
      vertex 74.33439277112484 -10.341471813619137 0
    endloop
  endfacet
  facet normal 0 0 -1
    outer loop
      vertex -4.872709847986698 88.03140748292208 0
      vertex -4.747778885066509 88.15979956835508 0
      vertex 74.33439277112484 -10.341471813619137 0
    endloop
  endfacet
  facet normal 0 0 -1
    outer loop
      vertex -4.747778885066509 88.15979956835508 0
      vertex 0.05597900599241257 89.95992857217789 0
      vertex 77.25934561342001 -10.407306768000126 0
    endloop
  endfacet
  facet normal 0.0019430015322266867 0.9999981123707413 0
    outer loop
      vertex 0.05597900599241257 89.95992857217789 0
      vertex 15.401465103030205 89.93011221289635 3
      vertex 15.401465103030205 89.93011221289635 0
    endloop
  endfacet
  facet normal 0 0 -1
    outer loop
      vertex 15.401465103030205 89.93011221289635 0
      vertex 18.063080213963985 88.62922357022762 0
      vertex 18.12501096725464 88.46112582087517 0
    endloop
  endfacet
  facet normal 0 0 -1
    outer loop
      vertex 15.401465103030205 89.93011221289635 0
      vertex 18.04010746628046 88.80688764899969 0
      vertex 18.063080213963985 88.62922357022762 0
    endloop
  endfacet
  facet normal 0 0 -1
    outer loop
      vertex 15.401465103030205 89.93011221289635 0
      vertex 18.057244673371315 88.98520923405886 0
      vertex 18.04010746628046 88.80688764899969 0
    endloop
  endfacet
  facet normal 0 0 -1
    outer loop
      vertex 15.401465103030205 89.93011221289635 0
      vertex 18.11363250017166 89.15524654090405 0
      vertex 18.057244673371315 88.98520923405886 0
    endloop
  endfacet
  facet normal 0 0 -1
    outer loop
      vertex 15.401465103030205 89.93011221289635 0
      vertex 18.206443421542645 89.30847319215536 0
      vertex 18.11363250017166 89.15524654090405 0
    endloop
  endfacet
  facet normal 0 0 -1
    outer loop
      vertex 15.401465103030205 89.93011221289635 0
      vertex 18.415943823754787 89.49252659827471 0
      vertex 18.331023514270782 89.4372057467699 0
    endloop
  endfacet
  facet normal 0 0 -1
    outer loop
      vertex 15.401465103030205 89.93011221289635 0
      vertex 18.331023514270782 89.4372057467699 0
      vertex 18.206443421542645 89.30847319215536 0
    endloop
  endfacet
  facet normal 0 0 -1
    outer loop
      vertex 19.105412885546684 87.3209225460887 0
      vertex 19.19903162866831 87.1681881248951 0
      vertex 18.504753462970257 88.0936324968934 0
    endloop
  endfacet
  facet normal 0 0 -1
    outer loop
      vertex 18.504753462970257 88.0936324968934 0
      vertex 19.034634359180927 87.57401452213526 0
      vertex 19.048127964138985 87.49065972864628 0
    endloop
  endfacet
  facet normal 0 0 -1
    outer loop
      vertex 19.105412885546684 87.3209225460887 0
      vertex 18.504753462970257 88.0936324968934 0
      vertex 19.048127964138985 87.49065972864628 0
    endloop
  endfacet
  facet normal 0 0 -1
    outer loop
      vertex 18.504753462970257 88.0936324968934 0
      vertex 19.003336779773235 87.86351711302996 0
      vertex 19.034634359180927 87.57401452213526 0
    endloop
  endfacet
  facet normal 0.9474946090981129 0.31977174004282216 0
    outer loop
      vertex 19.105412885546684 87.3209225460887 0
      vertex 19.048127964138985 87.49065972864628 0
      vertex 19.105412885546684 87.3209225460887 3
    endloop
  endfacet
  facet normal 0.1436556372336923 0.9896277370258887 6.074613010757062e-18
    outer loop
      vertex 15.401465103030205 89.93011221289635 0
      vertex 18.415943823754787 89.49252659827471 3
      vertex 18.415943823754787 89.49252659827471 0
    endloop
  endfacet
  facet normal 0.8378902206398025 0.5458387840344282 0
    outer loop
      vertex 18.12501096725464 88.46112582087517 0
      vertex 18.222794257104397 88.31102351099253 3
      vertex 18.222794257104397 88.31102351099253 0
    endloop
  endfacet
  facet normal 0.9383431104264371 0.3457053761734681 0
    outer loop
      vertex 18.12501096725464 88.46112582087517 0
      vertex 18.063080213963985 88.62922357022762 0
      vertex 18.12501096725464 88.46112582087517 3
    endloop
  endfacet
  facet normal 0.9917435758507988 0.12823681124650185 0
    outer loop
      vertex 18.063080213963985 88.62922357022762 0
      vertex 18.04010746628046 88.80688764899969 0
      vertex 18.063080213963985 88.62922357022762 3
    endloop
  endfacet
  facet normal 0.6954220073858766 0.7186015806017949 0
    outer loop
      vertex 18.35152681171894 88.18644341826439 0
      vertex 18.222794257104397 88.31102351099253 0
      vertex 18.35152681171894 88.18644341826439 3
    endloop
  endfacet
  facet normal 0.5180824010934885 0.8553307112907882 0
    outer loop
      vertex 18.35152681171894 88.18644341826439 0
      vertex 18.504753462970257 88.0936324968934 3
      vertex 18.504753462970257 88.0936324968934 0
    endloop
  endfacet
  facet normal 0.9871492064372495 0.15980126479570989 0
    outer loop
      vertex 19.048127964138985 87.49065972864628 0
      vertex 19.034634359180927 87.57401452213526 0
      vertex 19.048127964138985 87.49065972864628 3
    endloop
  endfacet
  facet normal 0.9942070468268828 0.10748184981553141 0
    outer loop
      vertex 19.034634359180927 87.57401452213526 0
      vertex 19.003336779773235 87.86351711302996 0
      vertex 19.034634359180927 87.57401452213526 3
    endloop
  endfacet
  facet normal 0.4190581877867343 0.9079593797350728 0
    outer loop
      vertex 18.504753462970257 88.0936324968934 0
      vertex 19.003336779773235 87.86351711302996 3
      vertex 19.003336779773235 87.86351711302996 0
    endloop
  endfacet
  facet normal 0.9954138670006506 -0.0956620791265323 0
    outer loop
      vertex 18.04010746628046 88.80688764899969 0
      vertex 18.057244673371315 88.98520923405886 0
      vertex 18.04010746628046 88.80688764899969 3
    endloop
  endfacet
  facet normal 0.9491699505216912 -0.31476404659149104 0
    outer loop
      vertex 18.057244673371315 88.98520923405886 0
      vertex 18.11363250017166 89.15524654090405 0
      vertex 18.057244673371315 88.98520923405886 3
    endloop
  endfacet
  facet normal 0.8553307112907882 -0.5180824010934885 0
    outer loop
      vertex 18.11363250017166 89.15524654090405 0
      vertex 18.206443421542645 89.30847319215536 0
      vertex 18.11363250017166 89.15524654090405 3
    endloop
  endfacet
  facet normal 0.7186015806017949 -0.6954220073858766 0
    outer loop
      vertex 18.206443421542645 89.30847319215536 0
      vertex 18.331023514270782 89.4372057467699 0
      vertex 18.206443421542645 89.30847319215536 3
    endloop
  endfacet
  facet normal 0.5458388006083768 -0.8378902098427985 0
    outer loop
      vertex 18.331023514270782 89.4372057467699 0
      vertex 18.415943823754787 89.49252659827471 0
      vertex 18.331023514270782 89.4372057467699 3
    endloop
  endfacet
  facet normal 0.7149193804842228 0.6992068931353975 0
    outer loop
      vertex 19.32428976148367 87.0401152074337 0
      vertex 19.19903162866831 87.1681881248951 0
      vertex 19.32428976148367 87.0401152074337 3
    endloop
  endfacet
  facet normal 0.5414067272396862 0.8407608195554857 0
    outer loop
      vertex 19.32428976148367 87.0401152074337 0
      vertex 19.47490631043911 86.94312589615583 3
      vertex 19.47490631043911 86.94312589615583 0
    endloop
  endfacet
  facet normal 0.8525830375719782 0.5225917757146001 0
    outer loop
      vertex 19.105412885546684 87.3209225460887 0
      vertex 19.19903162866831 87.1681881248951 3
      vertex 19.19903162866831 87.1681881248951 0
    endloop
  endfacet
  facet normal 0.3407456204417512 0.9401555308297485 0
    outer loop
      vertex 19.47490631043911 86.94312589615583 0
      vertex 19.6433287486434 86.8820836469531 3
      vertex 19.6433287486434 86.8820836469531 0
    endloop
  endfacet
  facet normal 0.12299812407472632 0.9924069031773702 0
    outer loop
      vertex 19.6433287486434 86.8820836469531 0
      vertex 19.821111656725407 86.86004937440157 3
      vertex 19.821111656725407 86.86004937440157 0
    endloop
  endfacet
  facet normal 0.01111042464140371 0.9999382773272997 0
    outer loop
      vertex 19.821111656725407 86.86004937440157 0
      vertex 24.321111656725407 86.8100493773818 3
      vertex 24.321111656725407 86.8100493773818 0
    endloop
  endfacet
  facet normal -0.03398086663960769 0.9994224835886079 0
    outer loop
      vertex 24.393202409148216 86.8125004991889 0
      vertex 24.321111656725407 86.8100493773818 0
      vertex 24.393202409148216 86.8125004991889 3
    endloop
  endfacet
  facet normal 0.1436556372336923 0.9896277370258887 0
    outer loop
      vertex 15.401465103030205 89.93011221289635 0
      vertex 15.401465103030205 89.93011221289635 3
      vertex 18.415943823754787 89.49252659827471 3
    endloop
  endfacet
  facet normal 0.8525830375719782 0.5225917757146001 0
    outer loop
      vertex 19.105412885546684 87.3209225460887 0
      vertex 19.105412885546684 87.3209225460887 3
      vertex 19.19903162866831 87.1681881248951 3
    endloop
  endfacet
  facet normal 0.8378902206398025 0.5458387840344282 0
    outer loop
      vertex 18.12501096725464 88.46112582087517 0
      vertex 18.12501096725464 88.46112582087517 3
      vertex 18.222794257104397 88.31102351099253 3
    endloop
  endfacet
  facet normal 0.9383431104264371 0.3457053761734681 0
    outer loop
      vertex 18.063080213963985 88.62922357022762 0
      vertex 18.063080213963985 88.62922357022762 3
      vertex 18.12501096725464 88.46112582087517 3
    endloop
  endfacet
  facet normal 0.6954220073858766 0.7186015806017949 0
    outer loop
      vertex 18.222794257104397 88.31102351099253 0
      vertex 18.222794257104397 88.31102351099253 3
      vertex 18.35152681171894 88.18644341826439 3
    endloop
  endfacet
  facet normal 0.5180824010934885 0.8553307112907882 0
    outer loop
      vertex 18.35152681171894 88.18644341826439 0
      vertex 18.35152681171894 88.18644341826439 3
      vertex 18.504753462970257 88.0936324968934 3
    endloop
  endfacet
  facet normal 0.4190581877867343 0.9079593797350728 0
    outer loop
      vertex 18.504753462970257 88.0936324968934 0
      vertex 18.504753462970257 88.0936324968934 3
      vertex 19.003336779773235 87.86351711302996 3
    endloop
  endfacet
  facet normal 0.9474946090981129 0.31977174004282216 0
    outer loop
      vertex 19.048127964138985 87.49065972864628 0
      vertex 19.048127964138985 87.49065972864628 3
      vertex 19.105412885546684 87.3209225460887 3
    endloop
  endfacet
  facet normal 0.9871492064372495 0.15980126479570989 0
    outer loop
      vertex 19.034634359180927 87.57401452213526 0
      vertex 19.034634359180927 87.57401452213526 3
      vertex 19.048127964138985 87.49065972864628 3
    endloop
  endfacet
  facet normal 0.9942070468268828 0.10748184981553141 0
    outer loop
      vertex 19.003336779773235 87.86351711302996 0
      vertex 19.003336779773235 87.86351711302996 3
      vertex 19.034634359180927 87.57401452213526 3
    endloop
  endfacet
  facet normal 0.9917435758507988 0.12823681124650185 0
    outer loop
      vertex 18.04010746628046 88.80688764899969 0
      vertex 18.04010746628046 88.80688764899969 3
      vertex 18.063080213963985 88.62922357022762 3
    endloop
  endfacet
  facet normal 0.9954138670006506 -0.0956620791265323 0
    outer loop
      vertex 18.057244673371315 88.98520923405886 0
      vertex 18.057244673371315 88.98520923405886 3
      vertex 18.04010746628046 88.80688764899969 3
    endloop
  endfacet
  facet normal 0.9491699505216912 -0.31476404659149104 0
    outer loop
      vertex 18.11363250017166 89.15524654090405 0
      vertex 18.11363250017166 89.15524654090405 3
      vertex 18.057244673371315 88.98520923405886 3
    endloop
  endfacet
  facet normal 0.8553307112907882 -0.5180824010934885 0
    outer loop
      vertex 18.206443421542645 89.30847319215536 0
      vertex 18.206443421542645 89.30847319215536 3
      vertex 18.11363250017166 89.15524654090405 3
    endloop
  endfacet
  facet normal 0.7186015806017949 -0.6954220073858766 0
    outer loop
      vertex 18.331023514270782 89.4372057467699 0
      vertex 18.331023514270782 89.4372057467699 3
      vertex 18.206443421542645 89.30847319215536 3
    endloop
  endfacet
  facet normal 0.5458388006083768 -0.8378902098427985 0
    outer loop
      vertex 18.415943823754787 89.49252659827471 0
      vertex 18.415943823754787 89.49252659827471 3
      vertex 18.331023514270782 89.4372057467699 3
    endloop
  endfacet
  facet normal 0.5414067272396862 0.8407608195554857 0
    outer loop
      vertex 19.32428976148367 87.0401152074337 0
      vertex 19.32428976148367 87.0401152074337 3
      vertex 19.47490631043911 86.94312589615583 3
    endloop
  endfacet
  facet normal 0.7149193804842228 0.6992068931353975 0
    outer loop
      vertex 19.19903162866831 87.1681881248951 0
      vertex 19.19903162866831 87.1681881248951 3
      vertex 19.32428976148367 87.0401152074337 3
    endloop
  endfacet
  facet normal 0.3407456204417512 0.9401555308297485 0
    outer loop
      vertex 19.47490631043911 86.94312589615583 0
      vertex 19.47490631043911 86.94312589615583 3
      vertex 19.6433287486434 86.8820836469531 3
    endloop
  endfacet
  facet normal 0.12299812407472632 0.9924069031773702 0
    outer loop
      vertex 19.6433287486434 86.8820836469531 0
      vertex 19.6433287486434 86.8820836469531 3
      vertex 19.821111656725407 86.86004937440157 3
    endloop
  endfacet
  facet normal 0.01111042464140371 0.9999382773272997 0
    outer loop
      vertex 19.821111656725407 86.86004937440157 0
      vertex 19.821111656725407 86.86004937440157 3
      vertex 24.321111656725407 86.8100493773818 3
    endloop
  endfacet
  facet normal -0.03398086663960769 0.9994224835886079 0
    outer loop
      vertex 24.321111656725407 86.8100493773818 0
      vertex 24.321111656725407 86.8100493773818 3
      vertex 24.393202409148216 86.8125004991889 3
    endloop
  endfacet
  facet normal 0 0 -1
    outer loop
      vertex 0.05597900599241257 89.95992857217789 0
      vertex 15.401465103030205 89.93011221289635 0
      vertex 77.25934561342001 -10.407306768000126 0
    endloop
  endfacet
  facet normal 0 0 -1
    outer loop
      vertex 77.25934561342001 -10.407306768000126 0
      vertex 15.401465103030205 89.93011221289635 0
      vertex 18.12501096725464 88.46112582087517 0
    endloop
  endfacet
  facet normal 0 0 -1
    outer loop
      vertex 77.25934561342001 -10.407306768000126 0
      vertex 18.12501096725464 88.46112582087517 0
      vertex 18.222794257104397 88.31102351099253 0
    endloop
  endfacet
  facet normal 0 0 -1
    outer loop
      vertex 77.25934561342001 -10.407306768000126 0
      vertex 18.222794257104397 88.31102351099253 0
      vertex 18.35152681171894 88.18644341826439 0
    endloop
  endfacet
  facet normal 0 0 -1
    outer loop
      vertex 77.25934561342001 -10.407306768000126 0
      vertex 18.35152681171894 88.18644341826439 0
      vertex 18.504753462970257 88.0936324968934 0
    endloop
  endfacet
  facet normal 0 0 -1
    outer loop
      vertex 19.32428976148367 87.0401152074337 0
      vertex 78 4.3 0
      vertex 19.19903162866831 87.1681881248951 0
    endloop
  endfacet
  facet normal 0 0 -1
    outer loop
      vertex 19.32428976148367 87.0401152074337 0
      vertex 19.47490631043911 86.94312589615583 0
      vertex 78 4.3 0
    endloop
  endfacet
  facet normal 0 0 -1
    outer loop
      vertex 19.47490631043911 86.94312589615583 0
      vertex 19.6433287486434 86.8820836469531 0
      vertex 78 4.3 0
    endloop
  endfacet
  facet normal 0 0 -1
    outer loop
      vertex 19.6433287486434 86.8820836469531 0
      vertex 41.33414840698242 74.4316930770874 0
      vertex 78 4.3 0
    endloop
  endfacet
  facet normal 0 0 -1
    outer loop
      vertex 18.504753462970257 88.0936324968934 0
      vertex 19.19903162866831 87.1681881248951 0
      vertex 78 4.3 0
    endloop
  endfacet
  facet normal 0 0 -1
    outer loop
      vertex 19.821111656725407 86.86004937440157 0
      vertex 41.23895609378815 74.58345175534487 0
      vertex 41.33414840698242 74.4316930770874 0
    endloop
  endfacet
  facet normal 0 0 -1
    outer loop
      vertex 24.321111656725407 86.8100493773818 0
      vertex 41.1799199283123 74.75258781015873 0
      vertex 41.23895609378815 74.58345175534487 0
    endloop
  endfacet
  facet normal 0 0 -1
    outer loop
      vertex 24.393202409148216 86.8125004991889 0
      vertex 41.16000024229288 74.93062004446983 0
      vertex 41.1799199283123 74.75258781015873 0
    endloop
  endfacet
  facet normal 0 0 -1
    outer loop
      vertex 24.393202409148216 86.8125004991889 0
      vertex 41.171867944300175 75.06728751957417 0
      vertex 41.16000024229288 74.93062004446983 0
    endloop
  endfacet
  facet normal 0 0 -1
    outer loop
      vertex 19.6433287486434 86.8820836469531 0
      vertex 19.821111656725407 86.86004937440157 0
      vertex 41.33414840698242 74.4316930770874 0
    endloop
  endfacet
  facet normal 0 0 -1
    outer loop
      vertex 19.821111656725407 86.86004937440157 0
      vertex 24.321111656725407 86.8100493773818 0
      vertex 41.23895609378815 74.58345175534487 0
    endloop
  endfacet
  facet normal 0 0 -1
    outer loop
      vertex 24.393202409148216 86.8125004991889 0
      vertex 41.1799199283123 74.75258781015873 0
      vertex 24.321111656725407 86.8100493773818 0
    endloop
  endfacet
  facet normal 0 0 -1
    outer loop
      vertex 24.393202409148216 86.8125004991889 0
      vertex 41.98186794668436 79.71728751808405 0
      vertex 41.171867944300175 75.06728751957417 0
    endloop
  endfacet
  facet normal 0 0 -1
    outer loop
      vertex 24.393202409148216 86.8125004991889 0
      vertex 42.0321774110198 79.88922131061554 0
      vertex 41.98186794668436 79.71728751808405 0
    endloop
  endfacet
  facet normal 0 0 -1
    outer loop
      vertex 24.393202409148216 86.8125004991889 0
      vertex 42.05979637801647 79.94825372844934 0
      vertex 42.0321774110198 79.88922131061554 0
    endloop
  endfacet
  facet normal 0 0 -1
    outer loop
      vertex 24.393202409148216 86.8125004991889 0
      vertex 38.16160914301872 87.9036566466093 0
      vertex 42.05979637801647 79.94825372844934 0
    endloop
  endfacet
  facet normal -0.0790030121853288 0.9968743772741101 1.3397251980578985e-17
    outer loop
      vertex 24.393202409148216 86.8125004991889 0
      vertex 38.16160914301872 87.9036566466093 3
      vertex 38.16160914301872 87.9036566466093 0
    endloop
  endfacet
  facet normal 0.7076546014703523 0.7065585361580716 0
    outer loop
      vertex 41.46072353422642 74.30492159724236 0
      vertex 41.33414840698242 74.4316930770874 0
      vertex 41.46072353422642 74.30492159724236 3
    endloop
  endfacet
  facet normal 0.8471363101726849 0.5313756411306496 0
    outer loop
      vertex 41.33414840698242 74.4316930770874 0
      vertex 41.23895609378815 74.58345175534487 0
      vertex 41.33414840698242 74.4316930770874 3
    endloop
  endfacet
  facet normal 0.9441390298527045 0.32954740525271026 0
    outer loop
      vertex 41.23895609378815 74.58345175534487 0
      vertex 41.1799199283123 74.75258781015873 0
      vertex 41.23895609378815 74.58345175534487 3
    endloop
  endfacet
  facet normal 0.9937986930520399 0.11119423405940217 0
    outer loop
      vertex 41.1799199283123 74.75258781015873 0
      vertex 41.16000024229288 74.93062004446983 0
      vertex 41.1799199283123 74.75258781015873 3
    endloop
  endfacet
  facet normal 0.9962509152141489 -0.08651077351966371 0
    outer loop
      vertex 41.16000024229288 74.93062004446983 0
      vertex 41.171867944300175 75.06728751957417 0
      vertex 41.16000024229288 74.93062004446983 3
    endloop
  endfacet
  facet normal 0.9851650693768179 -0.17160939974188322 0
    outer loop
      vertex 41.171867944300175 75.06728751957417 0
      vertex 41.98186794668436 79.71728751808405 0
      vertex 41.171867944300175 75.06728751957417 3
    endloop
  endfacet
  facet normal 0.959756398337421 -0.2808338580911882 0
    outer loop
      vertex 41.98186794668436 79.71728751808405 0
      vertex 42.0321774110198 79.88922131061554 0
      vertex 41.98186794668436 79.71728751808405 3
    endloop
  endfacet
  facet normal 0.6240955803231968 0.7813480060901494 -9.092982690985101e-18
    outer loop
      vertex 41.46072353422642 74.30492159724236 0
      vertex 43.050723530352116 73.0349215939641 3
      vertex 43.050723530352116 73.0349215939641 0
    endloop
  endfacet
  facet normal 0.5672912428352871 0.8235172407438689 0
    outer loop
      vertex 43.050723530352116 73.0349215939641 0
      vertex 43.143881887197495 72.97074817121029 3
      vertex 43.143881887197495 72.97074817121029 0
    endloop
  endfacet
  facet normal 0.4079910211091222 0.9129859400310258 0
    outer loop
      vertex 43.143881887197495 72.97074817121029 0
      vertex 43.30743707716465 72.89765936881304 3
      vertex 43.30743707716465 72.89765936881304 0
    endloop
  endfacet
  facet normal 0.3032036539468108 0.9529257810728506 0
    outer loop
      vertex 43.30743707716465 72.89765936881304 0
      vertex 45.06743708252907 72.33765937387943 3
      vertex 45.06743708252907 72.33765937387943 0
    endloop
  endfacet
  facet normal 0.26188320927340114 0.965099572427977 0
    outer loop
      vertex 45.06743708252907 72.33765937387943 0
      vertex 45.1339385509491 72.31961396336555 3
      vertex 45.1339385509491 72.31961396336555 0
    endloop
  endfacet
  facet normal 0.10947360879502845 0.9939897026515884 0
    outer loop
      vertex 45.1339385509491 72.31961396336555 0
      vertex 45.31200500577688 72.30000251531601 3
      vertex 45.31200500577688 72.30000251531601 0
    endloop
  endfacet
  facet normal 0 0 -1
    outer loop
      vertex 42.05979637801647 79.94825372844934 0
      vertex 38.16160914301872 87.9036566466093 0
      vertex 43.41384169459343 82.55962685495615 0
    endloop
  endfacet
  facet normal 0 0 -1
    outer loop
      vertex 38.16160914301872 87.9036566466093 0
      vertex 41.57816834002733 87.2147591561079 0
      vertex 43.41384169459343 82.55962685495615 0
    endloop
  endfacet
  facet normal 0 0 -1
    outer loop
      vertex 43.41384169459343 82.55962685495615 0
      vertex 43.456812895834446 86.03316823393106 0
      vertex 43.960076816380024 84.89196412265301 0
    endloop
  endfacet
  facet normal 0 0 -1
    outer loop
      vertex 41.57816834002733 87.2147591561079 0
      vertex 43.456812895834446 86.03316823393106 0
      vertex 43.41384169459343 82.55962685495615 0
    endloop
  endfacet
  facet normal 0.9057681447320038 -0.4237736046390144 0
    outer loop
      vertex 42.0321774110198 79.88922131061554 0
      vertex 42.05979637801647 79.94825372844934 0
      vertex 42.0321774110198 79.88922131061554 3
    endloop
  endfacet
  facet normal 0.19765687576458543 0.9802712683043319 0
    outer loop
      vertex 38.16160914301872 87.9036566466093 0
      vertex 41.57816834002733 87.2147591561079 3
      vertex 41.57816834002733 87.2147591561079 0
    endloop
  endfacet
  facet normal 0.8877545325989925 -0.4603171622370218 0
    outer loop
      vertex 42.05979637801647 79.94825372844934 0
      vertex 43.41384169459343 82.55962685495615 0
      vertex 42.05979637801647 79.94825372844934 3
    endloop
  endfacet
  facet normal 0.9736539920481969 -0.22803048868212675 0
    outer loop
      vertex 43.41384169459343 82.55962685495615 0
      vertex 43.960076816380024 84.89196412265301 0
      vertex 43.41384169459343 82.55962685495615 3
    endloop
  endfacet
  facet normal 0.5324068547933954 0.8464885947069839 3.334997121626085e-17
    outer loop
      vertex 41.57816834002733 87.2147591561079 0
      vertex 43.456812895834446 86.03316823393106 3
      vertex 43.456812895834446 86.03316823393106 0
    endloop
  endfacet
  facet normal 0.9149795202720662 0.4035002818867659 0
    outer loop
      vertex 43.960076816380024 84.89196412265301 0
      vertex 43.456812895834446 86.03316823393106 0
      vertex 43.960076816380024 84.89196412265301 3
    endloop
  endfacet
  facet normal -0.0790030121853288 0.9968743772741101 0
    outer loop
      vertex 24.393202409148216 86.8125004991889 0
      vertex 24.393202409148216 86.8125004991889 3
      vertex 38.16160914301872 87.9036566466093 3
    endloop
  endfacet
  facet normal 0.7076546014703523 0.7065585361580716 0
    outer loop
      vertex 41.33414840698242 74.4316930770874 0
      vertex 41.33414840698242 74.4316930770874 3
      vertex 41.46072353422642 74.30492159724236 3
    endloop
  endfacet
  facet normal 0.8471363101726849 0.5313756411306496 0
    outer loop
      vertex 41.23895609378815 74.58345175534487 0
      vertex 41.23895609378815 74.58345175534487 3
      vertex 41.33414840698242 74.4316930770874 3
    endloop
  endfacet
  facet normal 0.9441390298527045 0.32954740525271026 0
    outer loop
      vertex 41.1799199283123 74.75258781015873 0
      vertex 41.1799199283123 74.75258781015873 3
      vertex 41.23895609378815 74.58345175534487 3
    endloop
  endfacet
  facet normal 0.6240955803231968 0.7813480060901494 0
    outer loop
      vertex 41.46072353422642 74.30492159724236 0
      vertex 41.46072353422642 74.30492159724236 3
      vertex 43.050723530352116 73.0349215939641 3
    endloop
  endfacet
  facet normal 0.9937986930520399 0.11119423405940217 0
    outer loop
      vertex 41.16000024229288 74.93062004446983 0
      vertex 41.16000024229288 74.93062004446983 3
      vertex 41.1799199283123 74.75258781015873 3
    endloop
  endfacet
  facet normal 0.9962509152141489 -0.08651077351966371 0
    outer loop
      vertex 41.171867944300175 75.06728751957417 0
      vertex 41.171867944300175 75.06728751957417 3
      vertex 41.16000024229288 74.93062004446983 3
    endloop
  endfacet
  facet normal 0.9851650693768179 -0.17160939974188322 0
    outer loop
      vertex 41.98186794668436 79.71728751808405 0
      vertex 41.98186794668436 79.71728751808405 3
      vertex 41.171867944300175 75.06728751957417 3
    endloop
  endfacet
  facet normal 0.959756398337421 -0.2808338580911882 0
    outer loop
      vertex 42.0321774110198 79.88922131061554 0
      vertex 42.0321774110198 79.88922131061554 3
      vertex 41.98186794668436 79.71728751808405 3
    endloop
  endfacet
  facet normal 0.5672912428352871 0.8235172407438689 0
    outer loop
      vertex 43.050723530352116 73.0349215939641 0
      vertex 43.050723530352116 73.0349215939641 3
      vertex 43.143881887197495 72.97074817121029 3
    endloop
  endfacet
  facet normal 0.4079910211091222 0.9129859400310258 0
    outer loop
      vertex 43.143881887197495 72.97074817121029 0
      vertex 43.143881887197495 72.97074817121029 3
      vertex 43.30743707716465 72.89765936881304 3
    endloop
  endfacet
  facet normal 0.3032036539468108 0.9529257810728506 0
    outer loop
      vertex 43.30743707716465 72.89765936881304 0
      vertex 43.30743707716465 72.89765936881304 3
      vertex 45.06743708252907 72.33765937387943 3
    endloop
  endfacet
  facet normal 0.26188320927340114 0.965099572427977 0
    outer loop
      vertex 45.06743708252907 72.33765937387943 0
      vertex 45.06743708252907 72.33765937387943 3
      vertex 45.1339385509491 72.31961396336555 3
    endloop
  endfacet
  facet normal 0.10947360879502845 0.9939897026515884 0
    outer loop
      vertex 45.1339385509491 72.31961396336555 0
      vertex 45.1339385509491 72.31961396336555 3
      vertex 45.31200500577688 72.30000251531601 3
    endloop
  endfacet
  facet normal -0.00250625727333626 0.999996859332308 0
    outer loop
      vertex 45.31200500577688 72.30000251531601 0
      vertex 45.31200500577688 72.30000251531601 3
      vertex 49.302005000412464 72.31000251322985 3
    endloop
  endfacet
  facet normal 0.9057681447320038 -0.4237736046390144 0
    outer loop
      vertex 42.05979637801647 79.94825372844934 0
      vertex 42.05979637801647 79.94825372844934 3
      vertex 42.0321774110198 79.88922131061554 3
    endloop
  endfacet
  facet normal 0.19765687576458543 0.9802712683043319 0
    outer loop
      vertex 38.16160914301872 87.9036566466093 0
      vertex 38.16160914301872 87.9036566466093 3
      vertex 41.57816834002733 87.2147591561079 3
    endloop
  endfacet
  facet normal 0.8877545325989925 -0.4603171622370218 0
    outer loop
      vertex 43.41384169459343 82.55962685495615 0
      vertex 43.41384169459343 82.55962685495615 3
      vertex 42.05979637801647 79.94825372844934 3
    endloop
  endfacet
  facet normal 0.9736539920481969 -0.22803048868212675 0
    outer loop
      vertex 43.960076816380024 84.89196412265301 0
      vertex 43.960076816380024 84.89196412265301 3
      vertex 43.41384169459343 82.55962685495615 3
    endloop
  endfacet
  facet normal 0.5324068547933954 0.8464885947069839 0
    outer loop
      vertex 41.57816834002733 87.2147591561079 0
      vertex 41.57816834002733 87.2147591561079 3
      vertex 43.456812895834446 86.03316823393106 3
    endloop
  endfacet
  facet normal 0.9149795202720662 0.4035002818867659 0
    outer loop
      vertex 43.456812895834446 86.03316823393106 0
      vertex 43.456812895834446 86.03316823393106 3
      vertex 43.960076816380024 84.89196412265301 3
    endloop
  endfacet
  facet normal 0 0 1
    outer loop
      vertex -5.997049354016781 86.72000544518232 3
      vertex 48.12366957962513 -7.761985667049885 3
      vertex -5.830857150256634 86.73808524012566 3
    endloop
  endfacet
  facet normal 0 0 1
    outer loop
      vertex -5.830857150256634 86.73808524012566 3
      vertex 48.12366957962513 -7.761985667049885 3
      vertex -5.661105513572693 86.79532729834318 3
    endloop
  endfacet
  facet normal 0 0 1
    outer loop
      vertex -5.661105513572693 86.79532729834318 3
      vertex 48.12366957962513 -7.761985667049885 3
      vertex -5.50834745913744 86.88890747725964 3
    endloop
  endfacet
  facet normal 0 0 1
    outer loop
      vertex -5.50834745913744 86.88890747725964 3
      vertex 48.12366957962513 -7.761985667049885 3
      vertex -5.3802429139614105 87.01413326710463 3
    endloop
  endfacet
  facet normal 0 0 1
    outer loop
      vertex -5.3802429139614105 87.01413326710463 3
      vertex 48.12366957962513 -7.761985667049885 3
      vertex -5.283215582370758 87.16472532600164 3
    endloop
  endfacet
  facet normal 0 0 1
    outer loop
      vertex -5.283215582370758 87.16472532600164 3
      vertex 63.86392341554165 -8.62120670080185 3
      vertex -5.222130812704563 87.3331323415041 3
    endloop
  endfacet
  facet normal 0 0 1
    outer loop
      vertex -5.222130812704563 87.3331323415041 3
      vertex 74.33439277112484 -10.341471813619137 3
      vertex -5.20005165040493 87.5109096840024 3
    endloop
  endfacet
  facet normal 0 0 1
    outer loop
      vertex -5.20005165040493 87.5109096840024 3
      vertex 74.33439277112484 -10.341471813619137 3
      vertex -4.872709847986698 88.03140748292208 3
    endloop
  endfacet
  facet normal 0 0 1
    outer loop
      vertex -4.872709847986698 88.03140748292208 3
      vertex 74.33439277112484 -10.341471813619137 3
      vertex -4.747778885066509 88.15979956835508 3
    endloop
  endfacet
  facet normal 0 0 1
    outer loop
      vertex -4.747778885066509 88.15979956835508 3
      vertex 77.25934561342001 -10.407306768000126 3
      vertex 0.05597900599241257 89.95992857217789 3
    endloop
  endfacet
  facet normal 0 0 1
    outer loop
      vertex 15.401465103030205 89.93011221289635 3
      vertex 18.12501096725464 88.46112582087517 3
      vertex 18.063080213963985 88.62922357022762 3
    endloop
  endfacet
  facet normal 0 0 1
    outer loop
      vertex 15.401465103030205 89.93011221289635 3
      vertex 18.063080213963985 88.62922357022762 3
      vertex 18.04010746628046 88.80688764899969 3
    endloop
  endfacet
  facet normal 0 0 1
    outer loop
      vertex 15.401465103030205 89.93011221289635 3
      vertex 18.04010746628046 88.80688764899969 3
      vertex 18.057244673371315 88.98520923405886 3
    endloop
  endfacet
  facet normal 0 0 1
    outer loop
      vertex 15.401465103030205 89.93011221289635 3
      vertex 18.057244673371315 88.98520923405886 3
      vertex 18.11363250017166 89.15524654090405 3
    endloop
  endfacet
  facet normal 0 0 1
    outer loop
      vertex 15.401465103030205 89.93011221289635 3
      vertex 18.11363250017166 89.15524654090405 3
      vertex 18.206443421542645 89.30847319215536 3
    endloop
  endfacet
  facet normal 0 0 1
    outer loop
      vertex 15.401465103030205 89.93011221289635 3
      vertex 18.331023514270782 89.4372057467699 3
      vertex 18.415943823754787 89.49252659827471 3
    endloop
  endfacet
  facet normal 0 0 1
    outer loop
      vertex 15.401465103030205 89.93011221289635 3
      vertex 18.206443421542645 89.30847319215536 3
      vertex 18.331023514270782 89.4372057467699 3
    endloop
  endfacet
  facet normal 0 0 1
    outer loop
      vertex 19.105412885546684 87.3209225460887 3
      vertex 18.504753462970257 88.0936324968934 3
      vertex 19.19903162866831 87.1681881248951 3
    endloop
  endfacet
  facet normal 0 0 1
    outer loop
      vertex 18.504753462970257 88.0936324968934 3
      vertex 19.048127964138985 87.49065972864628 3
      vertex 19.034634359180927 87.57401452213526 3
    endloop
  endfacet
  facet normal 0 0 1
    outer loop
      vertex 19.105412885546684 87.3209225460887 3
      vertex 19.048127964138985 87.49065972864628 3
      vertex 18.504753462970257 88.0936324968934 3
    endloop
  endfacet
  facet normal 0 0 1
    outer loop
      vertex 18.504753462970257 88.0936324968934 3
      vertex 19.034634359180927 87.57401452213526 3
      vertex 19.003336779773235 87.86351711302996 3
    endloop
  endfacet
  facet normal 0 0 1
    outer loop
      vertex 0.05597900599241257 89.95992857217789 3
      vertex 77.25934561342001 -10.407306768000126 3
      vertex 15.401465103030205 89.93011221289635 3
    endloop
  endfacet
  facet normal 0 0 1
    outer loop
      vertex 77.25934561342001 -10.407306768000126 3
      vertex 18.12501096725464 88.46112582087517 3
      vertex 15.401465103030205 89.93011221289635 3
    endloop
  endfacet
  facet normal 0 0 1
    outer loop
      vertex 77.25934561342001 -10.407306768000126 3
      vertex 18.222794257104397 88.31102351099253 3
      vertex 18.12501096725464 88.46112582087517 3
    endloop
  endfacet
  facet normal 0 0 1
    outer loop
      vertex 77.25934561342001 -10.407306768000126 3
      vertex 18.35152681171894 88.18644341826439 3
      vertex 18.222794257104397 88.31102351099253 3
    endloop
  endfacet
  facet normal 0 0 1
    outer loop
      vertex 77.25934561342001 -10.407306768000126 3
      vertex 18.504753462970257 88.0936324968934 3
      vertex 18.35152681171894 88.18644341826439 3
    endloop
  endfacet
  facet normal 0 0 1
    outer loop
      vertex 19.32428976148367 87.0401152074337 3
      vertex 19.19903162866831 87.1681881248951 3
      vertex 79.01704448391352 4.3 3
    endloop
  endfacet
  facet normal 0 0 1
    outer loop
      vertex 19.32428976148367 87.0401152074337 3
      vertex 79.01704448391352 4.3 3
      vertex 19.47490631043911 86.94312589615583 3
    endloop
  endfacet
  facet normal 0 0 1
    outer loop
      vertex 19.47490631043911 86.94312589615583 3
      vertex 79.01704448391352 4.3 3
      vertex 19.6433287486434 86.8820836469531 3
    endloop
  endfacet
  facet normal 0 0 1
    outer loop
      vertex 19.6433287486434 86.8820836469531 3
      vertex 79.01704448391352 4.3 3
      vertex 41.33414840698242 74.4316930770874 3
    endloop
  endfacet
  facet normal 0 0 1
    outer loop
      vertex 18.504753462970257 88.0936324968934 3
      vertex 79.01704448391352 4.3 3
      vertex 19.19903162866831 87.1681881248951 3
    endloop
  endfacet
  facet normal 0 0 1
    outer loop
      vertex 19.821111656725407 86.86004937440157 3
      vertex 41.33414840698242 74.4316930770874 3
      vertex 41.23895609378815 74.58345175534487 3
    endloop
  endfacet
  facet normal 0 0 1
    outer loop
      vertex 24.321111656725407 86.8100493773818 3
      vertex 41.23895609378815 74.58345175534487 3
      vertex 41.1799199283123 74.75258781015873 3
    endloop
  endfacet
  facet normal 0 0 1
    outer loop
      vertex 24.393202409148216 86.8125004991889 3
      vertex 41.1799199283123 74.75258781015873 3
      vertex 41.16000024229288 74.93062004446983 3
    endloop
  endfacet
  facet normal 0 0 1
    outer loop
      vertex 24.393202409148216 86.8125004991889 3
      vertex 41.16000024229288 74.93062004446983 3
      vertex 41.171867944300175 75.06728751957417 3
    endloop
  endfacet
  facet normal 0 0 1
    outer loop
      vertex 19.6433287486434 86.8820836469531 3
      vertex 41.33414840698242 74.4316930770874 3
      vertex 19.821111656725407 86.86004937440157 3
    endloop
  endfacet
  facet normal 0 0 1
    outer loop
      vertex 19.821111656725407 86.86004937440157 3
      vertex 41.23895609378815 74.58345175534487 3
      vertex 24.321111656725407 86.8100493773818 3
    endloop
  endfacet
  facet normal 0 0 1
    outer loop
      vertex 24.393202409148216 86.8125004991889 3
      vertex 24.321111656725407 86.8100493773818 3
      vertex 41.1799199283123 74.75258781015873 3
    endloop
  endfacet
  facet normal 0 0 1
    outer loop
      vertex 24.393202409148216 86.8125004991889 3
      vertex 41.171867944300175 75.06728751957417 3
      vertex 41.98186794668436 79.71728751808405 3
    endloop
  endfacet
  facet normal 0 0 1
    outer loop
      vertex 24.393202409148216 86.8125004991889 3
      vertex 41.98186794668436 79.71728751808405 3
      vertex 42.0321774110198 79.88922131061554 3
    endloop
  endfacet
  facet normal 0 0 1
    outer loop
      vertex 24.393202409148216 86.8125004991889 3
      vertex 42.0321774110198 79.88922131061554 3
      vertex 42.05979637801647 79.94825372844934 3
    endloop
  endfacet
  facet normal 0 0 1
    outer loop
      vertex 24.393202409148216 86.8125004991889 3
      vertex 42.05979637801647 79.94825372844934 3
      vertex 38.16160914301872 87.9036566466093 3
    endloop
  endfacet
  facet normal 0 0 1
    outer loop
      vertex 42.05979637801647 79.94825372844934 3
      vertex 43.41384169459343 82.55962685495615 3
      vertex 38.16160914301872 87.9036566466093 3
    endloop
  endfacet
  facet normal 0 0 1
    outer loop
      vertex 38.16160914301872 87.9036566466093 3
      vertex 43.41384169459343 82.55962685495615 3
      vertex 41.57816834002733 87.2147591561079 3
    endloop
  endfacet
  facet normal 0 0 1
    outer loop
      vertex 43.41384169459343 82.55962685495615 3
      vertex 43.960076816380024 84.89196412265301 3
      vertex 43.456812895834446 86.03316823393106 3
    endloop
  endfacet
  facet normal 0 0 1
    outer loop
      vertex 41.57816834002733 87.2147591561079 3
      vertex 43.41384169459343 82.55962685495615 3
      vertex 43.456812895834446 86.03316823393106 3
    endloop
  endfacet
  facet normal 0 0 -1
    outer loop
      vertex -4.747778885066509 88.15979956835508 0
      vertex 77.25934561342001 -10.407306768000126 0
      vertex 74.33439277112484 -10.341471813619137 0
    endloop
  endfacet
  facet normal 0 0 -1
    outer loop
      vertex 77.25934561342001 -10.407306768000126 0
      vertex 18.504753462970257 88.0936324968934 0
      vertex 77.3 -8.3 0
    endloop
  endfacet
  facet normal 0 0 -1
    outer loop
      vertex 18.504753462970257 88.0936324968934 0
      vertex 77.3 4.3 0
      vertex 77.3 -8.3 0
    endloop
  endfacet
  facet normal 0 0 -1
    outer loop
      vertex 18.504753462970257 88.0936324968934 0
      vertex 78 4.3 0
      vertex 77.3 4.3 0
    endloop
  endfacet
  facet normal 0 0 -1
    outer loop
      vertex 41.33414840698242 74.4316930770874 0
      vertex 77.3 15.7 0
      vertex 78 4.3 0
    endloop
  endfacet
  facet normal 0 0 -1
    outer loop
      vertex 78 15.7 0
      vertex 78 4.3 0
      vertex 77.3 15.7 0
    endloop
  endfacet
  facet normal 0 0 -1
    outer loop
      vertex 49.41264729201794 72.31797058880329 0
      vertex 77.3 28.3 0
      vertex 77.3 15.7 0
    endloop
  endfacet
  facet normal 0 0 -1
    outer loop
      vertex 78 39.7 0
      vertex 78 28.3 0
      vertex 77.3 39.7 0
    endloop
  endfacet
  facet normal 0 0 -1
    outer loop
      vertex 49.41264729201794 72.31797058880329 0
      vertex 78 28.3 0
      vertex 77.3 28.3 0
    endloop
  endfacet
  facet normal 0 0 -1
    outer loop
      vertex 49.41264729201794 72.31797058880329 0
      vertex 77.3 39.7 0
      vertex 78 28.3 0
    endloop
  endfacet
  facet normal 0 0 1
    outer loop
      vertex -4.747778885066509 88.15979956835508 3
      vertex 74.33439277112484 -10.341471813619137 3
      vertex 77.25934561342001 -10.407306768000126 3
    endloop
  endfacet
  facet normal 0 0 1
    outer loop
      vertex 77.25934561342001 -10.407306768000126 3
      vertex 78.19552722060719 -8.3 3
      vertex 18.504753462970257 88.0936324968934 3
    endloop
  endfacet
  facet normal 0 0 1
    outer loop
      vertex 18.504753462970257 88.0936324968934 3
      vertex 78.19552722060719 -8.3 3
      vertex 78.19552722060718 4.3 3
    endloop
  endfacet
  facet normal 0 0 1
    outer loop
      vertex 18.504753462970257 88.0936324968934 3
      vertex 78.19552722060718 4.3 3
      vertex 79.01704448391352 4.3 3
    endloop
  endfacet
  facet normal 0 0 1
    outer loop
      vertex 79.01704448391352 4.3 3
      vertex 79.01704448391352 15.7 3
      vertex 78.19552722060719 15.7 3
    endloop
  endfacet
  facet normal 0 0 1
    outer loop
      vertex 49.302005000412464 72.31000251322985 3
      vertex 79.01704448391352 4.3 3
      vertex 78.19552722060719 15.7 3
    endloop
  endfacet
  facet normal 0 0 1
    outer loop
      vertex 49.302005000412464 72.31000251322985 3
      vertex 78.19552722060719 15.7 3
      vertex 78.19552722060719 28.3 3
    endloop
  endfacet
  facet normal 0 0 1
    outer loop
      vertex 49.41264729201794 72.31797058880329 3
      vertex 78.19552722060719 28.3 3
      vertex 79.01704448391352 28.3 3
    endloop
  endfacet
  facet normal 0 0 1
    outer loop
      vertex 49.41264729201794 72.31797058880329 3
      vertex 79.01704448391352 28.3 3
      vertex 78.19552722060719 39.7 3
    endloop
  endfacet
  facet normal 0 0 1
    outer loop
      vertex 79.01704448391352 28.3 3
      vertex 79.01704448391352 39.7 3
      vertex 78.19552722060719 39.7 3
    endloop
  endfacet
  facet normal 0 0 -1
    outer loop
      vertex 41.46072353422642 74.30492159724236 0
      vertex 43.050723530352116 73.0349215939641 0
      vertex 77.3 15.7 0
    endloop
  endfacet
  facet normal 0 0 -1
    outer loop
      vertex 43.050723530352116 73.0349215939641 0
      vertex 43.143881887197495 72.97074817121029 0
      vertex 77.3 15.7 0
    endloop
  endfacet
  facet normal 0 0 -1
    outer loop
      vertex 43.143881887197495 72.97074817121029 0
      vertex 43.30743707716465 72.89765936881304 0
      vertex 77.3 15.7 0
    endloop
  endfacet
  facet normal 0 0 -1
    outer loop
      vertex 43.30743707716465 72.89765936881304 0
      vertex 45.06743708252907 72.33765937387943 0
      vertex 77.3 15.7 0
    endloop
  endfacet
  facet normal 0 0 -1
    outer loop
      vertex 45.06743708252907 72.33765937387943 0
      vertex 45.1339385509491 72.31961396336555 0
      vertex 77.3 15.7 0
    endloop
  endfacet
  facet normal 0 0 -1
    outer loop
      vertex 45.1339385509491 72.31961396336555 0
      vertex 45.31200500577688 72.30000251531601 0
      vertex 77.3 15.7 0
    endloop
  endfacet
  facet normal 0 0 -1
    outer loop
      vertex 45.31200500577688 72.30000251531601 0
      vertex 49.302005000412464 72.31000251322985 0
      vertex 77.3 15.7 0
    endloop
  endfacet
  facet normal 0 0 -1
    outer loop
      vertex 41.46072353422642 74.30492159724236 0
      vertex 77.3 15.7 0
      vertex 41.33414840698242 74.4316930770874 0
    endloop
  endfacet
  facet normal 0 0 -1
    outer loop
      vertex 49.41264729201794 72.31797058880329 0
      vertex 77.3 15.7 0
      vertex 49.302005000412464 72.31000251322985 0
    endloop
  endfacet
  facet normal -0.00250625727333626 0.999996859332308 0
    outer loop
      vertex 45.31200500577688 72.30000251531601 0
      vertex 49.302005000412464 72.31000251322985 3
      vertex 49.302005000412464 72.31000251322985 0
    endloop
  endfacet
  facet normal -0.07183051562944182 0.9974168521858894 0
    outer loop
      vertex 49.41264729201794 72.31797058880329 0
      vertex 49.302005000412464 72.31000251322985 0
      vertex 49.41264729201794 72.31797058880329 3
    endloop
  endfacet
  facet normal -0.14080911555440265 0.9900367634470889 -2.6021914603816436e-17
    outer loop
      vertex 49.41264729201794 72.31797058880329 0
      vertex 60.67660565674305 73.92000000178814 3
      vertex 60.67660565674305 73.92000000178814 0
    endloop
  endfacet
  facet normal 0 0 -1
    outer loop
      vertex 49.41264729201794 72.31797058880329 0
      vertex 60.67660565674305 73.92000000178814 0
      vertex 77.3 63.7 0
    endloop
  endfacet
  facet normal 0 0 -1
    outer loop
      vertex 60.67660565674305 73.92000000178814 0
      vertex 63.39000000059605 73.92000000178814 0
      vertex 77.3 63.7 0
    endloop
  endfacet
  facet normal 0 1 0
    outer loop
      vertex 60.67660565674305 73.92000000178814 0
      vertex 63.39000000059605 73.92000000178814 3
      vertex 63.39000000059605 73.92000000178814 0
    endloop
  endfacet
  facet normal -0.06886303394661744 0.9976261236333315 0
    outer loop
      vertex 63.39000000059605 73.92000000178814 0
      vertex 63.499919302761555 73.92758738994598 3
      vertex 63.499919302761555 73.92758738994598 0
    endloop
  endfacet
  facet normal -0.07183051562944182 0.9974168521858894 0
    outer loop
      vertex 49.302005000412464 72.31000251322985 0
      vertex 49.302005000412464 72.31000251322985 3
      vertex 49.41264729201794 72.31797058880329 3
    endloop
  endfacet
  facet normal -0.14080911555440265 0.9900367634470889 0
    outer loop
      vertex 49.41264729201794 72.31797058880329 0
      vertex 49.41264729201794 72.31797058880329 3
      vertex 60.67660565674305 73.92000000178814 3
    endloop
  endfacet
  facet normal 0 1 0
    outer loop
      vertex 60.67660565674305 73.92000000178814 0
      vertex 60.67660565674305 73.92000000178814 3
      vertex 63.39000000059605 73.92000000178814 3
    endloop
  endfacet
  facet normal -0.06886303394661744 0.9976261236333315 0
    outer loop
      vertex 63.39000000059605 73.92000000178814 0
      vertex 63.39000000059605 73.92000000178814 3
      vertex 63.499919302761555 73.92758738994598 3
    endloop
  endfacet
  facet normal 0 0 -1
    outer loop
      vertex 49.41264729201794 72.31797058880329 0
      vertex 77.3 52.3 0
      vertex 77.3 39.7 0
    endloop
  endfacet
  facet normal 0 0 -1
    outer loop
      vertex 49.41264729201794 72.31797058880329 0
      vertex 78 52.3 0
      vertex 77.3 52.3 0
    endloop
  endfacet
  facet normal 0 0 -1
    outer loop
      vertex 49.41264729201794 72.31797058880329 0
      vertex 77.3 63.7 0
      vertex 78 52.3 0
    endloop
  endfacet
  facet normal 0 0 -1
    outer loop
      vertex 78 63.7 0
      vertex 78 52.3 0
      vertex 77.3 63.7 0
    endloop
  endfacet
  facet normal 0 0 -1
    outer loop
      vertex 63.39000000059605 73.92000000178814 0
      vertex 63.499919302761555 73.92758738994598 0
      vertex 77.3 63.7 0
    endloop
  endfacet
  facet normal 0 0 -1
    outer loop
      vertex 63.499919302761555 73.92758738994598 0
      vertex 76.14530318975449 75.68168844282627 0
      vertex 77.3 63.7 0
    endloop
  endfacet
  facet normal 0 0 -1
    outer loop
      vertex 76.14530318975449 75.68168844282627 0
      vertex 77.3 75.50781518049634 0
      vertex 77.3 63.7 0
    endloop
  endfacet
  facet normal 0.1489005192555771 0.988852180745646 4.513922857771954e-16
    outer loop
      vertex 76.14530318975449 75.68168844282627 0
      vertex 77.4429109005636 75.4862957787945 1.2683693235509925
      vertex 77.3 75.50781518049634 0
    endloop
  endfacet
  facet normal -0.13739913001874146 0.9905157641704109 -2.6089205771775396e-17
    outer loop
      vertex 63.499919302761555 73.92758738994598 0
      vertex 76.14530318975449 75.68168844282627 3
      vertex 76.14530318975449 75.68168844282627 0
    endloop
  endfacet
  facet normal 0.1489005192555775 0.9888521807456458 0
    outer loop
      vertex 76.14530318975449 75.68168844282627 0
      vertex 76.14530318975449 75.68168844282627 3
      vertex 77.4429109005636 75.4862957787945 1.2683693235509925
    endloop
  endfacet
  facet normal -0.13739913001874146 0.9905157641704109 0
    outer loop
      vertex 63.499919302761555 73.92758738994598 0
      vertex 63.499919302761555 73.92758738994598 3
      vertex 76.14530318975449 75.68168844282627 3
    endloop
  endfacet
  facet normal 0.14890051925556805 0.9888521807456473 -7.270110328769095e-15
    outer loop
      vertex 76.14530318975449 75.68168844282627 3
      vertex 77.86447745295621 75.42281664634753 2.473137312970082
      vertex 77.4429109005636 75.4862957787945 1.2683693235509925
    endloop
  endfacet
  facet normal 0 0 1
    outer loop
      vertex 41.46072353422642 74.30492159724236 3
      vertex 79.01704448391352 4.3 3
      vertex 43.050723530352116 73.0349215939641 3
    endloop
  endfacet
  facet normal 0 0 1
    outer loop
      vertex 41.46072353422642 74.30492159724236 3
      vertex 41.33414840698242 74.4316930770874 3
      vertex 79.01704448391352 4.3 3
    endloop
  endfacet
  facet normal 0 0 1
    outer loop
      vertex 43.143881887197495 72.97074817121029 3
      vertex 79.01704448391352 4.3 3
      vertex 43.30743707716465 72.89765936881304 3
    endloop
  endfacet
  facet normal 0 0 1
    outer loop
      vertex 43.050723530352116 73.0349215939641 3
      vertex 79.01704448391352 4.3 3
      vertex 43.143881887197495 72.97074817121029 3
    endloop
  endfacet
  facet normal 0 0 1
    outer loop
      vertex 43.30743707716465 72.89765936881304 3
      vertex 79.01704448391352 4.3 3
      vertex 45.06743708252907 72.33765937387943 3
    endloop
  endfacet
  facet normal 0 0 1
    outer loop
      vertex 45.06743708252907 72.33765937387943 3
      vertex 79.01704448391352 4.3 3
      vertex 45.1339385509491 72.31961396336555 3
    endloop
  endfacet
  facet normal 0 0 1
    outer loop
      vertex 45.1339385509491 72.31961396336555 3
      vertex 79.01704448391352 4.3 3
      vertex 45.31200500577688 72.30000251531601 3
    endloop
  endfacet
  facet normal 0 0 1
    outer loop
      vertex 45.31200500577688 72.30000251531601 3
      vertex 79.01704448391352 4.3 3
      vertex 49.302005000412464 72.31000251322985 3
    endloop
  endfacet
  facet normal 0 0 1
    outer loop
      vertex 49.41264729201794 72.31797058880329 3
      vertex 49.302005000412464 72.31000251322985 3
      vertex 78.19552722060719 28.3 3
    endloop
  endfacet
  facet normal 0 0 1
    outer loop
      vertex 49.41264729201794 72.31797058880329 3
      vertex 79.01704448391352 52.3 3
      vertex 60.67660565674305 73.92000000178814 3
    endloop
  endfacet
  facet normal 0 0 1
    outer loop
      vertex 49.41264729201794 72.31797058880329 3
      vertex 78.19552722060719 39.7 3
      vertex 78.19552722060719 52.3 3
    endloop
  endfacet
  facet normal 0 0 1
    outer loop
      vertex 49.41264729201794 72.31797058880329 3
      vertex 78.19552722060719 52.3 3
      vertex 79.01704448391352 52.3 3
    endloop
  endfacet
  facet normal 0 0 1
    outer loop
      vertex 60.67660565674305 73.92000000178814 3
      vertex 79.01704448391352 52.3 3
      vertex 63.39000000059605 73.92000000178814 3
    endloop
  endfacet
  facet normal 0 0 1
    outer loop
      vertex 63.39000000059605 73.92000000178814 3
      vertex 79.01704448391352 52.3 3
      vertex 63.499919302761555 73.92758738994598 3
    endloop
  endfacet
  facet normal 0 0 1
    outer loop
      vertex 63.499919302761555 73.92758738994598 3
      vertex 79.01704448391352 52.3 3
      vertex 78.19552722060719 63.7 3
    endloop
  endfacet
  facet normal 0 0 1
    outer loop
      vertex 79.01704448391352 52.3 3
      vertex 79.01704448391352 63.7 3
      vertex 78.19552722060719 63.7 3
    endloop
  endfacet
  facet normal 0 0 1
    outer loop
      vertex 63.499919302761555 73.92758738994598 3
      vertex 78.19552722060719 75.37296745426151 3
      vertex 76.14530318975449 75.68168844282627 3
    endloop
  endfacet
  facet normal 0 0 1
    outer loop
      vertex 63.499919302761555 73.92758738994598 3
      vertex 78.19552722060719 63.7 3
      vertex 78.19552722060719 75.37296745426151 3
    endloop
  endfacet
  facet normal 0.1489005192555689 0.9888521807456472 -4.248356532926733e-15
    outer loop
      vertex 76.14530318975449 75.68168844282627 3
      vertex 78.19552722060719 75.37296745426151 3
      vertex 77.86447745295621 75.42281664634753 2.473137312970082
    endloop
  endfacet
  facet normal 0.5320320765153321 0.8467241992282869 0
    outer loop
      vertex -55.58993266315985 -14.43911352019565 0
      vertex -55.58993266315985 -14.43911352019565 3
      vertex -55.26760235649985 -14.641647075434111 0
    endloop
  endfacet
  facet normal 0.7071067811865546 0.7071067811865406 4.803083024620448e-18
    outer loop
      vertex -55.58993266315985 -14.43911352019565 0
      vertex -55.85911352019565 -14.169932663159846 0
      vertex -55.85911352019565 -14.169932663159846 3
    endloop
  endfacet
  facet normal 0.8467241992282772 0.5320320765153477 2.4127200164371628e-18
    outer loop
      vertex -55.85911352019565 -14.169932663159846 0
      vertex -56.06164707543412 -13.847602356499848 0
      vertex -56.06164707543412 -13.847602356499848 3
    endloop
  endfacet
  facet normal 0.33027906195516976 0.9438833303083667 0
    outer loop
      vertex -55.26760235649985 -14.641647075434111 0
      vertex -55.26760235649985 -14.641647075434111 3
      vertex -54.908285587725736 -14.7673774507091 0
    endloop
  endfacet
  facet normal 0.9438833303083709 0.3302790619551572 -2.5490425286059216e-18
    outer loop
      vertex -56.06164707543412 -13.847602356499848 0
      vertex -56.1873774507091 -13.488285587725734 0
      vertex -56.1873774507091 -13.488285587725734 3
    endloop
  endfacet
  facet normal 0.9937122098932413 0.11196447610331857 -5.74491715238087e-21
    outer loop
      vertex -56.1873774507091 -13.488285587725734 0
      vertex -56.230000000000004 -13.11 0
      vertex -56.230000000000004 -13.11 3
    endloop
  endfacet
  facet normal 0.9937122098932413 -0.11196447610331857 5.74491715238087e-21
    outer loop
      vertex -56.230000000000004 -13.11 0
      vertex -56.1873774507091 -12.731714412274265 0
      vertex -56.1873774507091 -12.731714412274265 3
    endloop
  endfacet
  facet normal 0.9438833303083709 -0.3302790619551572 2.5490425286059216e-18
    outer loop
      vertex -56.1873774507091 -12.731714412274265 0
      vertex -56.06164707543412 -12.37239764350015 0
      vertex -56.06164707543412 -12.37239764350015 3
    endloop
  endfacet
  facet normal 0.8467241992282772 -0.5320320765153477 -2.4127200164371628e-18
    outer loop
      vertex -56.06164707543412 -12.37239764350015 0
      vertex -55.85911352019565 -12.050067336840153 0
      vertex -55.85911352019565 -12.050067336840153 3
    endloop
  endfacet
  facet normal 0.7071067811865546 -0.7071067811865406 -4.803083024620448e-18
    outer loop
      vertex -55.58993266315985 -11.780886479804348 0
      vertex -55.85911352019565 -12.050067336840153 3
      vertex -55.85911352019565 -12.050067336840153 0
    endloop
  endfacet
  facet normal 0.5320320765153321 -0.8467241992282869 0
    outer loop
      vertex -55.26760235649985 -11.578352924565888 0
      vertex -55.26760235649985 -11.578352924565888 3
      vertex -55.58993266315985 -11.780886479804348 0
    endloop
  endfacet
  facet normal 0.33027906195516976 -0.9438833303083667 0
    outer loop
      vertex -54.908285587725736 -11.452622549290899 0
      vertex -54.908285587725736 -11.452622549290899 3
      vertex -55.26760235649985 -11.578352924565888 0
    endloop
  endfacet
  facet normal 0.8467241992282772 0.5320320765153477 0
    outer loop
      vertex -55.85911352019565 -14.169932663159846 0
      vertex -56.06164707543412 -13.847602356499848 3
      vertex -55.85911352019565 -14.169932663159846 3
    endloop
  endfacet
  facet normal 0.7071067811865546 0.7071067811865406 0
    outer loop
      vertex -55.58993266315985 -14.43911352019565 0
      vertex -55.85911352019565 -14.169932663159846 3
      vertex -55.58993266315985 -14.43911352019565 3
    endloop
  endfacet
  facet normal 0.5320320765153321 0.8467241992282869 0
    outer loop
      vertex -55.26760235649985 -14.641647075434111 0
      vertex -55.58993266315985 -14.43911352019565 3
      vertex -55.26760235649985 -14.641647075434111 3
    endloop
  endfacet
  facet normal 0.33027906195516976 0.9438833303083667 0
    outer loop
      vertex -54.908285587725736 -14.7673774507091 0
      vertex -55.26760235649985 -14.641647075434111 3
      vertex -54.908285587725736 -14.7673774507091 3
    endloop
  endfacet
  facet normal 0.9438833303083709 0.3302790619551572 0
    outer loop
      vertex -56.06164707543412 -13.847602356499848 0
      vertex -56.1873774507091 -13.488285587725734 3
      vertex -56.06164707543412 -13.847602356499848 3
    endloop
  endfacet
  facet normal 0.9937122098932413 0.11196447610331857 0
    outer loop
      vertex -56.1873774507091 -13.488285587725734 0
      vertex -56.230000000000004 -13.11 3
      vertex -56.1873774507091 -13.488285587725734 3
    endloop
  endfacet
  facet normal 0.9937122098932413 -0.11196447610331857 0
    outer loop
      vertex -56.230000000000004 -13.11 0
      vertex -56.1873774507091 -12.731714412274265 3
      vertex -56.230000000000004 -13.11 3
    endloop
  endfacet
  facet normal 0.9438833303083709 -0.3302790619551572 0
    outer loop
      vertex -56.1873774507091 -12.731714412274265 0
      vertex -56.06164707543412 -12.37239764350015 3
      vertex -56.1873774507091 -12.731714412274265 3
    endloop
  endfacet
  facet normal 0.8467241992282772 -0.5320320765153477 0
    outer loop
      vertex -56.06164707543412 -12.37239764350015 0
      vertex -55.85911352019565 -12.050067336840153 3
      vertex -56.06164707543412 -12.37239764350015 3
    endloop
  endfacet
  facet normal 0.7071067811865546 -0.7071067811865406 0
    outer loop
      vertex -55.58993266315985 -11.780886479804348 3
      vertex -55.85911352019565 -12.050067336840153 3
      vertex -55.58993266315985 -11.780886479804348 0
    endloop
  endfacet
  facet normal 0.5320320765153321 -0.8467241992282869 0
    outer loop
      vertex -55.58993266315985 -11.780886479804348 0
      vertex -55.26760235649985 -11.578352924565888 3
      vertex -55.58993266315985 -11.780886479804348 3
    endloop
  endfacet
  facet normal 0.33027906195516976 -0.9438833303083667 0
    outer loop
      vertex -55.26760235649985 -11.578352924565888 0
      vertex -54.908285587725736 -11.452622549290899 3
      vertex -55.26760235649985 -11.578352924565888 3
    endloop
  endfacet
  facet normal 0.11196447610330477 0.9937122098932429 0
    outer loop
      vertex -54.908285587725736 -14.7673774507091 0
      vertex -54.908285587725736 -14.7673774507091 3
      vertex -54.53 -14.809999999999999 0
    endloop
  endfacet
  facet normal -0.11196447610330477 0.9937122098932429 0
    outer loop
      vertex -54.53 -14.809999999999999 0
      vertex -54.53 -14.809999999999999 3
      vertex -54.151714412274266 -14.7673774507091 0
    endloop
  endfacet
  facet normal -0.33027906195516976 0.9438833303083667 0
    outer loop
      vertex -54.151714412274266 -14.7673774507091 0
      vertex -54.151714412274266 -14.7673774507091 3
      vertex -53.79239764350015 -14.641647075434111 0
    endloop
  endfacet
  facet normal -0.5320320765153321 0.8467241992282869 0
    outer loop
      vertex -53.79239764350015 -14.641647075434111 0
      vertex -53.79239764350015 -14.641647075434111 3
      vertex -53.47006733684015 -14.43911352019565 0
    endloop
  endfacet
  facet normal -0.7071067811865546 0.7071067811865406 0
    outer loop
      vertex -53.47006733684015 -14.43911352019565 0
      vertex -53.47006733684015 -14.43911352019565 3
      vertex -53.20088647980435 -14.169932663159846 0
    endloop
  endfacet
  facet normal -0.8467241992282772 0.5320320765153477 -2.4127200164371628e-18
    outer loop
      vertex -52.998352924565886 -13.847602356499848 0
      vertex -53.20088647980435 -14.169932663159846 0
      vertex -53.20088647980435 -14.169932663159846 3
    endloop
  endfacet
  facet normal 0.11196447610330477 -0.9937122098932429 0
    outer loop
      vertex -54.53 -11.41 0
      vertex -54.53 -11.41 3
      vertex -54.908285587725736 -11.452622549290899 0
    endloop
  endfacet
  facet normal -0.11196447610330477 -0.9937122098932429 0
    outer loop
      vertex -54.151714412274266 -11.452622549290899 0
      vertex -54.151714412274266 -11.452622549290899 3
      vertex -54.53 -11.41 0
    endloop
  endfacet
  facet normal -0.33027906195516976 -0.9438833303083667 0
    outer loop
      vertex -53.79239764350015 -11.578352924565888 0
      vertex -53.79239764350015 -11.578352924565888 3
      vertex -54.151714412274266 -11.452622549290899 0
    endloop
  endfacet
  facet normal -0.5320320765153321 -0.8467241992282869 3.735100040863027e-18
    outer loop
      vertex -53.79239764350015 -11.578352924565888 0
      vertex -53.47006733684015 -11.780886479804348 0
      vertex -53.47006733684015 -11.780886479804348 3
    endloop
  endfacet
  facet normal -0.9438833303083715 0.33027906195515583 -2.39080052995619e-18
    outer loop
      vertex -52.8726225492909 -13.488285587725732 0
      vertex -52.998352924565886 -13.847602356499848 0
      vertex -52.998352924565886 -13.847602356499848 3
    endloop
  endfacet
  facet normal -0.9438833303083709 -0.3302790619551572 -2.5490425286059216e-18
    outer loop
      vertex -52.998352924565886 -12.37239764350015 0
      vertex -52.8726225492909 -12.731714412274265 0
      vertex -52.8726225492909 -12.731714412274265 3
    endloop
  endfacet
  facet normal -0.9937122098932414 0.11196447610331912 5.442350396455076e-19
    outer loop
      vertex -52.83 -13.11 0
      vertex -52.8726225492909 -13.488285587725732 0
      vertex -52.8726225492909 -13.488285587725732 3
    endloop
  endfacet
  facet normal -0.9937122098932413 -0.11196447610331857 -5.74491715238087e-21
    outer loop
      vertex -52.8726225492909 -12.731714412274265 0
      vertex -52.83 -13.11 0
      vertex -52.83 -13.11 3
    endloop
  endfacet
  facet normal -0.7071067811865546 -0.7071067811865406 4.803083024620448e-18
    outer loop
      vertex -53.47006733684015 -11.780886479804348 0
      vertex -53.20088647980435 -12.050067336840153 0
      vertex -53.20088647980435 -12.050067336840153 3
    endloop
  endfacet
  facet normal -0.8467241992282772 -0.5320320765153477 2.4127200164371628e-18
    outer loop
      vertex -53.20088647980435 -12.050067336840153 0
      vertex -52.998352924565886 -12.37239764350015 0
      vertex -52.998352924565886 -12.37239764350015 3
    endloop
  endfacet
  facet normal 0.11196447610330477 0.9937122098932429 0
    outer loop
      vertex -54.53 -14.809999999999999 0
      vertex -54.908285587725736 -14.7673774507091 3
      vertex -54.53 -14.809999999999999 3
    endloop
  endfacet
  facet normal -0.11196447610330477 0.9937122098932429 0
    outer loop
      vertex -54.151714412274266 -14.7673774507091 0
      vertex -54.53 -14.809999999999999 3
      vertex -54.151714412274266 -14.7673774507091 3
    endloop
  endfacet
  facet normal -0.33027906195516976 0.9438833303083667 0
    outer loop
      vertex -53.79239764350015 -14.641647075434111 0
      vertex -54.151714412274266 -14.7673774507091 3
      vertex -53.79239764350015 -14.641647075434111 3
    endloop
  endfacet
  facet normal -0.5320320765153321 0.8467241992282869 0
    outer loop
      vertex -53.47006733684015 -14.43911352019565 0
      vertex -53.79239764350015 -14.641647075434111 3
      vertex -53.47006733684015 -14.43911352019565 3
    endloop
  endfacet
  facet normal -0.7071067811865546 0.7071067811865406 0
    outer loop
      vertex -53.20088647980435 -14.169932663159846 0
      vertex -53.47006733684015 -14.43911352019565 3
      vertex -53.20088647980435 -14.169932663159846 3
    endloop
  endfacet
  facet normal -0.8467241992282772 0.5320320765153477 0
    outer loop
      vertex -52.998352924565886 -13.847602356499848 0
      vertex -53.20088647980435 -14.169932663159846 3
      vertex -52.998352924565886 -13.847602356499848 3
    endloop
  endfacet
  facet normal 0.11196447610330477 -0.9937122098932429 0
    outer loop
      vertex -54.908285587725736 -11.452622549290899 0
      vertex -54.53 -11.41 3
      vertex -54.908285587725736 -11.452622549290899 3
    endloop
  endfacet
  facet normal -0.11196447610330477 -0.9937122098932429 0
    outer loop
      vertex -54.53 -11.41 0
      vertex -54.151714412274266 -11.452622549290899 3
      vertex -54.53 -11.41 3
    endloop
  endfacet
  facet normal -0.33027906195516976 -0.9438833303083667 0
    outer loop
      vertex -54.151714412274266 -11.452622549290899 0
      vertex -53.79239764350015 -11.578352924565888 3
      vertex -54.151714412274266 -11.452622549290899 3
    endloop
  endfacet
  facet normal -0.5320320765153321 -0.8467241992282869 0
    outer loop
      vertex -53.79239764350015 -11.578352924565888 0
      vertex -53.47006733684015 -11.780886479804348 3
      vertex -53.79239764350015 -11.578352924565888 3
    endloop
  endfacet
  facet normal -0.9438833303083715 0.33027906195515583 0
    outer loop
      vertex -52.8726225492909 -13.488285587725732 0
      vertex -52.998352924565886 -13.847602356499848 3
      vertex -52.8726225492909 -13.488285587725732 3
    endloop
  endfacet
  facet normal -0.9937122098932414 0.11196447610331912 5.442350396455076e-19
    outer loop
      vertex -52.8726225492909 -13.488285587725732 3
      vertex -52.83 -13.11 3
      vertex -52.83 -13.11 0
    endloop
  endfacet
  facet normal -0.9937122098932413 -0.11196447610331857 0
    outer loop
      vertex -52.8726225492909 -12.731714412274265 0
      vertex -52.83 -13.11 3
      vertex -52.8726225492909 -12.731714412274265 3
    endloop
  endfacet
  facet normal -0.7071067811865546 -0.7071067811865406 0
    outer loop
      vertex -53.47006733684015 -11.780886479804348 0
      vertex -53.20088647980435 -12.050067336840153 3
      vertex -53.47006733684015 -11.780886479804348 3
    endloop
  endfacet
  facet normal -0.9438833303083709 -0.3302790619551572 0
    outer loop
      vertex -52.998352924565886 -12.37239764350015 0
      vertex -52.8726225492909 -12.731714412274265 3
      vertex -52.998352924565886 -12.37239764350015 3
    endloop
  endfacet
  facet normal -0.8467241992282772 -0.5320320765153477 0
    outer loop
      vertex -53.20088647980435 -12.050067336840153 0
      vertex -52.998352924565886 -12.37239764350015 3
      vertex -53.20088647980435 -12.050067336840153 3
    endloop
  endfacet
  facet normal 0.7071067811865429 0.7071067811865522 -1.817816733752431e-18
    outer loop
      vertex -29.82993266315985 -58.27911352019565 0
      vertex -30.09911352019565 -58.00993266315985 0
      vertex -30.09911352019565 -58.00993266315985 3
    endloop
  endfacet
  facet normal 0.5320320765153456 0.8467241992282785 0
    outer loop
      vertex -29.82993266315985 -58.27911352019565 0
      vertex -29.82993266315985 -58.27911352019565 3
      vertex -29.50760235649985 -58.48164707543412 0
    endloop
  endfacet
  facet normal 0.3302790619551572 0.9438833303083709 0
    outer loop
      vertex -29.50760235649985 -58.48164707543412 0
      vertex -29.50760235649985 -58.48164707543412 3
      vertex -29.148285587725734 -58.6073774507091 0
    endloop
  endfacet
  facet normal 0.9438833303083681 0.3302790619551656 -2.367893621996347e-18
    outer loop
      vertex -30.30164707543411 -57.68760235649985 0
      vertex -30.4273774507091 -57.32828558772574 0
      vertex -30.4273774507091 -57.32828558772574 3
    endloop
  endfacet
  facet normal 0.8467241992282869 0.5320320765153321 3.735100040863027e-18
    outer loop
      vertex -30.09911352019565 -58.00993266315985 0
      vertex -30.30164707543411 -57.68760235649985 0
      vertex -30.30164707543411 -57.68760235649985 3
    endloop
  endfacet
  facet normal 0.9937122098932424 0.11196447610330937 1.101409118734354e-18
    outer loop
      vertex -30.4273774507091 -57.32828558772574 0
      vertex -30.47 -56.95 0
      vertex -30.47 -56.95 3
    endloop
  endfacet
  facet normal 0.9937122098932424 -0.11196447610330937 -1.101409118734354e-18
    outer loop
      vertex -30.47 -56.95 0
      vertex -30.4273774507091 -56.57171441227427 0
      vertex -30.4273774507091 -56.57171441227427 3
    endloop
  endfacet
  facet normal 0.9438833303083681 -0.3302790619551656 2.367893621996347e-18
    outer loop
      vertex -30.4273774507091 -56.57171441227427 0
      vertex -30.30164707543411 -56.212397643500154 0
      vertex -30.30164707543411 -56.212397643500154 3
    endloop
  endfacet
  facet normal 0.8467241992282869 -0.5320320765153321 -3.735100040863027e-18
    outer loop
      vertex -30.30164707543411 -56.212397643500154 0
      vertex -30.09911352019565 -55.890067336840154 0
      vertex -30.09911352019565 -55.890067336840154 3
    endloop
  endfacet
  facet normal 0.7071067811865429 -0.7071067811865522 1.817816733752431e-18
    outer loop
      vertex -30.09911352019565 -55.890067336840154 0
      vertex -29.82993266315985 -55.620886479804355 0
      vertex -29.82993266315985 -55.620886479804355 3
    endloop
  endfacet
  facet normal 0.5320320765153456 -0.8467241992282785 0
    outer loop
      vertex -29.50760235649985 -55.41835292456589 0
      vertex -29.50760235649985 -55.41835292456589 3
      vertex -29.82993266315985 -55.620886479804355 0
    endloop
  endfacet
  facet normal 0.11196447610331857 0.9937122098932413 0
    outer loop
      vertex -29.148285587725734 -58.6073774507091 0
      vertex -29.148285587725734 -58.6073774507091 3
      vertex -28.77 -58.650000000000006 0
    endloop
  endfacet
  facet normal -0.11196447610331857 0.9937122098932413 5.74491715238087e-21
    outer loop
      vertex -28.391714412274265 -58.6073774507091 0
      vertex -28.77 -58.650000000000006 0
      vertex -28.77 -58.650000000000006 3
    endloop
  endfacet
  facet normal -0.3302790619551552 0.9438833303083718 -2.0210649517555906e-18
    outer loop
      vertex -28.059870699926986 -58.49126031365365 0
      vertex -28.391714412274265 -58.6073774507091 0
      vertex -28.391714412274265 -58.6073774507091 3
    endloop
  endfacet
  facet normal 0.3302790619551572 -0.9438833303083709 0
    outer loop
      vertex -29.148285587725734 -55.292622549290904 0
      vertex -29.148285587725734 -55.292622549290904 3
      vertex -29.50760235649985 -55.41835292456589 0
    endloop
  endfacet
  facet normal 0.11196447610331857 -0.9937122098932413 0
    outer loop
      vertex -28.77 -55.25 0
      vertex -28.77 -55.25 3
      vertex -29.148285587725734 -55.292622549290904 0
    endloop
  endfacet
  facet normal -0.11196447610331857 -0.9937122098932413 0
    outer loop
      vertex -28.391714412274265 -55.292622549290904 0
      vertex -28.391714412274265 -55.292622549290904 3
      vertex -28.77 -55.25 0
    endloop
  endfacet
  facet normal -0.3302790619551572 -0.9438833303083709 -2.5490425286059216e-18
    outer loop
      vertex -28.391714412274265 -55.292622549290904 0
      vertex -28.03239764350015 -55.41835292456589 0
      vertex -28.03239764350015 -55.41835292456589 3
    endloop
  endfacet
  facet normal -0.5320320765153498 -0.8467241992282759 1.4927705370810594e-18
    outer loop
      vertex -28.03239764350015 -55.41835292456589 0
      vertex -27.710067336840154 -55.620886479804355 0
      vertex -27.710067336840154 -55.620886479804355 3
    endloop
  endfacet
  facet normal -0.7071067811865382 -0.7071067811865569 0
    outer loop
      vertex -27.440886479804348 -55.890067336840154 0
      vertex -27.440886479804348 -55.890067336840154 3
      vertex -27.710067336840154 -55.620886479804355 0
    endloop
  endfacet
  facet normal -0.9438833303083668 -0.33027906195516926 0
    outer loop
      vertex -27.186597420605885 -56.36030637604399 0
      vertex -27.186597420605885 -56.36030637604399 3
      vertex -27.238352924565888 -56.212397643500154 0
    endloop
  endfacet
  facet normal -0.8467241992282869 -0.5320320765153321 3.735100040863027e-18
    outer loop
      vertex -27.440886479804348 -55.890067336840154 0
      vertex -27.238352924565888 -56.212397643500154 0
      vertex -27.238352924565888 -56.212397643500154 3
    endloop
  endfacet
  facet normal 0.5320320765153456 0.8467241992282785 0
    outer loop
      vertex -29.50760235649985 -58.48164707543412 0
      vertex -29.82993266315985 -58.27911352019565 3
      vertex -29.50760235649985 -58.48164707543412 3
    endloop
  endfacet
  facet normal 0.7071067811865429 0.7071067811865522 0
    outer loop
      vertex -29.82993266315985 -58.27911352019565 0
      vertex -30.09911352019565 -58.00993266315985 3
      vertex -29.82993266315985 -58.27911352019565 3
    endloop
  endfacet
  facet normal 0.9438833303083681 0.3302790619551656 0
    outer loop
      vertex -30.30164707543411 -57.68760235649985 0
      vertex -30.4273774507091 -57.32828558772574 3
      vertex -30.30164707543411 -57.68760235649985 3
    endloop
  endfacet
  facet normal 0.8467241992282869 0.5320320765153321 0
    outer loop
      vertex -30.09911352019565 -58.00993266315985 0
      vertex -30.30164707543411 -57.68760235649985 3
      vertex -30.09911352019565 -58.00993266315985 3
    endloop
  endfacet
  facet normal 0.9937122098932424 0.11196447610330937 0
    outer loop
      vertex -30.4273774507091 -57.32828558772574 0
      vertex -30.47 -56.95 3
      vertex -30.4273774507091 -57.32828558772574 3
    endloop
  endfacet
  facet normal 0.9937122098932424 -0.11196447610330937 0
    outer loop
      vertex -30.47 -56.95 0
      vertex -30.4273774507091 -56.57171441227427 3
      vertex -30.47 -56.95 3
    endloop
  endfacet
  facet normal 0.9438833303083681 -0.3302790619551656 0
    outer loop
      vertex -30.4273774507091 -56.57171441227427 0
      vertex -30.30164707543411 -56.212397643500154 3
      vertex -30.4273774507091 -56.57171441227427 3
    endloop
  endfacet
  facet normal 0.8467241992282869 -0.5320320765153321 0
    outer loop
      vertex -30.30164707543411 -56.212397643500154 0
      vertex -30.09911352019565 -55.890067336840154 3
      vertex -30.30164707543411 -56.212397643500154 3
    endloop
  endfacet
  facet normal 0.7071067811865429 -0.7071067811865522 0
    outer loop
      vertex -30.09911352019565 -55.890067336840154 0
      vertex -29.82993266315985 -55.620886479804355 3
      vertex -30.09911352019565 -55.890067336840154 3
    endloop
  endfacet
  facet normal 0.5320320765153456 -0.8467241992282785 0
    outer loop
      vertex -29.82993266315985 -55.620886479804355 0
      vertex -29.50760235649985 -55.41835292456589 3
      vertex -29.82993266315985 -55.620886479804355 3
    endloop
  endfacet
  facet normal 0.3302790619551572 -0.9438833303083709 0
    outer loop
      vertex -29.50760235649985 -55.41835292456589 0
      vertex -29.148285587725734 -55.292622549290904 3
      vertex -29.50760235649985 -55.41835292456589 3
    endloop
  endfacet
  facet normal 0.3302790619551572 0.9438833303083709 0
    outer loop
      vertex -29.148285587725734 -58.6073774507091 0
      vertex -29.50760235649985 -58.48164707543412 3
      vertex -29.148285587725734 -58.6073774507091 3
    endloop
  endfacet
  facet normal 0.11196447610331857 0.9937122098932413 -5.74491715238087e-21
    outer loop
      vertex -29.148285587725734 -58.6073774507091 3
      vertex -28.77 -58.650000000000006 3
      vertex -28.77 -58.650000000000006 0
    endloop
  endfacet
  facet normal -0.11196447610331857 0.9937122098932413 0
    outer loop
      vertex -28.391714412274265 -58.6073774507091 0
      vertex -28.77 -58.650000000000006 3
      vertex -28.391714412274265 -58.6073774507091 3
    endloop
  endfacet
  facet normal -0.3302790619551552 0.9438833303083718 0
    outer loop
      vertex -28.059870699926986 -58.49126031365365 3
      vertex -28.059870699926986 -58.49126031365365 0
      vertex -28.391714412274265 -58.6073774507091 3
    endloop
  endfacet
  facet normal 0.11196447610331857 -0.9937122098932413 0
    outer loop
      vertex -29.148285587725734 -55.292622549290904 0
      vertex -28.77 -55.25 3
      vertex -29.148285587725734 -55.292622549290904 3
    endloop
  endfacet
  facet normal -0.11196447610331857 -0.9937122098932413 0
    outer loop
      vertex -28.77 -55.25 0
      vertex -28.391714412274265 -55.292622549290904 3
      vertex -28.77 -55.25 3
    endloop
  endfacet
  facet normal -0.3302790619551572 -0.9438833303083709 0
    outer loop
      vertex -28.391714412274265 -55.292622549290904 0
      vertex -28.03239764350015 -55.41835292456589 3
      vertex -28.391714412274265 -55.292622549290904 3
    endloop
  endfacet
  facet normal -0.7071067811865382 -0.7071067811865569 0
    outer loop
      vertex -27.710067336840154 -55.620886479804355 0
      vertex -27.440886479804348 -55.890067336840154 3
      vertex -27.710067336840154 -55.620886479804355 3
    endloop
  endfacet
  facet normal -0.9438833303083668 -0.33027906195516926 0
    outer loop
      vertex -27.238352924565888 -56.212397643500154 0
      vertex -27.186597420605885 -56.36030637604399 3
      vertex -27.238352924565888 -56.212397643500154 3
    endloop
  endfacet
  facet normal -0.8467241992282869 -0.5320320765153321 3.735100040863027e-18
    outer loop
      vertex -27.238352924565888 -56.212397643500154 3
      vertex -27.440886479804348 -55.890067336840154 3
      vertex -27.440886479804348 -55.890067336840154 0
    endloop
  endfacet
  facet normal -0.5320320765153498 -0.8467241992282759 1.4927705370810594e-18
    outer loop
      vertex -27.710067336840154 -55.620886479804355 3
      vertex -28.03239764350015 -55.41835292456589 3
      vertex -28.03239764350015 -55.41835292456589 0
    endloop
  endfacet
  facet normal -0.11196447610332133 0.993712209893241 0
    outer loop
      vertex -47.164489561892154 59.41625452425675 0
      vertex -47.164489561892154 59.41625452425675 3
      vertex -46.841714412274264 59.4526225492909 0
    endloop
  endfacet
  facet normal -0.3302790619551572 0.9438833303083709 0
    outer loop
      vertex -46.841714412274264 59.4526225492909 0
      vertex -46.841714412274264 59.4526225492909 3
      vertex -46.48239764350015 59.578352924565884 0
    endloop
  endfacet
  facet normal -0.5320320765153456 0.8467241992282785 0
    outer loop
      vertex -46.48239764350015 59.578352924565884 0
      vertex -46.48239764350015 59.578352924565884 3
      vertex -46.16006733684015 59.78088647980435 0
    endloop
  endfacet
  facet normal -0.7071067811865476 0.7071067811865476 0
    outer loop
      vertex -46.16006733684015 59.78088647980435 0
      vertex -46.16006733684015 59.78088647980435 3
      vertex -45.89088647980435 60.05006733684015 0
    endloop
  endfacet
  facet normal -0.8467241992282785 0.5320320765153456 -3.3326694957932585e-18
    outer loop
      vertex -45.68835292456588 60.37239764350015 0
      vertex -45.89088647980435 60.05006733684015 0
      vertex -45.89088647980435 60.05006733684015 3
    endloop
  endfacet
  facet normal -0.9438833303083709 0.3302790619551572 2.5490425286059216e-18
    outer loop
      vertex -45.5626225492909 60.731714412274265 0
      vertex -45.68835292456588 60.37239764350015 0
      vertex -45.68835292456588 60.37239764350015 3
    endloop
  endfacet
  facet normal -0.9937122098932413 0.11196447610331857 5.74491715238087e-21
    outer loop
      vertex -45.519999999999996 61.11 0
      vertex -45.5626225492909 60.731714412274265 0
      vertex -45.5626225492909 60.731714412274265 3
    endloop
  endfacet
  facet normal -0.9937122098932413 -0.11196447610331857 -5.74491715238087e-21
    outer loop
      vertex -45.5626225492909 61.488285587725734 0
      vertex -45.519999999999996 61.11 0
      vertex -45.519999999999996 61.11 3
    endloop
  endfacet
  facet normal -0.9438833303083709 -0.3302790619551572 -2.5490425286059216e-18
    outer loop
      vertex -45.68835292456588 61.84760235649985 0
      vertex -45.5626225492909 61.488285587725734 0
      vertex -45.5626225492909 61.488285587725734 3
    endloop
  endfacet
  facet normal -0.8467241992282785 -0.5320320765153456 3.3326694957932585e-18
    outer loop
      vertex -45.89088647980435 62.16993266315985 0
      vertex -45.68835292456588 61.84760235649985 0
      vertex -45.68835292456588 61.84760235649985 3
    endloop
  endfacet
  facet normal -0.3302790619551572 -0.9438833303083709 0
    outer loop
      vertex -46.48239764350015 62.641647075434115 0
      vertex -46.48239764350015 62.641647075434115 3
      vertex -46.841714412274264 62.7673774507091 0
    endloop
  endfacet
  facet normal -0.11196447610332225 -0.9937122098932409 0
    outer loop
      vertex -46.841714412274264 62.7673774507091 0
      vertex -46.841714412274264 62.7673774507091 3
      vertex -47.16294777017794 62.803571757538094 0
    endloop
  endfacet
  facet normal -0.5320320765153456 -0.8467241992282785 0
    outer loop
      vertex -46.16006733684015 62.43911352019565 0
      vertex -46.16006733684015 62.43911352019565 3
      vertex -46.48239764350015 62.641647075434115 0
    endloop
  endfacet
  facet normal -0.7071067811865476 -0.7071067811865476 -2.907838476954141e-18
    outer loop
      vertex -46.16006733684015 62.43911352019565 0
      vertex -45.89088647980435 62.16993266315985 0
      vertex -45.89088647980435 62.16993266315985 3
    endloop
  endfacet
  facet normal -0.11196447610332133 0.993712209893241 0
    outer loop
      vertex -46.841714412274264 59.4526225492909 0
      vertex -47.164489561892154 59.41625452425675 3
      vertex -46.841714412274264 59.4526225492909 3
    endloop
  endfacet
  facet normal -0.3302790619551572 0.9438833303083709 0
    outer loop
      vertex -46.48239764350015 59.578352924565884 0
      vertex -46.841714412274264 59.4526225492909 3
      vertex -46.48239764350015 59.578352924565884 3
    endloop
  endfacet
  facet normal -0.5320320765153456 0.8467241992282785 0
    outer loop
      vertex -46.16006733684015 59.78088647980435 0
      vertex -46.48239764350015 59.578352924565884 3
      vertex -46.16006733684015 59.78088647980435 3
    endloop
  endfacet
  facet normal -0.7071067811865476 0.7071067811865476 0
    outer loop
      vertex -45.89088647980435 60.05006733684015 0
      vertex -46.16006733684015 59.78088647980435 3
      vertex -45.89088647980435 60.05006733684015 3
    endloop
  endfacet
  facet normal -0.8467241992282785 0.5320320765153456 0
    outer loop
      vertex -45.68835292456588 60.37239764350015 0
      vertex -45.89088647980435 60.05006733684015 3
      vertex -45.68835292456588 60.37239764350015 3
    endloop
  endfacet
  facet normal -0.9438833303083709 0.3302790619551572 0
    outer loop
      vertex -45.5626225492909 60.731714412274265 0
      vertex -45.68835292456588 60.37239764350015 3
      vertex -45.5626225492909 60.731714412274265 3
    endloop
  endfacet
  facet normal -0.9937122098932413 0.11196447610331857 0
    outer loop
      vertex -45.519999999999996 61.11 0
      vertex -45.5626225492909 60.731714412274265 3
      vertex -45.519999999999996 61.11 3
    endloop
  endfacet
  facet normal -0.9937122098932413 -0.11196447610331857 0
    outer loop
      vertex -45.5626225492909 61.488285587725734 0
      vertex -45.519999999999996 61.11 3
      vertex -45.5626225492909 61.488285587725734 3
    endloop
  endfacet
  facet normal -0.9438833303083709 -0.3302790619551572 0
    outer loop
      vertex -45.68835292456588 61.84760235649985 0
      vertex -45.5626225492909 61.488285587725734 3
      vertex -45.68835292456588 61.84760235649985 3
    endloop
  endfacet
  facet normal -0.8467241992282785 -0.5320320765153456 0
    outer loop
      vertex -45.89088647980435 62.16993266315985 0
      vertex -45.68835292456588 61.84760235649985 3
      vertex -45.89088647980435 62.16993266315985 3
    endloop
  endfacet
  facet normal -0.3302790619551572 -0.9438833303083709 0
    outer loop
      vertex -46.841714412274264 62.7673774507091 0
      vertex -46.48239764350015 62.641647075434115 3
      vertex -46.841714412274264 62.7673774507091 3
    endloop
  endfacet
  facet normal -0.11196447610332225 -0.9937122098932409 0
    outer loop
      vertex -47.16294777017794 62.803571757538094 0
      vertex -46.841714412274264 62.7673774507091 3
      vertex -47.16294777017794 62.803571757538094 3
    endloop
  endfacet
  facet normal -0.5320320765153456 -0.8467241992282785 0
    outer loop
      vertex -46.48239764350015 62.641647075434115 0
      vertex -46.16006733684015 62.43911352019565 3
      vertex -46.48239764350015 62.641647075434115 3
    endloop
  endfacet
  facet normal -0.7071067811865476 -0.7071067811865476 0
    outer loop
      vertex -46.16006733684015 62.43911352019565 0
      vertex -45.89088647980435 62.16993266315985 3
      vertex -46.16006733684015 62.43911352019565 3
    endloop
  endfacet
  facet normal 0.9999998964119619 -0.00045516597600286403 7.252641092059268e-21
    outer loop
      vertex -47.163386392838596 61.83991753391695 3
      vertex -47.16294777017794 62.803571757538094 0
      vertex -47.16294777017794 62.803571757538094 3
    endloop
  endfacet
  facet normal 0 -1 0
    outer loop
      vertex 81.88739533021842 4.3 -4.874639560909118
      vertex 83 4.3 -5
      vertex 80.8305813044122 4.3 -4.504844339512096
    endloop
  endfacet
  facet normal 0 -1 0
    outer loop
      vertex 80.8305813044122 4.3 -4.504844339512096
      vertex 83 4.3 -5
      vertex 84.11260466978158 4.3 -4.874639560909118
    endloop
  endfacet
  facet normal 0 -1 0
    outer loop
      vertex 80.8305813044122 4.3 -4.504844339512096
      vertex 84.11260466978158 4.3 -4.874639560909118
      vertex 79.88255099070633 4.3 -3.9091574123401482
    endloop
  endfacet
  facet normal 0 -1 0
    outer loop
      vertex 84.11260466978158 4.3 -4.874639560909118
      vertex 85.1694186955878 4.3 -4.504844339512096
      vertex 79.88255099070633 4.3 -3.9091574123401482
    endloop
  endfacet
  facet normal 0 -1 0
    outer loop
      vertex 79.88255099070633 4.3 -3.9091574123401482
      vertex 85.1694186955878 4.3 -4.504844339512096
      vertex 79.09084258765985 4.3 -3.1174490092936686
    endloop
  endfacet
  facet normal 0 -1 0
    outer loop
      vertex 86.11744900929367 4.3 -3.909157412340149
      vertex 79.09084258765985 4.3 -3.1174490092936686
      vertex 85.1694186955878 4.3 -4.504844339512096
    endloop
  endfacet
  facet normal 0 -1 0
    outer loop
      vertex 79.09084258765985 4.3 -3.1174490092936686
      vertex 86.11744900929367 4.3 -3.909157412340149
      vertex 78.49515566048791 4.3 -2.169418695587791
    endloop
  endfacet
  facet normal 0 -1 0
    outer loop
      vertex 86.90915741234015 4.3 -3.1174490092936673
      vertex 78.49515566048791 4.3 -2.169418695587791
      vertex 86.11744900929367 4.3 -3.909157412340149
    endloop
  endfacet
  facet normal 0 -1 0
    outer loop
      vertex 78.49515566048791 4.3 -2.169418695587791
      vertex 86.90915741234015 4.3 -3.1174490092936673
      vertex 78.12536043909088 4.3 -1.1126046697815724
    endloop
  endfacet
  facet normal 0 -1 0
    outer loop
      vertex 87.50484433951209 4.3 -2.1694186955877908
      vertex 78.12536043909088 4.3 -1.1126046697815724
      vertex 86.90915741234015 4.3 -3.1174490092936673
    endloop
  endfacet
  facet normal 0 -1 0
    outer loop
      vertex 78.12536043909088 4.3 -1.1126046697815724
      vertex 87.50484433951209 4.3 -2.1694186955877908
      vertex 83 4.3 -1.1
    endloop
  endfacet
  facet normal 0 -1 0
    outer loop
      vertex 87.50484433951209 4.3 -2.1694186955877908
      vertex 83.24477302735194 4.3 -1.0724207034000062
      vertex 83 4.3 -1.1
    endloop
  endfacet
  facet normal 0 -1 0
    outer loop
      vertex 87.50484433951209 4.3 -2.1694186955877908
      vertex 83.47727211302931 4.3 -0.9910657546926611
      vertex 83.24477302735194 4.3 -1.0724207034000062
    endloop
  endfacet
  facet normal 0 -1 0
    outer loop
      vertex 87.50484433951209 4.3 -2.1694186955877908
      vertex 83.68583878204461 4.3 -0.8600146307148329
      vertex 83.47727211302931 4.3 -0.9910657546926611
    endloop
  endfacet
  facet normal 0 -1 0
    outer loop
      vertex 82.75522697264806 4.3 -1.0724207034000062
      vertex 78.12536043909088 4.3 -1.1126046697815724
      vertex 83 4.3 -1.1
    endloop
  endfacet
  facet normal 0 -1 0
    outer loop
      vertex 78.12536043909088 4.3 -1.1126046697815724
      vertex 82.75522697264806 4.3 -1.0724207034000062
      vertex 82.52272788697069 4.3 -0.9910657546926611
    endloop
  endfacet
  facet normal 0 -1 0
    outer loop
      vertex 78.12536043909088 4.3 -1.1126046697815724
      vertex 82.52272788697069 4.3 -0.9910657546926611
      vertex 82.31416121795539 4.3 -0.8600146307148328
    endloop
  endfacet
  facet normal 0 -1 0
    outer loop
      vertex 78.12536043909088 4.3 -1.1126046697815724
      vertex 82.31416121795539 4.3 -0.8600146307148328
      vertex 82.13998536928517 4.3 -0.6858387820446071
    endloop
  endfacet
  facet normal 0 -1 0
    outer loop
      vertex 87.50484433951209 4.3 -2.1694186955877908
      vertex 83.86001463071483 4.3 -0.6858387820446069
      vertex 83.68583878204461 4.3 -0.8600146307148329
    endloop
  endfacet
  facet normal 0 -1 0
    outer loop
      vertex 87.50484433951209 4.3 -2.1694186955877908
      vertex 83.99106575469266 4.3 -0.477272113029314
      vertex 83.86001463071483 4.3 -0.6858387820446069
    endloop
  endfacet
  facet normal 0 -1 0
    outer loop
      vertex 84.07242070340001 4.3 -0.24477302735194587
      vertex 83.99106575469266 4.3 -0.477272113029314
      vertex 87.50484433951209 4.3 -2.1694186955877908
    endloop
  endfacet
  facet normal 0 -1 0
    outer loop
      vertex 87.50484433951209 4.3 -2.1694186955877908
      vertex 87.87463956090912 4.3 -1.112604669781572
      vertex 84.07242070340001 4.3 -0.24477302735194587
    endloop
  endfacet
  facet normal 0 -1 0
    outer loop
      vertex 78.12536043909088 4.3 -1.1126046697815724
      vertex 82.13998536928517 4.3 -0.6858387820446071
      vertex 78 4.3 0
    endloop
  endfacet
  facet normal 0 -1 0
    outer loop
      vertex 82.00893424530734 4.3 -0.4772721130293141
      vertex 78 4.3 0
      vertex 82.13998536928517 4.3 -0.6858387820446071
    endloop
  endfacet
  facet normal 0 -1 0
    outer loop
      vertex 81.92757929659999 4.3 -0.24477302735194595
      vertex 78 4.3 0
      vertex 82.00893424530734 4.3 -0.4772721130293141
    endloop
  endfacet
  facet normal 0 -1 0
    outer loop
      vertex 81.9 4.3 0
      vertex 78 4.3 0
      vertex 81.92757929659999 4.3 -0.24477302735194595
    endloop
  endfacet
  facet normal 0 -1 0
    outer loop
      vertex 84.07242070340001 4.3 -0.24477302735194587
      vertex 87.87463956090912 4.3 -1.112604669781572
      vertex 84.1 4.3 0
    endloop
  endfacet
  facet normal 0 -1 0
    outer loop
      vertex 87.87463956090912 4.3 -1.112604669781572
      vertex 88 4.3 0
      vertex 84.1 4.3 0
    endloop
  endfacet
  facet normal 0.9937122098932425 0 -0.1119644761033086
    outer loop
      vertex 77.4429109005636 -8.3 1.2683693235509925
      vertex 77.3 -8.3 0
      vertex 77.4429109005636 4.3 1.2683693235509925
    endloop
  endfacet
  facet normal 0.9937122098932425 -5.519366778768522e-19 -0.1119644761033086
    outer loop
      vertex 77.4429109005636 4.3 1.2683693235509925
      vertex 77.3 -8.3 0
      vertex 77.3 4.3 0
    endloop
  endfacet
  facet normal 0 -1 0
    outer loop
      vertex 77.4429109005636 4.3 1.2683693235509925
      vertex 77.3 4.3 0
      vertex 78 4.3 0
    endloop
  endfacet
  facet normal 0 1 0
    outer loop
      vertex 81.92757929659999 -8.3 0.24477302735194595
      vertex 81.9 -8.3 0
      vertex 77.3 -8.3 0
    endloop
  endfacet
  facet normal 0 1 0
    outer loop
      vertex 81.92757929659999 -8.3 0.24477302735194595
      vertex 77.3 -8.3 0
      vertex 82.00893424530734 -8.3 0.4772721130293141
    endloop
  endfacet
  facet normal 0 1 0
    outer loop
      vertex 82.00893424530734 -8.3 0.4772721130293141
      vertex 77.3 -8.3 0
      vertex 82.13998536928517 -8.3 0.6858387820446071
    endloop
  endfacet
  facet normal 0 1 0
    outer loop
      vertex 77.4429109005636 -8.3 1.2683693235509925
      vertex 82.13998536928517 -8.3 0.6858387820446071
      vertex 77.3 -8.3 0
    endloop
  endfacet
  facet normal 0 -1 0
    outer loop
      vertex 77.4429109005636 4.3 1.2683693235509925
      vertex 78 4.3 0
      vertex 81.9 4.3 0
    endloop
  endfacet
  facet normal 0 -1 0
    outer loop
      vertex 77.4429109005636 4.3 1.2683693235509925
      vertex 81.9 4.3 0
      vertex 81.92757929659999 4.3 0.24477302735194595
    endloop
  endfacet
  facet normal 0 -1 0
    outer loop
      vertex 84.07242070340001 4.3 0.2447730273519454
      vertex 84.1 4.3 0
      vertex 88 4.3 0
    endloop
  endfacet
  facet normal 0 -1 0
    outer loop
      vertex 83.99106575469266 4.3 0.4772721130293141
      vertex 84.07242070340001 4.3 0.2447730273519454
      vertex 88 4.3 0
    endloop
  endfacet
  facet normal 0 -1 0
    outer loop
      vertex 83.99106575469266 4.3 0.4772721130293141
      vertex 88 4.3 0
      vertex 83.86001463071483 4.3 0.6858387820446068
    endloop
  endfacet
  facet normal 0 -1 0
    outer loop
      vertex 87.87463956090912 4.3 1.11260466978157
      vertex 83.86001463071483 4.3 0.6858387820446068
      vertex 88 4.3 0
    endloop
  endfacet
  facet normal 0 -1 0
    outer loop
      vertex 77.4429109005636 4.3 1.2683693235509925
      vertex 81.92757929659999 4.3 0.24477302735194595
      vertex 82.00893424530734 4.3 0.4772721130293141
    endloop
  endfacet
  facet normal 0 -1 0
    outer loop
      vertex 77.4429109005636 4.3 1.2683693235509925
      vertex 82.00893424530734 4.3 0.4772721130293141
      vertex 82.13998536928517 4.3 0.6858387820446071
    endloop
  endfacet
  facet normal 0 -1 0
    outer loop
      vertex 77.4429109005636 4.3 1.2683693235509925
      vertex 82.13998536928517 4.3 0.6858387820446071
      vertex 82.31416121795539 4.3 0.8600146307148328
    endloop
  endfacet
  facet normal 0 -1 0
    outer loop
      vertex 77.4429109005636 4.3 1.2683693235509925
      vertex 82.31416121795539 4.3 0.8600146307148328
      vertex 82.52272788697069 4.3 0.991065754692661
    endloop
  endfacet
  facet normal 0 -1 0
    outer loop
      vertex 77.4429109005636 4.3 1.2683693235509925
      vertex 82.52272788697069 4.3 0.991065754692661
      vertex 82.75522697264806 4.3 1.0724207034000062
    endloop
  endfacet
  facet normal 0 -1 0
    outer loop
      vertex 77.4429109005636 4.3 1.2683693235509925
      vertex 82.75522697264806 4.3 1.0724207034000062
      vertex 83 4.3 1.1
    endloop
  endfacet
  facet normal 0 -1 0
    outer loop
      vertex 77.4429109005636 4.3 1.2683693235509925
      vertex 83 4.3 1.1
      vertex 87.87463956090912 4.3 1.11260466978157
    endloop
  endfacet
  facet normal 0 -1 0
    outer loop
      vertex 83.86001463071483 4.3 0.6858387820446068
      vertex 87.87463956090912 4.3 1.11260466978157
      vertex 83.68583878204461 4.3 0.860014630714833
    endloop
  endfacet
  facet normal 0 -1 0
    outer loop
      vertex 83.47727211302931 4.3 0.991065754692661
      vertex 83.68583878204461 4.3 0.860014630714833
      vertex 87.87463956090912 4.3 1.11260466978157
    endloop
  endfacet
  facet normal 0 -1 0
    outer loop
      vertex 83.47727211302931 4.3 0.991065754692661
      vertex 87.87463956090912 4.3 1.11260466978157
      vertex 83.24477302735194 4.3 1.0724207034000062
    endloop
  endfacet
  facet normal 0 -1 0
    outer loop
      vertex 83 4.3 1.1
      vertex 83.24477302735194 4.3 1.0724207034000062
      vertex 87.87463956090912 4.3 1.11260466978157
    endloop
  endfacet
  facet normal 0.9438833303083677 2.7986267570662307e-18 -0.3302790619551665
    outer loop
      vertex 77.4429109005636 -8.3 1.2683693235509925
      vertex 77.86447745295621 4.3 2.473137312970082
      vertex 77.86447745295621 -8.3 2.473137312970082
    endloop
  endfacet
  facet normal 0.9438833303083677 0 -0.3302790619551665
    outer loop
      vertex 77.4429109005636 -8.3 1.2683693235509925
      vertex 77.4429109005636 4.3 1.2683693235509925
      vertex 77.86447745295621 4.3 2.473137312970082
    endloop
  endfacet
  facet normal 0 1 0
    outer loop
      vertex 82.13998536928517 -8.3 0.6858387820446071
      vertex 82.23353776338975 -8.3 3
      vertex 82.23353776338975 -8.3 0.7793911761491916
    endloop
  endfacet
  facet normal 0 1 0
    outer loop
      vertex 77.4429109005636 -8.3 1.2683693235509925
      vertex 82.23353776338975 -8.3 3
      vertex 82.13998536928517 -8.3 0.6858387820446071
    endloop
  endfacet
  facet normal 0 1 0
    outer loop
      vertex 77.4429109005636 -8.3 1.2683693235509925
      vertex 77.86447745295621 -8.3 2.473137312970082
      vertex 82.23353776338975 -8.3 3
    endloop
  endfacet
  facet normal 0 -1 0
    outer loop
      vertex 77.4429109005636 4.3 1.2683693235509925
      vertex 87.87463956090912 4.3 1.11260466978157
      vertex 77.86447745295621 4.3 2.473137312970082
    endloop
  endfacet
  facet normal 0 -1 0
    outer loop
      vertex 77.86447745295621 4.3 2.473137312970082
      vertex 87.87463956090912 4.3 1.11260466978157
      vertex 87.50484433951209 4.3 2.169418695587791
    endloop
  endfacet
  facet normal 0 1 0
    outer loop
      vertex 77.86447745295621 -8.3 2.473137312970082
      vertex 78.19552722060719 -8.3 3
      vertex 82.23353776338975 -8.3 3
    endloop
  endfacet
  facet normal 0.846724199228276 9.557992049749677e-16 -0.5320320765153496
    outer loop
      vertex 77.86447745295621 -8.3 2.473137312970082
      vertex 78.19552722060718 4.3 3
      vertex 78.19552722060719 -8.3 3
    endloop
  endfacet
  facet normal 0.8467241992282863 0 -0.5320320765153331
    outer loop
      vertex 77.86447745295621 -8.3 2.473137312970082
      vertex 77.86447745295621 4.3 2.473137312970082
      vertex 78.19552722060718 4.3 3
    endloop
  endfacet
  facet normal 0 -1 0
    outer loop
      vertex 77.86447745295621 4.3 2.473137312970082
      vertex 87.50484433951209 4.3 2.169418695587791
      vertex 78.19552722060718 4.3 3
    endloop
  endfacet
  facet normal 0 -1 0
    outer loop
      vertex 79.01704448391352 4.3 3
      vertex 78.19552722060718 4.3 3
      vertex 87.50484433951209 4.3 2.169418695587791
    endloop
  endfacet
  facet normal 0 -1 0
    outer loop
      vertex 79.09084258765985 4.3 3.1174490092936686
      vertex 79.01704448391352 4.3 3
      vertex 87.50484433951209 4.3 2.169418695587791
    endloop
  endfacet
  facet normal 0 -1 0
    outer loop
      vertex 79.09084258765985 4.3 3.1174490092936686
      vertex 87.50484433951209 4.3 2.169418695587791
      vertex 79.88255099070633 4.3 3.9091574123401482
    endloop
  endfacet
  facet normal 0 -1 0
    outer loop
      vertex 86.90915741234015 4.3 3.117449009293667
      vertex 79.88255099070633 4.3 3.9091574123401482
      vertex 87.50484433951209 4.3 2.169418695587791
    endloop
  endfacet
  facet normal 0 -1 0
    outer loop
      vertex 79.88255099070633 4.3 3.9091574123401482
      vertex 86.90915741234015 4.3 3.117449009293667
      vertex 80.8305813044122 4.3 4.504844339512095
    endloop
  endfacet
  facet normal 0 -1 0
    outer loop
      vertex 86.11744900929367 4.3 3.9091574123401496
      vertex 80.8305813044122 4.3 4.504844339512095
      vertex 86.90915741234015 4.3 3.117449009293667
    endloop
  endfacet
  facet normal 0 -1 0
    outer loop
      vertex 80.8305813044122 4.3 4.504844339512095
      vertex 86.11744900929367 4.3 3.9091574123401496
      vertex 81.88739533021842 4.3 4.874639560909118
    endloop
  endfacet
  facet normal 0 -1 0
    outer loop
      vertex 81.88739533021842 4.3 4.874639560909118
      vertex 86.11744900929367 4.3 3.9091574123401496
      vertex 85.1694186955878 4.3 4.504844339512095
    endloop
  endfacet
  facet normal 0 -1 0
    outer loop
      vertex 81.88739533021842 4.3 4.874639560909118
      vertex 85.1694186955878 4.3 4.504844339512095
      vertex 83 4.3 5
    endloop
  endfacet
  facet normal 0 -1 0
    outer loop
      vertex 84.11260466978158 4.3 4.874639560909118
      vertex 83 4.3 5
      vertex 85.1694186955878 4.3 4.504844339512095
    endloop
  endfacet
  facet normal 0 1 0
    outer loop
      vertex 81.88739533021842 15.7 -4.874639560909118
      vertex 85.1694186955878 15.7 -4.504844339512096
      vertex 83 15.7 -5
    endloop
  endfacet
  facet normal 0 1 0
    outer loop
      vertex 84.11260466978158 15.7 -4.874639560909118
      vertex 83 15.7 -5
      vertex 85.1694186955878 15.7 -4.504844339512096
    endloop
  endfacet
  facet normal 0 1 0
    outer loop
      vertex 81.88739533021842 15.7 -4.874639560909118
      vertex 80.8305813044122 15.7 -4.504844339512096
      vertex 86.11744900929367 15.7 -3.909157412340149
    endloop
  endfacet
  facet normal 0 1 0
    outer loop
      vertex 81.88739533021842 15.7 -4.874639560909118
      vertex 86.11744900929367 15.7 -3.909157412340149
      vertex 85.1694186955878 15.7 -4.504844339512096
    endloop
  endfacet
  facet normal 0 1 0
    outer loop
      vertex 79.88255099070633 15.7 -3.9091574123401482
      vertex 86.90915741234015 15.7 -3.1174490092936673
      vertex 80.8305813044122 15.7 -4.504844339512096
    endloop
  endfacet
  facet normal 0 1 0
    outer loop
      vertex 86.11744900929367 15.7 -3.909157412340149
      vertex 80.8305813044122 15.7 -4.504844339512096
      vertex 86.90915741234015 15.7 -3.1174490092936673
    endloop
  endfacet
  facet normal 0 -1 0
    outer loop
      vertex 81.88739533021842 28.3 -4.874639560909118
      vertex 83 28.3 -5
      vertex 80.8305813044122 28.3 -4.504844339512096
    endloop
  endfacet
  facet normal 0 -1 0
    outer loop
      vertex 80.8305813044122 28.3 -4.504844339512096
      vertex 83 28.3 -5
      vertex 84.11260466978158 28.3 -4.874639560909118
    endloop
  endfacet
  facet normal 0 -1 0
    outer loop
      vertex 80.8305813044122 28.3 -4.504844339512096
      vertex 84.11260466978158 28.3 -4.874639560909118
      vertex 79.88255099070633 28.3 -3.9091574123401482
    endloop
  endfacet
  facet normal 0 -1 0
    outer loop
      vertex 84.11260466978158 28.3 -4.874639560909118
      vertex 85.1694186955878 28.3 -4.504844339512096
      vertex 79.88255099070633 28.3 -3.9091574123401482
    endloop
  endfacet
  facet normal 0 -1 0
    outer loop
      vertex 79.88255099070633 28.3 -3.9091574123401482
      vertex 85.1694186955878 28.3 -4.504844339512096
      vertex 79.09084258765985 28.3 -3.1174490092936686
    endloop
  endfacet
  facet normal 0 -1 0
    outer loop
      vertex 86.11744900929367 28.3 -3.909157412340149
      vertex 79.09084258765985 28.3 -3.1174490092936686
      vertex 85.1694186955878 28.3 -4.504844339512096
    endloop
  endfacet
  facet normal 0 1 0
    outer loop
      vertex 79.09084258765985 15.7 -3.1174490092936686
      vertex 87.50484433951209 15.7 -2.1694186955877908
      vertex 79.88255099070633 15.7 -3.9091574123401482
    endloop
  endfacet
  facet normal 0 1 0
    outer loop
      vertex 86.90915741234015 15.7 -3.1174490092936673
      vertex 79.88255099070633 15.7 -3.9091574123401482
      vertex 87.50484433951209 15.7 -2.1694186955877908
    endloop
  endfacet
  facet normal 0 -1 0
    outer loop
      vertex 79.09084258765985 28.3 -3.1174490092936686
      vertex 86.11744900929367 28.3 -3.909157412340149
      vertex 78.49515566048791 28.3 -2.169418695587791
    endloop
  endfacet
  facet normal 0 -1 0
    outer loop
      vertex 86.90915741234015 28.3 -3.1174490092936673
      vertex 78.49515566048791 28.3 -2.169418695587791
      vertex 86.11744900929367 28.3 -3.909157412340149
    endloop
  endfacet
  facet normal 0 1 0
    outer loop
      vertex 78.49515566048791 15.7 -2.169418695587791
      vertex 87.87463956090912 15.7 -1.112604669781572
      vertex 79.09084258765985 15.7 -3.1174490092936686
    endloop
  endfacet
  facet normal 0 1 0
    outer loop
      vertex 87.50484433951209 15.7 -2.1694186955877908
      vertex 79.09084258765985 15.7 -3.1174490092936686
      vertex 87.87463956090912 15.7 -1.112604669781572
    endloop
  endfacet
  facet normal 0 1 0
    outer loop
      vertex 78.49515566048791 15.7 -2.169418695587791
      vertex 82.75522697264806 15.7 -1.0724207034000062
      vertex 83 15.7 -1.1
    endloop
  endfacet
  facet normal 0 1 0
    outer loop
      vertex 78.49515566048791 15.7 -2.169418695587791
      vertex 82.52272788697069 15.7 -0.9910657546926611
      vertex 82.75522697264806 15.7 -1.0724207034000062
    endloop
  endfacet
  facet normal 0 1 0
    outer loop
      vertex 78.49515566048791 15.7 -2.169418695587791
      vertex 82.31416121795539 15.7 -0.8600146307148328
      vertex 82.52272788697069 15.7 -0.9910657546926611
    endloop
  endfacet
  facet normal 0 1 0
    outer loop
      vertex 78.49515566048791 15.7 -2.169418695587791
      vertex 83 15.7 -1.1
      vertex 87.87463956090912 15.7 -1.112604669781572
    endloop
  endfacet
  facet normal 0 -1 0
    outer loop
      vertex 78.49515566048791 28.3 -2.169418695587791
      vertex 86.90915741234015 28.3 -3.1174490092936673
      vertex 78.12536043909088 28.3 -1.1126046697815724
    endloop
  endfacet
  facet normal 0 -1 0
    outer loop
      vertex 87.50484433951209 28.3 -2.1694186955877908
      vertex 78.12536043909088 28.3 -1.1126046697815724
      vertex 86.90915741234015 28.3 -3.1174490092936673
    endloop
  endfacet
  facet normal 0 -1 0
    outer loop
      vertex 78.12536043909088 28.3 -1.1126046697815724
      vertex 87.50484433951209 28.3 -2.1694186955877908
      vertex 83 28.3 -1.1
    endloop
  endfacet
  facet normal 0 -1 0
    outer loop
      vertex 83 28.3 -1.1
      vertex 87.50484433951209 28.3 -2.1694186955877908
      vertex 83.24477302735194 28.3 -1.0724207034000062
    endloop
  endfacet
  facet normal 0 -1 0
    outer loop
      vertex 83.24477302735194 28.3 -1.0724207034000062
      vertex 87.50484433951209 28.3 -2.1694186955877908
      vertex 83.47727211302931 28.3 -0.9910657546926611
    endloop
  endfacet
  facet normal 0 -1 0
    outer loop
      vertex 83.47727211302931 28.3 -0.9910657546926611
      vertex 87.50484433951209 28.3 -2.1694186955877908
      vertex 83.68583878204461 28.3 -0.8600146307148329
    endloop
  endfacet
  facet normal 0 1 0
    outer loop
      vertex 78.49515566048791 15.7 -2.169418695587791
      vertex 78.12536043909088 15.7 -1.1126046697815724
      vertex 81.92757929659999 15.7 -0.24477302735194595
    endloop
  endfacet
  facet normal 0 1 0
    outer loop
      vertex 78.49515566048791 15.7 -2.169418695587791
      vertex 82.13998536928517 15.7 -0.6858387820446071
      vertex 82.31416121795539 15.7 -0.8600146307148328
    endloop
  endfacet
  facet normal 0 1 0
    outer loop
      vertex 78.49515566048791 15.7 -2.169418695587791
      vertex 82.00893424530734 15.7 -0.4772721130293141
      vertex 82.13998536928517 15.7 -0.6858387820446071
    endloop
  endfacet
  facet normal 0 1 0
    outer loop
      vertex 81.92757929659999 15.7 -0.24477302735194595
      vertex 82.00893424530734 15.7 -0.4772721130293141
      vertex 78.49515566048791 15.7 -2.169418695587791
    endloop
  endfacet
  facet normal 0 1 0
    outer loop
      vertex 87.87463956090912 15.7 -1.112604669781572
      vertex 83 15.7 -1.1
      vertex 83.24477302735194 15.7 -1.0724207034000062
    endloop
  endfacet
  facet normal 0 1 0
    outer loop
      vertex 87.87463956090912 15.7 -1.112604669781572
      vertex 83.24477302735194 15.7 -1.0724207034000062
      vertex 83.47727211302931 15.7 -0.9910657546926611
    endloop
  endfacet
  facet normal 0 1 0
    outer loop
      vertex 87.87463956090912 15.7 -1.112604669781572
      vertex 83.47727211302931 15.7 -0.9910657546926611
      vertex 83.68583878204461 15.7 -0.8600146307148329
    endloop
  endfacet
  facet normal 0 1 0
    outer loop
      vertex 83.86001463071483 15.7 -0.6858387820446069
      vertex 87.87463956090912 15.7 -1.112604669781572
      vertex 83.68583878204461 15.7 -0.8600146307148329
    endloop
  endfacet
  facet normal 0 1 0
    outer loop
      vertex 78.12536043909088 15.7 -1.1126046697815724
      vertex 78 15.7 0
      vertex 81.9 15.7 0
    endloop
  endfacet
  facet normal 0 1 0
    outer loop
      vertex 78.12536043909088 15.7 -1.1126046697815724
      vertex 81.9 15.7 0
      vertex 81.92757929659999 15.7 -0.24477302735194595
    endloop
  endfacet
  facet normal 0 1 0
    outer loop
      vertex 83.86001463071483 15.7 -0.6858387820446069
      vertex 83.99106575469266 15.7 -0.477272113029314
      vertex 88 15.7 0
    endloop
  endfacet
  facet normal 0 1 0
    outer loop
      vertex 87.87463956090912 15.7 -1.112604669781572
      vertex 83.86001463071483 15.7 -0.6858387820446069
      vertex 88 15.7 0
    endloop
  endfacet
  facet normal 0 1 0
    outer loop
      vertex 83.99106575469266 15.7 -0.477272113029314
      vertex 84.07242070340001 15.7 -0.24477302735194587
      vertex 88 15.7 0
    endloop
  endfacet
  facet normal 0 1 0
    outer loop
      vertex 88 15.7 0
      vertex 84.07242070340001 15.7 -0.24477302735194587
      vertex 84.1 15.7 0
    endloop
  endfacet
  facet normal 0 -1 0
    outer loop
      vertex 82.75522697264806 28.3 -1.0724207034000062
      vertex 78.12536043909088 28.3 -1.1126046697815724
      vertex 83 28.3 -1.1
    endloop
  endfacet
  facet normal 0 -1 0
    outer loop
      vertex 82.75522697264806 28.3 -1.0724207034000062
      vertex 82.52272788697069 28.3 -0.9910657546926611
      vertex 78.12536043909088 28.3 -1.1126046697815724
    endloop
  endfacet
  facet normal 0 -1 0
    outer loop
      vertex 82.52272788697069 28.3 -0.9910657546926611
      vertex 82.31416121795539 28.3 -0.8600146307148328
      vertex 78.12536043909088 28.3 -1.1126046697815724
    endloop
  endfacet
  facet normal 0 -1 0
    outer loop
      vertex 82.31416121795539 28.3 -0.8600146307148328
      vertex 82.13998536928517 28.3 -0.6858387820446071
      vertex 78.12536043909088 28.3 -1.1126046697815724
    endloop
  endfacet
  facet normal 0 -1 0
    outer loop
      vertex 83.68583878204461 28.3 -0.8600146307148329
      vertex 87.50484433951209 28.3 -2.1694186955877908
      vertex 83.86001463071483 28.3 -0.6858387820446069
    endloop
  endfacet
  facet normal 0 -1 0
    outer loop
      vertex 83.86001463071483 28.3 -0.6858387820446069
      vertex 87.50484433951209 28.3 -2.1694186955877908
      vertex 83.99106575469266 28.3 -0.477272113029314
    endloop
  endfacet
  facet normal 0 -1 0
    outer loop
      vertex 84.07242070340001 28.3 -0.24477302735194587
      vertex 83.99106575469266 28.3 -0.477272113029314
      vertex 87.50484433951209 28.3 -2.1694186955877908
    endloop
  endfacet
  facet normal 0 -1 0
    outer loop
      vertex 87.50484433951209 28.3 -2.1694186955877908
      vertex 87.87463956090912 28.3 -1.112604669781572
      vertex 84.07242070340001 28.3 -0.24477302735194587
    endloop
  endfacet
  facet normal 0 -1 0
    outer loop
      vertex 78.12536043909088 28.3 -1.1126046697815724
      vertex 82.13998536928517 28.3 -0.6858387820446071
      vertex 78 28.3 0
    endloop
  endfacet
  facet normal 0 -1 0
    outer loop
      vertex 82.00893424530734 28.3 -0.4772721130293141
      vertex 78 28.3 0
      vertex 82.13998536928517 28.3 -0.6858387820446071
    endloop
  endfacet
  facet normal 0 -1 0
    outer loop
      vertex 82.00893424530734 28.3 -0.4772721130293141
      vertex 81.92757929659999 28.3 -0.24477302735194595
      vertex 78 28.3 0
    endloop
  endfacet
  facet normal 0 -1 0
    outer loop
      vertex 81.9 28.3 0
      vertex 78 28.3 0
      vertex 81.92757929659999 28.3 -0.24477302735194595
    endloop
  endfacet
  facet normal 0 -1 0
    outer loop
      vertex 84.07242070340001 28.3 -0.24477302735194587
      vertex 87.87463956090912 28.3 -1.112604669781572
      vertex 84.1 28.3 0
    endloop
  endfacet
  facet normal 0 -1 0
    outer loop
      vertex 84.1 28.3 0
      vertex 87.87463956090912 28.3 -1.112604669781572
      vertex 88 28.3 0
    endloop
  endfacet
  facet normal 0.9937122098932425 -5.519366778768522e-19 -0.1119644761033086
    outer loop
      vertex 77.4429109005636 28.3 1.2683693235509925
      vertex 77.3 15.7 0
      vertex 77.3 28.3 0
    endloop
  endfacet
  facet normal 0 -1 0
    outer loop
      vertex 77.4429109005636 28.3 1.2683693235509925
      vertex 77.3 28.3 0
      vertex 78 28.3 0
    endloop
  endfacet
  facet normal 0.9937122098932425 0 -0.1119644761033086
    outer loop
      vertex 77.4429109005636 15.7 1.2683693235509925
      vertex 77.3 15.7 0
      vertex 77.4429109005636 28.3 1.2683693235509925
    endloop
  endfacet
  facet normal 0 1 0
    outer loop
      vertex 81.92757929659999 15.7 0.24477302735194595
      vertex 78 15.7 0
      vertex 77.3 15.7 0
    endloop
  endfacet
  facet normal 0 1 0
    outer loop
      vertex 81.92757929659999 15.7 0.24477302735194595
      vertex 81.9 15.7 0
      vertex 78 15.7 0
    endloop
  endfacet
  facet normal 0 1 0
    outer loop
      vertex 81.92757929659999 15.7 0.24477302735194595
      vertex 77.3 15.7 0
      vertex 82.00893424530734 15.7 0.4772721130293141
    endloop
  endfacet
  facet normal 0 1 0
    outer loop
      vertex 82.00893424530734 15.7 0.4772721130293141
      vertex 77.3 15.7 0
      vertex 82.13998536928517 15.7 0.6858387820446071
    endloop
  endfacet
  facet normal 0 1 0
    outer loop
      vertex 84.1 15.7 0
      vertex 84.07242070340001 15.7 0.2447730273519454
      vertex 87.87463956090912 15.7 1.11260466978157
    endloop
  endfacet
  facet normal 0 1 0
    outer loop
      vertex 84.1 15.7 0
      vertex 87.87463956090912 15.7 1.11260466978157
      vertex 88 15.7 0
    endloop
  endfacet
  facet normal 0 1 0
    outer loop
      vertex 77.4429109005636 15.7 1.2683693235509925
      vertex 82.13998536928517 15.7 0.6858387820446071
      vertex 77.3 15.7 0
    endloop
  endfacet
  facet normal 0 1 0
    outer loop
      vertex 77.4429109005636 15.7 1.2683693235509925
      vertex 82.31416121795539 15.7 0.8600146307148328
      vertex 82.13998536928517 15.7 0.6858387820446071
    endloop
  endfacet
  facet normal 0 1 0
    outer loop
      vertex 77.4429109005636 15.7 1.2683693235509925
      vertex 82.52272788697069 15.7 0.991065754692661
      vertex 82.31416121795539 15.7 0.8600146307148328
    endloop
  endfacet
  facet normal 0 1 0
    outer loop
      vertex 77.4429109005636 15.7 1.2683693235509925
      vertex 82.75522697264806 15.7 1.0724207034000062
      vertex 82.52272788697069 15.7 0.991065754692661
    endloop
  endfacet
  facet normal 0 1 0
    outer loop
      vertex 77.4429109005636 15.7 1.2683693235509925
      vertex 83 15.7 1.1
      vertex 82.75522697264806 15.7 1.0724207034000062
    endloop
  endfacet
  facet normal 0 1 0
    outer loop
      vertex 84.07242070340001 15.7 0.2447730273519454
      vertex 83.99106575469266 15.7 0.4772721130293141
      vertex 87.50484433951209 15.7 2.169418695587791
    endloop
  endfacet
  facet normal 0 1 0
    outer loop
      vertex 83.99106575469266 15.7 0.4772721130293141
      vertex 83.86001463071483 15.7 0.6858387820446068
      vertex 87.50484433951209 15.7 2.169418695587791
    endloop
  endfacet
  facet normal 0 1 0
    outer loop
      vertex 83.68583878204461 15.7 0.860014630714833
      vertex 87.50484433951209 15.7 2.169418695587791
      vertex 83.86001463071483 15.7 0.6858387820446068
    endloop
  endfacet
  facet normal 0 1 0
    outer loop
      vertex 87.87463956090912 15.7 1.11260466978157
      vertex 84.07242070340001 15.7 0.2447730273519454
      vertex 87.50484433951209 15.7 2.169418695587791
    endloop
  endfacet
  facet normal 0 -1 0
    outer loop
      vertex 77.4429109005636 28.3 1.2683693235509925
      vertex 78 28.3 0
      vertex 81.9 28.3 0
    endloop
  endfacet
  facet normal 0 -1 0
    outer loop
      vertex 77.4429109005636 28.3 1.2683693235509925
      vertex 81.9 28.3 0
      vertex 81.92757929659999 28.3 0.24477302735194595
    endloop
  endfacet
  facet normal 0 -1 0
    outer loop
      vertex 84.1 28.3 0
      vertex 88 28.3 0
      vertex 84.07242070340001 28.3 0.2447730273519454
    endloop
  endfacet
  facet normal 0 -1 0
    outer loop
      vertex 83.99106575469266 28.3 0.4772721130293141
      vertex 84.07242070340001 28.3 0.2447730273519454
      vertex 88 28.3 0
    endloop
  endfacet
  facet normal 0 -1 0
    outer loop
      vertex 83.86001463071483 28.3 0.6858387820446068
      vertex 83.99106575469266 28.3 0.4772721130293141
      vertex 88 28.3 0
    endloop
  endfacet
  facet normal 0 -1 0
    outer loop
      vertex 87.87463956090912 28.3 1.11260466978157
      vertex 83.86001463071483 28.3 0.6858387820446068
      vertex 88 28.3 0
    endloop
  endfacet
  facet normal 0 -1 0
    outer loop
      vertex 77.4429109005636 28.3 1.2683693235509925
      vertex 81.92757929659999 28.3 0.24477302735194595
      vertex 82.00893424530734 28.3 0.4772721130293141
    endloop
  endfacet
  facet normal 0 -1 0
    outer loop
      vertex 77.4429109005636 28.3 1.2683693235509925
      vertex 82.00893424530734 28.3 0.4772721130293141
      vertex 82.13998536928517 28.3 0.6858387820446071
    endloop
  endfacet
  facet normal 0 -1 0
    outer loop
      vertex 77.4429109005636 28.3 1.2683693235509925
      vertex 82.13998536928517 28.3 0.6858387820446071
      vertex 82.31416121795539 28.3 0.8600146307148328
    endloop
  endfacet
  facet normal 0 -1 0
    outer loop
      vertex 77.4429109005636 28.3 1.2683693235509925
      vertex 82.31416121795539 28.3 0.8600146307148328
      vertex 82.52272788697069 28.3 0.991065754692661
    endloop
  endfacet
  facet normal 0 -1 0
    outer loop
      vertex 77.4429109005636 28.3 1.2683693235509925
      vertex 82.52272788697069 28.3 0.991065754692661
      vertex 82.75522697264806 28.3 1.0724207034000062
    endloop
  endfacet
  facet normal 0 -1 0
    outer loop
      vertex 77.4429109005636 28.3 1.2683693235509925
      vertex 82.75522697264806 28.3 1.0724207034000062
      vertex 83 28.3 1.1
    endloop
  endfacet
  facet normal 0 -1 0
    outer loop
      vertex 77.4429109005636 28.3 1.2683693235509925
      vertex 83 28.3 1.1
      vertex 87.87463956090912 28.3 1.11260466978157
    endloop
  endfacet
  facet normal 0 -1 0
    outer loop
      vertex 83.68583878204461 28.3 0.860014630714833
      vertex 83.86001463071483 28.3 0.6858387820446068
      vertex 87.87463956090912 28.3 1.11260466978157
    endloop
  endfacet
  facet normal 0 -1 0
    outer loop
      vertex 83.47727211302931 28.3 0.991065754692661
      vertex 83.68583878204461 28.3 0.860014630714833
      vertex 87.87463956090912 28.3 1.11260466978157
    endloop
  endfacet
  facet normal 0 -1 0
    outer loop
      vertex 83.47727211302931 28.3 0.991065754692661
      vertex 87.87463956090912 28.3 1.11260466978157
      vertex 83.24477302735194 28.3 1.0724207034000062
    endloop
  endfacet
  facet normal 0 -1 0
    outer loop
      vertex 83.24477302735194 28.3 1.0724207034000062
      vertex 87.87463956090912 28.3 1.11260466978157
      vertex 83 28.3 1.1
    endloop
  endfacet
  facet normal 0.9438833303083677 0 -0.3302790619551665
    outer loop
      vertex 77.4429109005636 15.7 1.2683693235509925
      vertex 77.4429109005636 28.3 1.2683693235509925
      vertex 77.86447745295621 28.3 2.473137312970082
    endloop
  endfacet
  facet normal 0.9438833303083677 2.7986267570662307e-18 -0.3302790619551665
    outer loop
      vertex 77.4429109005636 15.7 1.2683693235509925
      vertex 77.86447745295621 28.3 2.473137312970082
      vertex 77.86447745295621 15.7 2.473137312970082
    endloop
  endfacet
  facet normal 0 1 0
    outer loop
      vertex 77.4429109005636 15.7 1.2683693235509925
      vertex 87.50484433951209 15.7 2.169418695587791
      vertex 83 15.7 1.1
    endloop
  endfacet
  facet normal 0 1 0
    outer loop
      vertex 83.68583878204461 15.7 0.860014630714833
      vertex 83.47727211302931 15.7 0.991065754692661
      vertex 87.50484433951209 15.7 2.169418695587791
    endloop
  endfacet
  facet normal 0 1 0
    outer loop
      vertex 83.47727211302931 15.7 0.991065754692661
      vertex 83.24477302735194 15.7 1.0724207034000062
      vertex 87.50484433951209 15.7 2.169418695587791
    endloop
  endfacet
  facet normal 0 1 0
    outer loop
      vertex 83 15.7 1.1
      vertex 87.50484433951209 15.7 2.169418695587791
      vertex 83.24477302735194 15.7 1.0724207034000062
    endloop
  endfacet
  facet normal 0 1 0
    outer loop
      vertex 77.4429109005636 15.7 1.2683693235509925
      vertex 77.86447745295621 15.7 2.473137312970082
      vertex 86.90915741234015 15.7 3.117449009293667
    endloop
  endfacet
  facet normal 0 1 0
    outer loop
      vertex 77.4429109005636 15.7 1.2683693235509925
      vertex 86.90915741234015 15.7 3.117449009293667
      vertex 87.50484433951209 15.7 2.169418695587791
    endloop
  endfacet
  facet normal 0 -1 0
    outer loop
      vertex 77.4429109005636 28.3 1.2683693235509925
      vertex 87.87463956090912 28.3 1.11260466978157
      vertex 77.86447745295621 28.3 2.473137312970082
    endloop
  endfacet
  facet normal 0 -1 0
    outer loop
      vertex 77.86447745295621 28.3 2.473137312970082
      vertex 87.87463956090912 28.3 1.11260466978157
      vertex 87.50484433951209 28.3 2.169418695587791
    endloop
  endfacet
  facet normal 0 1 0
    outer loop
      vertex 77.86447745295621 15.7 2.473137312970082
      vertex 78.19552722060719 15.7 3
      vertex 79.01704448391352 15.7 3
    endloop
  endfacet
  facet normal 0 1 0
    outer loop
      vertex 77.86447745295621 15.7 2.473137312970082
      vertex 79.01704448391352 15.7 3
      vertex 86.11744900929367 15.7 3.9091574123401496
    endloop
  endfacet
  facet normal 0 1 0
    outer loop
      vertex 79.09084258765985 15.7 3.1174490092936686
      vertex 86.11744900929367 15.7 3.9091574123401496
      vertex 79.01704448391352 15.7 3
    endloop
  endfacet
  facet normal 0 1 0
    outer loop
      vertex 77.86447745295621 15.7 2.473137312970082
      vertex 86.11744900929367 15.7 3.9091574123401496
      vertex 86.90915741234015 15.7 3.117449009293667
    endloop
  endfacet
  facet normal 0.846724199228276 0 -0.5320320765153496
    outer loop
      vertex 77.86447745295621 15.7 2.473137312970082
      vertex 77.86447745295621 28.3 2.473137312970082
      vertex 78.19552722060719 28.3 3
    endloop
  endfacet
  facet normal 0.846724199228276 -4.6927063202784304e-20 -0.5320320765153496
    outer loop
      vertex 77.86447745295621 15.7 2.473137312970082
      vertex 78.19552722060719 28.3 3
      vertex 78.19552722060719 15.7 3
    endloop
  endfacet
  facet normal 0 -1 0
    outer loop
      vertex 77.86447745295621 28.3 2.473137312970082
      vertex 87.50484433951209 28.3 2.169418695587791
      vertex 78.19552722060719 28.3 3
    endloop
  endfacet
  facet normal 0 -1 0
    outer loop
      vertex 79.01704448391352 28.3 3
      vertex 78.19552722060719 28.3 3
      vertex 87.50484433951209 28.3 2.169418695587791
    endloop
  endfacet
  facet normal 0 -1 0
    outer loop
      vertex 79.01704448391352 28.3 3
      vertex 87.50484433951209 28.3 2.169418695587791
      vertex 79.09084258765985 28.3 3.1174490092936686
    endloop
  endfacet
  facet normal 0 -1 0
    outer loop
      vertex 79.09084258765985 28.3 3.1174490092936686
      vertex 87.50484433951209 28.3 2.169418695587791
      vertex 79.88255099070633 28.3 3.9091574123401482
    endloop
  endfacet
  facet normal 0 -1 0
    outer loop
      vertex 86.90915741234015 28.3 3.117449009293667
      vertex 79.88255099070633 28.3 3.9091574123401482
      vertex 87.50484433951209 28.3 2.169418695587791
    endloop
  endfacet
  facet normal 0 1 0
    outer loop
      vertex 79.88255099070633 15.7 3.9091574123401482
      vertex 85.1694186955878 15.7 4.504844339512095
      vertex 79.09084258765985 15.7 3.1174490092936686
    endloop
  endfacet
  facet normal 0 1 0
    outer loop
      vertex 86.11744900929367 15.7 3.9091574123401496
      vertex 79.09084258765985 15.7 3.1174490092936686
      vertex 85.1694186955878 15.7 4.504844339512095
    endloop
  endfacet
  facet normal 0 1 0
    outer loop
      vertex 80.8305813044122 15.7 4.504844339512095
      vertex 84.11260466978158 15.7 4.874639560909118
      vertex 79.88255099070633 15.7 3.9091574123401482
    endloop
  endfacet
  facet normal 0 1 0
    outer loop
      vertex 81.88739533021842 15.7 4.874639560909118
      vertex 83 15.7 5
      vertex 80.8305813044122 15.7 4.504844339512095
    endloop
  endfacet
  facet normal 0 1 0
    outer loop
      vertex 80.8305813044122 15.7 4.504844339512095
      vertex 83 15.7 5
      vertex 84.11260466978158 15.7 4.874639560909118
    endloop
  endfacet
  facet normal 0 1 0
    outer loop
      vertex 85.1694186955878 15.7 4.504844339512095
      vertex 79.88255099070633 15.7 3.9091574123401482
      vertex 84.11260466978158 15.7 4.874639560909118
    endloop
  endfacet
  facet normal 0 -1 0
    outer loop
      vertex 79.88255099070633 28.3 3.9091574123401482
      vertex 86.90915741234015 28.3 3.117449009293667
      vertex 80.8305813044122 28.3 4.504844339512095
    endloop
  endfacet
  facet normal 0 -1 0
    outer loop
      vertex 86.11744900929367 28.3 3.9091574123401496
      vertex 80.8305813044122 28.3 4.504844339512095
      vertex 86.90915741234015 28.3 3.117449009293667
    endloop
  endfacet
  facet normal 0 -1 0
    outer loop
      vertex 80.8305813044122 28.3 4.504844339512095
      vertex 86.11744900929367 28.3 3.9091574123401496
      vertex 81.88739533021842 28.3 4.874639560909118
    endloop
  endfacet
  facet normal 0 -1 0
    outer loop
      vertex 81.88739533021842 28.3 4.874639560909118
      vertex 86.11744900929367 28.3 3.9091574123401496
      vertex 85.1694186955878 28.3 4.504844339512095
    endloop
  endfacet
  facet normal 0 -1 0
    outer loop
      vertex 81.88739533021842 28.3 4.874639560909118
      vertex 85.1694186955878 28.3 4.504844339512095
      vertex 83 28.3 5
    endloop
  endfacet
  facet normal 0 -1 0
    outer loop
      vertex 84.11260466978158 28.3 4.874639560909118
      vertex 83 28.3 5
      vertex 85.1694186955878 28.3 4.504844339512095
    endloop
  endfacet
  facet normal 0 1 0
    outer loop
      vertex 81.88739533021842 39.7 -4.874639560909118
      vertex 85.1694186955878 39.7 -4.504844339512096
      vertex 83 39.7 -5
    endloop
  endfacet
  facet normal 0 1 0
    outer loop
      vertex 84.11260466978158 39.7 -4.874639560909118
      vertex 83 39.7 -5
      vertex 85.1694186955878 39.7 -4.504844339512096
    endloop
  endfacet
  facet normal 0 1 0
    outer loop
      vertex 81.88739533021842 39.7 -4.874639560909118
      vertex 80.8305813044122 39.7 -4.504844339512096
      vertex 86.11744900929367 39.7 -3.909157412340149
    endloop
  endfacet
  facet normal 0 1 0
    outer loop
      vertex 81.88739533021842 39.7 -4.874639560909118
      vertex 86.11744900929367 39.7 -3.909157412340149
      vertex 85.1694186955878 39.7 -4.504844339512096
    endloop
  endfacet
  facet normal 0 1 0
    outer loop
      vertex 79.88255099070633 39.7 -3.9091574123401482
      vertex 86.90915741234015 39.7 -3.1174490092936673
      vertex 80.8305813044122 39.7 -4.504844339512096
    endloop
  endfacet
  facet normal 0 1 0
    outer loop
      vertex 86.11744900929367 39.7 -3.909157412340149
      vertex 80.8305813044122 39.7 -4.504844339512096
      vertex 86.90915741234015 39.7 -3.1174490092936673
    endloop
  endfacet
  facet normal 0 1 0
    outer loop
      vertex 79.09084258765985 39.7 -3.1174490092936686
      vertex 87.50484433951209 39.7 -2.1694186955877908
      vertex 79.88255099070633 39.7 -3.9091574123401482
    endloop
  endfacet
  facet normal 0 1 0
    outer loop
      vertex 86.90915741234015 39.7 -3.1174490092936673
      vertex 79.88255099070633 39.7 -3.9091574123401482
      vertex 87.50484433951209 39.7 -2.1694186955877908
    endloop
  endfacet
  facet normal 0 1 0
    outer loop
      vertex 78.49515566048791 39.7 -2.169418695587791
      vertex 87.87463956090912 39.7 -1.112604669781572
      vertex 79.09084258765985 39.7 -3.1174490092936686
    endloop
  endfacet
  facet normal 0 1 0
    outer loop
      vertex 87.50484433951209 39.7 -2.1694186955877908
      vertex 79.09084258765985 39.7 -3.1174490092936686
      vertex 87.87463956090912 39.7 -1.112604669781572
    endloop
  endfacet
  facet normal 0 1 0
    outer loop
      vertex 78.49515566048791 39.7 -2.169418695587791
      vertex 82.75522697264806 39.7 -1.0724207034000062
      vertex 83 39.7 -1.1
    endloop
  endfacet
  facet normal 0 1 0
    outer loop
      vertex 78.49515566048791 39.7 -2.169418695587791
      vertex 82.52272788697069 39.7 -0.9910657546926611
      vertex 82.75522697264806 39.7 -1.0724207034000062
    endloop
  endfacet
  facet normal 0 1 0
    outer loop
      vertex 78.49515566048791 39.7 -2.169418695587791
      vertex 82.31416121795539 39.7 -0.8600146307148328
      vertex 82.52272788697069 39.7 -0.9910657546926611
    endloop
  endfacet
  facet normal 0 1 0
    outer loop
      vertex 78.49515566048791 39.7 -2.169418695587791
      vertex 83 39.7 -1.1
      vertex 87.87463956090912 39.7 -1.112604669781572
    endloop
  endfacet
  facet normal 0 1 0
    outer loop
      vertex 78.49515566048791 39.7 -2.169418695587791
      vertex 78.12536043909088 39.7 -1.1126046697815724
      vertex 81.92757929659999 39.7 -0.24477302735194595
    endloop
  endfacet
  facet normal 0 1 0
    outer loop
      vertex 78.49515566048791 39.7 -2.169418695587791
      vertex 82.13998536928517 39.7 -0.6858387820446071
      vertex 82.31416121795539 39.7 -0.8600146307148328
    endloop
  endfacet
  facet normal 0 1 0
    outer loop
      vertex 78.49515566048791 39.7 -2.169418695587791
      vertex 82.00893424530734 39.7 -0.4772721130293141
      vertex 82.13998536928517 39.7 -0.6858387820446071
    endloop
  endfacet
  facet normal 0 1 0
    outer loop
      vertex 81.92757929659999 39.7 -0.24477302735194595
      vertex 82.00893424530734 39.7 -0.4772721130293141
      vertex 78.49515566048791 39.7 -2.169418695587791
    endloop
  endfacet
  facet normal 0 1 0
    outer loop
      vertex 87.87463956090912 39.7 -1.112604669781572
      vertex 83 39.7 -1.1
      vertex 83.24477302735194 39.7 -1.0724207034000062
    endloop
  endfacet
  facet normal 0 1 0
    outer loop
      vertex 87.87463956090912 39.7 -1.112604669781572
      vertex 83.24477302735194 39.7 -1.0724207034000062
      vertex 83.47727211302931 39.7 -0.9910657546926611
    endloop
  endfacet
  facet normal 0 1 0
    outer loop
      vertex 87.87463956090912 39.7 -1.112604669781572
      vertex 83.47727211302931 39.7 -0.9910657546926611
      vertex 83.68583878204461 39.7 -0.8600146307148329
    endloop
  endfacet
  facet normal 0 1 0
    outer loop
      vertex 83.86001463071483 39.7 -0.6858387820446069
      vertex 87.87463956090912 39.7 -1.112604669781572
      vertex 83.68583878204461 39.7 -0.8600146307148329
    endloop
  endfacet
  facet normal 0 1 0
    outer loop
      vertex 78.12536043909088 39.7 -1.1126046697815724
      vertex 78 39.7 0
      vertex 81.9 39.7 0
    endloop
  endfacet
  facet normal 0 1 0
    outer loop
      vertex 78.12536043909088 39.7 -1.1126046697815724
      vertex 81.9 39.7 0
      vertex 81.92757929659999 39.7 -0.24477302735194595
    endloop
  endfacet
  facet normal 0 1 0
    outer loop
      vertex 83.86001463071483 39.7 -0.6858387820446069
      vertex 83.99106575469266 39.7 -0.477272113029314
      vertex 88 39.7 0
    endloop
  endfacet
  facet normal 0 1 0
    outer loop
      vertex 87.87463956090912 39.7 -1.112604669781572
      vertex 83.86001463071483 39.7 -0.6858387820446069
      vertex 88 39.7 0
    endloop
  endfacet
  facet normal 0 1 0
    outer loop
      vertex 83.99106575469266 39.7 -0.477272113029314
      vertex 84.07242070340001 39.7 -0.24477302735194587
      vertex 88 39.7 0
    endloop
  endfacet
  facet normal 0 1 0
    outer loop
      vertex 88 39.7 0
      vertex 84.07242070340001 39.7 -0.24477302735194587
      vertex 84.1 39.7 0
    endloop
  endfacet
  facet normal 0 -1 0
    outer loop
      vertex 81.88739533021842 52.3 -4.874639560909118
      vertex 83 52.3 -5
      vertex 80.8305813044122 52.3 -4.504844339512096
    endloop
  endfacet
  facet normal 0 -1 0
    outer loop
      vertex 80.8305813044122 52.3 -4.504844339512096
      vertex 83 52.3 -5
      vertex 84.11260466978158 52.3 -4.874639560909118
    endloop
  endfacet
  facet normal 0 -1 0
    outer loop
      vertex 80.8305813044122 52.3 -4.504844339512096
      vertex 84.11260466978158 52.3 -4.874639560909118
      vertex 79.88255099070633 52.3 -3.9091574123401482
    endloop
  endfacet
  facet normal 0 -1 0
    outer loop
      vertex 84.11260466978158 52.3 -4.874639560909118
      vertex 85.1694186955878 52.3 -4.504844339512096
      vertex 79.88255099070633 52.3 -3.9091574123401482
    endloop
  endfacet
  facet normal 0 -1 0
    outer loop
      vertex 79.88255099070633 52.3 -3.9091574123401482
      vertex 85.1694186955878 52.3 -4.504844339512096
      vertex 79.09084258765985 52.3 -3.1174490092936686
    endloop
  endfacet
  facet normal 0 -1 0
    outer loop
      vertex 86.11744900929367 52.3 -3.909157412340149
      vertex 79.09084258765985 52.3 -3.1174490092936686
      vertex 85.1694186955878 52.3 -4.504844339512096
    endloop
  endfacet
  facet normal 0 -1 0
    outer loop
      vertex 79.09084258765985 52.3 -3.1174490092936686
      vertex 86.11744900929367 52.3 -3.909157412340149
      vertex 78.49515566048791 52.3 -2.169418695587791
    endloop
  endfacet
  facet normal 0 -1 0
    outer loop
      vertex 86.90915741234015 52.3 -3.1174490092936673
      vertex 78.49515566048791 52.3 -2.169418695587791
      vertex 86.11744900929367 52.3 -3.909157412340149
    endloop
  endfacet
  facet normal 0 -1 0
    outer loop
      vertex 78.49515566048791 52.3 -2.169418695587791
      vertex 86.90915741234015 52.3 -3.1174490092936673
      vertex 78.12536043909088 52.3 -1.1126046697815724
    endloop
  endfacet
  facet normal 0 -1 0
    outer loop
      vertex 87.50484433951209 52.3 -2.1694186955877908
      vertex 78.12536043909088 52.3 -1.1126046697815724
      vertex 86.90915741234015 52.3 -3.1174490092936673
    endloop
  endfacet
  facet normal 0 -1 0
    outer loop
      vertex 78.12536043909088 52.3 -1.1126046697815724
      vertex 87.50484433951209 52.3 -2.1694186955877908
      vertex 83 52.3 -1.1
    endloop
  endfacet
  facet normal 0 -1 0
    outer loop
      vertex 87.50484433951209 52.3 -2.1694186955877908
      vertex 83.24477302735194 52.3 -1.0724207034000062
      vertex 83 52.3 -1.1
    endloop
  endfacet
  facet normal 0 -1 0
    outer loop
      vertex 87.50484433951209 52.3 -2.1694186955877908
      vertex 83.47727211302931 52.3 -0.9910657546926611
      vertex 83.24477302735194 52.3 -1.0724207034000062
    endloop
  endfacet
  facet normal 0 -1 0
    outer loop
      vertex 87.50484433951209 52.3 -2.1694186955877908
      vertex 83.68583878204461 52.3 -0.8600146307148329
      vertex 83.47727211302931 52.3 -0.9910657546926611
    endloop
  endfacet
  facet normal 0 -1 0
    outer loop
      vertex 82.75522697264806 52.3 -1.0724207034000062
      vertex 78.12536043909088 52.3 -1.1126046697815724
      vertex 83 52.3 -1.1
    endloop
  endfacet
  facet normal 0 -1 0
    outer loop
      vertex 78.12536043909088 52.3 -1.1126046697815724
      vertex 82.75522697264806 52.3 -1.0724207034000062
      vertex 82.52272788697069 52.3 -0.9910657546926611
    endloop
  endfacet
  facet normal 0 -1 0
    outer loop
      vertex 78.12536043909088 52.3 -1.1126046697815724
      vertex 82.52272788697069 52.3 -0.9910657546926611
      vertex 82.31416121795539 52.3 -0.8600146307148328
    endloop
  endfacet
  facet normal 0 -1 0
    outer loop
      vertex 78.12536043909088 52.3 -1.1126046697815724
      vertex 82.31416121795539 52.3 -0.8600146307148328
      vertex 82.13998536928517 52.3 -0.6858387820446071
    endloop
  endfacet
  facet normal 0 -1 0
    outer loop
      vertex 87.50484433951209 52.3 -2.1694186955877908
      vertex 83.86001463071483 52.3 -0.6858387820446069
      vertex 83.68583878204461 52.3 -0.8600146307148329
    endloop
  endfacet
  facet normal 0 -1 0
    outer loop
      vertex 87.50484433951209 52.3 -2.1694186955877908
      vertex 83.99106575469266 52.3 -0.477272113029314
      vertex 83.86001463071483 52.3 -0.6858387820446069
    endloop
  endfacet
  facet normal 0 -1 0
    outer loop
      vertex 83.99106575469266 52.3 -0.477272113029314
      vertex 87.50484433951209 52.3 -2.1694186955877908
      vertex 84.07242070340001 52.3 -0.24477302735194587
    endloop
  endfacet
  facet normal 0 -1 0
    outer loop
      vertex 87.50484433951209 52.3 -2.1694186955877908
      vertex 87.87463956090912 52.3 -1.112604669781572
      vertex 84.07242070340001 52.3 -0.24477302735194587
    endloop
  endfacet
  facet normal 0 -1 0
    outer loop
      vertex 78.12536043909088 52.3 -1.1126046697815724
      vertex 82.13998536928517 52.3 -0.6858387820446071
      vertex 78 52.3 0
    endloop
  endfacet
  facet normal 0 -1 0
    outer loop
      vertex 82.00893424530734 52.3 -0.4772721130293141
      vertex 78 52.3 0
      vertex 82.13998536928517 52.3 -0.6858387820446071
    endloop
  endfacet
  facet normal 0 -1 0
    outer loop
      vertex 82.00893424530734 52.3 -0.4772721130293141
      vertex 81.92757929659999 52.3 -0.24477302735194595
      vertex 78 52.3 0
    endloop
  endfacet
  facet normal 0 -1 0
    outer loop
      vertex 81.9 52.3 0
      vertex 78 52.3 0
      vertex 81.92757929659999 52.3 -0.24477302735194595
    endloop
  endfacet
  facet normal 0 -1 0
    outer loop
      vertex 84.07242070340001 52.3 -0.24477302735194587
      vertex 87.87463956090912 52.3 -1.112604669781572
      vertex 84.1 52.3 0
    endloop
  endfacet
  facet normal 0 -1 0
    outer loop
      vertex 87.87463956090912 52.3 -1.112604669781572
      vertex 88 52.3 0
      vertex 84.1 52.3 0
    endloop
  endfacet
  facet normal 0.9937122098932424 -5.519366778768525e-19 -0.11196447610330859
    outer loop
      vertex 77.4429109005636 52.3 1.2683693235509925
      vertex 77.3 39.7 0
      vertex 77.3 52.3 0
    endloop
  endfacet
  facet normal 0.9937122098932424 0 -0.11196447610330859
    outer loop
      vertex 77.4429109005636 39.7 1.2683693235509925
      vertex 77.3 39.7 0
      vertex 77.4429109005636 52.3 1.2683693235509925
    endloop
  endfacet
  facet normal 0 1 0
    outer loop
      vertex 81.92757929659999 39.7 0.24477302735194595
      vertex 78 39.7 0
      vertex 77.3 39.7 0
    endloop
  endfacet
  facet normal 0 1 0
    outer loop
      vertex 81.92757929659999 39.7 0.24477302735194595
      vertex 81.9 39.7 0
      vertex 78 39.7 0
    endloop
  endfacet
  facet normal 0 1 0
    outer loop
      vertex 81.92757929659999 39.7 0.24477302735194595
      vertex 77.3 39.7 0
      vertex 82.00893424530734 39.7 0.4772721130293141
    endloop
  endfacet
  facet normal 0 1 0
    outer loop
      vertex 82.00893424530734 39.7 0.4772721130293141
      vertex 77.3 39.7 0
      vertex 82.13998536928517 39.7 0.6858387820446071
    endloop
  endfacet
  facet normal 0 1 0
    outer loop
      vertex 84.1 39.7 0
      vertex 84.07242070340001 39.7 0.2447730273519454
      vertex 87.87463956090912 39.7 1.11260466978157
    endloop
  endfacet
  facet normal 0 1 0
    outer loop
      vertex 84.1 39.7 0
      vertex 87.87463956090912 39.7 1.11260466978157
      vertex 88 39.7 0
    endloop
  endfacet
  facet normal 0 1 0
    outer loop
      vertex 77.4429109005636 39.7 1.2683693235509925
      vertex 82.13998536928517 39.7 0.6858387820446071
      vertex 77.3 39.7 0
    endloop
  endfacet
  facet normal 0 1 0
    outer loop
      vertex 77.4429109005636 39.7 1.2683693235509925
      vertex 82.31416121795539 39.7 0.8600146307148328
      vertex 82.13998536928517 39.7 0.6858387820446071
    endloop
  endfacet
  facet normal 0 1 0
    outer loop
      vertex 77.4429109005636 39.7 1.2683693235509925
      vertex 82.52272788697069 39.7 0.991065754692661
      vertex 82.31416121795539 39.7 0.8600146307148328
    endloop
  endfacet
  facet normal 0 1 0
    outer loop
      vertex 77.4429109005636 39.7 1.2683693235509925
      vertex 82.75522697264806 39.7 1.0724207034000062
      vertex 82.52272788697069 39.7 0.991065754692661
    endloop
  endfacet
  facet normal 0 1 0
    outer loop
      vertex 77.4429109005636 39.7 1.2683693235509925
      vertex 83 39.7 1.1
      vertex 82.75522697264806 39.7 1.0724207034000062
    endloop
  endfacet
  facet normal 0 1 0
    outer loop
      vertex 84.07242070340001 39.7 0.2447730273519454
      vertex 83.99106575469266 39.7 0.4772721130293141
      vertex 87.50484433951209 39.7 2.169418695587791
    endloop
  endfacet
  facet normal 0 1 0
    outer loop
      vertex 83.99106575469266 39.7 0.4772721130293141
      vertex 83.86001463071483 39.7 0.6858387820446068
      vertex 87.50484433951209 39.7 2.169418695587791
    endloop
  endfacet
  facet normal 0 1 0
    outer loop
      vertex 83.68583878204461 39.7 0.860014630714833
      vertex 87.50484433951209 39.7 2.169418695587791
      vertex 83.86001463071483 39.7 0.6858387820446068
    endloop
  endfacet
  facet normal 0 1 0
    outer loop
      vertex 87.87463956090912 39.7 1.11260466978157
      vertex 84.07242070340001 39.7 0.2447730273519454
      vertex 87.50484433951209 39.7 2.169418695587791
    endloop
  endfacet
  facet normal 0.9438833303083678 0 -0.3302790619551665
    outer loop
      vertex 77.4429109005636 39.7 1.2683693235509925
      vertex 77.4429109005636 52.3 1.2683693235509925
      vertex 77.86447745295621 52.3 2.473137312970082
    endloop
  endfacet
  facet normal 0.9438833303083678 2.7986267570662327e-18 -0.3302790619551665
    outer loop
      vertex 77.4429109005636 39.7 1.2683693235509925
      vertex 77.86447745295621 52.3 2.473137312970082
      vertex 77.86447745295621 39.7 2.473137312970082
    endloop
  endfacet
  facet normal 0 1 0
    outer loop
      vertex 77.4429109005636 39.7 1.2683693235509925
      vertex 87.50484433951209 39.7 2.169418695587791
      vertex 83 39.7 1.1
    endloop
  endfacet
  facet normal 0 1 0
    outer loop
      vertex 83.68583878204461 39.7 0.860014630714833
      vertex 83.47727211302931 39.7 0.991065754692661
      vertex 87.50484433951209 39.7 2.169418695587791
    endloop
  endfacet
  facet normal 0 1 0
    outer loop
      vertex 83.47727211302931 39.7 0.991065754692661
      vertex 83.24477302735194 39.7 1.0724207034000062
      vertex 87.50484433951209 39.7 2.169418695587791
    endloop
  endfacet
  facet normal 0 1 0
    outer loop
      vertex 83 39.7 1.1
      vertex 87.50484433951209 39.7 2.169418695587791
      vertex 83.24477302735194 39.7 1.0724207034000062
    endloop
  endfacet
  facet normal 0 1 0
    outer loop
      vertex 77.4429109005636 39.7 1.2683693235509925
      vertex 77.86447745295621 39.7 2.473137312970082
      vertex 86.90915741234015 39.7 3.117449009293667
    endloop
  endfacet
  facet normal 0 1 0
    outer loop
      vertex 77.4429109005636 39.7 1.2683693235509925
      vertex 86.90915741234015 39.7 3.117449009293667
      vertex 87.50484433951209 39.7 2.169418695587791
    endloop
  endfacet
  facet normal 0 1 0
    outer loop
      vertex 77.86447745295621 39.7 2.473137312970082
      vertex 78.19552722060719 39.7 3
      vertex 79.01704448391352 39.7 3
    endloop
  endfacet
  facet normal 0.8467241992282761 -4.6927063202784334e-20 -0.5320320765153496
    outer loop
      vertex 77.86447745295621 39.7 2.473137312970082
      vertex 78.19552722060719 52.3 3
      vertex 78.19552722060719 39.7 3
    endloop
  endfacet
  facet normal 0.8467241992282761 0 -0.5320320765153496
    outer loop
      vertex 77.86447745295621 39.7 2.473137312970082
      vertex 77.86447745295621 52.3 2.473137312970082
      vertex 78.19552722060719 52.3 3
    endloop
  endfacet
  facet normal 0 1 0
    outer loop
      vertex 77.86447745295621 39.7 2.473137312970082
      vertex 79.01704448391352 39.7 3
      vertex 86.11744900929367 39.7 3.9091574123401496
    endloop
  endfacet
  facet normal 0 1 0
    outer loop
      vertex 79.01704448391352 39.7 3
      vertex 79.09084258765985 39.7 3.1174490092936686
      vertex 86.11744900929367 39.7 3.9091574123401496
    endloop
  endfacet
  facet normal 0 1 0
    outer loop
      vertex 77.86447745295621 39.7 2.473137312970082
      vertex 86.11744900929367 39.7 3.9091574123401496
      vertex 86.90915741234015 39.7 3.117449009293667
    endloop
  endfacet
  facet normal 0 1 0
    outer loop
      vertex 79.88255099070633 39.7 3.9091574123401482
      vertex 85.1694186955878 39.7 4.504844339512095
      vertex 79.09084258765985 39.7 3.1174490092936686
    endloop
  endfacet
  facet normal 0 1 0
    outer loop
      vertex 86.11744900929367 39.7 3.9091574123401496
      vertex 79.09084258765985 39.7 3.1174490092936686
      vertex 85.1694186955878 39.7 4.504844339512095
    endloop
  endfacet
  facet normal 0 1 0
    outer loop
      vertex 80.8305813044122 39.7 4.504844339512095
      vertex 84.11260466978158 39.7 4.874639560909118
      vertex 79.88255099070633 39.7 3.9091574123401482
    endloop
  endfacet
  facet normal 0 1 0
    outer loop
      vertex 81.88739533021842 39.7 4.874639560909118
      vertex 83 39.7 5
      vertex 80.8305813044122 39.7 4.504844339512095
    endloop
  endfacet
  facet normal 0 1 0
    outer loop
      vertex 80.8305813044122 39.7 4.504844339512095
      vertex 83 39.7 5
      vertex 84.11260466978158 39.7 4.874639560909118
    endloop
  endfacet
  facet normal 0 1 0
    outer loop
      vertex 85.1694186955878 39.7 4.504844339512095
      vertex 79.88255099070633 39.7 3.9091574123401482
      vertex 84.11260466978158 39.7 4.874639560909118
    endloop
  endfacet
  facet normal 0 -1 0
    outer loop
      vertex 77.4429109005636 52.3 1.2683693235509925
      vertex 77.3 52.3 0
      vertex 78 52.3 0
    endloop
  endfacet
  facet normal 0 -1 0
    outer loop
      vertex 77.4429109005636 52.3 1.2683693235509925
      vertex 78 52.3 0
      vertex 81.9 52.3 0
    endloop
  endfacet
  facet normal 0 -1 0
    outer loop
      vertex 77.4429109005636 52.3 1.2683693235509925
      vertex 81.9 52.3 0
      vertex 81.92757929659999 52.3 0.24477302735194595
    endloop
  endfacet
  facet normal 0 -1 0
    outer loop
      vertex 84.1 52.3 0
      vertex 88 52.3 0
      vertex 84.07242070340001 52.3 0.2447730273519454
    endloop
  endfacet
  facet normal 0 -1 0
    outer loop
      vertex 84.07242070340001 52.3 0.2447730273519454
      vertex 88 52.3 0
      vertex 83.99106575469266 52.3 0.4772721130293141
    endloop
  endfacet
  facet normal 0 -1 0
    outer loop
      vertex 83.99106575469266 52.3 0.4772721130293141
      vertex 88 52.3 0
      vertex 83.86001463071483 52.3 0.6858387820446068
    endloop
  endfacet
  facet normal 0 -1 0
    outer loop
      vertex 87.87463956090912 52.3 1.11260466978157
      vertex 83.86001463071483 52.3 0.6858387820446068
      vertex 88 52.3 0
    endloop
  endfacet
  facet normal 0 -1 0
    outer loop
      vertex 77.4429109005636 52.3 1.2683693235509925
      vertex 81.92757929659999 52.3 0.24477302735194595
      vertex 82.00893424530734 52.3 0.4772721130293141
    endloop
  endfacet
  facet normal 0 -1 0
    outer loop
      vertex 77.4429109005636 52.3 1.2683693235509925
      vertex 82.00893424530734 52.3 0.4772721130293141
      vertex 82.13998536928517 52.3 0.6858387820446071
    endloop
  endfacet
  facet normal 0 -1 0
    outer loop
      vertex 77.4429109005636 52.3 1.2683693235509925
      vertex 82.13998536928517 52.3 0.6858387820446071
      vertex 82.31416121795539 52.3 0.8600146307148328
    endloop
  endfacet
  facet normal 0 -1 0
    outer loop
      vertex 77.4429109005636 52.3 1.2683693235509925
      vertex 82.31416121795539 52.3 0.8600146307148328
      vertex 82.52272788697069 52.3 0.991065754692661
    endloop
  endfacet
  facet normal 0 -1 0
    outer loop
      vertex 77.4429109005636 52.3 1.2683693235509925
      vertex 82.52272788697069 52.3 0.991065754692661
      vertex 82.75522697264806 52.3 1.0724207034000062
    endloop
  endfacet
  facet normal 0 -1 0
    outer loop
      vertex 77.4429109005636 52.3 1.2683693235509925
      vertex 82.75522697264806 52.3 1.0724207034000062
      vertex 83 52.3 1.1
    endloop
  endfacet
  facet normal 0 -1 0
    outer loop
      vertex 77.4429109005636 52.3 1.2683693235509925
      vertex 83 52.3 1.1
      vertex 87.87463956090912 52.3 1.11260466978157
    endloop
  endfacet
  facet normal 0 -1 0
    outer loop
      vertex 83.86001463071483 52.3 0.6858387820446068
      vertex 87.87463956090912 52.3 1.11260466978157
      vertex 83.68583878204461 52.3 0.860014630714833
    endloop
  endfacet
  facet normal 0 -1 0
    outer loop
      vertex 83.68583878204461 52.3 0.860014630714833
      vertex 87.87463956090912 52.3 1.11260466978157
      vertex 83.47727211302931 52.3 0.991065754692661
    endloop
  endfacet
  facet normal 0 -1 0
    outer loop
      vertex 83.47727211302931 52.3 0.991065754692661
      vertex 87.87463956090912 52.3 1.11260466978157
      vertex 83.24477302735194 52.3 1.0724207034000062
    endloop
  endfacet
  facet normal 0 -1 0
    outer loop
      vertex 83.24477302735194 52.3 1.0724207034000062
      vertex 87.87463956090912 52.3 1.11260466978157
      vertex 83 52.3 1.1
    endloop
  endfacet
  facet normal 0 -1 0
    outer loop
      vertex 77.4429109005636 52.3 1.2683693235509925
      vertex 87.87463956090912 52.3 1.11260466978157
      vertex 77.86447745295621 52.3 2.473137312970082
    endloop
  endfacet
  facet normal 0 -1 0
    outer loop
      vertex 77.86447745295621 52.3 2.473137312970082
      vertex 87.87463956090912 52.3 1.11260466978157
      vertex 87.50484433951209 52.3 2.169418695587791
    endloop
  endfacet
  facet normal 0 -1 0
    outer loop
      vertex 77.86447745295621 52.3 2.473137312970082
      vertex 87.50484433951209 52.3 2.169418695587791
      vertex 78.19552722060719 52.3 3
    endloop
  endfacet
  facet normal 0 -1 0
    outer loop
      vertex 79.01704448391352 52.3 3
      vertex 78.19552722060719 52.3 3
      vertex 87.50484433951209 52.3 2.169418695587791
    endloop
  endfacet
  facet normal 0 -1 0
    outer loop
      vertex 79.01704448391352 52.3 3
      vertex 87.50484433951209 52.3 2.169418695587791
      vertex 79.09084258765985 52.3 3.1174490092936686
    endloop
  endfacet
  facet normal 0 -1 0
    outer loop
      vertex 79.09084258765985 52.3 3.1174490092936686
      vertex 87.50484433951209 52.3 2.169418695587791
      vertex 79.88255099070633 52.3 3.9091574123401482
    endloop
  endfacet
  facet normal 0 -1 0
    outer loop
      vertex 86.90915741234015 52.3 3.117449009293667
      vertex 79.88255099070633 52.3 3.9091574123401482
      vertex 87.50484433951209 52.3 2.169418695587791
    endloop
  endfacet
  facet normal 0 -1 0
    outer loop
      vertex 79.88255099070633 52.3 3.9091574123401482
      vertex 86.90915741234015 52.3 3.117449009293667
      vertex 80.8305813044122 52.3 4.504844339512095
    endloop
  endfacet
  facet normal 0 -1 0
    outer loop
      vertex 86.11744900929367 52.3 3.9091574123401496
      vertex 80.8305813044122 52.3 4.504844339512095
      vertex 86.90915741234015 52.3 3.117449009293667
    endloop
  endfacet
  facet normal 0 -1 0
    outer loop
      vertex 80.8305813044122 52.3 4.504844339512095
      vertex 86.11744900929367 52.3 3.9091574123401496
      vertex 81.88739533021842 52.3 4.874639560909118
    endloop
  endfacet
  facet normal 0 -1 0
    outer loop
      vertex 81.88739533021842 52.3 4.874639560909118
      vertex 86.11744900929367 52.3 3.9091574123401496
      vertex 85.1694186955878 52.3 4.504844339512095
    endloop
  endfacet
  facet normal 0 -1 0
    outer loop
      vertex 81.88739533021842 52.3 4.874639560909118
      vertex 85.1694186955878 52.3 4.504844339512095
      vertex 83 52.3 5
    endloop
  endfacet
  facet normal 0 -1 0
    outer loop
      vertex 84.11260466978158 52.3 4.874639560909118
      vertex 83 52.3 5
      vertex 85.1694186955878 52.3 4.504844339512095
    endloop
  endfacet
  facet normal 0 1 0
    outer loop
      vertex 81.88739533021842 63.7 -4.874639560909118
      vertex 85.1694186955878 63.7 -4.504844339512096
      vertex 83 63.7 -5
    endloop
  endfacet
  facet normal 0 1 0
    outer loop
      vertex 84.11260466978158 63.7 -4.874639560909118
      vertex 83 63.7 -5
      vertex 85.1694186955878 63.7 -4.504844339512096
    endloop
  endfacet
  facet normal 0 1 0
    outer loop
      vertex 81.88739533021842 63.7 -4.874639560909118
      vertex 80.8305813044122 63.7 -4.504844339512096
      vertex 86.11744900929367 63.7 -3.909157412340149
    endloop
  endfacet
  facet normal 0 1 0
    outer loop
      vertex 81.88739533021842 63.7 -4.874639560909118
      vertex 86.11744900929367 63.7 -3.909157412340149
      vertex 85.1694186955878 63.7 -4.504844339512096
    endloop
  endfacet
  facet normal 0 1 0
    outer loop
      vertex 79.88255099070633 63.7 -3.9091574123401482
      vertex 86.90915741234015 63.7 -3.1174490092936673
      vertex 80.8305813044122 63.7 -4.504844339512096
    endloop
  endfacet
  facet normal 0 1 0
    outer loop
      vertex 86.11744900929367 63.7 -3.909157412340149
      vertex 80.8305813044122 63.7 -4.504844339512096
      vertex 86.90915741234015 63.7 -3.1174490092936673
    endloop
  endfacet
  facet normal 0 1 0
    outer loop
      vertex 79.09084258765985 63.7 -3.1174490092936686
      vertex 87.50484433951209 63.7 -2.1694186955877908
      vertex 79.88255099070633 63.7 -3.9091574123401482
    endloop
  endfacet
  facet normal 0 1 0
    outer loop
      vertex 86.90915741234015 63.7 -3.1174490092936673
      vertex 79.88255099070633 63.7 -3.9091574123401482
      vertex 87.50484433951209 63.7 -2.1694186955877908
    endloop
  endfacet
  facet normal 0 1 0
    outer loop
      vertex 78.49515566048791 63.7 -2.169418695587791
      vertex 87.87463956090912 63.7 -1.112604669781572
      vertex 79.09084258765985 63.7 -3.1174490092936686
    endloop
  endfacet
  facet normal 0 1 0
    outer loop
      vertex 87.50484433951209 63.7 -2.1694186955877908
      vertex 79.09084258765985 63.7 -3.1174490092936686
      vertex 87.87463956090912 63.7 -1.112604669781572
    endloop
  endfacet
  facet normal 0 1 0
    outer loop
      vertex 78.49515566048791 63.7 -2.169418695587791
      vertex 82.75522697264806 63.7 -1.0724207034000062
      vertex 83 63.7 -1.1
    endloop
  endfacet
  facet normal 0 1 0
    outer loop
      vertex 78.49515566048791 63.7 -2.169418695587791
      vertex 82.52272788697069 63.7 -0.9910657546926611
      vertex 82.75522697264806 63.7 -1.0724207034000062
    endloop
  endfacet
  facet normal 0 1 0
    outer loop
      vertex 78.49515566048791 63.7 -2.169418695587791
      vertex 82.31416121795539 63.7 -0.8600146307148328
      vertex 82.52272788697069 63.7 -0.9910657546926611
    endloop
  endfacet
  facet normal 0 1 0
    outer loop
      vertex 78.49515566048791 63.7 -2.169418695587791
      vertex 83 63.7 -1.1
      vertex 87.87463956090912 63.7 -1.112604669781572
    endloop
  endfacet
  facet normal 0 1 0
    outer loop
      vertex 78.49515566048791 63.7 -2.169418695587791
      vertex 78.12536043909088 63.7 -1.1126046697815724
      vertex 81.92757929659999 63.7 -0.24477302735194595
    endloop
  endfacet
  facet normal 0 1 0
    outer loop
      vertex 78.49515566048791 63.7 -2.169418695587791
      vertex 82.13998536928517 63.7 -0.6858387820446071
      vertex 82.31416121795539 63.7 -0.8600146307148328
    endloop
  endfacet
  facet normal 0 1 0
    outer loop
      vertex 78.49515566048791 63.7 -2.169418695587791
      vertex 82.00893424530734 63.7 -0.4772721130293141
      vertex 82.13998536928517 63.7 -0.6858387820446071
    endloop
  endfacet
  facet normal 0 1 0
    outer loop
      vertex 81.92757929659999 63.7 -0.24477302735194595
      vertex 82.00893424530734 63.7 -0.4772721130293141
      vertex 78.49515566048791 63.7 -2.169418695587791
    endloop
  endfacet
  facet normal 0 1 0
    outer loop
      vertex 87.87463956090912 63.7 -1.112604669781572
      vertex 83 63.7 -1.1
      vertex 83.24477302735194 63.7 -1.0724207034000062
    endloop
  endfacet
  facet normal 0 1 0
    outer loop
      vertex 87.87463956090912 63.7 -1.112604669781572
      vertex 83.24477302735194 63.7 -1.0724207034000062
      vertex 83.47727211302931 63.7 -0.9910657546926611
    endloop
  endfacet
  facet normal 0 1 0
    outer loop
      vertex 87.87463956090912 63.7 -1.112604669781572
      vertex 83.47727211302931 63.7 -0.9910657546926611
      vertex 83.68583878204461 63.7 -0.8600146307148329
    endloop
  endfacet
  facet normal 0 1 0
    outer loop
      vertex 83.86001463071483 63.7 -0.6858387820446069
      vertex 87.87463956090912 63.7 -1.112604669781572
      vertex 83.68583878204461 63.7 -0.8600146307148329
    endloop
  endfacet
  facet normal 0 1 0
    outer loop
      vertex 78.12536043909088 63.7 -1.1126046697815724
      vertex 78 63.7 0
      vertex 81.9 63.7 0
    endloop
  endfacet
  facet normal 0 1 0
    outer loop
      vertex 78.12536043909088 63.7 -1.1126046697815724
      vertex 81.9 63.7 0
      vertex 81.92757929659999 63.7 -0.24477302735194595
    endloop
  endfacet
  facet normal 0 1 0
    outer loop
      vertex 83.86001463071483 63.7 -0.6858387820446069
      vertex 83.99106575469266 63.7 -0.477272113029314
      vertex 88 63.7 0
    endloop
  endfacet
  facet normal 0 1 0
    outer loop
      vertex 87.87463956090912 63.7 -1.112604669781572
      vertex 83.86001463071483 63.7 -0.6858387820446069
      vertex 88 63.7 0
    endloop
  endfacet
  facet normal 0 1 0
    outer loop
      vertex 83.99106575469266 63.7 -0.477272113029314
      vertex 84.07242070340001 63.7 -0.24477302735194587
      vertex 88 63.7 0
    endloop
  endfacet
  facet normal 0 1 0
    outer loop
      vertex 84.07242070340001 63.7 -0.24477302735194587
      vertex 84.1 63.7 0
      vertex 88 63.7 0
    endloop
  endfacet
  facet normal 0.9937122098932425 -5.889660394359268e-19 -0.1119644761033086
    outer loop
      vertex 77.4429109005636 63.7 1.2683693235509925
      vertex 77.3 63.7 0
      vertex 77.3 75.50781518049634 0
    endloop
  endfacet
  facet normal 0 1 0
    outer loop
      vertex 81.92757929659999 63.7 0.24477302735194595
      vertex 78 63.7 0
      vertex 77.3 63.7 0
    endloop
  endfacet
  facet normal 0 1 0
    outer loop
      vertex 81.92757929659999 63.7 0.24477302735194595
      vertex 81.9 63.7 0
      vertex 78 63.7 0
    endloop
  endfacet
  facet normal 0 1 0
    outer loop
      vertex 81.92757929659999 63.7 0.24477302735194595
      vertex 77.3 63.7 0
      vertex 82.00893424530734 63.7 0.4772721130293141
    endloop
  endfacet
  facet normal 0 1 0
    outer loop
      vertex 82.00893424530734 63.7 0.4772721130293141
      vertex 77.3 63.7 0
      vertex 82.13998536928517 63.7 0.6858387820446071
    endloop
  endfacet
  facet normal 0 1 0
    outer loop
      vertex 84.1 63.7 0
      vertex 84.07242070340001 63.7 0.2447730273519454
      vertex 87.87463956090912 63.7 1.11260466978157
    endloop
  endfacet
  facet normal 0 1 0
    outer loop
      vertex 84.1 63.7 0
      vertex 87.87463956090912 63.7 1.11260466978157
      vertex 88 63.7 0
    endloop
  endfacet
  facet normal 0 1 0
    outer loop
      vertex 77.4429109005636 63.7 1.2683693235509925
      vertex 82.13998536928517 63.7 0.6858387820446071
      vertex 77.3 63.7 0
    endloop
  endfacet
  facet normal 0 1 0
    outer loop
      vertex 77.4429109005636 63.7 1.2683693235509925
      vertex 82.31416121795539 63.7 0.8600146307148328
      vertex 82.13998536928517 63.7 0.6858387820446071
    endloop
  endfacet
  facet normal 0 1 0
    outer loop
      vertex 77.4429109005636 63.7 1.2683693235509925
      vertex 82.52272788697069 63.7 0.991065754692661
      vertex 82.31416121795539 63.7 0.8600146307148328
    endloop
  endfacet
  facet normal 0 1 0
    outer loop
      vertex 77.4429109005636 63.7 1.2683693235509925
      vertex 82.75522697264806 63.7 1.0724207034000062
      vertex 82.52272788697069 63.7 0.991065754692661
    endloop
  endfacet
  facet normal 0 1 0
    outer loop
      vertex 77.4429109005636 63.7 1.2683693235509925
      vertex 83 63.7 1.1
      vertex 82.75522697264806 63.7 1.0724207034000062
    endloop
  endfacet
  facet normal 0 1 0
    outer loop
      vertex 84.07242070340001 63.7 0.2447730273519454
      vertex 83.99106575469266 63.7 0.4772721130293141
      vertex 87.50484433951209 63.7 2.169418695587791
    endloop
  endfacet
  facet normal 0 1 0
    outer loop
      vertex 83.99106575469266 63.7 0.4772721130293141
      vertex 83.86001463071483 63.7 0.6858387820446068
      vertex 87.50484433951209 63.7 2.169418695587791
    endloop
  endfacet
  facet normal 0 1 0
    outer loop
      vertex 83.68583878204461 63.7 0.860014630714833
      vertex 87.50484433951209 63.7 2.169418695587791
      vertex 83.86001463071483 63.7 0.6858387820446068
    endloop
  endfacet
  facet normal 0 1 0
    outer loop
      vertex 87.87463956090912 63.7 1.11260466978157
      vertex 84.07242070340001 63.7 0.2447730273519454
      vertex 87.50484433951209 63.7 2.169418695587791
    endloop
  endfacet
  facet normal 0.9438833303083677 0 -0.3302790619551665
    outer loop
      vertex 77.4429109005636 63.7 1.2683693235509925
      vertex 77.4429109005636 75.4862957787945 1.2683693235509925
      vertex 77.86447745295621 63.7 2.473137312970082
    endloop
  endfacet
  facet normal 0 1 0
    outer loop
      vertex 77.4429109005636 63.7 1.2683693235509925
      vertex 87.50484433951209 63.7 2.169418695587791
      vertex 83 63.7 1.1
    endloop
  endfacet
  facet normal 0 1 0
    outer loop
      vertex 83.47727211302931 63.7 0.991065754692661
      vertex 87.50484433951209 63.7 2.169418695587791
      vertex 83.68583878204461 63.7 0.860014630714833
    endloop
  endfacet
  facet normal 0 1 0
    outer loop
      vertex 83.47727211302931 63.7 0.991065754692661
      vertex 83.24477302735194 63.7 1.0724207034000062
      vertex 87.50484433951209 63.7 2.169418695587791
    endloop
  endfacet
  facet normal 0 1 0
    outer loop
      vertex 83 63.7 1.1
      vertex 87.50484433951209 63.7 2.169418695587791
      vertex 83.24477302735194 63.7 1.0724207034000062
    endloop
  endfacet
  facet normal 0 1 0
    outer loop
      vertex 77.4429109005636 63.7 1.2683693235509925
      vertex 77.86447745295621 63.7 2.473137312970082
      vertex 86.90915741234015 63.7 3.117449009293667
    endloop
  endfacet
  facet normal 0 1 0
    outer loop
      vertex 77.4429109005636 63.7 1.2683693235509925
      vertex 86.90915741234015 63.7 3.117449009293667
      vertex 87.50484433951209 63.7 2.169418695587791
    endloop
  endfacet
  facet normal 0.9937122098932425 0 -0.1119644761033086
    outer loop
      vertex 77.4429109005636 63.7 1.2683693235509925
      vertex 77.3 75.50781518049634 0
      vertex 77.4429109005636 75.4862957787945 1.2683693235509925
    endloop
  endfacet
  facet normal 0.9438833303083678 0 -0.3302790619551665
    outer loop
      vertex 77.86447745295621 63.7 2.473137312970082
      vertex 77.4429109005636 75.4862957787945 1.2683693235509925
      vertex 77.86447745295621 75.42281664634753 2.473137312970082
    endloop
  endfacet
  facet normal 0 1 0
    outer loop
      vertex 77.86447745295621 63.7 2.473137312970082
      vertex 78.19552722060719 63.7 3
      vertex 79.01704448391352 63.7 3
    endloop
  endfacet
  facet normal 0.846724199228276 -5.065387174871461e-20 -0.5320320765153496
    outer loop
      vertex 77.86447745295621 63.7 2.473137312970082
      vertex 78.19552722060719 75.37296745426151 3
      vertex 78.19552722060719 63.7 3
    endloop
  endfacet
  facet normal 0 1 0
    outer loop
      vertex 77.86447745295621 63.7 2.473137312970082
      vertex 79.01704448391352 63.7 3
      vertex 86.11744900929367 63.7 3.9091574123401496
    endloop
  endfacet
  facet normal 0 1 0
    outer loop
      vertex 79.01704448391352 63.7 3
      vertex 79.09084258765985 63.7 3.1174490092936686
      vertex 86.11744900929367 63.7 3.9091574123401496
    endloop
  endfacet
  facet normal 0 1 0
    outer loop
      vertex 77.86447745295621 63.7 2.473137312970082
      vertex 86.11744900929367 63.7 3.9091574123401496
      vertex 86.90915741234015 63.7 3.117449009293667
    endloop
  endfacet
  facet normal 0 1 0
    outer loop
      vertex 79.88255099070633 63.7 3.9091574123401482
      vertex 85.1694186955878 63.7 4.504844339512095
      vertex 79.09084258765985 63.7 3.1174490092936686
    endloop
  endfacet
  facet normal 0 1 0
    outer loop
      vertex 86.11744900929367 63.7 3.9091574123401496
      vertex 79.09084258765985 63.7 3.1174490092936686
      vertex 85.1694186955878 63.7 4.504844339512095
    endloop
  endfacet
  facet normal 0 1 0
    outer loop
      vertex 80.8305813044122 63.7 4.504844339512095
      vertex 84.11260466978158 63.7 4.874639560909118
      vertex 79.88255099070633 63.7 3.9091574123401482
    endloop
  endfacet
  facet normal 0 1 0
    outer loop
      vertex 81.88739533021842 63.7 4.874639560909118
      vertex 83 63.7 5
      vertex 80.8305813044122 63.7 4.504844339512095
    endloop
  endfacet
  facet normal 0 1 0
    outer loop
      vertex 80.8305813044122 63.7 4.504844339512095
      vertex 83 63.7 5
      vertex 84.11260466978158 63.7 4.874639560909118
    endloop
  endfacet
  facet normal 0 1 0
    outer loop
      vertex 85.1694186955878 63.7 4.504844339512095
      vertex 79.88255099070633 63.7 3.9091574123401482
      vertex 84.11260466978158 63.7 4.874639560909118
    endloop
  endfacet
  facet normal 0.846724199228276 0 -0.5320320765153496
    outer loop
      vertex 77.86447745295621 63.7 2.473137312970082
      vertex 77.86447745295621 75.42281664634753 2.473137312970082
      vertex 78.19552722060719 75.37296745426151 3
    endloop
  endfacet
  facet normal 0 1 0
    outer loop
      vertex 10 -4.399999999999999 -3.1
      vertex 9.755226972648053 -4.399999999999999 -3.072420703400006
      vertex 10.244773027351947 -4.399999999999999 -3.072420703400006
    endloop
  endfacet
  facet normal 0 1 0
    outer loop
      vertex 9.755226972648053 -4.399999999999999 -3.072420703400006
      vertex 10.477272113029313 -4.399999999999999 -2.991065754692661
      vertex 10.244773027351947 -4.399999999999999 -3.072420703400006
    endloop
  endfacet
  facet normal 0 1 0
    outer loop
      vertex 9.755226972648053 -4.399999999999999 -3.072420703400006
      vertex 9.522727886970687 -4.399999999999999 -2.991065754692661
      vertex 10.477272113029313 -4.399999999999999 -2.991065754692661
    endloop
  endfacet
  facet normal 0 1 0
    outer loop
      vertex 9.314161217955393 -4.399999999999999 -2.860014630714833
      vertex 10.685838782044607 -4.399999999999999 -2.860014630714833
      vertex 9.522727886970687 -4.399999999999999 -2.991065754692661
    endloop
  endfacet
  facet normal 0 1 0
    outer loop
      vertex 9.522727886970687 -4.399999999999999 -2.991065754692661
      vertex 10.685838782044607 -4.399999999999999 -2.860014630714833
      vertex 10.477272113029313 -4.399999999999999 -2.991065754692661
    endloop
  endfacet
  facet normal 0 1 0
    outer loop
      vertex 9.314161217955393 -4.399999999999999 -2.860014630714833
      vertex 9.139985369285167 -4.399999999999999 -2.6858387820446072
      vertex 10.860014630714833 -4.399999999999999 -2.685838782044607
    endloop
  endfacet
  facet normal 0 1 0
    outer loop
      vertex 9.314161217955393 -4.399999999999999 -2.860014630714833
      vertex 10.860014630714833 -4.399999999999999 -2.685838782044607
      vertex 10.685838782044607 -4.399999999999999 -2.860014630714833
    endloop
  endfacet
  facet normal 0 1 0
    outer loop
      vertex 9.139985369285167 -4.399999999999999 -2.6858387820446072
      vertex 9.008934245307339 -4.399999999999999 -2.477272113029314
      vertex 10.991065754692661 -4.399999999999999 -2.477272113029314
    endloop
  endfacet
  facet normal 0 1 0
    outer loop
      vertex 9.139985369285167 -4.399999999999999 -2.6858387820446072
      vertex 10.991065754692661 -4.399999999999999 -2.477272113029314
      vertex 10.860014630714833 -4.399999999999999 -2.685838782044607
    endloop
  endfacet
  facet normal 0.11196447610330786 0 0.9937122098932426
    outer loop
      vertex 10 -4.399999999999999 -3.1
      vertex 10 5.600000000000001 -3.1
      vertex 9.755226972648053 -4.399999999999999 -3.072420703400006
    endloop
  endfacet
  facet normal -0.11196447610330786 -2.2439748401320495e-20 0.9937122098932426
    outer loop
      vertex 10 -4.399999999999999 -3.1
      vertex 10.244773027351947 -4.399999999999999 -3.072420703400006
      vertex 10.244773027351947 5.600000000000001 -3.072420703400006
    endloop
  endfacet
  facet normal 0.33027906195516893 0 0.9438833303083668
    outer loop
      vertex 9.755226972648053 -4.399999999999999 -3.072420703400006
      vertex 9.755226972648053 5.600000000000001 -3.072420703400006
      vertex 9.522727886970687 -4.399999999999999 -2.991065754692661
    endloop
  endfacet
  facet normal -0.33027906195516893 -4.95172386091723e-19 0.9438833303083668
    outer loop
      vertex 10.244773027351947 -4.399999999999999 -3.072420703400006
      vertex 10.477272113029313 -4.399999999999999 -2.991065754692661
      vertex 10.477272113029313 5.600000000000001 -2.991065754692661
    endloop
  endfacet
  facet normal 0.5320320765153346 -5.987308306382378e-19 0.8467241992282856
    outer loop
      vertex 9.314161217955393 -4.399999999999999 -2.860014630714833
      vertex 9.522727886970687 -4.399999999999999 -2.991065754692661
      vertex 9.522727886970687 5.600000000000001 -2.991065754692661
    endloop
  endfacet
  facet normal -0.5320320765153346 5.987308306382378e-19 0.8467241992282856
    outer loop
      vertex 10.477272113029313 -4.399999999999999 -2.991065754692661
      vertex 10.685838782044607 -4.399999999999999 -2.860014630714833
      vertex 10.685838782044607 5.6000000000000005 -2.860014630714833
    endloop
  endfacet
  facet normal -0.11196447610330786 0 0.9937122098932426
    outer loop
      vertex 10 -4.399999999999999 -3.1
      vertex 10.244773027351947 5.600000000000001 -3.072420703400006
      vertex 10 5.600000000000001 -3.1
    endloop
  endfacet
  facet normal 0.11196447610330786 0 0.9937122098932426
    outer loop
      vertex 9.755226972648053 -4.399999999999999 -3.072420703400006
      vertex 10 5.600000000000001 -3.1
      vertex 9.755226972648053 5.600000000000001 -3.072420703400006
    endloop
  endfacet
  facet normal 0.33027906195516893 0 0.9438833303083668
    outer loop
      vertex 9.522727886970687 -4.399999999999999 -2.991065754692661
      vertex 9.755226972648053 5.600000000000001 -3.072420703400006
      vertex 9.522727886970687 5.600000000000001 -2.991065754692661
    endloop
  endfacet
  facet normal -0.33027906195516893 0 0.9438833303083668
    outer loop
      vertex 10.244773027351947 -4.399999999999999 -3.072420703400006
      vertex 10.477272113029313 5.600000000000001 -2.991065754692661
      vertex 10.244773027351947 5.600000000000001 -3.072420703400006
    endloop
  endfacet
  facet normal 0.5320320765153346 0 0.8467241992282856
    outer loop
      vertex 9.314161217955393 -4.399999999999999 -2.860014630714833
      vertex 9.522727886970687 5.600000000000001 -2.991065754692661
      vertex 9.314161217955393 5.6000000000000005 -2.860014630714833
    endloop
  endfacet
  facet normal -0.5320320765153346 0 0.8467241992282856
    outer loop
      vertex 10.477272113029313 -4.399999999999999 -2.991065754692661
      vertex 10.685838782044607 5.6000000000000005 -2.860014630714833
      vertex 10.477272113029313 5.600000000000001 -2.991065754692661
    endloop
  endfacet
  facet normal 0.7071067811865475 0 0.7071067811865475
    outer loop
      vertex 9.314161217955393 -4.399999999999999 -2.860014630714833
      vertex 9.314161217955393 5.6000000000000005 -2.860014630714833
      vertex 9.139985369285167 -4.399999999999999 -2.6858387820446072
    endloop
  endfacet
  facet normal -0.7071067811865485 -4.519863255369212e-19 0.7071067811865467
    outer loop
      vertex 10.685838782044607 -4.399999999999999 -2.860014630714833
      vertex 10.860014630714833 -4.399999999999999 -2.685838782044607
      vertex 10.860014630714833 5.6 -2.685838782044607
    endloop
  endfacet
  facet normal 0.8467241992282846 0 0.5320320765153362
    outer loop
      vertex 9.139985369285167 -4.399999999999999 -2.6858387820446072
      vertex 9.139985369285167 5.600000000000001 -2.6858387820446072
      vertex 9.008934245307339 -4.399999999999999 -2.477272113029314
    endloop
  endfacet
  facet normal -0.8467241992282839 1.4289522130203643e-19 0.5320320765153369
    outer loop
      vertex 10.860014630714833 -4.399999999999999 -2.685838782044607
      vertex 10.991065754692661 -4.399999999999999 -2.477272113029314
      vertex 10.991065754692661 5.600000000000001 -2.477272113029314
    endloop
  endfacet
  facet normal 0.7071067811865475 0 0.7071067811865475
    outer loop
      vertex 9.139985369285167 -4.399999999999999 -2.6858387820446072
      vertex 9.314161217955393 5.6000000000000005 -2.860014630714833
      vertex 9.139985369285167 5.600000000000001 -2.6858387820446072
    endloop
  endfacet
  facet normal -0.7071067811865483 0 0.7071067811865466
    outer loop
      vertex 10.685838782044607 -4.399999999999999 -2.860014630714833
      vertex 10.860014630714833 5.6 -2.685838782044607
      vertex 10.685838782044607 5.6000000000000005 -2.860014630714833
    endloop
  endfacet
  facet normal 0.8467241992282846 0 0.5320320765153362
    outer loop
      vertex 9.008934245307339 -4.399999999999999 -2.477272113029314
      vertex 9.139985369285167 5.600000000000001 -2.6858387820446072
      vertex 9.008934245307339 5.600000000000001 -2.477272113029314
    endloop
  endfacet
  facet normal -0.8467241992282839 0 0.5320320765153369
    outer loop
      vertex 10.860014630714833 -4.399999999999999 -2.685838782044607
      vertex 10.991065754692661 5.600000000000001 -2.477272113029314
      vertex 10.860014630714833 5.6 -2.685838782044607
    endloop
  endfacet
  facet normal 0 1 0
    outer loop
      vertex 9.008934245307339 -4.399999999999999 -2.477272113029314
      vertex 11.072420703400006 -4.399999999999999 -2.244773027351946
      vertex 10.991065754692661 -4.399999999999999 -2.477272113029314
    endloop
  endfacet
  facet normal 0 1 0
    outer loop
      vertex 9.008934245307339 -4.399999999999999 -2.477272113029314
      vertex 8.927579296599994 -4.399999999999999 -2.244773027351946
      vertex 11.072420703400006 -4.399999999999999 -2.244773027351946
    endloop
  endfacet
  facet normal 0 1 0
    outer loop
      vertex 8.927579296599994 -4.399999999999999 -2.244773027351946
      vertex 8.9 -4.399999999999999 -2
      vertex 11.1 -4.399999999999999 -2
    endloop
  endfacet
  facet normal 0 1 0
    outer loop
      vertex 8.927579296599994 -4.399999999999999 -2.244773027351946
      vertex 11.1 -4.399999999999999 -2
      vertex 11.072420703400006 -4.399999999999999 -2.244773027351946
    endloop
  endfacet
  facet normal 0 1 0
    outer loop
      vertex 8.9 -4.399999999999999 -2
      vertex 11.072420703400006 -4.399999999999999 -1.7552269726480545
      vertex 11.1 -4.399999999999999 -2
    endloop
  endfacet
  facet normal 0 1 0
    outer loop
      vertex 8.9 -4.399999999999999 -2
      vertex 8.927579296599994 -4.399999999999999 -1.755226972648054
      vertex 11.072420703400006 -4.399999999999999 -1.7552269726480545
    endloop
  endfacet
  facet normal 0 1 0
    outer loop
      vertex 8.927579296599994 -4.399999999999999 -1.755226972648054
      vertex 9.008934245307339 -4.399999999999999 -1.522727886970686
      vertex 10.991065754692661 -4.399999999999999 -1.522727886970686
    endloop
  endfacet
  facet normal 0 1 0
    outer loop
      vertex 8.927579296599994 -4.399999999999999 -1.755226972648054
      vertex 10.991065754692661 -4.399999999999999 -1.522727886970686
      vertex 11.072420703400006 -4.399999999999999 -1.7552269726480545
    endloop
  endfacet
  facet normal 0 1 0
    outer loop
      vertex 9.008934245307339 -4.399999999999999 -1.522727886970686
      vertex 10.860014630714833 -4.399999999999999 -1.3141612179553932
      vertex 10.991065754692661 -4.399999999999999 -1.522727886970686
    endloop
  endfacet
  facet normal 0 1 0
    outer loop
      vertex 9.008934245307339 -4.399999999999999 -1.522727886970686
      vertex 9.139985369285167 -4.399999999999999 -1.3141612179553928
      vertex 10.860014630714833 -4.399999999999999 -1.3141612179553932
    endloop
  endfacet
  facet normal 0 1 0
    outer loop
      vertex 9.139985369285167 -4.399999999999999 -1.3141612179553928
      vertex 10.685838782044607 -4.399999999999999 -1.1399853692851671
      vertex 10.860014630714833 -4.399999999999999 -1.3141612179553932
    endloop
  endfacet
  facet normal 0.9438833303083678 0 0.33027906195516676
    outer loop
      vertex 9.008934245307339 -4.399999999999999 -2.477272113029314
      vertex 9.008934245307339 5.600000000000001 -2.477272113029314
      vertex 8.927579296599994 -4.399999999999999 -2.244773027351946
    endloop
  endfacet
  facet normal -0.9438833303083678 4.256125742922739e-19 0.33027906195516676
    outer loop
      vertex 10.991065754692661 -4.399999999999999 -2.477272113029314
      vertex 11.072420703400006 -4.399999999999999 -2.244773027351946
      vertex 11.072420703400006 5.6000000000000005 -2.244773027351946
    endloop
  endfacet
  facet normal -0.9438833303083678 0 0.33027906195516676
    outer loop
      vertex 10.991065754692661 -4.399999999999999 -2.477272113029314
      vertex 11.072420703400006 5.6000000000000005 -2.244773027351946
      vertex 10.991065754692661 5.600000000000001 -2.477272113029314
    endloop
  endfacet
  facet normal 0.9438833303083678 0 0.33027906195516676
    outer loop
      vertex 8.927579296599994 -4.399999999999999 -2.244773027351946
      vertex 9.008934245307339 5.600000000000001 -2.477272113029314
      vertex 8.927579296599994 5.600000000000001 -2.244773027351946
    endloop
  endfacet
  facet normal 0.9937122098932428 0 0.11196447610330647
    outer loop
      vertex 8.927579296599994 -4.399999999999999 -2.244773027351946
      vertex 8.927579296599994 5.600000000000001 -2.244773027351946
      vertex 8.9 -4.399999999999999 -2
    endloop
  endfacet
  facet normal 0.9937122098932428 0 -0.11196447610330647
    outer loop
      vertex 8.9 -4.399999999999999 -2
      vertex 8.9 5.600000000000001 -2
      vertex 8.927579296599994 -4.399999999999999 -1.755226972648054
    endloop
  endfacet
  facet normal 0.9937122098932428 0 0.11196447610330647
    outer loop
      vertex 8.9 -4.399999999999999 -2
      vertex 8.927579296599994 5.600000000000001 -2.244773027351946
      vertex 8.9 5.600000000000001 -2
    endloop
  endfacet
  facet normal -0.9937122098932428 1.3073841025481232e-19 0.11196447610330647
    outer loop
      vertex 11.072420703400006 -4.399999999999999 -2.244773027351946
      vertex 11.1 -4.399999999999999 -2
      vertex 11.1 5.6 -2
    endloop
  endfacet
  facet normal -0.9937122098932428 0 0.11196447610330647
    outer loop
      vertex 11.072420703400006 -4.399999999999999 -2.244773027351946
      vertex 11.1 5.6 -2
      vertex 11.072420703400006 5.6000000000000005 -2.244773027351946
    endloop
  endfacet
  facet normal -0.9937122098932428 0 -0.11196447610330668
    outer loop
      vertex 11.1 -4.399999999999999 -2
      vertex 11.072420703400006 5.6 -1.7552269726480545
      vertex 11.1 5.6 -2
    endloop
  endfacet
  facet normal 0.9937122098932428 0 -0.11196447610330647
    outer loop
      vertex 8.927579296599994 -4.399999999999999 -1.755226972648054
      vertex 8.9 5.600000000000001 -2
      vertex 8.927579296599994 5.600000000000001 -1.755226972648054
    endloop
  endfacet
  facet normal -0.9937122098932428 -8.82721391681797e-20 -0.11196447610330668
    outer loop
      vertex 11.1 -4.399999999999999 -2
      vertex 11.072420703400006 -4.399999999999999 -1.7552269726480545
      vertex 11.072420703400006 5.6 -1.7552269726480545
    endloop
  endfacet
  facet normal 0.9438833303083678 0 -0.33027906195516676
    outer loop
      vertex 8.927579296599994 -4.399999999999999 -1.755226972648054
      vertex 8.927579296599994 5.600000000000001 -1.755226972648054
      vertex 9.008934245307339 -4.399999999999999 -1.522727886970686
    endloop
  endfacet
  facet normal -0.943883330308368 4.0056732160731165e-19 -0.3302790619551662
    outer loop
      vertex 11.072420703400006 -4.399999999999999 -1.7552269726480545
      vertex 10.991065754692661 -4.399999999999999 -1.522727886970686
      vertex 10.991065754692661 5.6 -1.522727886970686
    endloop
  endfacet
  facet normal 0.9438833303083678 0 -0.33027906195516676
    outer loop
      vertex 9.008934245307339 -4.399999999999999 -1.522727886970686
      vertex 8.927579296599994 5.600000000000001 -1.755226972648054
      vertex 9.008934245307339 5.600000000000001 -1.522727886970686
    endloop
  endfacet
  facet normal -0.943883330308368 0 -0.3302790619551662
    outer loop
      vertex 11.072420703400006 -4.399999999999999 -1.7552269726480545
      vertex 10.991065754692661 5.6 -1.522727886970686
      vertex 11.072420703400006 5.6 -1.7552269726480545
    endloop
  endfacet
  facet normal 0.8467241992282846 0 -0.5320320765153362
    outer loop
      vertex 9.008934245307339 -4.399999999999999 -1.522727886970686
      vertex 9.008934245307339 5.600000000000001 -1.522727886970686
      vertex 9.139985369285167 -4.399999999999999 -1.3141612179553928
    endloop
  endfacet
  facet normal 0.7071067811865475 0 -0.7071067811865475
    outer loop
      vertex 9.139985369285167 -4.399999999999999 -1.3141612179553928
      vertex 9.139985369285167 5.600000000000001 -1.3141612179553928
      vertex 9.314161217955393 -4.399999999999999 -1.1399853692851671
    endloop
  endfacet
  facet normal -0.8467241992282839 -1.4289522130203646e-19 -0.5320320765153369
    outer loop
      vertex 10.991065754692661 -4.399999999999999 -1.522727886970686
      vertex 10.860014630714833 -4.399999999999999 -1.3141612179553932
      vertex 10.860014630714833 5.6 -1.3141612179553932
    endloop
  endfacet
  facet normal -0.8467241992282839 0 -0.5320320765153369
    outer loop
      vertex 10.991065754692661 -4.399999999999999 -1.522727886970686
      vertex 10.860014630714833 5.6 -1.3141612179553932
      vertex 10.991065754692661 5.6 -1.522727886970686
    endloop
  endfacet
  facet normal 0.8467241992282846 0 -0.5320320765153362
    outer loop
      vertex 9.139985369285167 -4.399999999999999 -1.3141612179553928
      vertex 9.008934245307339 5.600000000000001 -1.522727886970686
      vertex 9.139985369285167 5.600000000000001 -1.3141612179553928
    endloop
  endfacet
  facet normal -0.7071067811865485 0 -0.7071067811865467
    outer loop
      vertex 10.860014630714833 -4.399999999999999 -1.3141612179553932
      vertex 10.685838782044607 5.6000000000000005 -1.1399853692851671
      vertex 10.860014630714833 5.6 -1.3141612179553932
    endloop
  endfacet
  facet normal 0 1 0
    outer loop
      vertex 9.139985369285167 -4.399999999999999 -1.3141612179553928
      vertex 9.314161217955393 -4.399999999999999 -1.1399853692851671
      vertex 10.685838782044607 -4.399999999999999 -1.1399853692851671
    endloop
  endfacet
  facet normal 0 1 0
    outer loop
      vertex 9.314161217955393 -4.399999999999999 -1.1399853692851671
      vertex 10.477272113029315 -4.399999999999999 -1.0089342453073389
      vertex 10.685838782044607 -4.399999999999999 -1.1399853692851671
    endloop
  endfacet
  facet normal 0 1 0
    outer loop
      vertex 9.314161217955393 -4.399999999999999 -1.1399853692851671
      vertex 9.522727886970685 -4.399999999999999 -1.0089342453073389
      vertex 10.477272113029315 -4.399999999999999 -1.0089342453073389
    endloop
  endfacet
  facet normal 0 1 0
    outer loop
      vertex 9.522727886970685 -4.399999999999999 -1.0089342453073389
      vertex 10.244773027351945 -4.399999999999999 -0.9275792965999938
      vertex 10.477272113029315 -4.399999999999999 -1.0089342453073389
    endloop
  endfacet
  facet normal 0 1 0
    outer loop
      vertex 9.522727886970685 -4.399999999999999 -1.0089342453073389
      vertex 9.755226972648055 -4.399999999999999 -0.9275792965999938
      vertex 10.244773027351945 -4.399999999999999 -0.9275792965999938
    endloop
  endfacet
  facet normal 0 1 0
    outer loop
      vertex 9.755226972648055 -4.399999999999999 -0.9275792965999938
      vertex 10 -4.399999999999999 -0.8999999999999999
      vertex 10.244773027351945 -4.399999999999999 -0.9275792965999938
    endloop
  endfacet
  facet normal 0.5320320765153378 0 -0.8467241992282835
    outer loop
      vertex 9.314161217955393 -4.399999999999999 -1.1399853692851671
      vertex 9.314161217955393 5.6000000000000005 -1.1399853692851671
      vertex 9.522727886970685 -4.399999999999999 -1.0089342453073389
    endloop
  endfacet
  facet normal -0.7071067811865483 4.519863255369211e-19 -0.7071067811865466
    outer loop
      vertex 10.860014630714833 -4.399999999999999 -1.3141612179553932
      vertex 10.685838782044607 -4.399999999999999 -1.1399853692851671
      vertex 10.685838782044607 5.6000000000000005 -1.1399853692851671
    endloop
  endfacet
  facet normal 0.33027906195516527 0 -0.9438833303083681
    outer loop
      vertex 9.522727886970685 -4.399999999999999 -1.0089342453073389
      vertex 9.522727886970685 5.6000000000000005 -1.0089342453073389
      vertex 9.755226972648055 -4.399999999999999 -0.9275792965999938
    endloop
  endfacet
  facet normal -0.5320320765153378 -4.604505230768959e-19 -0.8467241992282835
    outer loop
      vertex 10.685838782044607 -4.399999999999999 -1.1399853692851671
      vertex 10.477272113029315 -4.399999999999999 -1.0089342453073389
      vertex 10.477272113029315 5.6000000000000005 -1.0089342453073389
    endloop
  endfacet
  facet normal -0.33027906195516527 2.312065825316065e-19 -0.9438833303083681
    outer loop
      vertex 10.477272113029315 -4.399999999999999 -1.0089342453073389
      vertex 10.244773027351945 -4.399999999999999 -0.9275792965999938
      vertex 10.244773027351945 5.6000000000000005 -0.9275792965999938
    endloop
  endfacet
  facet normal 0.7071067811865475 0 -0.7071067811865475
    outer loop
      vertex 9.314161217955393 -4.399999999999999 -1.1399853692851671
      vertex 9.139985369285167 5.600000000000001 -1.3141612179553928
      vertex 9.314161217955393 5.6000000000000005 -1.1399853692851671
    endloop
  endfacet
  facet normal -0.5320320765153378 0 -0.8467241992282835
    outer loop
      vertex 10.685838782044607 -4.399999999999999 -1.1399853692851671
      vertex 10.477272113029315 5.6000000000000005 -1.0089342453073389
      vertex 10.685838782044607 5.6000000000000005 -1.1399853692851671
    endloop
  endfacet
  facet normal 0.5320320765153378 0 -0.8467241992282835
    outer loop
      vertex 9.522727886970685 -4.399999999999999 -1.0089342453073389
      vertex 9.314161217955393 5.6000000000000005 -1.1399853692851671
      vertex 9.522727886970685 5.6000000000000005 -1.0089342453073389
    endloop
  endfacet
  facet normal 0.33027906195516527 0 -0.9438833303083681
    outer loop
      vertex 9.755226972648055 -4.399999999999999 -0.9275792965999938
      vertex 9.522727886970685 5.6000000000000005 -1.0089342453073389
      vertex 9.755226972648055 5.6000000000000005 -0.9275792965999938
    endloop
  endfacet
  facet normal -0.33027906195516527 0 -0.9438833303083681
    outer loop
      vertex 10.477272113029315 -4.399999999999999 -1.0089342453073389
      vertex 10.244773027351945 5.6000000000000005 -0.9275792965999938
      vertex 10.477272113029315 5.6000000000000005 -1.0089342453073389
    endloop
  endfacet
  facet normal 0.11196447610330776 0 -0.9937122098932426
    outer loop
      vertex 9.755226972648055 -4.399999999999999 -0.9275792965999938
      vertex 9.755226972648055 5.6000000000000005 -0.9275792965999938
      vertex 10 -4.399999999999999 -0.8999999999999999
    endloop
  endfacet
  facet normal -0.11196447610330776 0 -0.9937122098932426
    outer loop
      vertex 10 -4.399999999999999 -0.8999999999999999
      vertex 10 5.6000000000000005 -0.8999999999999999
      vertex 10.244773027351945 -4.399999999999999 -0.9275792965999938
    endloop
  endfacet
  facet normal -0.11196447610330776 0 -0.9937122098932426
    outer loop
      vertex 10.244773027351945 -4.399999999999999 -0.9275792965999938
      vertex 10 5.6000000000000005 -0.8999999999999999
      vertex 10.244773027351945 5.6000000000000005 -0.9275792965999938
    endloop
  endfacet
  facet normal 0.11196447610330776 0 -0.9937122098932426
    outer loop
      vertex 10 -4.399999999999999 -0.8999999999999999
      vertex 9.755226972648055 5.6000000000000005 -0.9275792965999938
      vertex 10 5.6000000000000005 -0.8999999999999999
    endloop
  endfacet
  facet normal 0.11196447610330786 2.0035489644036152e-20 0.9937122098932426
    outer loop
      vertex 9.755226972648053 18.4 -3.072420703400006
      vertex 10 18.4 -3.1
      vertex 10 29.6 -3.1
    endloop
  endfacet
  facet normal -0.11196447610330786 -2.0035489644036152e-20 0.9937122098932426
    outer loop
      vertex 10 18.4 -3.1
      vertex 10.244773027351947 18.4 -3.072420703400006
      vertex 10.244773027351947 29.6 -3.072420703400006
    endloop
  endfacet
  facet normal 0.330279061955169 4.421182018676097e-19 0.9438833303083669
    outer loop
      vertex 9.522727886970687 18.4 -2.991065754692661
      vertex 9.755226972648053 18.4 -3.072420703400006
      vertex 9.755226972648053 29.6 -3.072420703400006
    endloop
  endfacet
  facet normal -0.330279061955169 -4.421182018676097e-19 0.9438833303083669
    outer loop
      vertex 10.244773027351947 18.4 -3.072420703400006
      vertex 10.477272113029313 18.4 -2.991065754692661
      vertex 10.477272113029313 29.6 -2.991065754692661
    endloop
  endfacet
  facet normal 0.5320320765153345 0 0.8467241992282855
    outer loop
      vertex 9.522727886970687 29.6 -2.991065754692661
      vertex 9.314161217955393 18.4 -2.860014630714833
      vertex 9.522727886970687 18.4 -2.991065754692661
    endloop
  endfacet
  facet normal -0.5320320765153345 5.345810987841407e-19 0.8467241992282855
    outer loop
      vertex 10.477272113029313 18.4 -2.991065754692661
      vertex 10.685838782044607 18.4 -2.860014630714833
      vertex 10.685838782044607 29.6 -2.860014630714833
    endloop
  endfacet
  facet normal 0.7071067811865476 -4.836601232013856e-19 0.7071067811865476
    outer loop
      vertex 9.139985369285167 18.4 -2.6858387820446072
      vertex 9.314161217955393 18.4 -2.860014630714833
      vertex 9.314161217955393 29.6 -2.860014630714833
    endloop
  endfacet
  facet normal -0.7071067811865485 0 0.7071067811865467
    outer loop
      vertex 10.860014630714833 29.6 -2.685838782044607
      vertex 10.685838782044607 18.4 -2.860014630714833
      vertex 10.860014630714833 18.4 -2.685838782044607
    endloop
  endfacet
  facet normal 0.8467241992282845 0 0.5320320765153361
    outer loop
      vertex 9.139985369285167 18.4 -2.6858387820446072
      vertex 9.139985369285167 29.6 -2.6858387820446072
      vertex 9.008934245307339 18.4 -2.477272113029314
    endloop
  endfacet
  facet normal -0.8467241992282839 1.2758501901967534e-19 0.5320320765153369
    outer loop
      vertex 10.860014630714833 18.4 -2.685838782044607
      vertex 10.991065754692661 18.4 -2.477272113029314
      vertex 10.991065754692661 29.6 -2.477272113029314
    endloop
  endfacet
  facet normal -0.11196447610330786 0 0.9937122098932426
    outer loop
      vertex 10 18.4 -3.1
      vertex 10.244773027351947 29.6 -3.072420703400006
      vertex 10 29.6 -3.1
    endloop
  endfacet
  facet normal 0.11196447610330786 0 0.9937122098932426
    outer loop
      vertex 9.755226972648053 18.4 -3.072420703400006
      vertex 10 29.6 -3.1
      vertex 9.755226972648053 29.6 -3.072420703400006
    endloop
  endfacet
  facet normal 0.330279061955169 0 0.9438833303083669
    outer loop
      vertex 9.522727886970687 18.4 -2.991065754692661
      vertex 9.755226972648053 29.6 -3.072420703400006
      vertex 9.522727886970687 29.6 -2.991065754692661
    endloop
  endfacet
  facet normal -0.330279061955169 -4.421182018676097e-19 0.9438833303083669
    outer loop
      vertex 10.477272113029313 29.6 -2.991065754692661
      vertex 10.244773027351947 29.6 -3.072420703400006
      vertex 10.244773027351947 18.4 -3.072420703400006
    endloop
  endfacet
  facet normal 0.5320320765153345 0 0.8467241992282855
    outer loop
      vertex 9.314161217955393 18.4 -2.860014630714833
      vertex 9.522727886970687 29.6 -2.991065754692661
      vertex 9.314161217955393 29.6 -2.860014630714833
    endloop
  endfacet
  facet normal -0.5320320765153345 0 0.8467241992282855
    outer loop
      vertex 10.477272113029313 18.4 -2.991065754692661
      vertex 10.685838782044607 29.6 -2.860014630714833
      vertex 10.477272113029313 29.6 -2.991065754692661
    endloop
  endfacet
  facet normal 0.7071067811865476 0 0.7071067811865476
    outer loop
      vertex 9.139985369285167 18.4 -2.6858387820446072
      vertex 9.314161217955393 29.6 -2.860014630714833
      vertex 9.139985369285167 29.6 -2.6858387820446072
    endloop
  endfacet
  facet normal -0.7071067811865485 -4.0355921922939376e-19 0.7071067811865467
    outer loop
      vertex 10.860014630714833 29.6 -2.685838782044607
      vertex 10.685838782044607 29.6 -2.860014630714833
      vertex 10.685838782044607 18.4 -2.860014630714833
    endloop
  endfacet
  facet normal 0.8467241992282845 1.5594650042216247e-19 0.5320320765153361
    outer loop
      vertex 9.139985369285167 29.6 -2.6858387820446072
      vertex 9.008934245307339 29.6 -2.477272113029314
      vertex 9.008934245307339 18.4 -2.477272113029314
    endloop
  endfacet
  facet normal -0.8467241992282839 0 0.5320320765153369
    outer loop
      vertex 10.860014630714833 18.4 -2.685838782044607
      vertex 10.991065754692661 29.6 -2.477272113029314
      vertex 10.860014630714833 29.6 -2.685838782044607
    endloop
  endfacet
  facet normal 0.11196447610330783 0 0.9937122098932425
    outer loop
      vertex 10 51 -3.1
      vertex 9.755226972648053 42.4 -3.072420703400006
      vertex 10 42.4 -3.1
    endloop
  endfacet
  facet normal -0.11196447610330783 0 0.9937122098932425
    outer loop
      vertex 10.244773027351947 51 -3.072420703400006
      vertex 10 42.4 -3.1
      vertex 10.244773027351947 42.4 -3.072420703400006
    endloop
  endfacet
  facet normal 0.330279061955169 0 0.9438833303083669
    outer loop
      vertex 9.755226972648053 51 -3.072420703400006
      vertex 9.522727886970687 42.4 -2.991065754692661
      vertex 9.755226972648053 42.4 -3.072420703400006
    endloop
  endfacet
  facet normal -0.330279061955169 0 0.9438833303083669
    outer loop
      vertex 10.477272113029313 51 -2.991065754692661
      vertex 10.244773027351947 42.4 -3.072420703400006
      vertex 10.477272113029313 42.4 -2.991065754692661
    endloop
  endfacet
  facet normal 0.5320320765153345 0 0.8467241992282853
    outer loop
      vertex 9.522727886970687 51 -2.991065754692661
      vertex 9.314161217955393 42.4 -2.860014630714833
      vertex 9.522727886970687 42.4 -2.991065754692661
    endloop
  endfacet
  facet normal -0.5320320765153345 0 0.8467241992282853
    outer loop
      vertex 10.685838782044607 51 -2.860014630714833
      vertex 10.477272113029313 42.4 -2.991065754692661
      vertex 10.685838782044607 42.4 -2.860014630714833
    endloop
  endfacet
  facet normal -0.11196447610330783 0 0.9937122098932425
    outer loop
      vertex 10 51 -3.1
      vertex 10 42.4 -3.1
      vertex 10.244773027351947 51 -3.072420703400006
    endloop
  endfacet
  facet normal 0.11196447610330783 2.6092730699209868e-20 0.9937122098932425
    outer loop
      vertex 10 51 -3.1
      vertex 9.755226972648053 51 -3.072420703400006
      vertex 9.755226972648053 42.4 -3.072420703400006
    endloop
  endfacet
  facet normal 0.330279061955169 5.757818442927011e-19 0.9438833303083669
    outer loop
      vertex 9.755226972648053 51 -3.072420703400006
      vertex 9.522727886970687 51 -2.991065754692661
      vertex 9.522727886970687 42.4 -2.991065754692661
    endloop
  endfacet
  facet normal -0.330279061955169 0 0.9438833303083669
    outer loop
      vertex 10.244773027351947 51 -3.072420703400006
      vertex 10.244773027351947 42.4 -3.072420703400006
      vertex 10.477272113029313 51 -2.991065754692661
    endloop
  endfacet
  facet normal 0.5320320765153345 0 0.8467241992282853
    outer loop
      vertex 9.314161217955393 51 -2.860014630714833
      vertex 9.314161217955393 42.4 -2.860014630714833
      vertex 9.522727886970687 51 -2.991065754692661
    endloop
  endfacet
  facet normal -0.5320320765153345 0 0.8467241992282853
    outer loop
      vertex 10.477272113029313 51 -2.991065754692661
      vertex 10.477272113029313 42.4 -2.991065754692661
      vertex 10.685838782044607 51 -2.860014630714833
    endloop
  endfacet
  facet normal 0.7071067811865476 0 0.7071067811865476
    outer loop
      vertex 9.314161217955393 51 -2.860014630714833
      vertex 9.139985369285167 42.4 -2.6858387820446072
      vertex 9.314161217955393 42.4 -2.860014630714833
    endloop
  endfacet
  facet normal -0.7071067811865485 0 0.7071067811865467
    outer loop
      vertex 10.860014630714833 51 -2.685838782044607
      vertex 10.685838782044607 42.4 -2.860014630714833
      vertex 10.860014630714833 42.4 -2.685838782044607
    endloop
  endfacet
  facet normal 0.8467241992282843 0 0.5320320765153361
    outer loop
      vertex 9.139985369285167 51 -2.6858387820446072
      vertex 9.008934245307339 42.4 -2.477272113029314
      vertex 9.139985369285167 42.4 -2.6858387820446072
    endloop
  endfacet
  facet normal -0.846724199228284 0 0.532032076515337
    outer loop
      vertex 10.991065754692661 51 -2.477272113029314
      vertex 10.860014630714833 42.4 -2.685838782044607
      vertex 10.991065754692661 42.4 -2.477272113029314
    endloop
  endfacet
  facet normal 0.7071067811865476 -6.298829511459906e-19 0.7071067811865476
    outer loop
      vertex 9.314161217955393 51 -2.860014630714833
      vertex 9.139985369285167 51 -2.6858387820446072
      vertex 9.139985369285167 42.4 -2.6858387820446072
    endloop
  endfacet
  facet normal -0.7071067811865485 0 0.7071067811865467
    outer loop
      vertex 10.685838782044607 51 -2.860014630714833
      vertex 10.685838782044607 42.4 -2.860014630714833
      vertex 10.860014630714833 51 -2.685838782044607
    endloop
  endfacet
  facet normal 0.8467241992282843 2.0309311682886277e-19 0.5320320765153361
    outer loop
      vertex 9.139985369285167 51 -2.6858387820446072
      vertex 9.008934245307339 51 -2.477272113029314
      vertex 9.008934245307339 42.4 -2.477272113029314
    endloop
  endfacet
  facet normal -0.846724199228284 0 0.532032076515337
    outer loop
      vertex 10.860014630714833 51 -2.685838782044607
      vertex 10.860014630714833 42.4 -2.685838782044607
      vertex 10.991065754692661 51 -2.477272113029314
    endloop
  endfacet
  facet normal 0.9438833303083677 -3.8001122704667303e-19 0.3302790619551667
    outer loop
      vertex 8.927579296599994 18.4 -2.244773027351946
      vertex 9.008934245307339 18.4 -2.477272113029314
      vertex 9.008934245307339 29.6 -2.477272113029314
    endloop
  endfacet
  facet normal -0.9438833303083677 0 0.3302790619551667
    outer loop
      vertex 11.072420703400006 29.6 -2.244773027351946
      vertex 10.991065754692661 18.4 -2.477272113029314
      vertex 11.072420703400006 18.4 -2.244773027351946
    endloop
  endfacet
  facet normal 0.9937122098932428 0 0.11196447610330647
    outer loop
      vertex 8.927579296599994 18.4 -2.244773027351946
      vertex 8.927579296599994 29.6 -2.244773027351946
      vertex 8.9 18.4 -2
    endloop
  endfacet
  facet normal 0.9937122098932428 1.1673072344179665e-19 -0.11196447610330647
    outer loop
      vertex 8.927579296599994 18.4 -1.755226972648054
      vertex 8.9 18.4 -2
      vertex 8.9 29.6 -2
    endloop
  endfacet
  facet normal -0.9937122098932428 1.1673072344179665e-19 0.11196447610330647
    outer loop
      vertex 11.072420703400006 18.4 -2.244773027351946
      vertex 11.1 18.4 -2
      vertex 11.1 29.6 -2
    endloop
  endfacet
  facet normal -0.9438833303083677 3.8001122704667303e-19 0.3302790619551667
    outer loop
      vertex 11.072420703400006 29.6 -2.244773027351946
      vertex 10.991065754692661 29.6 -2.477272113029314
      vertex 10.991065754692661 18.4 -2.477272113029314
    endloop
  endfacet
  facet normal 0.9438833303083677 0 0.3302790619551667
    outer loop
      vertex 8.927579296599994 18.4 -2.244773027351946
      vertex 9.008934245307339 29.6 -2.477272113029314
      vertex 8.927579296599994 29.6 -2.244773027351946
    endloop
  endfacet
  facet normal 0.9937122098932428 -1.1673072344179665e-19 0.11196447610330647
    outer loop
      vertex 8.927579296599994 29.6 -2.244773027351946
      vertex 8.9 29.6 -2
      vertex 8.9 18.4 -2
    endloop
  endfacet
  facet normal -0.9937122098932428 0 0.11196447610330647
    outer loop
      vertex 11.072420703400006 18.4 -2.244773027351946
      vertex 11.1 29.6 -2
      vertex 11.072420703400006 29.6 -2.244773027351946
    endloop
  endfacet
  facet normal -0.9937122098932427 -7.881440997158898e-20 -0.11196447610330666
    outer loop
      vertex 11.072420703400006 29.6 -1.7552269726480545
      vertex 11.1 29.6 -2
      vertex 11.1 18.4 -2
    endloop
  endfacet
  facet normal -0.9937122098932427 0 -0.11196447610330666
    outer loop
      vertex 11.072420703400006 18.4 -1.7552269726480545
      vertex 11.072420703400006 29.6 -1.7552269726480545
      vertex 11.1 18.4 -2
    endloop
  endfacet
  facet normal 0.9438833303083677 0 -0.3302790619551667
    outer loop
      vertex 8.927579296599994 29.6 -1.755226972648054
      vertex 9.008934245307339 18.4 -1.522727886970686
      vertex 8.927579296599994 18.4 -1.755226972648054
    endloop
  endfacet
  facet normal -0.9438833303083679 3.576493942922424e-19 -0.3302790619551662
    outer loop
      vertex 11.072420703400006 18.4 -1.7552269726480545
      vertex 10.991065754692661 18.4 -1.522727886970686
      vertex 10.991065754692661 29.6 -1.522727886970686
    endloop
  endfacet
  facet normal 0.8467241992282845 -1.5594650042216247e-19 -0.5320320765153361
    outer loop
      vertex 9.139985369285167 18.4 -1.3141612179553928
      vertex 9.008934245307339 18.4 -1.522727886970686
      vertex 9.008934245307339 29.6 -1.522727886970686
    endloop
  endfacet
  facet normal -0.8467241992282839 0 -0.5320320765153369
    outer loop
      vertex 10.860014630714833 18.4 -1.3141612179553932
      vertex 10.860014630714833 29.6 -1.3141612179553932
      vertex 10.991065754692661 18.4 -1.522727886970686
    endloop
  endfacet
  facet normal 0.9937122098932428 0 -0.11196447610330647
    outer loop
      vertex 8.927579296599994 18.4 -1.755226972648054
      vertex 8.9 29.6 -2
      vertex 8.927579296599994 29.6 -1.755226972648054
    endloop
  endfacet
  facet normal 0.9438833303083677 3.8001122704667303e-19 -0.3302790619551667
    outer loop
      vertex 8.927579296599994 29.6 -1.755226972648054
      vertex 9.008934245307339 29.6 -1.522727886970686
      vertex 9.008934245307339 18.4 -1.522727886970686
    endloop
  endfacet
  facet normal -0.9438833303083679 0 -0.3302790619551662
    outer loop
      vertex 11.072420703400006 18.4 -1.7552269726480545
      vertex 10.991065754692661 29.6 -1.522727886970686
      vertex 11.072420703400006 29.6 -1.7552269726480545
    endloop
  endfacet
  facet normal -0.8467241992282887 4.183371173188664e-20 -0.5320320765153292
    outer loop
      vertex 10.962284282180761 29.6 -1.476922435869191
      vertex 10.991065754692661 29.6 -1.522727886970686
      vertex 10.991065754692661 18.4 -1.522727886970686
    endloop
  endfacet
  facet normal -0.8467241992282826 5.636274160796036e-17 -0.5320320765153391
    outer loop
      vertex 10.962284282180761 29.6 -1.476922435869191
      vertex 10.991065754692661 18.4 -1.522727886970686
      vertex 10.860014630714833 29.6 -1.3141612179553932
    endloop
  endfacet
  facet normal 0.8467241992282845 0 -0.5320320765153361
    outer loop
      vertex 9.139985369285167 18.4 -1.3141612179553928
      vertex 9.008934245307339 29.6 -1.522727886970686
      vertex 9.139985369285167 29.6 -1.3141612179553928
    endloop
  endfacet
  facet normal 0.7071067811865456 -1.2613306517459511e-19 -0.7071067811865496
    outer loop
      vertex 9.178237901950109 29.6 -1.2759086852904515
      vertex 9.139985369285167 18.4 -1.3141612179553928
      vertex 9.139985369285167 29.6 -1.3141612179553928
    endloop
  endfacet
  facet normal -0.7071067811865485 0 -0.7071067811865467
    outer loop
      vertex 10.860014630714833 18.4 -1.3141612179553932
      vertex 10.685838782044607 29.6 -1.1399853692851671
      vertex 10.860014630714833 29.6 -1.3141612179553932
    endloop
  endfacet
  facet normal 0.7071067811865476 -1.4120966688967044e-17 -0.7071067811865476
    outer loop
      vertex 9.178237901950109 29.6 -1.2759086852904515
      vertex 9.314161217955393 18.4 -1.1399853692851671
      vertex 9.139985369285167 18.4 -1.3141612179553928
    endloop
  endfacet
  facet normal 0.5320320765153377 0 -0.8467241992282833
    outer loop
      vertex 9.314161217955393 18.4 -1.1399853692851671
      vertex 9.314161217955393 29.6 -1.1399853692851671
      vertex 9.522727886970685 18.4 -1.0089342453073389
    endloop
  endfacet
  facet normal -0.7071067811865485 4.0355921922939376e-19 -0.7071067811865467
    outer loop
      vertex 10.860014630714833 18.4 -1.3141612179553932
      vertex 10.685838782044607 18.4 -1.1399853692851671
      vertex 10.685838782044607 29.6 -1.1399853692851671
    endloop
  endfacet
  facet normal 0.33027906195516527 -2.0643444868893435e-19 -0.9438833303083682
    outer loop
      vertex 9.755226972648055 18.4 -0.9275792965999938
      vertex 9.522727886970685 18.4 -1.0089342453073389
      vertex 9.522727886970685 29.6 -1.0089342453073389
    endloop
  endfacet
  facet normal -0.5320320765153377 -4.11116538461514e-19 -0.8467241992282833
    outer loop
      vertex 10.685838782044607 18.4 -1.1399853692851671
      vertex 10.477272113029315 18.4 -1.0089342453073389
      vertex 10.477272113029315 29.6 -1.0089342453073389
    endloop
  endfacet
  facet normal -0.33027906195516527 2.0643444868893435e-19 -0.9438833303083682
    outer loop
      vertex 10.477272113029315 18.4 -1.0089342453073389
      vertex 10.244773027351945 18.4 -0.9275792965999938
      vertex 10.244773027351945 29.6 -0.9275792965999938
    endloop
  endfacet
  facet normal 0.11196447610330777 -6.540132351188644e-20 -0.9937122098932426
    outer loop
      vertex 10 18.4 -0.8999999999999999
      vertex 9.755226972648055 18.4 -0.9275792965999938
      vertex 9.755226972648055 29.6 -0.9275792965999938
    endloop
  endfacet
  facet normal -0.11196447610330777 6.540132351188644e-20 -0.9937122098932426
    outer loop
      vertex 10.244773027351945 18.4 -0.9275792965999938
      vertex 10 18.4 -0.8999999999999999
      vertex 10 29.6 -0.8999999999999999
    endloop
  endfacet
  facet normal 0.7071067811865481 0 -0.707106781186547
    outer loop
      vertex 9.314161217955393 18.4 -1.1399853692851671
      vertex 9.178237901950109 29.6 -1.2759086852904515
      vertex 9.314161217955393 29.6 -1.1399853692851671
    endloop
  endfacet
  facet normal -0.5320320765153377 0 -0.8467241992282833
    outer loop
      vertex 10.685838782044607 18.4 -1.1399853692851671
      vertex 10.477272113029315 29.6 -1.0089342453073389
      vertex 10.685838782044607 29.6 -1.1399853692851671
    endloop
  endfacet
  facet normal 0.5320320765153377 4.11116538461514e-19 -0.8467241992282833
    outer loop
      vertex 9.314161217955393 29.6 -1.1399853692851671
      vertex 9.522727886970685 29.6 -1.0089342453073389
      vertex 9.522727886970685 18.4 -1.0089342453073389
    endloop
  endfacet
  facet normal 0.33027906195516527 0 -0.9438833303083682
    outer loop
      vertex 9.755226972648055 18.4 -0.9275792965999938
      vertex 9.522727886970685 29.6 -1.0089342453073389
      vertex 9.755226972648055 29.6 -0.9275792965999938
    endloop
  endfacet
  facet normal -0.33027906195516527 0 -0.9438833303083682
    outer loop
      vertex 10.477272113029315 18.4 -1.0089342453073389
      vertex 10.244773027351945 29.6 -0.9275792965999938
      vertex 10.477272113029315 29.6 -1.0089342453073389
    endloop
  endfacet
  facet normal -0.11196447610330777 0 -0.9937122098932426
    outer loop
      vertex 10.244773027351945 18.4 -0.9275792965999938
      vertex 10 29.6 -0.8999999999999999
      vertex 10.244773027351945 29.6 -0.9275792965999938
    endloop
  endfacet
  facet normal 0.11196447610330777 0 -0.9937122098932426
    outer loop
      vertex 10 18.4 -0.8999999999999999
      vertex 9.755226972648055 29.6 -0.9275792965999938
      vertex 10 29.6 -0.8999999999999999
    endloop
  endfacet
  facet normal 0.9438833303083678 0 0.33027906195516676
    outer loop
      vertex 9.008934245307339 51 -2.477272113029314
      vertex 8.927579296599994 42.4 -2.244773027351946
      vertex 9.008934245307339 42.4 -2.477272113029314
    endloop
  endfacet
  facet normal -0.9438833303083678 0 0.33027906195516676
    outer loop
      vertex 11.072420703400006 51 -2.244773027351946
      vertex 10.991065754692661 42.4 -2.477272113029314
      vertex 11.072420703400006 42.4 -2.244773027351946
    endloop
  endfacet
  facet normal -0.9438833303083678 0 0.33027906195516676
    outer loop
      vertex 10.991065754692661 51 -2.477272113029314
      vertex 10.991065754692661 42.4 -2.477272113029314
      vertex 11.072420703400006 51 -2.244773027351946
    endloop
  endfacet
  facet normal 0.9438833303083678 -4.948983422003184e-19 0.33027906195516676
    outer loop
      vertex 9.008934245307339 51 -2.477272113029314
      vertex 8.927579296599994 51 -2.244773027351946
      vertex 8.927579296599994 42.4 -2.244773027351946
    endloop
  endfacet
  facet normal 0.9937122098932427 0 0.11196447610330647
    outer loop
      vertex 8.927579296599994 51 -2.244773027351946
      vertex 8.9 42.4 -2
      vertex 8.927579296599994 42.4 -2.244773027351946
    endloop
  endfacet
  facet normal 0.9937122098932427 0 -0.11196447610330647
    outer loop
      vertex 8.9 51 -2
      vertex 8.927579296599994 42.4 -1.755226972648054
      vertex 8.9 42.4 -2
    endloop
  endfacet
  facet normal 0.9937122098932427 -1.520214072730375e-19 0.11196447610330647
    outer loop
      vertex 8.927579296599994 51 -2.244773027351946
      vertex 8.9 51 -2
      vertex 8.9 42.4 -2
    endloop
  endfacet
  facet normal -0.9937122098932427 0 0.11196447610330647
    outer loop
      vertex 11.1 51 -2
      vertex 11.072420703400006 42.4 -2.244773027351946
      vertex 11.1 42.4 -2
    endloop
  endfacet
  facet normal -0.9937122098932427 0 0.11196447610330647
    outer loop
      vertex 11.072420703400006 51 -2.244773027351946
      vertex 11.072420703400006 42.4 -2.244773027351946
      vertex 11.1 51 -2
    endloop
  endfacet
  facet normal -0.9937122098932427 0 -0.11196447610330666
    outer loop
      vertex 11.1 51 -2
      vertex 11.1 42.4 -2
      vertex 11.072420703400006 51 -1.7552269726480545
    endloop
  endfacet
  facet normal 0.9937122098932427 1.520214072730375e-19 -0.11196447610330647
    outer loop
      vertex 8.9 51 -2
      vertex 8.927579296599994 51 -1.755226972648054
      vertex 8.927579296599994 42.4 -1.755226972648054
    endloop
  endfacet
  facet normal -0.9937122098932427 0 -0.11196447610330666
    outer loop
      vertex 11.072420703400006 51 -1.7552269726480545
      vertex 11.1 42.4 -2
      vertex 11.072420703400006 42.4 -1.7552269726480545
    endloop
  endfacet
  facet normal 0.9438833303083678 0 -0.33027906195516676
    outer loop
      vertex 8.927579296599994 51 -1.755226972648054
      vertex 9.008934245307339 42.4 -1.522727886970686
      vertex 8.927579296599994 42.4 -1.755226972648054
    endloop
  endfacet
  facet normal -0.943883330308368 0 -0.3302790619551662
    outer loop
      vertex 10.991065754692661 51 -1.522727886970686
      vertex 11.072420703400006 42.4 -1.7552269726480545
      vertex 10.991065754692661 42.4 -1.522727886970686
    endloop
  endfacet
  facet normal 0.9438833303083678 4.948983422003184e-19 -0.33027906195516676
    outer loop
      vertex 8.927579296599994 51 -1.755226972648054
      vertex 9.008934245307339 51 -1.522727886970686
      vertex 9.008934245307339 42.4 -1.522727886970686
    endloop
  endfacet
  facet normal -0.943883330308368 0 -0.3302790619551662
    outer loop
      vertex 11.072420703400006 51 -1.7552269726480545
      vertex 11.072420703400006 42.4 -1.7552269726480545
      vertex 10.991065754692661 51 -1.522727886970686
    endloop
  endfacet
  facet normal 0.8467241992282843 0 -0.5320320765153361
    outer loop
      vertex 9.008934245307339 51 -1.522727886970686
      vertex 9.139985369285167 42.4 -1.3141612179553928
      vertex 9.008934245307339 42.4 -1.522727886970686
    endloop
  endfacet
  facet normal 0.7071067811865476 0 -0.7071067811865476
    outer loop
      vertex 9.139985369285167 51 -1.3141612179553928
      vertex 9.314161217955393 42.4 -1.1399853692851671
      vertex 9.139985369285167 42.4 -1.3141612179553928
    endloop
  endfacet
  facet normal -0.846724199228284 0 -0.532032076515337
    outer loop
      vertex 10.860014630714833 51 -1.3141612179553932
      vertex 10.991065754692661 42.4 -1.522727886970686
      vertex 10.860014630714833 42.4 -1.3141612179553932
    endloop
  endfacet
  facet normal -0.846724199228284 0 -0.532032076515337
    outer loop
      vertex 10.991065754692661 51 -1.522727886970686
      vertex 10.991065754692661 42.4 -1.522727886970686
      vertex 10.860014630714833 51 -1.3141612179553932
    endloop
  endfacet
  facet normal 0.8467241992282843 -2.0309311682886277e-19 -0.5320320765153361
    outer loop
      vertex 9.008934245307339 51 -1.522727886970686
      vertex 9.139985369285167 51 -1.3141612179553928
      vertex 9.139985369285167 42.4 -1.3141612179553928
    endloop
  endfacet
  facet normal -0.7071067811865485 0 -0.7071067811865467
    outer loop
      vertex 10.860014630714833 51 -1.3141612179553932
      vertex 10.860014630714833 42.4 -1.3141612179553932
      vertex 10.685838782044607 51 -1.1399853692851671
    endloop
  endfacet
  facet normal 0.5320320765153378 0 -0.8467241992282835
    outer loop
      vertex 9.314161217955393 51 -1.1399853692851671
      vertex 9.522727886970685 42.4 -1.0089342453073389
      vertex 9.314161217955393 42.4 -1.1399853692851671
    endloop
  endfacet
  facet normal -0.7071067811865485 0 -0.7071067811865467
    outer loop
      vertex 10.685838782044607 51 -1.1399853692851671
      vertex 10.860014630714833 42.4 -1.3141612179553932
      vertex 10.685838782044607 42.4 -1.1399853692851671
    endloop
  endfacet
  facet normal 0.3302790619551653 0 -0.9438833303083682
    outer loop
      vertex 9.522727886970685 51 -1.0089342453073389
      vertex 9.755226972648055 42.4 -0.9275792965999938
      vertex 9.522727886970685 42.4 -1.0089342453073389
    endloop
  endfacet
  facet normal -0.5320320765153378 0 -0.8467241992282835
    outer loop
      vertex 10.477272113029315 51 -1.0089342453073389
      vertex 10.685838782044607 42.4 -1.1399853692851671
      vertex 10.477272113029315 42.4 -1.0089342453073389
    endloop
  endfacet
  facet normal -0.3302790619551653 0 -0.9438833303083682
    outer loop
      vertex 10.244773027351945 51 -0.9275792965999938
      vertex 10.477272113029315 42.4 -1.0089342453073389
      vertex 10.244773027351945 42.4 -0.9275792965999938
    endloop
  endfacet
  facet normal 0.7071067811865476 6.298829511459906e-19 -0.7071067811865476
    outer loop
      vertex 9.139985369285167 51 -1.3141612179553928
      vertex 9.314161217955393 51 -1.1399853692851671
      vertex 9.314161217955393 42.4 -1.1399853692851671
    endloop
  endfacet
  facet normal -0.5320320765153378 0 -0.8467241992282835
    outer loop
      vertex 10.685838782044607 51 -1.1399853692851671
      vertex 10.685838782044607 42.4 -1.1399853692851671
      vertex 10.477272113029315 51 -1.0089342453073389
    endloop
  endfacet
  facet normal 0.5320320765153378 5.354075849731346e-19 -0.8467241992282835
    outer loop
      vertex 9.314161217955393 51 -1.1399853692851671
      vertex 9.522727886970685 51 -1.0089342453073389
      vertex 9.522727886970685 42.4 -1.0089342453073389
    endloop
  endfacet
  facet normal 0.3302790619551653 -2.6884486340884476e-19 -0.9438833303083682
    outer loop
      vertex 9.522727886970685 51 -1.0089342453073389
      vertex 9.755226972648055 51 -0.9275792965999938
      vertex 9.755226972648055 42.4 -0.9275792965999938
    endloop
  endfacet
  facet normal -0.3302790619551653 0 -0.9438833303083682
    outer loop
      vertex 10.477272113029315 51 -1.0089342453073389
      vertex 10.477272113029315 42.4 -1.0089342453073389
      vertex 10.244773027351945 51 -0.9275792965999938
    endloop
  endfacet
  facet normal 0.11196447610330774 0 -0.9937122098932425
    outer loop
      vertex 9.755226972648055 51 -0.9275792965999938
      vertex 10 42.4 -0.8999999999999999
      vertex 9.755226972648055 42.4 -0.9275792965999938
    endloop
  endfacet
  facet normal -0.11196447610330774 0 -0.9937122098932425
    outer loop
      vertex 10 51 -0.8999999999999999
      vertex 10.244773027351945 42.4 -0.9275792965999938
      vertex 10 42.4 -0.8999999999999999
    endloop
  endfacet
  facet normal -0.11196447610330774 8.51738166666428e-20 -0.9937122098932425
    outer loop
      vertex 10 51 -0.8999999999999999
      vertex 10.244773027351945 51 -0.9275792965999938
      vertex 10.244773027351945 42.4 -0.9275792965999938
    endloop
  endfacet
  facet normal 0.11196447610330774 -8.51738166666428e-20 -0.9937122098932425
    outer loop
      vertex 9.755226972648055 51 -0.9275792965999938
      vertex 10 51 -0.8999999999999999
      vertex 10 42.4 -0.8999999999999999
    endloop
  endfacet
  facet normal 0 -1 0
    outer loop
      vertex 10 51 -3.1
      vertex 10.244773027351947 51 -3.072420703400006
      vertex 9.755226972648053 51 -3.072420703400006
    endloop
  endfacet
  facet normal 0 -1 0
    outer loop
      vertex 9.755226972648053 51 -3.072420703400006
      vertex 10.244773027351947 51 -3.072420703400006
      vertex 9.522727886970687 51 -2.991065754692661
    endloop
  endfacet
  facet normal 0 -1 0
    outer loop
      vertex 10.244773027351947 51 -3.072420703400006
      vertex 10.477272113029313 51 -2.991065754692661
      vertex 9.522727886970687 51 -2.991065754692661
    endloop
  endfacet
  facet normal 0 -1 0
    outer loop
      vertex 9.522727886970687 51 -2.991065754692661
      vertex 10.477272113029313 51 -2.991065754692661
      vertex 10 51 -2.95
    endloop
  endfacet
  facet normal 0 -1 0
    outer loop
      vertex 9.314161217955393 51 -2.860014630714833
      vertex 9.522727886970687 51 -2.991065754692661
      vertex 9.788605112741502 51 -2.9261815165727323
    endloop
  endfacet
  facet normal 0 -1 0
    outer loop
      vertex 9.522727886970687 51 -2.991065754692661
      vertex 10 51 -2.95
      vertex 9.788605112741502 51 -2.9261815165727323
    endloop
  endfacet
  facet normal 0 -1 0
    outer loop
      vertex 9.314161217955393 51 -2.860014630714833
      vertex 9.788605112741502 51 -2.9261815165727323
      vertex 9.58781044783832 51 -2.855920424507298
    endloop
  endfacet
  facet normal 0 -1 0
    outer loop
      vertex 9.314161217955393 51 -2.860014630714833
      vertex 9.58781044783832 51 -2.855920424507298
      vertex 9.407684688234204 51 -2.742739908344628
    endloop
  endfacet
  facet normal 0 -1 0
    outer loop
      vertex 10 51 -2.95
      vertex 10.477272113029313 51 -2.991065754692661
      vertex 10.211394887258498 51 -2.9261815165727323
    endloop
  endfacet
  facet normal 0 -1 0
    outer loop
      vertex 10.477272113029313 51 -2.991065754692661
      vertex 10.41218955216168 51 -2.855920424507298
      vertex 10.211394887258498 51 -2.9261815165727323
    endloop
  endfacet
  facet normal 0 -1 0
    outer loop
      vertex 10.477272113029313 51 -2.991065754692661
      vertex 10.685838782044607 51 -2.860014630714833
      vertex 10.41218955216168 51 -2.855920424507298
    endloop
  endfacet
  facet normal 0 -1 0
    outer loop
      vertex 10.41218955216168 51 -2.855920424507298
      vertex 10.685838782044607 51 -2.860014630714833
      vertex 10.592315311765796 51 -2.742739908344628
    endloop
  endfacet
  facet normal 0 -1 0
    outer loop
      vertex 9.314161217955393 51 -2.860014630714833
      vertex 9.407684688234204 51 -2.742739908344628
      vertex 9.139985369285167 51 -2.6858387820446072
    endloop
  endfacet
  facet normal 0 -1 0
    outer loop
      vertex 9.407684688234204 51 -2.742739908344628
      vertex 9.257260091655372 51 -2.592315311765797
      vertex 9.139985369285167 51 -2.6858387820446072
    endloop
  endfacet
  facet normal 0 -1 0
    outer loop
      vertex 10.685838782044607 51 -2.860014630714833
      vertex 10.742739908344628 51 -2.592315311765797
      vertex 10.592315311765796 51 -2.742739908344628
    endloop
  endfacet
  facet normal 0 -1 0
    outer loop
      vertex 10.685838782044607 51 -2.860014630714833
      vertex 10.860014630714833 51 -2.685838782044607
      vertex 10.742739908344628 51 -2.592315311765797
    endloop
  endfacet
  facet normal 0 -1 0
    outer loop
      vertex 9.139985369285167 51 -2.6858387820446072
      vertex 9.257260091655372 51 -2.592315311765797
      vertex 9.008934245307339 51 -2.477272113029314
    endloop
  endfacet
  facet normal 0 -1 0
    outer loop
      vertex 10.860014630714833 51 -2.685838782044607
      vertex 10.855920424507298 51 -2.41218955216168
      vertex 10.742739908344628 51 -2.592315311765797
    endloop
  endfacet
  facet normal 0 -1 0
    outer loop
      vertex 10.860014630714833 51 -2.685838782044607
      vertex 10.991065754692661 51 -2.477272113029314
      vertex 10.855920424507298 51 -2.41218955216168
    endloop
  endfacet
  facet normal 0 -1 0
    outer loop
      vertex 9.257260091655372 51 -2.592315311765797
      vertex 9.144079575492702 51 -2.4121895521616805
      vertex 9.008934245307339 51 -2.477272113029314
    endloop
  endfacet
  facet normal 0 -1 0
    outer loop
      vertex 9.008934245307339 51 -2.477272113029314
      vertex 9.144079575492702 51 -2.4121895521616805
      vertex 8.927579296599994 51 -2.244773027351946
    endloop
  endfacet
  facet normal 0 -1 0
    outer loop
      vertex 10.991065754692661 51 -2.477272113029314
      vertex 10.926181516572733 51 -2.2113948872584985
      vertex 10.855920424507298 51 -2.41218955216168
    endloop
  endfacet
  facet normal 0 -1 0
    outer loop
      vertex 9.144079575492702 51 -2.4121895521616805
      vertex 9.073818483427267 51 -2.211394887258499
      vertex 8.927579296599994 51 -2.244773027351946
    endloop
  endfacet
  facet normal 0 -1 0
    outer loop
      vertex 10.991065754692661 51 -2.477272113029314
      vertex 11.072420703400006 51 -2.244773027351946
      vertex 10.926181516572733 51 -2.2113948872584985
    endloop
  endfacet
  facet normal 0 -1 0
    outer loop
      vertex 8.927579296599994 51 -2.244773027351946
      vertex 9.073818483427267 51 -2.211394887258499
      vertex 8.9 51 -2
    endloop
  endfacet
  facet normal 0 -1 0
    outer loop
      vertex 9.073818483427267 51 -2.211394887258499
      vertex 9.05 51 -2
      vertex 8.9 51 -2
    endloop
  endfacet
  facet normal 0 -1 0
    outer loop
      vertex 11.072420703400006 51 -2.244773027351946
      vertex 11.1 51 -2
      vertex 10.926181516572733 51 -2.2113948872584985
    endloop
  endfacet
  facet normal 0 -1 0
    outer loop
      vertex 10.926181516572733 51 -2.2113948872584985
      vertex 11.1 51 -2
      vertex 10.95 51 -2
    endloop
  endfacet
  facet normal 0 -1 0
    outer loop
      vertex 8.9 51 -2
      vertex 9.05 51 -2
      vertex 9.073818483427267 51 -1.7886051127415012
    endloop
  endfacet
  facet normal 0 -1 0
    outer loop
      vertex 10.95 51 -2
      vertex 11.1 51 -2
      vertex 10.926181516572733 51 -1.7886051127415017
    endloop
  endfacet
  facet normal 0 -1 0
    outer loop
      vertex 8.9 51 -2
      vertex 9.073818483427267 51 -1.7886051127415012
      vertex 8.927579296599994 51 -1.755226972648054
    endloop
  endfacet
  facet normal 0 -1 0
    outer loop
      vertex 11.1 51 -2
      vertex 11.072420703400006 51 -1.7552269726480545
      vertex 10.926181516572733 51 -1.7886051127415017
    endloop
  endfacet
  facet normal 0 -1 0
    outer loop
      vertex 9.073818483427267 51 -1.7886051127415012
      vertex 9.008934245307339 51 -1.522727886970686
      vertex 8.927579296599994 51 -1.755226972648054
    endloop
  endfacet
  facet normal 0 -1 0
    outer loop
      vertex 9.073818483427267 51 -1.7886051127415012
      vertex 9.144079575492702 51 -1.5878104478383197
      vertex 9.008934245307339 51 -1.522727886970686
    endloop
  endfacet
  facet normal 0 -1 0
    outer loop
      vertex 10.926181516572733 51 -1.7886051127415017
      vertex 11.072420703400006 51 -1.7552269726480545
      vertex 10.855920424507298 51 -1.5878104478383197
    endloop
  endfacet
  facet normal 0 -1 0
    outer loop
      vertex 11.072420703400006 51 -1.7552269726480545
      vertex 10.991065754692661 51 -1.522727886970686
      vertex 10.855920424507298 51 -1.5878104478383197
    endloop
  endfacet
  facet normal 0 -1 0
    outer loop
      vertex 9.144079575492702 51 -1.5878104478383197
      vertex 9.139985369285167 51 -1.3141612179553928
      vertex 9.008934245307339 51 -1.522727886970686
    endloop
  endfacet
  facet normal 0 -1 0
    outer loop
      vertex 9.144079575492702 51 -1.5878104478383197
      vertex 9.257260091655372 51 -1.4076846882342031
      vertex 9.139985369285167 51 -1.3141612179553928
    endloop
  endfacet
  facet normal 0 -1 0
    outer loop
      vertex 10.855920424507298 51 -1.5878104478383197
      vertex 10.991065754692661 51 -1.522727886970686
      vertex 10.742739908344628 51 -1.4076846882342033
    endloop
  endfacet
  facet normal 0 -1 0
    outer loop
      vertex 10.991065754692661 51 -1.522727886970686
      vertex 10.860014630714833 51 -1.3141612179553932
      vertex 10.742739908344628 51 -1.4076846882342033
    endloop
  endfacet
  facet normal 0 -1 0
    outer loop
      vertex 9.257260091655372 51 -1.4076846882342031
      vertex 9.314161217955393 51 -1.1399853692851671
      vertex 9.139985369285167 51 -1.3141612179553928
    endloop
  endfacet
  facet normal 0 -1 0
    outer loop
      vertex 9.257260091655372 51 -1.4076846882342031
      vertex 9.407684688234204 51 -1.2572600916553718
      vertex 9.314161217955393 51 -1.1399853692851671
    endloop
  endfacet
  facet normal 0 -1 0
    outer loop
      vertex 10.742739908344628 51 -1.4076846882342033
      vertex 10.860014630714833 51 -1.3141612179553932
      vertex 10.592315311765796 51 -1.2572600916553718
    endloop
  endfacet
  facet normal 0 -1 0
    outer loop
      vertex 9.407684688234204 51 -1.2572600916553718
      vertex 9.58781044783832 51 -1.144079575492702
      vertex 9.314161217955393 51 -1.1399853692851671
    endloop
  endfacet
  facet normal 0 -1 0
    outer loop
      vertex 9.314161217955393 51 -1.1399853692851671
      vertex 9.58781044783832 51 -1.144079575492702
      vertex 9.522727886970685 51 -1.0089342453073389
    endloop
  endfacet
  facet normal 0 -1 0
    outer loop
      vertex 10.860014630714833 51 -1.3141612179553932
      vertex 10.685838782044607 51 -1.1399853692851671
      vertex 10.592315311765796 51 -1.2572600916553718
    endloop
  endfacet
  facet normal 0 -1 0
    outer loop
      vertex 10.592315311765796 51 -1.2572600916553718
      vertex 10.685838782044607 51 -1.1399853692851671
      vertex 10.41218955216168 51 -1.144079575492702
    endloop
  endfacet
  facet normal 0 -1 0
    outer loop
      vertex 10.41218955216168 51 -1.144079575492702
      vertex 10.685838782044607 51 -1.1399853692851671
      vertex 10.211394887258498 51 -1.0738184834272675
    endloop
  endfacet
  facet normal 0 -1 0
    outer loop
      vertex 9.58781044783832 51 -1.144079575492702
      vertex 9.788605112741502 51 -1.0738184834272675
      vertex 9.522727886970685 51 -1.0089342453073389
    endloop
  endfacet
  facet normal 0 -1 0
    outer loop
      vertex 9.788605112741502 51 -1.0738184834272675
      vertex 10 51 -1.05
      vertex 9.522727886970685 51 -1.0089342453073389
    endloop
  endfacet
  facet normal 0 -1 0
    outer loop
      vertex 10 51 -1.05
      vertex 10.477272113029315 51 -1.0089342453073389
      vertex 9.522727886970685 51 -1.0089342453073389
    endloop
  endfacet
  facet normal 0 -1 0
    outer loop
      vertex 9.522727886970685 51 -1.0089342453073389
      vertex 10.477272113029315 51 -1.0089342453073389
      vertex 9.755226972648055 51 -0.9275792965999938
    endloop
  endfacet
  facet normal 0 -1 0
    outer loop
      vertex 10.477272113029315 51 -1.0089342453073389
      vertex 10.244773027351945 51 -0.9275792965999938
      vertex 9.755226972648055 51 -0.9275792965999938
    endloop
  endfacet
  facet normal 0 -1 0
    outer loop
      vertex 10.211394887258498 51 -1.0738184834272675
      vertex 10.685838782044607 51 -1.1399853692851671
      vertex 10.477272113029315 51 -1.0089342453073389
    endloop
  endfacet
  facet normal 0 -1 0
    outer loop
      vertex 10.211394887258498 51 -1.0738184834272675
      vertex 10.477272113029315 51 -1.0089342453073389
      vertex 10 51 -1.05
    endloop
  endfacet
  facet normal 0 -1 0
    outer loop
      vertex 9.755226972648055 51 -0.9275792965999938
      vertex 10.244773027351945 51 -0.9275792965999938
      vertex 10 51 -0.8999999999999999
    endloop
  endfacet
  facet normal 0.11196447610330963 0 0.9937122098932424
    outer loop
      vertex 10 51 -2.95
      vertex 10 53.6 -2.95
      vertex 9.788605112741502 51 -2.9261815165727323
    endloop
  endfacet
  facet normal -0.11196447610330963 -8.52572208074492e-20 0.9937122098932424
    outer loop
      vertex 10 51 -2.95
      vertex 10.211394887258498 51 -2.9261815165727323
      vertex 10.211394887258498 53.6 -2.9261815165727323
    endloop
  endfacet
  facet normal 0.33027906195516726 0 0.9438833303083676
    outer loop
      vertex 9.788605112741502 51 -2.9261815165727323
      vertex 9.788605112741502 53.6 -2.9261815165727323
      vertex 9.58781044783832 51 -2.855920424507298
    endloop
  endfacet
  facet normal 0.532032076515336 0 0.8467241992282846
    outer loop
      vertex 9.58781044783832 51 -2.855920424507298
      vertex 9.58781044783832 53.6 -2.855920424507298
      vertex 9.407684688234204 51 -2.742739908344628
    endloop
  endfacet
  facet normal -0.33027906195516726 -1.1442262748766652e-18 0.9438833303083676
    outer loop
      vertex 10.211394887258498 51 -2.9261815165727323
      vertex 10.41218955216168 51 -2.855920424507298
      vertex 10.41218955216168 53.6 -2.855920424507298
    endloop
  endfacet
  facet normal 0.11196447610330963 0 0.9937122098932424
    outer loop
      vertex 9.788605112741502 51 -2.9261815165727323
      vertex 10 53.6 -2.95
      vertex 9.788605112741502 53.6 -2.9261815165727323
    endloop
  endfacet
  facet normal -0.11196447610330963 0 0.9937122098932424
    outer loop
      vertex 10 51 -2.95
      vertex 10.211394887258498 53.6 -2.9261815165727323
      vertex 10 53.6 -2.95
    endloop
  endfacet
  facet normal 0.33027906195516726 0 0.9438833303083676
    outer loop
      vertex 9.58781044783832 51 -2.855920424507298
      vertex 9.788605112741502 53.6 -2.9261815165727323
      vertex 9.58781044783832 53.6 -2.855920424507298
    endloop
  endfacet
  facet normal -0.33027906195516726 0 0.9438833303083676
    outer loop
      vertex 10.211394887258498 51 -2.9261815165727323
      vertex 10.41218955216168 53.6 -2.855920424507298
      vertex 10.211394887258498 53.6 -2.9261815165727323
    endloop
  endfacet
  facet normal -0.532032076515336 0 0.8467241992282846
    outer loop
      vertex 10.41218955216168 51 -2.855920424507298
      vertex 10.592315311765796 53.6 -2.742739908344628
      vertex 10.41218955216168 53.6 -2.855920424507298
    endloop
  endfacet
  facet normal 0.7071067811865465 0 0.7071067811865485
    outer loop
      vertex 9.407684688234204 51 -2.742739908344628
      vertex 9.407684688234204 53.6 -2.742739908344628
      vertex 9.257260091655372 51 -2.592315311765797
    endloop
  endfacet
  facet normal -0.532032076515336 -3.060325080970931e-18 0.8467241992282846
    outer loop
      vertex 10.41218955216168 51 -2.855920424507298
      vertex 10.592315311765796 51 -2.742739908344628
      vertex 10.592315311765796 53.6 -2.742739908344628
    endloop
  endfacet
  facet normal 0.846724199228284 0 0.5320320765153369
    outer loop
      vertex 9.257260091655372 51 -2.592315311765797
      vertex 9.257260091655372 53.6 -2.592315311765797
      vertex 9.144079575492702 51 -2.4121895521616805
    endloop
  endfacet
  facet normal -0.7071067811865465 4.005343272662657e-20 0.7071067811865485
    outer loop
      vertex 10.592315311765796 51 -2.742739908344628
      vertex 10.742739908344628 51 -2.592315311765797
      vertex 10.742739908344628 53.6 -2.592315311765797
    endloop
  endfacet
  facet normal 0.532032076515336 0 0.8467241992282846
    outer loop
      vertex 9.407684688234204 51 -2.742739908344628
      vertex 9.58781044783832 53.6 -2.855920424507298
      vertex 9.407684688234204 53.6 -2.742739908344628
    endloop
  endfacet
  facet normal -0.7071067811865465 0 0.7071067811865485
    outer loop
      vertex 10.592315311765796 51 -2.742739908344628
      vertex 10.742739908344628 53.6 -2.592315311765797
      vertex 10.592315311765796 53.6 -2.742739908344628
    endloop
  endfacet
  facet normal 0.7071067811865465 0 0.7071067811865485
    outer loop
      vertex 9.257260091655372 51 -2.592315311765797
      vertex 9.407684688234204 53.6 -2.742739908344628
      vertex 9.257260091655372 53.6 -2.592315311765797
    endloop
  endfacet
  facet normal -0.8467241992282846 0 0.532032076515336
    outer loop
      vertex 10.742739908344628 51 -2.592315311765797
      vertex 10.855920424507298 53.6 -2.41218955216168
      vertex 10.742739908344628 53.6 -2.592315311765797
    endloop
  endfacet
  facet normal 0.9438833303083668 0 0.33027906195516904
    outer loop
      vertex 9.144079575492702 51 -2.4121895521616805
      vertex 9.144079575492702 53.6 -2.4121895521616805
      vertex 9.073818483427267 51 -2.211394887258499
    endloop
  endfacet
  facet normal -0.8467241992282846 -3.060325080970931e-18 0.532032076515336
    outer loop
      vertex 10.742739908344628 51 -2.592315311765797
      vertex 10.855920424507298 51 -2.41218955216168
      vertex 10.855920424507298 53.6 -2.41218955216168
    endloop
  endfacet
  facet normal -0.9438833303083668 1.2108035167217437e-19 0.33027906195516904
    outer loop
      vertex 10.855920424507298 51 -2.41218955216168
      vertex 10.926181516572733 51 -2.2113948872584985
      vertex 10.926181516572733 53.6 -2.2113948872584985
    endloop
  endfacet
  facet normal 0.846724199228284 0 0.5320320765153369
    outer loop
      vertex 9.144079575492702 51 -2.4121895521616805
      vertex 9.257260091655372 53.6 -2.592315311765797
      vertex 9.144079575492702 53.6 -2.4121895521616805
    endloop
  endfacet
  facet normal -0.9438833303083668 0 0.33027906195516904
    outer loop
      vertex 10.855920424507298 51 -2.41218955216168
      vertex 10.926181516572733 53.6 -2.2113948872584985
      vertex 10.855920424507298 53.6 -2.41218955216168
    endloop
  endfacet
  facet normal 0.9438833303083668 0 0.33027906195516904
    outer loop
      vertex 9.073818483427267 51 -2.211394887258499
      vertex 9.144079575492702 53.6 -2.4121895521616805
      vertex 9.073818483427267 53.6 -2.211394887258499
    endloop
  endfacet
  facet normal 0.9937122098932432 0 0.11196447610330297
    outer loop
      vertex 9.073818483427267 51 -2.211394887258499
      vertex 9.073818483427267 53.6 -2.211394887258499
      vertex 9.05 51 -2
    endloop
  endfacet
  facet normal -0.9937122098932432 6.87092523722977e-19 0.11196447610330322
    outer loop
      vertex 10.926181516572733 51 -2.2113948872584985
      vertex 10.95 51 -2
      vertex 10.95 53.6 -2
    endloop
  endfacet
  facet normal 0.9937122098932432 0 -0.11196447610330311
    outer loop
      vertex 9.05 51 -2
      vertex 9.05 53.6 -2
      vertex 9.073818483427267 51 -1.7886051127415012
    endloop
  endfacet
  facet normal 0.9937122098932432 0 0.11196447610330297
    outer loop
      vertex 9.05 51 -2
      vertex 9.073818483427267 53.6 -2.211394887258499
      vertex 9.05 53.6 -2
    endloop
  endfacet
  facet normal -0.9937122098932432 0 0.11196447610330322
    outer loop
      vertex 10.926181516572733 51 -2.2113948872584985
      vertex 10.95 53.6 -2
      vertex 10.926181516572733 53.6 -2.2113948872584985
    endloop
  endfacet
  facet normal -0.9937122098932432 0 -0.11196447610330333
    outer loop
      vertex 10.95 51 -2
      vertex 10.926181516572733 53.6 -1.7886051127415017
      vertex 10.95 53.6 -2
    endloop
  endfacet
  facet normal 0.9438833303083668 0 -0.33027906195516904
    outer loop
      vertex 9.073818483427267 51 -1.7886051127415012
      vertex 9.073818483427267 53.6 -1.7886051127415012
      vertex 9.144079575492702 51 -1.5878104478383197
    endloop
  endfacet
  facet normal -0.9937122098932432 -5.341461767620938e-19 -0.11196447610330333
    outer loop
      vertex 10.95 51 -2
      vertex 10.926181516572733 51 -1.7886051127415017
      vertex 10.926181516572733 53.6 -1.7886051127415017
    endloop
  endfacet
  facet normal -0.9438833303083671 -7.980477255854637e-20 -0.33027906195516843
    outer loop
      vertex 10.926181516572733 51 -1.7886051127415017
      vertex 10.855920424507298 51 -1.5878104478383197
      vertex 10.855920424507298 53.6 -1.5878104478383197
    endloop
  endfacet
  facet normal 0.9937122098932432 0 -0.11196447610330311
    outer loop
      vertex 9.073818483427267 51 -1.7886051127415012
      vertex 9.05 53.6 -2
      vertex 9.073818483427267 53.6 -1.7886051127415012
    endloop
  endfacet
  facet normal -0.9438833303083671 0 -0.33027906195516843
    outer loop
      vertex 10.926181516572733 51 -1.7886051127415017
      vertex 10.855920424507298 53.6 -1.5878104478383197
      vertex 10.926181516572733 53.6 -1.7886051127415017
    endloop
  endfacet
  facet normal 0.9438833303083668 0 -0.33027906195516904
    outer loop
      vertex 9.144079575492702 51 -1.5878104478383197
      vertex 9.073818483427267 53.6 -1.7886051127415012
      vertex 9.144079575492702 53.6 -1.5878104478383197
    endloop
  endfacet
  facet normal 0.8467241992282841 0 -0.5320320765153363
    outer loop
      vertex 9.144079575492702 51 -1.5878104478383197
      vertex 9.144079575492702 53.6 -1.5878104478383197
      vertex 9.257260091655372 51 -1.4076846882342031
    endloop
  endfacet
  facet normal -0.846724199228284 1.376479256424093e-16 -0.5320320765153369
    outer loop
      vertex 10.855920424507298 51 -1.5878104478383197
      vertex 10.742739908344628 51 -1.4076846882342033
      vertex 10.772832211325206 53.6 -1.4555763140757316
    endloop
  endfacet
  facet normal 0.7071067811865465 0 -0.7071067811865485
    outer loop
      vertex 9.257260091655372 51 -1.4076846882342031
      vertex 9.257260091655372 53.6 -1.4076846882342031
      vertex 9.407684688234204 51 -1.2572600916553718
    endloop
  endfacet
  facet normal -0.7071067811865469 2.2985631817376465e-18 -0.7071067811865479
    outer loop
      vertex 10.742739908344628 51 -1.4076846882342033
      vertex 10.592315311765796 51 -1.2572600916553718
      vertex 10.592315311765796 53.6 -1.2572600916553718
    endloop
  endfacet
  facet normal 0.8467241992282841 0 -0.5320320765153363
    outer loop
      vertex 9.257260091655372 51 -1.4076846882342031
      vertex 9.144079575492702 53.6 -1.5878104478383197
      vertex 9.257260091655372 53.6 -1.4076846882342031
    endloop
  endfacet
  facet normal -0.8467241992282851 0 -0.5320320765153349
    outer loop
      vertex 10.855920424507298 51 -1.5878104478383197
      vertex 10.772832211325206 53.6 -1.4555763140757316
      vertex 10.855920424507298 53.6 -1.5878104478383197
    endloop
  endfacet
  facet normal -0.8467241992282805 0 -0.5320320765153422
    outer loop
      vertex 10.742739908344628 51 -1.4076846882342033
      vertex 10.742739908344628 53.6 -1.4076846882342033
      vertex 10.772832211325206 53.6 -1.4555763140757316
    endloop
  endfacet
  facet normal 0.7071067811865461 -4.339304191166157e-17 -0.7071067811865489
    outer loop
      vertex 9.407684688234204 51 -1.2572600916553718
      vertex 9.257260091655372 53.6 -1.4076846882342031
      vertex 9.367689972805664 53.6 -1.2972548070839114
    endloop
  endfacet
  facet normal 0.7071067811865475 0 -0.7071067811865475
    outer loop
      vertex 9.407684688234204 51 -1.2572600916553718
      vertex 9.367689972805664 53.6 -1.2972548070839114
      vertex 9.407684688234204 53.6 -1.2572600916553718
    endloop
  endfacet
  facet normal -0.7071067811865469 0 -0.7071067811865479
    outer loop
      vertex 10.742739908344628 51 -1.4076846882342033
      vertex 10.592315311765796 53.6 -1.2572600916553718
      vertex 10.742739908344628 53.6 -1.4076846882342033
    endloop
  endfacet
  facet normal 0.532032076515336 0 -0.8467241992282846
    outer loop
      vertex 9.407684688234204 51 -1.2572600916553718
      vertex 9.407684688234204 53.6 -1.2572600916553718
      vertex 9.58781044783832 51 -1.144079575492702
    endloop
  endfacet
  facet normal 0.33027906195516815 0 -0.9438833303083671
    outer loop
      vertex 9.58781044783832 51 -1.144079575492702
      vertex 9.58781044783832 53.6 -1.144079575492702
      vertex 9.788605112741502 51 -1.0738184834272675
    endloop
  endfacet
  facet normal -0.532032076515336 3.060325080970931e-18 -0.8467241992282846
    outer loop
      vertex 10.592315311765796 51 -1.2572600916553718
      vertex 10.41218955216168 51 -1.144079575492702
      vertex 10.41218955216168 53.6 -1.144079575492702
    endloop
  endfacet
  facet normal -0.33027906195516815 -1.056596740955301e-18 -0.9438833303083671
    outer loop
      vertex 10.41218955216168 51 -1.144079575492702
      vertex 10.211394887258498 51 -1.0738184834272675
      vertex 10.211394887258498 53.6 -1.0738184834272675
    endloop
  endfacet
  facet normal 0.11196447610330756 0 -0.9937122098932426
    outer loop
      vertex 9.788605112741502 51 -1.0738184834272675
      vertex 9.788605112741502 53.6 -1.0738184834272675
      vertex 10 51 -1.05
    endloop
  endfacet
  facet normal -0.11196447610330756 4.5249477145707985e-19 -0.9937122098932426
    outer loop
      vertex 10.211394887258498 51 -1.0738184834272675
      vertex 10 51 -1.05
      vertex 10 53.6 -1.05
    endloop
  endfacet
  facet normal 0.532032076515336 0 -0.8467241992282846
    outer loop
      vertex 9.58781044783832 51 -1.144079575492702
      vertex 9.407684688234204 53.6 -1.2572600916553718
      vertex 9.58781044783832 53.6 -1.144079575492702
    endloop
  endfacet
  facet normal 0.33027906195516815 0 -0.9438833303083671
    outer loop
      vertex 9.788605112741502 51 -1.0738184834272675
      vertex 9.58781044783832 53.6 -1.144079575492702
      vertex 9.788605112741502 53.6 -1.0738184834272675
    endloop
  endfacet
  facet normal -0.532032076515336 0 -0.8467241992282846
    outer loop
      vertex 10.592315311765796 51 -1.2572600916553718
      vertex 10.41218955216168 53.6 -1.144079575492702
      vertex 10.592315311765796 53.6 -1.2572600916553718
    endloop
  endfacet
  facet normal -0.33027906195516815 0 -0.9438833303083671
    outer loop
      vertex 10.41218955216168 51 -1.144079575492702
      vertex 10.211394887258498 53.6 -1.0738184834272675
      vertex 10.41218955216168 53.6 -1.144079575492702
    endloop
  endfacet
  facet normal 0.11196447610330756 0 -0.9937122098932426
    outer loop
      vertex 10 51 -1.05
      vertex 9.788605112741502 53.6 -1.0738184834272675
      vertex 10 53.6 -1.05
    endloop
  endfacet
  facet normal -0.11196447610330756 0 -0.9937122098932426
    outer loop
      vertex 10.211394887258498 51 -1.0738184834272675
      vertex 10 53.6 -1.05
      vertex 10.211394887258498 53.6 -1.0738184834272675
    endloop
  endfacet
  facet normal 0.11196447610331016 0 0.9937122098932423
    outer loop
      vertex 82.75522697264806 4.3 -1.0724207034000062
      vertex 83 4.3 -1.1
      vertex 82.75522697264806 15.7 -1.0724207034000062
    endloop
  endfacet
  facet normal 0.33027906195515855 0 0.9438833303083706
    outer loop
      vertex 82.52272788697069 4.3 -0.9910657546926611
      vertex 82.75522697264806 4.3 -1.0724207034000062
      vertex 82.52272788697069 15.7 -0.9910657546926611
    endloop
  endfacet
  facet normal 0.5320320765153284 0 0.8467241992282893
    outer loop
      vertex 82.31416121795539 4.3 -0.8600146307148328
      vertex 82.52272788697069 4.3 -0.9910657546926611
      vertex 82.31416121795539 15.7 -0.8600146307148328
    endloop
  endfacet
  facet normal 0.7071067811865656 0 0.7071067811865295
    outer loop
      vertex 82.13998536928517 4.3 -0.6858387820446071
      vertex 82.31416121795539 4.3 -0.8600146307148328
      vertex 82.13998536928517 15.7 -0.6858387820446071
    endloop
  endfacet
  facet normal -0.11196447610331016 0 0.9937122098932423
    outer loop
      vertex 83 4.3 -1.1
      vertex 83.24477302735194 4.3 -1.0724207034000062
      vertex 83 15.7 -1.1
    endloop
  endfacet
  facet normal -0.33027906195515855 0 0.9438833303083706
    outer loop
      vertex 83.24477302735194 4.3 -1.0724207034000062
      vertex 83.47727211302931 4.3 -0.9910657546926611
      vertex 83.24477302735194 15.7 -1.0724207034000062
    endloop
  endfacet
  facet normal -0.532032076515328 0 0.8467241992282896
    outer loop
      vertex 83.47727211302931 4.3 -0.9910657546926611
      vertex 83.68583878204461 4.3 -0.8600146307148329
      vertex 83.47727211302931 15.7 -0.9910657546926611
    endloop
  endfacet
  facet normal -0.7071067811865662 0 0.7071067811865288
    outer loop
      vertex 83.68583878204461 4.3 -0.8600146307148329
      vertex 83.86001463071483 4.3 -0.6858387820446069
      vertex 83.68583878204461 15.7 -0.8600146307148329
    endloop
  endfacet
  facet normal 0.8467241992282876 0 0.5320320765153314
    outer loop
      vertex 82.00893424530734 4.3 -0.4772721130293141
      vertex 82.13998536928517 4.3 -0.6858387820446071
      vertex 82.00893424530734 15.7 -0.4772721130293141
    endloop
  endfacet
  facet normal 0.943883330308352 0 0.3302790619552116
    outer loop
      vertex 81.92757929659999 4.3 -0.24477302735194595
      vertex 82.00893424530734 4.3 -0.4772721130293141
      vertex 81.92757929659999 15.7 -0.24477302735194595
    endloop
  endfacet
  facet normal 0.9937122098932484 0 0.11196447610325662
    outer loop
      vertex 81.9 4.3 0
      vertex 81.92757929659999 4.3 -0.24477302735194595
      vertex 81.9 15.7 0
    endloop
  endfacet
  facet normal -0.8467241992282873 0 0.5320320765153315
    outer loop
      vertex 83.86001463071483 4.3 -0.6858387820446069
      vertex 83.99106575469266 4.3 -0.477272113029314
      vertex 83.86001463071483 15.7 -0.6858387820446069
    endloop
  endfacet
  facet normal -0.943883330308352 2.8384602407569304e-19 0.3302790619552117
    outer loop
      vertex 84.07242070340001 4.3 -0.24477302735194587
      vertex 83.99106575469266 15.7 -0.477272113029314
      vertex 83.99106575469266 4.3 -0.477272113029314
    endloop
  endfacet
  facet normal -0.9937122098932484 0 0.11196447610325667
    outer loop
      vertex 84.07242070340001 4.3 -0.24477302735194587
      vertex 84.1 4.3 0
      vertex 84.07242070340001 15.7 -0.24477302735194587
    endloop
  endfacet
  facet normal 0.9937122098932483 0 -0.1119644761032566
    outer loop
      vertex 81.9 -8.585615672457822 0
      vertex 81.9 -8.3 0
      vertex 81.92757929659999 -8.561998918347994 0.24477302735194595
    endloop
  endfacet
  facet normal 0.9937122098932483 0 -0.1119644761032566
    outer loop
      vertex 81.92757929659999 -8.3 0.24477302735194595
      vertex 81.92757929659999 -8.561998918347994 0.24477302735194595
      vertex 81.9 -8.3 0
    endloop
  endfacet
  facet normal 0.9438833303083519 0 -0.3302790619552116
    outer loop
      vertex 81.92757929659999 -8.3 0.24477302735194595
      vertex 82.00893424530734 -8.492332898684513 0.4772721130293141
      vertex 81.92757929659999 -8.561998918347994 0.24477302735194595
    endloop
  endfacet
  facet normal 0.943883330308352 -8.745695641737059e-18 -0.3302790619552116
    outer loop
      vertex 81.92757929659999 -8.3 0.24477302735194595
      vertex 82.00893424530734 -8.3 0.4772721130293141
      vertex 82.00893424530734 -8.492332898684513 0.4772721130293141
    endloop
  endfacet
  facet normal 0.8467241992282876 0 -0.5320320765153312
    outer loop
      vertex 82.00893424530734 -8.3 0.4772721130293141
      vertex 82.13998536928517 -8.380110958593303 0.6858387820446071
      vertex 82.00893424530734 -8.492332898684513 0.4772721130293141
    endloop
  endfacet
  facet normal 0.8467241992282875 -3.526796895819848e-17 -0.5320320765153312
    outer loop
      vertex 82.00893424530734 -8.3 0.4772721130293141
      vertex 82.13998536928517 -8.3 0.6858387820446071
      vertex 82.13998536928517 -8.380110958593303 0.6858387820446071
    endloop
  endfacet
  facet normal 0.7071067811865749 0 -0.7071067811865203
    outer loop
      vertex 82.13998536928517 -8.3 0.6858387820446071
      vertex 82.23353776338975 -8.3 0.7793911761491916
      vertex 82.13998536928517 -8.380110958593303 0.6858387820446071
    endloop
  endfacet
  facet normal 0.9937122098932484 0 -0.11196447610325662
    outer loop
      vertex 81.92757929659999 4.3 0.24477302735194595
      vertex 81.9 4.3 0
      vertex 81.92757929659999 15.7 0.24477302735194595
    endloop
  endfacet
  facet normal 0.943883330308352 -1.4755131524454324e-19 -0.3302790619552116
    outer loop
      vertex 81.92757929659999 4.3 0.24477302735194595
      vertex 82.00893424530734 15.7 0.4772721130293141
      vertex 82.00893424530734 4.3 0.4772721130293141
    endloop
  endfacet
  facet normal 0.8467241992282876 -2.4783778955088584e-19 -0.5320320765153314
    outer loop
      vertex 82.00893424530734 4.3 0.4772721130293141
      vertex 82.13998536928517 15.7 0.6858387820446071
      vertex 82.13998536928517 4.3 0.6858387820446071
    endloop
  endfacet
  facet normal -0.9937122098932484 1.0674534153011904e-19 -0.11196447610325688
    outer loop
      vertex 84.07242070340001 4.3 0.2447730273519454
      vertex 84.1 15.7 0
      vertex 84.1 4.3 0
    endloop
  endfacet
  facet normal -0.9438833303083521 1.26804590574452e-19 -0.3302790619552109
    outer loop
      vertex 83.99106575469266 4.3 0.4772721130293141
      vertex 84.07242070340001 15.7 0.2447730273519454
      vertex 84.07242070340001 4.3 0.2447730273519454
    endloop
  endfacet
  facet normal -0.8467241992282872 0 -0.5320320765153319
    outer loop
      vertex 83.99106575469266 4.3 0.4772721130293141
      vertex 83.86001463071483 4.3 0.6858387820446068
      vertex 83.99106575469266 15.7 0.4772721130293141
    endloop
  endfacet
  facet normal 0.7071067811865656 6.108696519158798e-19 -0.7071067811865295
    outer loop
      vertex 82.13998536928517 4.3 0.6858387820446071
      vertex 82.31416121795539 15.7 0.8600146307148328
      vertex 82.31416121795539 4.3 0.8600146307148328
    endloop
  endfacet
  facet normal 0.532032076515328 -4.677281306138948e-19 -0.8467241992282896
    outer loop
      vertex 82.31416121795539 4.3 0.8600146307148328
      vertex 82.52272788697069 15.7 0.991065754692661
      vertex 82.52272788697069 4.3 0.991065754692661
    endloop
  endfacet
  facet normal 0.33027906195515894 2.928462503126023e-19 -0.9438833303083705
    outer loop
      vertex 82.52272788697069 4.3 0.991065754692661
      vertex 82.75522697264806 15.7 1.0724207034000062
      vertex 82.75522697264806 4.3 1.0724207034000062
    endloop
  endfacet
  facet normal -0.7071067811865667 0 -0.7071067811865283
    outer loop
      vertex 83.86001463071483 4.3 0.6858387820446068
      vertex 83.68583878204461 4.3 0.860014630714833
      vertex 83.86001463071483 15.7 0.6858387820446068
    endloop
  endfacet
  facet normal -0.5320320765153274 -3.3750623380688273e-19 -0.8467241992282898
    outer loop
      vertex 83.47727211302931 4.3 0.991065754692661
      vertex 83.68583878204461 15.7 0.860014630714833
      vertex 83.68583878204461 4.3 0.860014630714833
    endloop
  endfacet
  facet normal -0.33027906195515894 0 -0.9438833303083705
    outer loop
      vertex 83.47727211302931 4.3 0.991065754692661
      vertex 83.24477302735194 4.3 1.0724207034000062
      vertex 83.47727211302931 15.7 0.991065754692661
    endloop
  endfacet
  facet normal 0.11196447610331016 1.0649651048860203e-19 -0.9937122098932423
    outer loop
      vertex 82.75522697264806 4.3 1.0724207034000062
      vertex 83 15.7 1.1
      vertex 83 4.3 1.1
    endloop
  endfacet
  facet normal -0.11196447610331016 -1.0649651048860203e-19 -0.9937122098932423
    outer loop
      vertex 83 4.3 1.1
      vertex 83.24477302735194 15.7 1.0724207034000062
      vertex 83.24477302735194 4.3 1.0724207034000062
    endloop
  endfacet
  facet normal 0.33027906195515855 0 0.9438833303083706
    outer loop
      vertex 82.75522697264806 15.7 -1.0724207034000062
      vertex 82.52272788697069 15.7 -0.9910657546926611
      vertex 82.75522697264806 4.3 -1.0724207034000062
    endloop
  endfacet
  facet normal 0.5320320765153284 0 0.8467241992282893
    outer loop
      vertex 82.52272788697069 15.7 -0.9910657546926611
      vertex 82.31416121795539 15.7 -0.8600146307148328
      vertex 82.52272788697069 4.3 -0.9910657546926611
    endloop
  endfacet
  facet normal 0.7071067811865656 0 0.7071067811865295
    outer loop
      vertex 82.31416121795539 15.7 -0.8600146307148328
      vertex 82.13998536928517 15.7 -0.6858387820446071
      vertex 82.31416121795539 4.3 -0.8600146307148328
    endloop
  endfacet
  facet normal 0.11196447610331016 0 0.9937122098932423
    outer loop
      vertex 83 15.7 -1.1
      vertex 82.75522697264806 15.7 -1.0724207034000062
      vertex 83 4.3 -1.1
    endloop
  endfacet
  facet normal -0.11196447610331016 0 0.9937122098932423
    outer loop
      vertex 83.24477302735194 15.7 -1.0724207034000062
      vertex 83 15.7 -1.1
      vertex 83.24477302735194 4.3 -1.0724207034000062
    endloop
  endfacet
  facet normal -0.33027906195515855 0 0.9438833303083706
    outer loop
      vertex 83.47727211302931 15.7 -0.9910657546926611
      vertex 83.24477302735194 15.7 -1.0724207034000062
      vertex 83.47727211302931 4.3 -0.9910657546926611
    endloop
  endfacet
  facet normal -0.532032076515328 0 0.8467241992282896
    outer loop
      vertex 83.68583878204461 15.7 -0.8600146307148329
      vertex 83.47727211302931 15.7 -0.9910657546926611
      vertex 83.68583878204461 4.3 -0.8600146307148329
    endloop
  endfacet
  facet normal -0.7071067811865662 0 0.7071067811865288
    outer loop
      vertex 83.86001463071483 15.7 -0.6858387820446069
      vertex 83.68583878204461 15.7 -0.8600146307148329
      vertex 83.86001463071483 4.3 -0.6858387820446069
    endloop
  endfacet
  facet normal 0.8467241992282876 0 0.5320320765153314
    outer loop
      vertex 82.13998536928517 15.7 -0.6858387820446071
      vertex 82.00893424530734 15.7 -0.4772721130293141
      vertex 82.13998536928517 4.3 -0.6858387820446071
    endloop
  endfacet
  facet normal 0.943883330308352 1.4755131524454324e-19 0.3302790619552116
    outer loop
      vertex 81.92757929659999 15.7 -0.24477302735194595
      vertex 82.00893424530734 4.3 -0.4772721130293141
      vertex 82.00893424530734 15.7 -0.4772721130293141
    endloop
  endfacet
  facet normal 0.9937122098932484 0 0.11196447610325662
    outer loop
      vertex 81.92757929659999 15.7 -0.24477302735194595
      vertex 81.9 15.7 0
      vertex 81.92757929659999 4.3 -0.24477302735194595
    endloop
  endfacet
  facet normal -0.8467241992282873 -4.870803800959747e-19 0.5320320765153315
    outer loop
      vertex 83.86001463071483 15.7 -0.6858387820446069
      vertex 83.99106575469266 4.3 -0.477272113029314
      vertex 83.99106575469266 15.7 -0.477272113029314
    endloop
  endfacet
  facet normal -0.943883330308352 2.8384602407569304e-19 0.3302790619552117
    outer loop
      vertex 83.99106575469266 15.7 -0.477272113029314
      vertex 84.07242070340001 4.3 -0.24477302735194587
      vertex 84.07242070340001 15.7 -0.24477302735194587
    endloop
  endfacet
  facet normal -0.9937122098932484 0 0.11196447610325667
    outer loop
      vertex 84.1 15.7 0
      vertex 84.07242070340001 15.7 -0.24477302735194587
      vertex 84.1 4.3 0
    endloop
  endfacet
  facet normal 0.11196447610331017 0 0.9937122098932424
    outer loop
      vertex 82.75522697264806 28.3 -1.0724207034000062
      vertex 83 28.3 -1.1
      vertex 82.75522697264806 39.7 -1.0724207034000062
    endloop
  endfacet
  facet normal 0.3302790619551585 0 0.9438833303083705
    outer loop
      vertex 82.52272788697069 28.3 -0.9910657546926611
      vertex 82.75522697264806 28.3 -1.0724207034000062
      vertex 82.52272788697069 39.7 -0.9910657546926611
    endloop
  endfacet
  facet normal 0.5320320765153284 0 0.8467241992282893
    outer loop
      vertex 82.31416121795539 28.3 -0.8600146307148328
      vertex 82.52272788697069 28.3 -0.9910657546926611
      vertex 82.31416121795539 39.7 -0.8600146307148328
    endloop
  endfacet
  facet normal 0.7071067811865656 0 0.7071067811865295
    outer loop
      vertex 82.13998536928517 28.3 -0.6858387820446071
      vertex 82.31416121795539 28.3 -0.8600146307148328
      vertex 82.13998536928517 39.7 -0.6858387820446071
    endloop
  endfacet
  facet normal 0.3302790619551585 0 0.9438833303083705
    outer loop
      vertex 82.75522697264806 39.7 -1.0724207034000062
      vertex 82.52272788697069 39.7 -0.9910657546926611
      vertex 82.75522697264806 28.3 -1.0724207034000062
    endloop
  endfacet
  facet normal 0.5320320765153284 0 0.8467241992282893
    outer loop
      vertex 82.52272788697069 39.7 -0.9910657546926611
      vertex 82.31416121795539 39.7 -0.8600146307148328
      vertex 82.52272788697069 28.3 -0.9910657546926611
    endloop
  endfacet
  facet normal 0.7071067811865656 0 0.7071067811865295
    outer loop
      vertex 82.31416121795539 39.7 -0.8600146307148328
      vertex 82.13998536928517 39.7 -0.6858387820446071
      vertex 82.31416121795539 28.3 -0.8600146307148328
    endloop
  endfacet
  facet normal -0.11196447610331017 0 0.9937122098932424
    outer loop
      vertex 83 28.3 -1.1
      vertex 83.24477302735194 28.3 -1.0724207034000062
      vertex 83 39.7 -1.1
    endloop
  endfacet
  facet normal -0.3302790619551585 0 0.9438833303083705
    outer loop
      vertex 83.24477302735194 28.3 -1.0724207034000062
      vertex 83.47727211302931 28.3 -0.9910657546926611
      vertex 83.24477302735194 39.7 -1.0724207034000062
    endloop
  endfacet
  facet normal -0.532032076515328 0 0.8467241992282895
    outer loop
      vertex 83.47727211302931 28.3 -0.9910657546926611
      vertex 83.68583878204461 28.3 -0.8600146307148329
      vertex 83.47727211302931 39.7 -0.9910657546926611
    endloop
  endfacet
  facet normal -0.7071067811865662 0 0.7071067811865288
    outer loop
      vertex 83.68583878204461 28.3 -0.8600146307148329
      vertex 83.86001463071483 28.3 -0.6858387820446069
      vertex 83.68583878204461 39.7 -0.8600146307148329
    endloop
  endfacet
  facet normal 0.11196447610331017 0 0.9937122098932424
    outer loop
      vertex 83 39.7 -1.1
      vertex 82.75522697264806 39.7 -1.0724207034000062
      vertex 83 28.3 -1.1
    endloop
  endfacet
  facet normal -0.11196447610331017 0 0.9937122098932424
    outer loop
      vertex 83.24477302735194 39.7 -1.0724207034000062
      vertex 83 39.7 -1.1
      vertex 83.24477302735194 28.3 -1.0724207034000062
    endloop
  endfacet
  facet normal -0.3302790619551585 0 0.9438833303083705
    outer loop
      vertex 83.47727211302931 39.7 -0.9910657546926611
      vertex 83.24477302735194 39.7 -1.0724207034000062
      vertex 83.47727211302931 28.3 -0.9910657546926611
    endloop
  endfacet
  facet normal -0.532032076515328 0 0.8467241992282895
    outer loop
      vertex 83.68583878204461 39.7 -0.8600146307148329
      vertex 83.47727211302931 39.7 -0.9910657546926611
      vertex 83.68583878204461 28.3 -0.8600146307148329
    endloop
  endfacet
  facet normal -0.7071067811865662 0 0.7071067811865288
    outer loop
      vertex 83.86001463071483 28.3 -0.6858387820446069
      vertex 83.86001463071483 39.7 -0.6858387820446069
      vertex 83.68583878204461 39.7 -0.8600146307148329
    endloop
  endfacet
  facet normal 0.8467241992282876 0 0.5320320765153312
    outer loop
      vertex 82.00893424530734 28.3 -0.4772721130293141
      vertex 82.13998536928517 28.3 -0.6858387820446071
      vertex 82.00893424530734 39.7 -0.4772721130293141
    endloop
  endfacet
  facet normal 0.943883330308352 0 0.3302790619552116
    outer loop
      vertex 81.92757929659999 28.3 -0.24477302735194595
      vertex 82.00893424530734 28.3 -0.4772721130293141
      vertex 81.92757929659999 39.7 -0.24477302735194595
    endloop
  endfacet
  facet normal 0.9937122098932484 0 0.11196447610325662
    outer loop
      vertex 81.9 28.3 0
      vertex 81.92757929659999 28.3 -0.24477302735194595
      vertex 81.9 39.7 0
    endloop
  endfacet
  facet normal 0.8467241992282876 0 0.5320320765153312
    outer loop
      vertex 82.13998536928517 39.7 -0.6858387820446071
      vertex 82.00893424530734 39.7 -0.4772721130293141
      vertex 82.13998536928517 28.3 -0.6858387820446071
    endloop
  endfacet
  facet normal 0.943883330308352 1.475513152445432e-19 0.3302790619552116
    outer loop
      vertex 81.92757929659999 39.7 -0.24477302735194595
      vertex 82.00893424530734 28.3 -0.4772721130293141
      vertex 82.00893424530734 39.7 -0.4772721130293141
    endloop
  endfacet
  facet normal 0.9937122098932484 0 0.11196447610325662
    outer loop
      vertex 81.92757929659999 39.7 -0.24477302735194595
      vertex 81.9 39.7 0
      vertex 81.92757929659999 28.3 -0.24477302735194595
    endloop
  endfacet
  facet normal -0.8467241992282873 0 0.5320320765153315
    outer loop
      vertex 83.86001463071483 28.3 -0.6858387820446069
      vertex 83.99106575469266 28.3 -0.477272113029314
      vertex 83.86001463071483 39.7 -0.6858387820446069
    endloop
  endfacet
  facet normal -0.943883330308352 2.83846024075693e-19 0.3302790619552117
    outer loop
      vertex 84.07242070340001 28.3 -0.24477302735194587
      vertex 83.99106575469266 39.7 -0.477272113029314
      vertex 83.99106575469266 28.3 -0.477272113029314
    endloop
  endfacet
  facet normal -0.9937122098932484 0 0.11196447610325667
    outer loop
      vertex 84.07242070340001 28.3 -0.24477302735194587
      vertex 84.1 28.3 0
      vertex 84.07242070340001 39.7 -0.24477302735194587
    endloop
  endfacet
  facet normal -0.8467241992282873 -4.870803800959746e-19 0.5320320765153315
    outer loop
      vertex 83.86001463071483 39.7 -0.6858387820446069
      vertex 83.99106575469266 28.3 -0.477272113029314
      vertex 83.99106575469266 39.7 -0.477272113029314
    endloop
  endfacet
  facet normal -0.943883330308352 2.83846024075693e-19 0.3302790619552117
    outer loop
      vertex 83.99106575469266 39.7 -0.477272113029314
      vertex 84.07242070340001 28.3 -0.24477302735194587
      vertex 84.07242070340001 39.7 -0.24477302735194587
    endloop
  endfacet
  facet normal -0.9937122098932484 0 0.11196447610325667
    outer loop
      vertex 84.1 39.7 0
      vertex 84.07242070340001 39.7 -0.24477302735194587
      vertex 84.1 28.3 0
    endloop
  endfacet
  facet normal 0.11196447610331017 0 0.9937122098932424
    outer loop
      vertex 82.75522697264806 52.3 -1.0724207034000062
      vertex 83 52.3 -1.1
      vertex 82.75522697264806 63.7 -1.0724207034000062
    endloop
  endfacet
  facet normal 0.3302790619551585 0 0.9438833303083705
    outer loop
      vertex 82.52272788697069 52.3 -0.9910657546926611
      vertex 82.75522697264806 52.3 -1.0724207034000062
      vertex 82.52272788697069 63.7 -0.9910657546926611
    endloop
  endfacet
  facet normal 0.5320320765153284 0 0.8467241992282895
    outer loop
      vertex 82.31416121795539 52.3 -0.8600146307148328
      vertex 82.52272788697069 52.3 -0.9910657546926611
      vertex 82.31416121795539 63.7 -0.8600146307148328
    endloop
  endfacet
  facet normal 0.7071067811865656 0 0.7071067811865295
    outer loop
      vertex 82.13998536928517 52.3 -0.6858387820446071
      vertex 82.31416121795539 52.3 -0.8600146307148328
      vertex 82.13998536928517 63.7 -0.6858387820446071
    endloop
  endfacet
  facet normal -0.11196447610331017 0 0.9937122098932424
    outer loop
      vertex 83 52.3 -1.1
      vertex 83.24477302735194 52.3 -1.0724207034000062
      vertex 83 63.7 -1.1
    endloop
  endfacet
  facet normal -0.3302790619551585 0 0.9438833303083705
    outer loop
      vertex 83.24477302735194 52.3 -1.0724207034000062
      vertex 83.47727211302931 52.3 -0.9910657546926611
      vertex 83.24477302735194 63.7 -1.0724207034000062
    endloop
  endfacet
  facet normal -0.5320320765153279 0 0.8467241992282896
    outer loop
      vertex 83.47727211302931 52.3 -0.9910657546926611
      vertex 83.68583878204461 52.3 -0.8600146307148329
      vertex 83.47727211302931 63.7 -0.9910657546926611
    endloop
  endfacet
  facet normal -0.7071067811865661 0 0.7071067811865287
    outer loop
      vertex 83.68583878204461 52.3 -0.8600146307148329
      vertex 83.86001463071483 52.3 -0.6858387820446069
      vertex 83.68583878204461 63.7 -0.8600146307148329
    endloop
  endfacet
  facet normal 0.8467241992282875 0 0.5320320765153312
    outer loop
      vertex 82.00893424530734 52.3 -0.4772721130293141
      vertex 82.13998536928517 52.3 -0.6858387820446071
      vertex 82.00893424530734 63.7 -0.4772721130293141
    endloop
  endfacet
  facet normal 0.943883330308352 0 0.3302790619552116
    outer loop
      vertex 81.92757929659999 52.3 -0.24477302735194595
      vertex 82.00893424530734 52.3 -0.4772721130293141
      vertex 81.92757929659999 63.7 -0.24477302735194595
    endloop
  endfacet
  facet normal 0.9937122098932484 0 0.1119644761032566
    outer loop
      vertex 81.9 52.3 0
      vertex 81.92757929659999 52.3 -0.24477302735194595
      vertex 81.9 63.7 0
    endloop
  endfacet
  facet normal -0.8467241992282875 0 0.5320320765153315
    outer loop
      vertex 83.86001463071483 52.3 -0.6858387820446069
      vertex 83.99106575469266 52.3 -0.477272113029314
      vertex 83.86001463071483 63.7 -0.6858387820446069
    endloop
  endfacet
  facet normal -0.9438833303083519 0 0.3302790619552116
    outer loop
      vertex 83.99106575469266 52.3 -0.477272113029314
      vertex 84.07242070340001 52.3 -0.24477302735194587
      vertex 83.99106575469266 63.7 -0.477272113029314
    endloop
  endfacet
  facet normal -0.9937122098932484 0 0.11196447610325666
    outer loop
      vertex 84.07242070340001 52.3 -0.24477302735194587
      vertex 84.1 52.3 0
      vertex 84.07242070340001 63.7 -0.24477302735194587
    endloop
  endfacet
  facet normal 0.3302790619551585 0 0.9438833303083705
    outer loop
      vertex 82.75522697264806 63.7 -1.0724207034000062
      vertex 82.52272788697069 63.7 -0.9910657546926611
      vertex 82.75522697264806 52.3 -1.0724207034000062
    endloop
  endfacet
  facet normal 0.5320320765153284 0 0.8467241992282895
    outer loop
      vertex 82.52272788697069 63.7 -0.9910657546926611
      vertex 82.31416121795539 63.7 -0.8600146307148328
      vertex 82.52272788697069 52.3 -0.9910657546926611
    endloop
  endfacet
  facet normal 0.7071067811865656 0 0.7071067811865295
    outer loop
      vertex 82.31416121795539 63.7 -0.8600146307148328
      vertex 82.13998536928517 63.7 -0.6858387820446071
      vertex 82.31416121795539 52.3 -0.8600146307148328
    endloop
  endfacet
  facet normal 0.11196447610331017 0 0.9937122098932424
    outer loop
      vertex 83 63.7 -1.1
      vertex 82.75522697264806 63.7 -1.0724207034000062
      vertex 83 52.3 -1.1
    endloop
  endfacet
  facet normal -0.11196447610331017 0 0.9937122098932424
    outer loop
      vertex 83.24477302735194 63.7 -1.0724207034000062
      vertex 83 63.7 -1.1
      vertex 83.24477302735194 52.3 -1.0724207034000062
    endloop
  endfacet
  facet normal -0.3302790619551585 0 0.9438833303083705
    outer loop
      vertex 83.47727211302931 63.7 -0.9910657546926611
      vertex 83.24477302735194 63.7 -1.0724207034000062
      vertex 83.47727211302931 52.3 -0.9910657546926611
    endloop
  endfacet
  facet normal -0.5320320765153279 0 0.8467241992282896
    outer loop
      vertex 83.68583878204461 63.7 -0.8600146307148329
      vertex 83.47727211302931 63.7 -0.9910657546926611
      vertex 83.68583878204461 52.3 -0.8600146307148329
    endloop
  endfacet
  facet normal -0.7071067811865661 0 0.7071067811865287
    outer loop
      vertex 83.86001463071483 52.3 -0.6858387820446069
      vertex 83.86001463071483 63.7 -0.6858387820446069
      vertex 83.68583878204461 63.7 -0.8600146307148329
    endloop
  endfacet
  facet normal 0.8467241992282875 0 0.5320320765153312
    outer loop
      vertex 82.13998536928517 63.7 -0.6858387820446071
      vertex 82.00893424530734 63.7 -0.4772721130293141
      vertex 82.13998536928517 52.3 -0.6858387820446071
    endloop
  endfacet
  facet normal 0.943883330308352 1.4755131524454314e-19 0.3302790619552116
    outer loop
      vertex 81.92757929659999 63.7 -0.24477302735194595
      vertex 82.00893424530734 52.3 -0.4772721130293141
      vertex 82.00893424530734 63.7 -0.4772721130293141
    endloop
  endfacet
  facet normal 0.9937122098932484 0 0.1119644761032566
    outer loop
      vertex 81.92757929659999 63.7 -0.24477302735194595
      vertex 81.9 63.7 0
      vertex 81.92757929659999 52.3 -0.24477302735194595
    endloop
  endfacet
  facet normal -0.8467241992282875 -4.870803800959744e-19 0.5320320765153315
    outer loop
      vertex 83.86001463071483 63.7 -0.6858387820446069
      vertex 83.99106575469266 52.3 -0.477272113029314
      vertex 83.99106575469266 63.7 -0.477272113029314
    endloop
  endfacet
  facet normal -0.9438833303083519 0 0.3302790619552116
    outer loop
      vertex 84.07242070340001 63.7 -0.24477302735194587
      vertex 83.99106575469266 63.7 -0.477272113029314
      vertex 84.07242070340001 52.3 -0.24477302735194587
    endloop
  endfacet
  facet normal -0.9937122098932484 -1.0577627074589415e-19 0.11196447610325666
    outer loop
      vertex 84.07242070340001 63.7 -0.24477302735194587
      vertex 84.1 52.3 0
      vertex 84.1 63.7 0
    endloop
  endfacet
  facet normal 0.9937122098932484 9.425950775767716e-20 -0.11196447610325662
    outer loop
      vertex 81.92757929659999 15.7 0.24477302735194595
      vertex 81.9 4.3 0
      vertex 81.9 15.7 0
    endloop
  endfacet
  facet normal 0.943883330308352 0 -0.3302790619552116
    outer loop
      vertex 81.92757929659999 4.3 0.24477302735194595
      vertex 81.92757929659999 15.7 0.24477302735194595
      vertex 82.00893424530734 15.7 0.4772721130293141
    endloop
  endfacet
  facet normal 0.8467241992282876 0 -0.5320320765153314
    outer loop
      vertex 82.00893424530734 4.3 0.4772721130293141
      vertex 82.00893424530734 15.7 0.4772721130293141
      vertex 82.13998536928517 15.7 0.6858387820446071
    endloop
  endfacet
  facet normal -0.9937122098932484 0 -0.11196447610325688
    outer loop
      vertex 84.07242070340001 15.7 0.2447730273519454
      vertex 84.1 15.7 0
      vertex 84.07242070340001 4.3 0.2447730273519454
    endloop
  endfacet
  facet normal -0.9438833303083521 0 -0.3302790619552109
    outer loop
      vertex 83.99106575469266 15.7 0.4772721130293141
      vertex 84.07242070340001 15.7 0.2447730273519454
      vertex 83.99106575469266 4.3 0.4772721130293141
    endloop
  endfacet
  facet normal -0.8467241992282872 0 -0.5320320765153319
    outer loop
      vertex 83.86001463071483 15.7 0.6858387820446068
      vertex 83.99106575469266 15.7 0.4772721130293141
      vertex 83.86001463071483 4.3 0.6858387820446068
    endloop
  endfacet
  facet normal 0.7071067811865656 0 -0.7071067811865295
    outer loop
      vertex 82.13998536928517 4.3 0.6858387820446071
      vertex 82.13998536928517 15.7 0.6858387820446071
      vertex 82.31416121795539 15.7 0.8600146307148328
    endloop
  endfacet
  facet normal 0.532032076515328 0 -0.8467241992282896
    outer loop
      vertex 82.31416121795539 4.3 0.8600146307148328
      vertex 82.31416121795539 15.7 0.8600146307148328
      vertex 82.52272788697069 15.7 0.991065754692661
    endloop
  endfacet
  facet normal 0.33027906195515894 0 -0.9438833303083705
    outer loop
      vertex 82.52272788697069 4.3 0.991065754692661
      vertex 82.52272788697069 15.7 0.991065754692661
      vertex 82.75522697264806 15.7 1.0724207034000062
    endloop
  endfacet
  facet normal 0.11196447610331016 0 -0.9937122098932423
    outer loop
      vertex 82.75522697264806 4.3 1.0724207034000062
      vertex 82.75522697264806 15.7 1.0724207034000062
      vertex 83 15.7 1.1
    endloop
  endfacet
  facet normal -0.7071067811865667 0 -0.7071067811865283
    outer loop
      vertex 83.68583878204461 15.7 0.860014630714833
      vertex 83.86001463071483 15.7 0.6858387820446068
      vertex 83.68583878204461 4.3 0.860014630714833
    endloop
  endfacet
  facet normal -0.5320320765153274 0 -0.8467241992282898
    outer loop
      vertex 83.47727211302931 4.3 0.991065754692661
      vertex 83.47727211302931 15.7 0.991065754692661
      vertex 83.68583878204461 15.7 0.860014630714833
    endloop
  endfacet
  facet normal -0.33027906195515894 0 -0.9438833303083705
    outer loop
      vertex 83.24477302735194 4.3 1.0724207034000062
      vertex 83.24477302735194 15.7 1.0724207034000062
      vertex 83.47727211302931 15.7 0.991065754692661
    endloop
  endfacet
  facet normal -0.11196447610331016 0 -0.9937122098932423
    outer loop
      vertex 83 4.3 1.1
      vertex 83 15.7 1.1
      vertex 83.24477302735194 15.7 1.0724207034000062
    endloop
  endfacet
  facet normal 0.9937122098932484 0 -0.11196447610325662
    outer loop
      vertex 81.92757929659999 28.3 0.24477302735194595
      vertex 81.9 28.3 0
      vertex 81.92757929659999 39.7 0.24477302735194595
    endloop
  endfacet
  facet normal 0.943883330308352 -1.475513152445432e-19 -0.3302790619552116
    outer loop
      vertex 81.92757929659999 28.3 0.24477302735194595
      vertex 82.00893424530734 39.7 0.4772721130293141
      vertex 82.00893424530734 28.3 0.4772721130293141
    endloop
  endfacet
  facet normal 0.8467241992282876 -2.4783778955088574e-19 -0.5320320765153312
    outer loop
      vertex 82.00893424530734 28.3 0.4772721130293141
      vertex 82.13998536928517 39.7 0.6858387820446071
      vertex 82.13998536928517 28.3 0.6858387820446071
    endloop
  endfacet
  facet normal 0.9937122098932484 9.425950775767713e-20 -0.11196447610325662
    outer loop
      vertex 81.92757929659999 39.7 0.24477302735194595
      vertex 81.9 28.3 0
      vertex 81.9 39.7 0
    endloop
  endfacet
  facet normal 0.943883330308352 0 -0.3302790619552116
    outer loop
      vertex 81.92757929659999 28.3 0.24477302735194595
      vertex 81.92757929659999 39.7 0.24477302735194595
      vertex 82.00893424530734 39.7 0.4772721130293141
    endloop
  endfacet
  facet normal 0.8467241992282876 0 -0.5320320765153312
    outer loop
      vertex 82.00893424530734 28.3 0.4772721130293141
      vertex 82.00893424530734 39.7 0.4772721130293141
      vertex 82.13998536928517 39.7 0.6858387820446071
    endloop
  endfacet
  facet normal -0.9937122098932484 0 -0.11196447610325688
    outer loop
      vertex 84.1 28.3 0
      vertex 84.07242070340001 28.3 0.2447730273519454
      vertex 84.1 39.7 0
    endloop
  endfacet
  facet normal -0.9438833303083523 1.2680459057445197e-19 -0.33027906195521095
    outer loop
      vertex 83.99106575469266 28.3 0.4772721130293141
      vertex 84.07242070340001 39.7 0.2447730273519454
      vertex 84.07242070340001 28.3 0.2447730273519454
    endloop
  endfacet
  facet normal -0.8467241992282871 -2.6996208325313284e-19 -0.5320320765153319
    outer loop
      vertex 83.86001463071483 28.3 0.6858387820446068
      vertex 83.99106575469266 39.7 0.4772721130293141
      vertex 83.99106575469266 28.3 0.4772721130293141
    endloop
  endfacet
  facet normal -0.9937122098932484 0 -0.11196447610325688
    outer loop
      vertex 84.07242070340001 39.7 0.2447730273519454
      vertex 84.1 39.7 0
      vertex 84.07242070340001 28.3 0.2447730273519454
    endloop
  endfacet
  facet normal -0.9438833303083523 0 -0.33027906195521095
    outer loop
      vertex 83.99106575469266 39.7 0.4772721130293141
      vertex 84.07242070340001 39.7 0.2447730273519454
      vertex 83.99106575469266 28.3 0.4772721130293141
    endloop
  endfacet
  facet normal -0.8467241992282871 0 -0.5320320765153319
    outer loop
      vertex 83.86001463071483 28.3 0.6858387820446068
      vertex 83.86001463071483 39.7 0.6858387820446068
      vertex 83.99106575469266 39.7 0.4772721130293141
    endloop
  endfacet
  facet normal 0.7071067811865656 6.108696519158796e-19 -0.7071067811865295
    outer loop
      vertex 82.13998536928517 28.3 0.6858387820446071
      vertex 82.31416121795539 39.7 0.8600146307148328
      vertex 82.31416121795539 28.3 0.8600146307148328
    endloop
  endfacet
  facet normal 0.532032076515328 -4.677281306138946e-19 -0.8467241992282895
    outer loop
      vertex 82.31416121795539 28.3 0.8600146307148328
      vertex 82.52272788697069 39.7 0.991065754692661
      vertex 82.52272788697069 28.3 0.991065754692661
    endloop
  endfacet
  facet normal 0.3302790619551589 2.9284625031260216e-19 -0.9438833303083703
    outer loop
      vertex 82.52272788697069 28.3 0.991065754692661
      vertex 82.75522697264806 39.7 1.0724207034000062
      vertex 82.75522697264806 28.3 1.0724207034000062
    endloop
  endfacet
  facet normal 0.7071067811865656 0 -0.7071067811865295
    outer loop
      vertex 82.13998536928517 28.3 0.6858387820446071
      vertex 82.13998536928517 39.7 0.6858387820446071
      vertex 82.31416121795539 39.7 0.8600146307148328
    endloop
  endfacet
  facet normal 0.532032076515328 0 -0.8467241992282895
    outer loop
      vertex 82.31416121795539 28.3 0.8600146307148328
      vertex 82.31416121795539 39.7 0.8600146307148328
      vertex 82.52272788697069 39.7 0.991065754692661
    endloop
  endfacet
  facet normal 0.3302790619551589 0 -0.9438833303083703
    outer loop
      vertex 82.52272788697069 28.3 0.991065754692661
      vertex 82.52272788697069 39.7 0.991065754692661
      vertex 82.75522697264806 39.7 1.0724207034000062
    endloop
  endfacet
  facet normal 0.11196447610331017 0 -0.9937122098932424
    outer loop
      vertex 82.75522697264806 39.7 1.0724207034000062
      vertex 83 39.7 1.1
      vertex 82.75522697264806 28.3 1.0724207034000062
    endloop
  endfacet
  facet normal -0.7071067811865667 -4.479477717320962e-19 -0.7071067811865284
    outer loop
      vertex 83.68583878204461 28.3 0.860014630714833
      vertex 83.86001463071483 39.7 0.6858387820446068
      vertex 83.86001463071483 28.3 0.6858387820446068
    endloop
  endfacet
  facet normal -0.5320320765153274 0 -0.8467241992282899
    outer loop
      vertex 83.68583878204461 28.3 0.860014630714833
      vertex 83.47727211302931 28.3 0.991065754692661
      vertex 83.68583878204461 39.7 0.860014630714833
    endloop
  endfacet
  facet normal -0.3302790619551589 0 -0.9438833303083703
    outer loop
      vertex 83.47727211302931 28.3 0.991065754692661
      vertex 83.24477302735194 28.3 1.0724207034000062
      vertex 83.47727211302931 39.7 0.991065754692661
    endloop
  endfacet
  facet normal 0.11196447610331017 0 -0.9937122098932424
    outer loop
      vertex 83 28.3 1.1
      vertex 82.75522697264806 28.3 1.0724207034000062
      vertex 83 39.7 1.1
    endloop
  endfacet
  facet normal -0.11196447610331017 0 -0.9937122098932424
    outer loop
      vertex 83.24477302735194 28.3 1.0724207034000062
      vertex 83 28.3 1.1
      vertex 83.24477302735194 39.7 1.0724207034000062
    endloop
  endfacet
  facet normal -0.7071067811865667 0 -0.7071067811865284
    outer loop
      vertex 83.68583878204461 39.7 0.860014630714833
      vertex 83.86001463071483 39.7 0.6858387820446068
      vertex 83.68583878204461 28.3 0.860014630714833
    endloop
  endfacet
  facet normal -0.5320320765153274 0 -0.8467241992282899
    outer loop
      vertex 83.47727211302931 39.7 0.991065754692661
      vertex 83.68583878204461 39.7 0.860014630714833
      vertex 83.47727211302931 28.3 0.991065754692661
    endloop
  endfacet
  facet normal -0.3302790619551589 0 -0.9438833303083703
    outer loop
      vertex 83.24477302735194 39.7 1.0724207034000062
      vertex 83.47727211302931 39.7 0.991065754692661
      vertex 83.24477302735194 28.3 1.0724207034000062
    endloop
  endfacet
  facet normal -0.11196447610331017 0 -0.9937122098932424
    outer loop
      vertex 83 39.7 1.1
      vertex 83.24477302735194 39.7 1.0724207034000062
      vertex 83 28.3 1.1
    endloop
  endfacet
  facet normal 0.9937122098932484 0 -0.1119644761032566
    outer loop
      vertex 81.92757929659999 52.3 0.24477302735194595
      vertex 81.9 52.3 0
      vertex 81.92757929659999 63.7 0.24477302735194595
    endloop
  endfacet
  facet normal 0.943883330308352 -1.4755131524454314e-19 -0.3302790619552116
    outer loop
      vertex 81.92757929659999 52.3 0.24477302735194595
      vertex 82.00893424530734 63.7 0.4772721130293141
      vertex 82.00893424530734 52.3 0.4772721130293141
    endloop
  endfacet
  facet normal 0.8467241992282875 -2.4783778955088564e-19 -0.5320320765153312
    outer loop
      vertex 82.00893424530734 52.3 0.4772721130293141
      vertex 82.13998536928517 63.7 0.6858387820446071
      vertex 82.13998536928517 52.3 0.6858387820446071
    endloop
  endfacet
  facet normal -0.9937122098932484 0 -0.11196447610325687
    outer loop
      vertex 84.1 52.3 0
      vertex 84.07242070340001 52.3 0.2447730273519454
      vertex 84.1 63.7 0
    endloop
  endfacet
  facet normal -0.9438833303083523 0 -0.33027906195521095
    outer loop
      vertex 84.07242070340001 52.3 0.2447730273519454
      vertex 83.99106575469266 52.3 0.4772721130293141
      vertex 84.07242070340001 63.7 0.2447730273519454
    endloop
  endfacet
  facet normal -0.8467241992282871 0 -0.5320320765153319
    outer loop
      vertex 83.99106575469266 52.3 0.4772721130293141
      vertex 83.86001463071483 52.3 0.6858387820446068
      vertex 83.99106575469266 63.7 0.4772721130293141
    endloop
  endfacet
  facet normal 0.7071067811865656 6.108696519158794e-19 -0.7071067811865295
    outer loop
      vertex 82.13998536928517 52.3 0.6858387820446071
      vertex 82.31416121795539 63.7 0.8600146307148328
      vertex 82.31416121795539 52.3 0.8600146307148328
    endloop
  endfacet
  facet normal 0.5320320765153279 -4.677281306138944e-19 -0.8467241992282896
    outer loop
      vertex 82.31416121795539 52.3 0.8600146307148328
      vertex 82.52272788697069 63.7 0.991065754692661
      vertex 82.52272788697069 52.3 0.991065754692661
    endloop
  endfacet
  facet normal 0.3302790619551589 0 -0.9438833303083703
    outer loop
      vertex 82.75522697264806 63.7 1.0724207034000062
      vertex 82.75522697264806 52.3 1.0724207034000062
      vertex 82.52272788697069 52.3 0.991065754692661
    endloop
  endfacet
  facet normal -0.7071067811865667 0 -0.7071067811865284
    outer loop
      vertex 83.86001463071483 52.3 0.6858387820446068
      vertex 83.68583878204461 52.3 0.860014630714833
      vertex 83.86001463071483 63.7 0.6858387820446068
    endloop
  endfacet
  facet normal -0.5320320765153274 0 -0.8467241992282899
    outer loop
      vertex 83.68583878204461 52.3 0.860014630714833
      vertex 83.47727211302931 52.3 0.991065754692661
      vertex 83.68583878204461 63.7 0.860014630714833
    endloop
  endfacet
  facet normal -0.3302790619551589 0 -0.9438833303083703
    outer loop
      vertex 83.47727211302931 63.7 0.991065754692661
      vertex 83.47727211302931 52.3 0.991065754692661
      vertex 83.24477302735194 52.3 1.0724207034000062
    endloop
  endfacet
  facet normal 0.11196447610331017 0 -0.9937122098932424
    outer loop
      vertex 83 63.7 1.1
      vertex 83 52.3 1.1
      vertex 82.75522697264806 52.3 1.0724207034000062
    endloop
  endfacet
  facet normal -0.11196447610331017 0 -0.9937122098932424
    outer loop
      vertex 83.24477302735194 63.7 1.0724207034000062
      vertex 83.24477302735194 52.3 1.0724207034000062
      vertex 83 52.3 1.1
    endloop
  endfacet
  facet normal 0.9937122098932484 9.42595077576771e-20 -0.1119644761032566
    outer loop
      vertex 81.92757929659999 63.7 0.24477302735194595
      vertex 81.9 52.3 0
      vertex 81.9 63.7 0
    endloop
  endfacet
  facet normal 0.943883330308352 0 -0.3302790619552116
    outer loop
      vertex 81.92757929659999 52.3 0.24477302735194595
      vertex 81.92757929659999 63.7 0.24477302735194595
      vertex 82.00893424530734 63.7 0.4772721130293141
    endloop
  endfacet
  facet normal 0.8467241992282875 0 -0.5320320765153312
    outer loop
      vertex 82.00893424530734 52.3 0.4772721130293141
      vertex 82.00893424530734 63.7 0.4772721130293141
      vertex 82.13998536928517 63.7 0.6858387820446071
    endloop
  endfacet
  facet normal -0.9937122098932484 0 -0.11196447610325687
    outer loop
      vertex 84.07242070340001 63.7 0.2447730273519454
      vertex 84.1 63.7 0
      vertex 84.07242070340001 52.3 0.2447730273519454
    endloop
  endfacet
  facet normal -0.9438833303083523 0 -0.33027906195521095
    outer loop
      vertex 83.99106575469266 63.7 0.4772721130293141
      vertex 84.07242070340001 63.7 0.2447730273519454
      vertex 83.99106575469266 52.3 0.4772721130293141
    endloop
  endfacet
  facet normal -0.8467241992282871 -2.699620832531328e-19 -0.5320320765153319
    outer loop
      vertex 83.99106575469266 63.7 0.4772721130293141
      vertex 83.86001463071483 52.3 0.6858387820446068
      vertex 83.86001463071483 63.7 0.6858387820446068
    endloop
  endfacet
  facet normal 0.7071067811865656 0 -0.7071067811865295
    outer loop
      vertex 82.13998536928517 52.3 0.6858387820446071
      vertex 82.13998536928517 63.7 0.6858387820446071
      vertex 82.31416121795539 63.7 0.8600146307148328
    endloop
  endfacet
  facet normal 0.5320320765153279 0 -0.8467241992282896
    outer loop
      vertex 82.31416121795539 52.3 0.8600146307148328
      vertex 82.31416121795539 63.7 0.8600146307148328
      vertex 82.52272788697069 63.7 0.991065754692661
    endloop
  endfacet
  facet normal 0.3302790619551589 0 -0.9438833303083703
    outer loop
      vertex 82.52272788697069 63.7 0.991065754692661
      vertex 82.75522697264806 63.7 1.0724207034000062
      vertex 82.52272788697069 52.3 0.991065754692661
    endloop
  endfacet
  facet normal 0.11196447610331017 0 -0.9937122098932424
    outer loop
      vertex 82.75522697264806 63.7 1.0724207034000062
      vertex 83 63.7 1.1
      vertex 82.75522697264806 52.3 1.0724207034000062
    endloop
  endfacet
  facet normal -0.7071067811865667 0 -0.7071067811865284
    outer loop
      vertex 83.68583878204461 63.7 0.860014630714833
      vertex 83.86001463071483 63.7 0.6858387820446068
      vertex 83.68583878204461 52.3 0.860014630714833
    endloop
  endfacet
  facet normal -0.5320320765153274 0 -0.8467241992282899
    outer loop
      vertex 83.47727211302931 63.7 0.991065754692661
      vertex 83.68583878204461 63.7 0.860014630714833
      vertex 83.47727211302931 52.3 0.991065754692661
    endloop
  endfacet
  facet normal -0.3302790619551589 -2.9284625031260207e-19 -0.9438833303083703
    outer loop
      vertex 83.47727211302931 63.7 0.991065754692661
      vertex 83.24477302735194 52.3 1.0724207034000062
      vertex 83.24477302735194 63.7 1.0724207034000062
    endloop
  endfacet
  facet normal -0.11196447610331017 0 -0.9937122098932424
    outer loop
      vertex 83 63.7 1.1
      vertex 83.24477302735194 63.7 1.0724207034000062
      vertex 83 52.3 1.1
    endloop
  endfacet
endsolid OpenSCAD_Model
