solid OpenSCAD_Model
  facet normal 0 -1 0
    outer loop
      vertex -30.988633413001008 -6 4.886164738929344
      vertex -29.88678226162154 -6 4.434633708270156
      vertex -31.5 -6 5.7
    endloop
  endfacet
  facet normal 0 -1 0
    outer loop
      vertex -29.88678226162154 -6 4.434633708270156
      vertex -29.0647652972119 -6 4.5272527762979555
      vertex -31.5 -6 5.7
    endloop
  endfacet
  facet normal 0 -1 0
    outer loop
      vertex -29.88678226162154 -6 4.434633708270156
      vertex -29.591069578777468 -6 4.263903911227344
      vertex -29.349174391323665 -6 4.348546698146372
    endloop
  endfacet
  facet normal 0 -1 0
    outer loop
      vertex -29.88678226162154 -6 4.434633708270156
      vertex -29.349174391323665 -6 4.348546698146372
      vertex -29.0647652972119 -6 4.5272527762979555
    endloop
  endfacet
  facet normal 0 -1 0
    outer loop
      vertex -31.319919075886677 -6 5.070370797246465
      vertex -31.284225596636418 -6 5.083352183343164
      vertex -31.462391868272736 -6 5.366218599065529
    endloop
  endfacet
  facet normal 0 -1 0
    outer loop
      vertex -31.319919075886677 -6 5.070370797246465
      vertex -31.462391868272736 -6 5.366218599065529
      vertex -31.3754277123337 -6 5.117689320099804
    endloop
  endfacet
  facet normal 0 -1 0
    outer loop
      vertex -31.462391868272736 -6 5.366218599065529
      vertex -31.284225596636418 -6 5.083352183343164
      vertex -31.5 -6 5.7
    endloop
  endfacet
  facet normal 0 -1 0
    outer loop
      vertex -30.988633413001008 -6 4.886164738929344
      vertex -31.5 -6 5.7
      vertex -31.284225596636418 -6 5.083352183343164
    endloop
  endfacet
  facet normal 0 -1 0
    outer loop
      vertex -31.5 -6 5.7
      vertex -31.351453301853628 -6 6.350825608676337
      vertex -31.462391868272736 -6 6.033781400934472
    endloop
  endfacet
  facet normal 0 -1 0
    outer loop
      vertex -31.5 -6 5.7
      vertex -30.9352347027881 -6 6.872747223702045
      vertex -31.351453301853628 -6 6.350825608676337
    endloop
  endfacet
  facet normal 0 -1 0
    outer loop
      vertex -31.351453301853628 -6 6.350825608676337
      vertex -30.9352347027881 -6 6.872747223702045
      vertex -31.172747223702046 -6 6.6352347027881
    endloop
  endfacet
  facet normal 0.3302790619551733 3.880754318186709e-21 -0.9438833303083654
    outer loop
      vertex -29.591069578777468 -6 4.263903911227344
      vertex -29.349174391323665 54 4.348546698146372
      vertex -29.349174391323665 -6 4.348546698146372
    endloop
  endfacet
  facet normal 0.532032076515333 1.3883497517790485e-19 -0.8467241992282863
    outer loop
      vertex -29.349174391323665 -6 4.348546698146372
      vertex -29.0647652972119 54 4.5272527762979555
      vertex -29.0647652972119 -6 4.5272527762979555
    endloop
  endfacet
  facet normal -0.9438833303083678 0 -0.33027906195516654
    outer loop
      vertex -31.3754277123337 -6 5.117689320099804
      vertex -31.462391868272736 -6 5.366218599065529
      vertex -31.3754277123337 54 5.117689320099804
    endloop
  endfacet
  facet normal -0.9937122098932427 3.3038521690291896e-20 -0.11196447610330702
    outer loop
      vertex -31.462391868272736 -6 5.366218599065529
      vertex -31.5 -6 5.7
      vertex -31.5 54 5.7
    endloop
  endfacet
  facet normal -0.9937122098932427 0 0.11196447610330702
    outer loop
      vertex -31.5 -6 5.7
      vertex -31.462391868272736 -6 6.033781400934472
      vertex -31.5 54 5.7
    endloop
  endfacet
  facet normal -0.9438833303083664 3.1763783531545634e-20 0.3302790619551706
    outer loop
      vertex -31.462391868272736 -6 6.033781400934472
      vertex -31.351453301853628 -6 6.350825608676337
      vertex -31.351453301853628 54 6.350825608676337
    endloop
  endfacet
  facet normal -0.8467241992282877 -1.4907799757897666e-19 0.5320320765153309
    outer loop
      vertex -31.351453301853628 -6 6.350825608676337
      vertex -31.172747223702046 -6 6.6352347027881
      vertex -31.172747223702046 54 6.6352347027881
    endloop
  endfacet
  facet normal -0.7071067811865462 1.101402939682224e-19 0.7071067811865489
    outer loop
      vertex -31.172747223702046 -6 6.6352347027881
      vertex -30.9352347027881 -6 6.872747223702045
      vertex -30.9352347027881 54 6.872747223702045
    endloop
  endfacet
  facet normal 0 -1 0
    outer loop
      vertex -29.0647652972119 -6 4.5272527762979555
      vertex 24.30262066662796 -6 52.842439061857384
      vertex -31.5 -6 5.7
    endloop
  endfacet
  facet normal 0 -1 0
    outer loop
      vertex -31.5 -6 5.7
      vertex 23.801754196120406 -6 54.2682904416538
      vertex -30.9352347027881 -6 6.872747223702045
    endloop
  endfacet
  facet normal 0.6545899024450494 0 -0.7559841662475351
    outer loop
      vertex -29.0647652972119 -6 4.5272527762979555
      vertex -29.0647652972119 54 4.5272527762979555
      vertex 25.77642085778724 -6 52.01301808453232
    endloop
  endfacet
  facet normal 0.3302790619551733 0 -0.9438833303083654
    outer loop
      vertex -29.591069578777468 -6 4.263903911227344
      vertex -29.591069578777468 54 4.263903911227344
      vertex -29.349174391323665 54 4.348546698146372
    endloop
  endfacet
  facet normal 0.532032076515333 0 -0.8467241992282863
    outer loop
      vertex -29.349174391323665 -6 4.348546698146372
      vertex -29.349174391323665 54 4.348546698146372
      vertex -29.0647652972119 54 4.5272527762979555
    endloop
  endfacet
  facet normal -0.9438833303083678 0 -0.33027906195516654
    outer loop
      vertex -31.462391868272736 -6 5.366218599065529
      vertex -31.462391868272736 54 5.366218599065529
      vertex -31.3754277123337 54 5.117689320099804
    endloop
  endfacet
  facet normal -0.9937122098932427 0 -0.11196447610330702
    outer loop
      vertex -31.462391868272736 -6 5.366218599065529
      vertex -31.5 54 5.7
      vertex -31.462391868272736 54 5.366218599065529
    endloop
  endfacet
  facet normal -0.9937122098932427 0 0.11196447610330702
    outer loop
      vertex -31.462391868272736 -6 6.033781400934472
      vertex -31.462391868272736 54 6.033781400934472
      vertex -31.5 54 5.7
    endloop
  endfacet
  facet normal -0.9438833303083664 0 0.3302790619551706
    outer loop
      vertex -31.462391868272736 -6 6.033781400934472
      vertex -31.351453301853628 54 6.350825608676337
      vertex -31.462391868272736 54 6.033781400934472
    endloop
  endfacet
  facet normal -0.8467241992282877 0 0.5320320765153309
    outer loop
      vertex -31.351453301853628 -6 6.350825608676337
      vertex -31.172747223702046 54 6.6352347027881
      vertex -31.351453301853628 54 6.350825608676337
    endloop
  endfacet
  facet normal -0.7071067811865462 0 0.7071067811865489
    outer loop
      vertex -31.172747223702046 -6 6.6352347027881
      vertex -30.9352347027881 54 6.872747223702045
      vertex -31.172747223702046 54 6.6352347027881
    endloop
  endfacet
  facet normal 0 1 0
    outer loop
      vertex -30.285420465768116 54 4.66478758274345
      vertex -29.0647652972119 54 4.5272527762979555
      vertex -29.591069578777468 54 4.263903911227344
    endloop
  endfacet
  facet normal 0 1 0
    outer loop
      vertex -29.591069578777468 54 4.263903911227344
      vertex -29.0647652972119 54 4.5272527762979555
      vertex -29.349174391323665 54 4.348546698146372
    endloop
  endfacet
  facet normal 0 1 0
    outer loop
      vertex -31.369453262342844 54 5.128037371031241
      vertex -31.3754277123337 54 5.117689320099804
      vertex -31.462391868272736 54 5.366218599065529
    endloop
  endfacet
  facet normal 0 1 0
    outer loop
      vertex -31.369453262342844 54 5.128037371031241
      vertex -31.462391868272736 54 5.366218599065529
      vertex -31.5 54 5.7
    endloop
  endfacet
  facet normal 0 1 0
    outer loop
      vertex -31.369453262342844 54 5.128037371031241
      vertex -31.5 54 5.7
      vertex -31.284225596636418 54 5.083352183343164
    endloop
  endfacet
  facet normal 0 1 0
    outer loop
      vertex -31.284225596636418 54 5.083352183343164
      vertex -31.5 54 5.7
      vertex -31.129127392785378 54 5.151902004174017
    endloop
  endfacet
  facet normal 0 1 0
    outer loop
      vertex -31.129127392785378 54 5.151902004174017
      vertex -31.5 54 5.7
      vertex -30.9352347027881 54 6.872747223702045
    endloop
  endfacet
  facet normal 0 1 0
    outer loop
      vertex -31.5 54 5.7
      vertex -31.462391868272736 54 6.033781400934472
      vertex -31.351453301853628 54 6.350825608676337
    endloop
  endfacet
  facet normal 0 1 0
    outer loop
      vertex -31.5 54 5.7
      vertex -31.351453301853628 54 6.350825608676337
      vertex -30.9352347027881 54 6.872747223702045
    endloop
  endfacet
  facet normal 0 1 0
    outer loop
      vertex -31.351453301853628 54 6.350825608676337
      vertex -31.172747223702046 54 6.6352347027881
      vertex -30.9352347027881 54 6.872747223702045
    endloop
  endfacet
  facet normal -0.6545899024450494 0 0.7559841662475351
    outer loop
      vertex -30.9352347027881 -6 6.872747223702045
      vertex 23.801754196120406 54 54.2682904416538
      vertex -30.9352347027881 54 6.872747223702045
    endloop
  endfacet
  facet normal 0 1 0
    outer loop
      vertex -31.172747223702046 54 4.7647652972119
      vertex -31.129127392785378 54 5.151902004174017
      vertex 23.858498878286234 54 53.764667458032946
    endloop
  endfacet
  facet normal 0 1 0
    outer loop
      vertex -31.129127392785378 54 5.151902004174017
      vertex -30.9352347027881 54 6.872747223702045
      vertex 23.858498878286234 54 53.764667458032946
    endloop
  endfacet
  facet normal 0 1 0
    outer loop
      vertex -31.172747223702046 54 4.7647652972119
      vertex 25.589034928204907 54 52.03413140811428
      vertex -30.285420465768116 54 4.66478758274345
    endloop
  endfacet
  facet normal 0 1 0
    outer loop
      vertex -30.285420465768116 54 4.66478758274345
      vertex 25.589034928204907 54 52.03413140811428
      vertex -29.0647652972119 54 4.5272527762979555
    endloop
  endfacet
  facet normal 0 -1 0
    outer loop
      vertex -31.5 -6 5.7
      vertex 24.30262066662796 -6 52.842439061857384
      vertex 24.028604680128865 -6 53.278533006162085
    endloop
  endfacet
  facet normal 0 -1 0
    outer loop
      vertex -29.0647652972119 -6 4.5272527762979555
      vertex 25.102900476334046 -6 52.20423720995691
      vertex 24.66680653202934 -6 52.478253196456
    endloop
  endfacet
  facet normal 0 -1 0
    outer loop
      vertex -29.0647652972119 -6 4.5272527762979555
      vertex 24.66680653202934 -6 52.478253196456
      vertex 24.30262066662796 -6 52.842439061857384
    endloop
  endfacet
  facet normal 0 -1 0
    outer loop
      vertex -31.5 -6 5.7
      vertex 24.028604680128865 -6 53.278533006162085
      vertex 23.858498878286234 -6 53.764667458032946
    endloop
  endfacet
  facet normal 0 -1 0
    outer loop
      vertex -31.5 -6 5.7
      vertex 23.858498878286234 -6 53.764667458032946
      vertex 23.801754196120406 -6 54.2682904416538
    endloop
  endfacet
  facet normal 0 -1 0
    outer loop
      vertex -29.0647652972119 -6 4.5272527762979555
      vertex 25.589034928204907 -6 52.03413140811428
      vertex 25.102900476334046 -6 52.20423720995691
    endloop
  endfacet
  facet normal 0 -1 0
    outer loop
      vertex -29.0647652972119 -6 4.5272527762979555
      vertex 25.77642085778724 -6 52.01301808453232
      vertex 25.589034928204907 -6 52.03413140811428
    endloop
  endfacet
  facet normal -0.6545899024450494 -1.8513693269329096e-16 0.7559841662475351
    outer loop
      vertex -30.9352347027881 -6 6.872747223702045
      vertex 23.801754196120406 -6 54.2682904416538
      vertex 23.801754196120406 6.399999999999999 54.2682904416538
    endloop
  endfacet
  facet normal -0.6545899024450493 -1.84214593977353e-16 0.7559841662475351
    outer loop
      vertex -30.9352347027881 -6 6.872747223702045
      vertex 23.801754196120406 6.399999999999999 54.2682904416538
      vertex 24.242956048994216 17.6 54.65031732888979
    endloop
  endfacet
  facet normal -0.6545899024450529 3.4217947611221324e-17 0.7559841662475321
    outer loop
      vertex -30.9352347027881 -6 6.872747223702045
      vertex 24.242956048994216 17.6 54.65031732888979
      vertex 23.801754196120406 17.6 54.2682904416538
    endloop
  endfacet
  facet normal -0.6545899024450496 -1.7935140354662563e-16 0.755984166247535
    outer loop
      vertex -30.9352347027881 -6 6.872747223702045
      vertex 23.801754196120406 17.6 54.2682904416538
      vertex 23.801754196120406 30.4 54.2682904416538
    endloop
  endfacet
  facet normal 0.6545899024450494 -1.6725815726002365e-16 -0.7559841662475351
    outer loop
      vertex -29.0647652972119 54 4.5272527762979555
      vertex 25.77642085778724 6.399999999999999 52.01301808453232
      vertex 25.77642085778724 -6 52.01301808453232
    endloop
  endfacet
  facet normal -0.6545899024450491 -1.8748199358040553e-16 0.7559841662475352
    outer loop
      vertex -30.9352347027881 -6 6.872747223702045
      vertex 23.801754196120406 30.4 54.2682904416538
      vertex 24.242956048994216 41.6 54.65031732888979
    endloop
  endfacet
  facet normal 0.6545899024450451 -1.065601761280264e-14 -0.7559841662475387
    outer loop
      vertex -29.0647652972119 54 4.5272527762979555
      vertex 26.21042634947074 6.399999999999999 52.388813802413395
      vertex 25.77642085778724 6.399999999999999 52.01301808453232
    endloop
  endfacet
  facet normal -0.654589902445052 0 0.7559841662475327
    outer loop
      vertex 24.242956048994216 17.6 54.65031732888979
      vertex 23.801754196120406 6.399999999999999 54.2682904416538
      vertex 24.242956048994216 6.399999999999999 54.65031732888979
    endloop
  endfacet
  facet normal 0.6545899024450504 0 -0.7559841662475342
    outer loop
      vertex 26.21042634947074 6.399999999999999 52.388813802413395
      vertex 25.77642085778724 17.6 52.01301808453232
      vertex 26.21042634947074 17.6 52.388813802413395
    endloop
  endfacet
  facet normal -0.6545899024450552 1.6965200916487688e-17 0.7559841662475302
    outer loop
      vertex -30.9352347027881 -6 6.872747223702045
      vertex 24.242956048994216 41.6 54.65031732888979
      vertex 23.801754196120406 41.6 54.2682904416538
    endloop
  endfacet
  facet normal 0.6545899024450494 5.621154956356932e-16 -0.7559841662475351
    outer loop
      vertex -29.0647652972119 54 4.5272527762979555
      vertex 25.77642085778724 17.6 52.01301808453232
      vertex 26.21042634947074 6.399999999999999 52.388813802413395
    endloop
  endfacet
  facet normal -0.6545899024450494 -1.8513693269329094e-16 0.755984166247535
    outer loop
      vertex -30.9352347027881 -6 6.872747223702045
      vertex 23.801754196120406 41.6 54.2682904416538
      vertex 23.801754196120406 54 54.2682904416538
    endloop
  endfacet
  facet normal 0.6545899024450493 -1.620313398456479e-16 -0.7559841662475351
    outer loop
      vertex -29.0647652972119 54 4.5272527762979555
      vertex 25.77642085778724 30.4 52.01301808453232
      vertex 25.77642085778724 17.6 52.01301808453232
    endloop
  endfacet
  facet normal 0.6545899024450467 -2.149264569361867e-14 -0.7559841662475375
    outer loop
      vertex -29.0647652972119 54 4.5272527762979555
      vertex 26.21042634947074 30.4 52.388813802413395
      vertex 25.77642085778724 30.4 52.01301808453232
    endloop
  endfacet
  facet normal 0.6545899024450494 5.524987280541281e-16 -0.755984166247535
    outer loop
      vertex -29.0647652972119 54 4.5272527762979555
      vertex 25.77642085778724 41.6 52.01301808453232
      vertex 26.21042634947074 30.4 52.388813802413395
    endloop
  endfacet
  facet normal 0.6545899024450494 -1.6725815726002365e-16 -0.7559841662475351
    outer loop
      vertex -29.0647652972119 54 4.5272527762979555
      vertex 25.77642085778724 54 52.01301808453232
      vertex 25.77642085778724 41.6 52.01301808453232
    endloop
  endfacet
  facet normal 0 1 0
    outer loop
      vertex -31.172747223702046 54 4.7647652972119
      vertex 24.66680653202934 54 52.478253196456
      vertex 25.102900476334046 54 52.20423720995691
    endloop
  endfacet
  facet normal 0 1 0
    outer loop
      vertex -31.172747223702046 54 4.7647652972119
      vertex 24.028604680128865 54 53.278533006162085
      vertex 24.30262066662796 54 52.842439061857384
    endloop
  endfacet
  facet normal 0 1 0
    outer loop
      vertex -31.172747223702046 54 4.7647652972119
      vertex 23.858498878286234 54 53.764667458032946
      vertex 24.028604680128865 54 53.278533006162085
    endloop
  endfacet
  facet normal 0 1 0
    outer loop
      vertex -31.172747223702046 54 4.7647652972119
      vertex 24.30262066662796 54 52.842439061857384
      vertex 24.66680653202934 54 52.478253196456
    endloop
  endfacet
  facet normal 0 1 0
    outer loop
      vertex -31.172747223702046 54 4.7647652972119
      vertex 25.102900476334046 54 52.20423720995691
      vertex 25.589034928204907 54 52.03413140811428
    endloop
  endfacet
  facet normal 0 1 0
    outer loop
      vertex -30.9352347027881 54 6.872747223702045
      vertex 23.801754196120406 54 54.2682904416538
      vertex 23.858498878286234 54 53.764667458032946
    endloop
  endfacet
  facet normal 0 1 0
    outer loop
      vertex -29.0647652972119 54 4.5272527762979555
      vertex 25.589034928204907 54 52.03413140811428
      vertex 25.77642085778724 54 52.01301808453232
    endloop
  endfacet
  facet normal -0.654589902445052 0 0.7559841662475327
    outer loop
      vertex 24.242956048994216 41.6 54.65031732888979
      vertex 23.801754196120406 30.4 54.2682904416538
      vertex 24.242956048994216 30.4 54.65031732888979
    endloop
  endfacet
  facet normal 0.6545899024450504 0 -0.7559841662475342
    outer loop
      vertex 26.21042634947074 30.4 52.388813802413395
      vertex 25.77642085778724 41.6 52.01301808453232
      vertex 26.21042634947074 41.6 52.388813802413395
    endloop
  endfacet
  facet normal 0.11196447610329921 0 -0.9937122098932436
    outer loop
      vertex 26.21042634947074 6.399999999999999 52.388813802413395
      vertex 26.21042634947074 17.6 52.388813802413395
      vertex 26.523622850821425 6.399999999999999 52.424102572987
    endloop
  endfacet
  facet normal 0.33027906195516166 0 -0.9438833303083695
    outer loop
      vertex 26.92521218062779 6.399999999999999 52.56462475711787
      vertex 26.523622850821425 6.399999999999999 52.424102572987
      vertex 26.92521218062779 17.6 52.56462475711787
    endloop
  endfacet
  facet normal 0.5320320765153419 0 -0.8467241992282808
    outer loop
      vertex 27.285463699836022 17.6 52.79098578944321
      vertex 27.285463699836022 6.399999999999999 52.79098578944321
      vertex 26.92521218062779 6.399999999999999 52.56462475711787
    endloop
  endfacet
  facet normal -0.9937122098932405 0 0.11196447610332569
    outer loop
      vertex 24.248470043158964 6.399999999999999 54.69925538064947
      vertex 24.248470043158964 17.6 54.69925538064947
      vertex 24.242956048994216 6.399999999999999 54.65031732888979
    endloop
  endfacet
  facet normal -0.9438833303083668 0 0.3302790619551691
    outer loop
      vertex 24.388992227289833 17.6 55.10084471045583
      vertex 24.248470043158964 6.399999999999999 54.69925538064947
      vertex 24.388992227289833 6.399999999999999 55.10084471045583
    endloop
  endfacet
  facet normal -0.8467241992282846 -1.4208652161650756e-18 0.5320320765153359
    outer loop
      vertex 24.388992227289833 6.399999999999999 55.10084471045583
      vertex 24.615353259615173 6.399999999999999 55.461096229664065
      vertex 24.615353259615173 17.6 55.461096229664065
    endloop
  endfacet
  facet normal -0.7071067811865432 7.086836245598188e-19 0.7071067811865517
    outer loop
      vertex 24.615353259615173 6.399999999999999 55.461096229664065
      vertex 24.916202452772836 6.399999999999999 55.761945422821725
      vertex 24.916202452772836 17.6 55.761945422821725
    endloop
  endfacet
  facet normal -0.5320320765153419 0 0.8467241992282808
    outer loop
      vertex 24.916202452772836 6.399999999999999 55.761945422821725
      vertex 25.27645397198107 6.399999999999999 55.98830645514707
      vertex 24.916202452772836 17.6 55.761945422821725
    endloop
  endfacet
  facet normal -0.33027906195516166 0 0.9438833303083695
    outer loop
      vertex 25.27645397198107 6.399999999999999 55.98830645514707
      vertex 25.678043301787433 6.399999999999999 56.128828639277934
      vertex 25.27645397198107 17.6 55.98830645514707
    endloop
  endfacet
  facet normal -0.11196447610330346 1.769856352648477e-19 0.993712209893243
    outer loop
      vertex 26.10083307630443 6.399999999999999 56.17646560613247
      vertex 25.678043301787433 17.6 56.128828639277934
      vertex 25.678043301787433 6.399999999999999 56.128828639277934
    endloop
  endfacet
  facet normal 0.7071067811865432 0 -0.7071067811865517
    outer loop
      vertex 27.285463699836022 17.6 52.79098578944321
      vertex 27.586312892993686 6.399999999999999 53.09183498260087
      vertex 27.285463699836022 6.399999999999999 52.79098578944321
    endloop
  endfacet
  facet normal 0.8467241992282846 0 -0.5320320765153359
    outer loop
      vertex 27.586312892993686 17.6 53.09183498260087
      vertex 27.812673925319025 6.399999999999999 53.452086501809106
      vertex 27.586312892993686 6.399999999999999 53.09183498260087
    endloop
  endfacet
  facet normal 0.9438833303083668 0 -0.3302790619551691
    outer loop
      vertex 27.812673925319025 17.6 53.452086501809106
      vertex 27.953196109449895 6.399999999999999 53.85367583161547
      vertex 27.812673925319025 6.399999999999999 53.452086501809106
    endloop
  endfacet
  facet normal 0.9937122098932433 0 -0.11196447610330254
    outer loop
      vertex 27.953196109449895 17.6 53.85367583161547
      vertex 28.000833076304428 6.399999999999999 54.27646560613247
      vertex 27.953196109449895 6.399999999999999 53.85367583161547
    endloop
  endfacet
  facet normal 0.9937122098932433 0 0.11196447610330254
    outer loop
      vertex 28.000833076304428 17.6 54.27646560613247
      vertex 27.953196109449895 6.399999999999999 54.69925538064947
      vertex 28.000833076304428 6.399999999999999 54.27646560613247
    endloop
  endfacet
  facet normal 0.11196447610330346 -1.769856352648477e-19 0.993712209893243
    outer loop
      vertex 26.523622850821425 6.399999999999999 56.128828639277934
      vertex 26.10083307630443 17.6 56.17646560613247
      vertex 26.10083307630443 6.399999999999999 56.17646560613247
    endloop
  endfacet
  facet normal 0.33027906195516166 0 0.9438833303083695
    outer loop
      vertex 26.523622850821425 6.399999999999999 56.128828639277934
      vertex 26.92521218062779 6.399999999999999 55.98830645514707
      vertex 26.523622850821425 17.6 56.128828639277934
    endloop
  endfacet
  facet normal 0.5320320765153419 0 0.8467241992282808
    outer loop
      vertex 26.92521218062779 6.399999999999999 55.98830645514707
      vertex 27.285463699836022 6.399999999999999 55.761945422821725
      vertex 26.92521218062779 17.6 55.98830645514707
    endloop
  endfacet
  facet normal 0.9438833303083668 -5.621587756208098e-20 0.3302790619551691
    outer loop
      vertex 27.812673925319025 6.399999999999999 55.10084471045583
      vertex 27.953196109449895 6.399999999999999 54.69925538064947
      vertex 27.953196109449895 17.6 54.69925538064947
    endloop
  endfacet
  facet normal 0.8467241992282846 1.4208652161650756e-18 0.5320320765153359
    outer loop
      vertex 27.586312892993686 6.399999999999999 55.461096229664065
      vertex 27.812673925319025 6.399999999999999 55.10084471045583
      vertex 27.812673925319025 17.6 55.10084471045583
    endloop
  endfacet
  facet normal 0.7071067811865432 -7.086836245598188e-19 0.7071067811865517
    outer loop
      vertex 27.285463699836022 6.399999999999999 55.761945422821725
      vertex 27.586312892993686 6.399999999999999 55.461096229664065
      vertex 27.586312892993686 17.6 55.461096229664065
    endloop
  endfacet
  facet normal 0.11196447610329921 -1.294100929236249e-19 -0.9937122098932436
    outer loop
      vertex 26.21042634947074 17.6 52.388813802413395
      vertex 26.523622850821425 17.6 52.424102572987
      vertex 26.523622850821425 6.399999999999999 52.424102572987
    endloop
  endfacet
  facet normal 0.33027906195516166 0 -0.9438833303083695
    outer loop
      vertex 26.523622850821425 17.6 52.424102572987
      vertex 26.92521218062779 17.6 52.56462475711787
      vertex 26.523622850821425 6.399999999999999 52.424102572987
    endloop
  endfacet
  facet normal 0.5320320765153419 0 -0.8467241992282808
    outer loop
      vertex 26.92521218062779 6.399999999999999 52.56462475711787
      vertex 26.92521218062779 17.6 52.56462475711787
      vertex 27.285463699836022 17.6 52.79098578944321
    endloop
  endfacet
  facet normal -0.9937122098932405 0 0.11196447610332569
    outer loop
      vertex 24.242956048994216 17.6 54.65031732888979
      vertex 24.242956048994216 6.399999999999999 54.65031732888979
      vertex 24.248470043158964 17.6 54.69925538064947
    endloop
  endfacet
  facet normal -0.9438833303083668 0 0.3302790619551691
    outer loop
      vertex 24.248470043158964 6.399999999999999 54.69925538064947
      vertex 24.388992227289833 17.6 55.10084471045583
      vertex 24.248470043158964 17.6 54.69925538064947
    endloop
  endfacet
  facet normal -0.8467241992282846 0 0.5320320765153359
    outer loop
      vertex 24.388992227289833 6.399999999999999 55.10084471045583
      vertex 24.615353259615173 17.6 55.461096229664065
      vertex 24.388992227289833 17.6 55.10084471045583
    endloop
  endfacet
  facet normal -0.7071067811865432 0 0.7071067811865517
    outer loop
      vertex 24.615353259615173 6.399999999999999 55.461096229664065
      vertex 24.916202452772836 17.6 55.761945422821725
      vertex 24.615353259615173 17.6 55.461096229664065
    endloop
  endfacet
  facet normal -0.5320320765153419 0 0.8467241992282808
    outer loop
      vertex 25.27645397198107 6.399999999999999 55.98830645514707
      vertex 25.27645397198107 17.6 55.98830645514707
      vertex 24.916202452772836 17.6 55.761945422821725
    endloop
  endfacet
  facet normal -0.33027906195516166 0 0.9438833303083695
    outer loop
      vertex 25.678043301787433 6.399999999999999 56.128828639277934
      vertex 25.678043301787433 17.6 56.128828639277934
      vertex 25.27645397198107 17.6 55.98830645514707
    endloop
  endfacet
  facet normal -0.11196447610330346 0 0.993712209893243
    outer loop
      vertex 26.10083307630443 6.399999999999999 56.17646560613247
      vertex 26.10083307630443 17.6 56.17646560613247
      vertex 25.678043301787433 17.6 56.128828639277934
    endloop
  endfacet
  facet normal 0.7071067811865432 7.086836245598188e-19 -0.7071067811865517
    outer loop
      vertex 27.285463699836022 17.6 52.79098578944321
      vertex 27.586312892993686 17.6 53.09183498260087
      vertex 27.586312892993686 6.399999999999999 53.09183498260087
    endloop
  endfacet
  facet normal 0.8467241992282846 0 -0.5320320765153359
    outer loop
      vertex 27.812673925319025 6.399999999999999 53.452086501809106
      vertex 27.586312892993686 17.6 53.09183498260087
      vertex 27.812673925319025 17.6 53.452086501809106
    endloop
  endfacet
  facet normal 0.9438833303083668 0 -0.3302790619551691
    outer loop
      vertex 27.953196109449895 6.399999999999999 53.85367583161547
      vertex 27.812673925319025 17.6 53.452086501809106
      vertex 27.953196109449895 17.6 53.85367583161547
    endloop
  endfacet
  facet normal 0.9937122098932433 1.6993276360696198e-20 -0.11196447610330254
    outer loop
      vertex 27.953196109449895 17.6 53.85367583161547
      vertex 28.000833076304428 17.6 54.27646560613247
      vertex 28.000833076304428 6.399999999999999 54.27646560613247
    endloop
  endfacet
  facet normal 0.11196447610330346 0 0.993712209893243
    outer loop
      vertex 26.523622850821425 6.399999999999999 56.128828639277934
      vertex 26.523622850821425 17.6 56.128828639277934
      vertex 26.10083307630443 17.6 56.17646560613247
    endloop
  endfacet
  facet normal 0.33027906195516166 0 0.9438833303083695
    outer loop
      vertex 26.92521218062779 6.399999999999999 55.98830645514707
      vertex 26.92521218062779 17.6 55.98830645514707
      vertex 26.523622850821425 17.6 56.128828639277934
    endloop
  endfacet
  facet normal 0.9937122098932433 0 0.11196447610330254
    outer loop
      vertex 27.953196109449895 6.399999999999999 54.69925538064947
      vertex 28.000833076304428 17.6 54.27646560613247
      vertex 27.953196109449895 17.6 54.69925538064947
    endloop
  endfacet
  facet normal 0.9438833303083668 0 0.3302790619551691
    outer loop
      vertex 27.812673925319025 6.399999999999999 55.10084471045583
      vertex 27.953196109449895 17.6 54.69925538064947
      vertex 27.812673925319025 17.6 55.10084471045583
    endloop
  endfacet
  facet normal 0.7071067811865432 0 0.7071067811865517
    outer loop
      vertex 27.285463699836022 6.399999999999999 55.761945422821725
      vertex 27.586312892993686 17.6 55.461096229664065
      vertex 27.285463699836022 17.6 55.761945422821725
    endloop
  endfacet
  facet normal 0.5320320765153419 0 0.8467241992282808
    outer loop
      vertex 27.285463699836022 6.399999999999999 55.761945422821725
      vertex 27.285463699836022 17.6 55.761945422821725
      vertex 26.92521218062779 17.6 55.98830645514707
    endloop
  endfacet
  facet normal 0.8467241992282846 0 0.5320320765153359
    outer loop
      vertex 27.586312892993686 6.399999999999999 55.461096229664065
      vertex 27.812673925319025 17.6 55.10084471045583
      vertex 27.586312892993686 17.6 55.461096229664065
    endloop
  endfacet
  facet normal 0.11196447610329921 0 -0.9937122098932436
    outer loop
      vertex 26.21042634947074 30.4 52.388813802413395
      vertex 26.21042634947074 41.6 52.388813802413395
      vertex 26.523622850821425 30.4 52.424102572987
    endloop
  endfacet
  facet normal 0.33027906195516166 0 -0.9438833303083695
    outer loop
      vertex 26.92521218062779 30.4 52.56462475711787
      vertex 26.523622850821425 30.4 52.424102572987
      vertex 26.92521218062779 41.6 52.56462475711787
    endloop
  endfacet
  facet normal 0.5320320765153419 0 -0.8467241992282808
    outer loop
      vertex 27.285463699836022 41.6 52.79098578944321
      vertex 27.285463699836022 30.4 52.79098578944321
      vertex 26.92521218062779 30.4 52.56462475711787
    endloop
  endfacet
  facet normal -0.9937122098932405 0 0.11196447610332569
    outer loop
      vertex 24.248470043158964 30.4 54.69925538064947
      vertex 24.248470043158964 41.6 54.69925538064947
      vertex 24.242956048994216 30.4 54.65031732888979
    endloop
  endfacet
  facet normal -0.9438833303083668 0 0.3302790619551691
    outer loop
      vertex 24.388992227289833 41.6 55.10084471045583
      vertex 24.248470043158964 30.4 54.69925538064947
      vertex 24.388992227289833 30.4 55.10084471045583
    endloop
  endfacet
  facet normal -0.8467241992282846 -1.4208652161650756e-18 0.5320320765153359
    outer loop
      vertex 24.388992227289833 30.4 55.10084471045583
      vertex 24.615353259615173 30.4 55.461096229664065
      vertex 24.615353259615173 41.6 55.461096229664065
    endloop
  endfacet
  facet normal -0.7071067811865432 7.086836245598188e-19 0.7071067811865517
    outer loop
      vertex 24.615353259615173 30.4 55.461096229664065
      vertex 24.916202452772836 30.4 55.761945422821725
      vertex 24.916202452772836 41.6 55.761945422821725
    endloop
  endfacet
  facet normal -0.5320320765153419 0 0.8467241992282808
    outer loop
      vertex 24.916202452772836 30.4 55.761945422821725
      vertex 25.27645397198107 30.4 55.98830645514707
      vertex 24.916202452772836 41.6 55.761945422821725
    endloop
  endfacet
  facet normal -0.33027906195516166 0 0.9438833303083695
    outer loop
      vertex 25.27645397198107 30.4 55.98830645514707
      vertex 25.678043301787433 30.4 56.128828639277934
      vertex 25.27645397198107 41.6 55.98830645514707
    endloop
  endfacet
  facet normal -0.11196447610330346 1.769856352648477e-19 0.993712209893243
    outer loop
      vertex 26.10083307630443 30.4 56.17646560613247
      vertex 25.678043301787433 41.6 56.128828639277934
      vertex 25.678043301787433 30.4 56.128828639277934
    endloop
  endfacet
  facet normal 0.7071067811865432 0 -0.7071067811865517
    outer loop
      vertex 27.285463699836022 41.6 52.79098578944321
      vertex 27.586312892993686 30.4 53.09183498260087
      vertex 27.285463699836022 30.4 52.79098578944321
    endloop
  endfacet
  facet normal 0.8467241992282846 0 -0.5320320765153359
    outer loop
      vertex 27.586312892993686 41.6 53.09183498260087
      vertex 27.812673925319025 30.4 53.452086501809106
      vertex 27.586312892993686 30.4 53.09183498260087
    endloop
  endfacet
  facet normal 0.9438833303083668 0 -0.3302790619551691
    outer loop
      vertex 27.812673925319025 41.6 53.452086501809106
      vertex 27.953196109449895 30.4 53.85367583161547
      vertex 27.812673925319025 30.4 53.452086501809106
    endloop
  endfacet
  facet normal 0.9937122098932433 0 -0.11196447610330254
    outer loop
      vertex 27.953196109449895 41.6 53.85367583161547
      vertex 28.000833076304428 30.4 54.27646560613247
      vertex 27.953196109449895 30.4 53.85367583161547
    endloop
  endfacet
  facet normal 0.9937122098932433 0 0.11196447610330254
    outer loop
      vertex 28.000833076304428 41.6 54.27646560613247
      vertex 27.953196109449895 30.4 54.69925538064947
      vertex 28.000833076304428 30.4 54.27646560613247
    endloop
  endfacet
  facet normal 0.11196447610330346 -1.769856352648477e-19 0.993712209893243
    outer loop
      vertex 26.523622850821425 30.4 56.128828639277934
      vertex 26.10083307630443 41.6 56.17646560613247
      vertex 26.10083307630443 30.4 56.17646560613247
    endloop
  endfacet
  facet normal 0.33027906195516166 0 0.9438833303083695
    outer loop
      vertex 26.523622850821425 30.4 56.128828639277934
      vertex 26.92521218062779 30.4 55.98830645514707
      vertex 26.523622850821425 41.6 56.128828639277934
    endloop
  endfacet
  facet normal 0.5320320765153419 0 0.8467241992282808
    outer loop
      vertex 26.92521218062779 30.4 55.98830645514707
      vertex 27.285463699836022 30.4 55.761945422821725
      vertex 26.92521218062779 41.6 55.98830645514707
    endloop
  endfacet
  facet normal 0.9438833303083668 -5.621587756208098e-20 0.3302790619551691
    outer loop
      vertex 27.812673925319025 30.4 55.10084471045583
      vertex 27.953196109449895 30.4 54.69925538064947
      vertex 27.953196109449895 41.6 54.69925538064947
    endloop
  endfacet
  facet normal 0.8467241992282846 0 0.5320320765153359
    outer loop
      vertex 27.812673925319025 41.6 55.10084471045583
      vertex 27.586312892993686 30.4 55.461096229664065
      vertex 27.812673925319025 30.4 55.10084471045583
    endloop
  endfacet
  facet normal 0.7071067811865432 -7.086836245598188e-19 0.7071067811865517
    outer loop
      vertex 27.285463699836022 30.4 55.761945422821725
      vertex 27.586312892993686 30.4 55.461096229664065
      vertex 27.586312892993686 41.6 55.461096229664065
    endloop
  endfacet
  facet normal 0.11196447610329921 -1.294100929236249e-19 -0.9937122098932436
    outer loop
      vertex 26.21042634947074 41.6 52.388813802413395
      vertex 26.523622850821425 41.6 52.424102572987
      vertex 26.523622850821425 30.4 52.424102572987
    endloop
  endfacet
  facet normal 0.33027906195516166 0 -0.9438833303083695
    outer loop
      vertex 26.523622850821425 41.6 52.424102572987
      vertex 26.92521218062779 41.6 52.56462475711787
      vertex 26.523622850821425 30.4 52.424102572987
    endloop
  endfacet
  facet normal 0.5320320765153419 0 -0.8467241992282808
    outer loop
      vertex 26.92521218062779 30.4 52.56462475711787
      vertex 26.92521218062779 41.6 52.56462475711787
      vertex 27.285463699836022 41.6 52.79098578944321
    endloop
  endfacet
  facet normal -0.9937122098932405 0 0.11196447610332569
    outer loop
      vertex 24.242956048994216 41.6 54.65031732888979
      vertex 24.242956048994216 30.4 54.65031732888979
      vertex 24.248470043158964 41.6 54.69925538064947
    endloop
  endfacet
  facet normal -0.9438833303083668 0 0.3302790619551691
    outer loop
      vertex 24.248470043158964 30.4 54.69925538064947
      vertex 24.388992227289833 41.6 55.10084471045583
      vertex 24.248470043158964 41.6 54.69925538064947
    endloop
  endfacet
  facet normal -0.8467241992282846 0 0.5320320765153359
    outer loop
      vertex 24.388992227289833 30.4 55.10084471045583
      vertex 24.615353259615173 41.6 55.461096229664065
      vertex 24.388992227289833 41.6 55.10084471045583
    endloop
  endfacet
  facet normal -0.7071067811865432 0 0.7071067811865517
    outer loop
      vertex 24.615353259615173 30.4 55.461096229664065
      vertex 24.916202452772836 41.6 55.761945422821725
      vertex 24.615353259615173 41.6 55.461096229664065
    endloop
  endfacet
  facet normal -0.5320320765153419 0 0.8467241992282808
    outer loop
      vertex 25.27645397198107 30.4 55.98830645514707
      vertex 25.27645397198107 41.6 55.98830645514707
      vertex 24.916202452772836 41.6 55.761945422821725
    endloop
  endfacet
  facet normal -0.33027906195516166 0 0.9438833303083695
    outer loop
      vertex 25.678043301787433 30.4 56.128828639277934
      vertex 25.678043301787433 41.6 56.128828639277934
      vertex 25.27645397198107 41.6 55.98830645514707
    endloop
  endfacet
  facet normal -0.11196447610330346 0 0.993712209893243
    outer loop
      vertex 26.10083307630443 30.4 56.17646560613247
      vertex 26.10083307630443 41.6 56.17646560613247
      vertex 25.678043301787433 41.6 56.128828639277934
    endloop
  endfacet
  facet normal 0.7071067811865432 7.086836245598188e-19 -0.7071067811865517
    outer loop
      vertex 27.285463699836022 41.6 52.79098578944321
      vertex 27.586312892993686 41.6 53.09183498260087
      vertex 27.586312892993686 30.4 53.09183498260087
    endloop
  endfacet
  facet normal 0.8467241992282846 -1.4208652161650756e-18 -0.5320320765153359
    outer loop
      vertex 27.586312892993686 41.6 53.09183498260087
      vertex 27.812673925319025 41.6 53.452086501809106
      vertex 27.812673925319025 30.4 53.452086501809106
    endloop
  endfacet
  facet normal 0.9438833303083668 0 -0.3302790619551691
    outer loop
      vertex 27.953196109449895 30.4 53.85367583161547
      vertex 27.812673925319025 41.6 53.452086501809106
      vertex 27.953196109449895 41.6 53.85367583161547
    endloop
  endfacet
  facet normal 0.9937122098932433 1.6993276360696198e-20 -0.11196447610330254
    outer loop
      vertex 27.953196109449895 41.6 53.85367583161547
      vertex 28.000833076304428 41.6 54.27646560613247
      vertex 28.000833076304428 30.4 54.27646560613247
    endloop
  endfacet
  facet normal 0.11196447610330346 0 0.993712209893243
    outer loop
      vertex 26.523622850821425 30.4 56.128828639277934
      vertex 26.523622850821425 41.6 56.128828639277934
      vertex 26.10083307630443 41.6 56.17646560613247
    endloop
  endfacet
  facet normal 0.33027906195516166 0 0.9438833303083695
    outer loop
      vertex 26.92521218062779 30.4 55.98830645514707
      vertex 26.92521218062779 41.6 55.98830645514707
      vertex 26.523622850821425 41.6 56.128828639277934
    endloop
  endfacet
  facet normal 0.9937122098932433 0 0.11196447610330254
    outer loop
      vertex 27.953196109449895 30.4 54.69925538064947
      vertex 28.000833076304428 41.6 54.27646560613247
      vertex 27.953196109449895 41.6 54.69925538064947
    endloop
  endfacet
  facet normal 0.9438833303083668 0 0.3302790619551691
    outer loop
      vertex 27.812673925319025 30.4 55.10084471045583
      vertex 27.953196109449895 41.6 54.69925538064947
      vertex 27.812673925319025 41.6 55.10084471045583
    endloop
  endfacet
  facet normal 0.7071067811865432 0 0.7071067811865517
    outer loop
      vertex 27.285463699836022 30.4 55.761945422821725
      vertex 27.586312892993686 41.6 55.461096229664065
      vertex 27.285463699836022 41.6 55.761945422821725
    endloop
  endfacet
  facet normal 0.5320320765153419 0 0.8467241992282808
    outer loop
      vertex 27.285463699836022 30.4 55.761945422821725
      vertex 27.285463699836022 41.6 55.761945422821725
      vertex 26.92521218062779 41.6 55.98830645514707
    endloop
  endfacet
  facet normal 0.8467241992282846 0 0.5320320765153359
    outer loop
      vertex 27.586312892993686 30.4 55.461096229664065
      vertex 27.812673925319025 41.6 55.10084471045583
      vertex 27.586312892993686 41.6 55.461096229664065
    endloop
  endfacet
  facet normal 0 -1 0
    outer loop
      vertex -32.49903810567666 -6 3.1715390309173475
      vertex -30.988633413001008 -6 4.886164738929344
      vertex -31.284225596636418 -6 5.083352183343164
    endloop
  endfacet
  facet normal 0 -1 0
    outer loop
      vertex -32.49903810567666 -6 3.1715390309173475
      vertex -31.319919075886677 -6 5.070370797246465
      vertex -31.3754277123337 -6 5.117689320099804
    endloop
  endfacet
  facet normal 0 -1 0
    outer loop
      vertex -32.49903810567666 -6 3.1715390309173475
      vertex -31.284225596636418 -6 5.083352183343164
      vertex -31.319919075886677 -6 5.070370797246465
    endloop
  endfacet
  facet normal 0 -1 0
    outer loop
      vertex -32.49903810567666 -6 3.1715390309173475
      vertex -29.88678226162154 -6 4.434633708270156
      vertex -30.988633413001008 -6 4.886164738929344
    endloop
  endfacet
  facet normal 0 -1 0
    outer loop
      vertex -32.49903810567666 -6 3.1715390309173475
      vertex -29.591069578777468 -6 4.263903911227344
      vertex -29.88678226162154 -6 4.434633708270156
    endloop
  endfacet
  facet normal 0 -1 0
    outer loop
      vertex -32.49903810567666 -6 3.1715390309173475
      vertex -29.90096189432334 -6 1.6715390309173475
      vertex -28.700961894323342 -6 3.75
    endloop
  endfacet
  facet normal 0 -1 0
    outer loop
      vertex -32.49903810567666 -6 3.1715390309173475
      vertex -28.700961894323342 -6 3.75
      vertex -29.591069578777468 -6 4.263903911227344
    endloop
  endfacet
  facet normal -0.49999999999999944 0 -0.8660254037844389
    outer loop
      vertex -32.49903810567666 -6 3.1715390309173475
      vertex -29.90096189432334 54 1.6715390309173475
      vertex -29.90096189432334 -6 1.6715390309173475
    endloop
  endfacet
  facet normal -0.8660254037844384 -1.0808577122615495e-18 0.5000000000000007
    outer loop
      vertex -32.49903810567666 -6 3.1715390309173475
      vertex -31.3754277123337 -6 5.117689320099804
      vertex -31.3754277123337 54 5.117689320099804
    endloop
  endfacet
  facet normal 0.8660254037844387 0 -0.4999999999999998
    outer loop
      vertex -29.90096189432334 -6 1.6715390309173475
      vertex -29.90096189432334 54 1.6715390309173475
      vertex -28.700961894323342 -6 3.75
    endloop
  endfacet
  facet normal 0.5000000000000002 -3.546086249449367e-19 0.8660254037844385
    outer loop
      vertex -29.591069578777468 -6 4.263903911227344
      vertex -28.700961894323342 -6 3.75
      vertex -28.700961894323342 54 3.75
    endloop
  endfacet
  facet normal -0.49999999999999944 0 -0.8660254037844389
    outer loop
      vertex -32.49903810567666 -6 3.1715390309173475
      vertex -32.49903810567666 54 3.1715390309173475
      vertex -29.90096189432334 54 1.6715390309173475
    endloop
  endfacet
  facet normal -0.8660254037844384 0 0.5000000000000007
    outer loop
      vertex -32.49903810567666 -6 3.1715390309173475
      vertex -31.3754277123337 54 5.117689320099804
      vertex -32.49903810567666 54 3.1715390309173475
    endloop
  endfacet
  facet normal 0.8660254037844387 0 -0.4999999999999998
    outer loop
      vertex -28.700961894323342 -6 3.75
      vertex -29.90096189432334 54 1.6715390309173475
      vertex -28.700961894323342 54 3.75
    endloop
  endfacet
  facet normal 0.5000000000000002 0 0.8660254037844385
    outer loop
      vertex -29.591069578777468 -6 4.263903911227344
      vertex -28.700961894323342 54 3.75
      vertex -29.591069578777468 54 4.263903911227344
    endloop
  endfacet
  facet normal 0 1 0
    outer loop
      vertex -32.49903810567666 54 3.1715390309173475
      vertex -31.284225596636418 54 5.083352183343164
      vertex -31.172747223702046 54 4.7647652972119
    endloop
  endfacet
  facet normal 0 1 0
    outer loop
      vertex -32.49903810567666 54 3.1715390309173475
      vertex -31.3754277123337 54 5.117689320099804
      vertex -31.284225596636418 54 5.083352183343164
    endloop
  endfacet
  facet normal 0 1 0
    outer loop
      vertex -32.49903810567666 54 3.1715390309173475
      vertex -31.172747223702046 54 4.7647652972119
      vertex -30.285420465768116 54 4.66478758274345
    endloop
  endfacet
  facet normal 0 1 0
    outer loop
      vertex -32.49903810567666 54 3.1715390309173475
      vertex -30.285420465768116 54 4.66478758274345
      vertex -29.591069578777468 54 4.263903911227344
    endloop
  endfacet
  facet normal 0 1 0
    outer loop
      vertex -31.172747223702046 54 4.7647652972119
      vertex -31.284225596636418 54 5.083352183343164
      vertex -31.129127392785378 54 5.151902004174017
    endloop
  endfacet
  facet normal 0 1 0
    outer loop
      vertex -32.49903810567666 54 3.1715390309173475
      vertex -28.700961894323342 54 3.75
      vertex -29.90096189432334 54 1.6715390309173475
    endloop
  endfacet
  facet normal 0 1 0
    outer loop
      vertex -32.49903810567666 54 3.1715390309173475
      vertex -29.591069578777468 54 4.263903911227344
      vertex -28.700961894323342 54 3.75
    endloop
  endfacet
  facet normal 0 1 0
    outer loop
      vertex -31.369453262342844 54 5.128037371031241
      vertex -31.284225596636418 54 5.083352183343164
      vertex -31.3754277123337 54 5.117689320099804
    endloop
  endfacet
  facet normal 0.8467241992282841 0 0.5320320765153366
    outer loop
      vertex 24.30262066662796 6.399999999999999 52.842439061857384
      vertex 24.028604680128865 -6 53.278533006162085
      vertex 24.30262066662796 -6 52.842439061857384
    endloop
  endfacet
  facet normal 0.9438833303083671 0 0.3302790619551681
    outer loop
      vertex 24.028604680128865 6.399999999999999 53.278533006162085
      vertex 23.858498878286234 -6 53.764667458032946
      vertex 24.028604680128865 -6 53.278533006162085
    endloop
  endfacet
  facet normal 0.9937122098932423 8.379915085990125e-20 0.11196447610331028
    outer loop
      vertex 23.858498878286234 -6 53.764667458032946
      vertex 23.801754196120406 6.399999999999999 54.2682904416538
      vertex 23.801754196120406 -6 54.2682904416538
    endloop
  endfacet
  facet normal 0.7071067811865476 0 0.7071067811865476
    outer loop
      vertex 24.66680653202934 6.399999999999999 52.478253196456
      vertex 24.30262066662796 -6 52.842439061857384
      vertex 24.66680653202934 -6 52.478253196456
    endloop
  endfacet
  facet normal 0.5320320765153336 0 0.8467241992282861
    outer loop
      vertex 25.102900476334046 6.399999999999999 52.20423720995691
      vertex 24.66680653202934 -6 52.478253196456
      vertex 25.102900476334046 -6 52.20423720995691
    endloop
  endfacet
  facet normal 0.3302790619551681 0 0.9438833303083671
    outer loop
      vertex 25.589034928204907 6.399999999999999 52.03413140811428
      vertex 25.102900476334046 -6 52.20423720995691
      vertex 25.589034928204907 -6 52.03413140811428
    endloop
  endfacet
  facet normal 0.11196447610331133 0 0.9937122098932422
    outer loop
      vertex 25.589034928204907 6.399999999999999 52.03413140811428
      vertex 25.589034928204907 -6 52.03413140811428
      vertex 25.77642085778724 -6 52.01301808453232
    endloop
  endfacet
  facet normal 0.8467241992282841 7.02218706435361e-19 0.5320320765153366
    outer loop
      vertex 24.30262066662796 6.399999999999999 52.842439061857384
      vertex 24.028604680128865 6.399999999999999 53.278533006162085
      vertex 24.028604680128865 -6 53.278533006162085
    endloop
  endfacet
  facet normal 0.9438833303083671 5.324926590777567e-19 0.3302790619551681
    outer loop
      vertex 24.028604680128865 6.399999999999999 53.278533006162085
      vertex 23.858498878286234 6.399999999999999 53.764667458032946
      vertex 23.858498878286234 -6 53.764667458032946
    endloop
  endfacet
  facet normal 0.9937122098932423 0 0.11196447610331028
    outer loop
      vertex 23.858498878286234 6.399999999999999 53.764667458032946
      vertex 23.801754196120406 6.399999999999999 54.2682904416538
      vertex 23.858498878286234 -6 53.764667458032946
    endloop
  endfacet
  facet normal 0 -1 0
    outer loop
      vertex 23.858498878286234 6.399999999999999 53.764667458032946
      vertex 24.242956048994216 6.399999999999999 54.65031732888979
      vertex 23.801754196120406 6.399999999999999 54.2682904416538
    endloop
  endfacet
  facet normal 0.7071067811865476 0 0.7071067811865476
    outer loop
      vertex 24.30262066662796 6.399999999999999 52.842439061857384
      vertex 24.30262066662796 -6 52.842439061857384
      vertex 24.66680653202934 6.399999999999999 52.478253196456
    endloop
  endfacet
  facet normal 0.5320320765153336 0 0.8467241992282861
    outer loop
      vertex 24.66680653202934 6.399999999999999 52.478253196456
      vertex 24.66680653202934 -6 52.478253196456
      vertex 25.102900476334046 6.399999999999999 52.20423720995691
    endloop
  endfacet
  facet normal 0.3302790619551681 0 0.9438833303083671
    outer loop
      vertex 25.102900476334046 6.399999999999999 52.20423720995691
      vertex 25.102900476334046 -6 52.20423720995691
      vertex 25.589034928204907 6.399999999999999 52.03413140811428
    endloop
  endfacet
  facet normal 0.11196447610331133 -7.179336989897713e-21 0.9937122098932422
    outer loop
      vertex 25.589034928204907 6.399999999999999 52.03413140811428
      vertex 25.77642085778724 -6 52.01301808453232
      vertex 25.77642085778724 6.399999999999999 52.01301808453232
    endloop
  endfacet
  facet normal 0 -1 0
    outer loop
      vertex 24.30262066662796 6.399999999999999 52.842439061857384
      vertex 24.66680653202934 6.399999999999999 52.478253196456
      vertex 26.523622850821425 6.399999999999999 52.424102572987
    endloop
  endfacet
  facet normal 0 -1 0
    outer loop
      vertex 24.66680653202934 6.399999999999999 52.478253196456
      vertex 25.102900476334046 6.399999999999999 52.20423720995691
      vertex 25.77642085778724 6.399999999999999 52.01301808453232
    endloop
  endfacet
  facet normal 0 -1 0
    outer loop
      vertex 25.102900476334046 6.399999999999999 52.20423720995691
      vertex 25.589034928204907 6.399999999999999 52.03413140811428
      vertex 25.77642085778724 6.399999999999999 52.01301808453232
    endloop
  endfacet
  facet normal 0 -1 0
    outer loop
      vertex 24.66680653202934 6.399999999999999 52.478253196456
      vertex 25.77642085778724 6.399999999999999 52.01301808453232
      vertex 26.21042634947074 6.399999999999999 52.388813802413395
    endloop
  endfacet
  facet normal 0 -1 0
    outer loop
      vertex 24.66680653202934 6.399999999999999 52.478253196456
      vertex 26.21042634947074 6.399999999999999 52.388813802413395
      vertex 26.523622850821425 6.399999999999999 52.424102572987
    endloop
  endfacet
  facet normal 0 -1 0
    outer loop
      vertex 24.30262066662796 6.399999999999999 52.842439061857384
      vertex 26.523622850821425 6.399999999999999 52.424102572987
      vertex 26.92521218062779 6.399999999999999 52.56462475711787
    endloop
  endfacet
  facet normal 0 -1 0
    outer loop
      vertex 24.30262066662796 6.399999999999999 52.842439061857384
      vertex 26.92521218062779 6.399999999999999 52.56462475711787
      vertex 27.285463699836022 6.399999999999999 52.79098578944321
    endloop
  endfacet
  facet normal 0 -1 0
    outer loop
      vertex 24.028604680128865 6.399999999999999 53.278533006162085
      vertex 25.10976732161177 6.399999999999999 53.799193493103154
      vertex 23.858498878286234 6.399999999999999 53.764667458032946
    endloop
  endfacet
  facet normal 0 -1 0
    outer loop
      vertex 24.028604680128865 6.399999999999999 53.278533006162085
      vertex 25.240818445589596 6.399999999999999 53.59062682408786
      vertex 25.10976732161177 6.399999999999999 53.799193493103154
    endloop
  endfacet
  facet normal 0 -1 0
    outer loop
      vertex 24.028604680128865 6.399999999999999 53.278533006162085
      vertex 25.414994294259824 6.399999999999999 53.41645097541764
      vertex 25.240818445589596 6.399999999999999 53.59062682408786
    endloop
  endfacet
  facet normal 0 -1 0
    outer loop
      vertex 24.028604680128865 6.399999999999999 53.278533006162085
      vertex 25.623560963275114 6.399999999999999 53.285399851439806
      vertex 25.414994294259824 6.399999999999999 53.41645097541764
    endloop
  endfacet
  facet normal 0 -1 0
    outer loop
      vertex 23.858498878286234 6.399999999999999 53.764667458032946
      vertex 25.10976732161177 6.399999999999999 53.799193493103154
      vertex 25.028412372904423 6.399999999999999 54.03169257878052
    endloop
  endfacet
  facet normal 0 -1 0
    outer loop
      vertex 23.858498878286234 6.399999999999999 53.764667458032946
      vertex 25.028412372904423 6.399999999999999 54.03169257878052
      vertex 25.000833076304428 6.399999999999999 54.27646560613247
    endloop
  endfacet
  facet normal 0 -1 0
    outer loop
      vertex 23.858498878286234 6.399999999999999 53.764667458032946
      vertex 25.000833076304428 6.399999999999999 54.27646560613247
      vertex 24.242956048994216 6.399999999999999 54.65031732888979
    endloop
  endfacet
  facet normal 0 -1 0
    outer loop
      vertex 24.30262066662796 6.399999999999999 52.842439061857384
      vertex 27.285463699836022 6.399999999999999 52.79098578944321
      vertex 24.028604680128865 6.399999999999999 53.278533006162085
    endloop
  endfacet
  facet normal 0 -1 0
    outer loop
      vertex 24.028604680128865 6.399999999999999 53.278533006162085
      vertex 25.856060048952482 6.399999999999999 53.20404490273246
      vertex 25.623560963275114 6.399999999999999 53.285399851439806
    endloop
  endfacet
  facet normal 0 -1 0
    outer loop
      vertex 24.028604680128865 6.399999999999999 53.278533006162085
      vertex 27.285463699836022 6.399999999999999 52.79098578944321
      vertex 25.856060048952482 6.399999999999999 53.20404490273246
    endloop
  endfacet
  facet normal 0 -1 0
    outer loop
      vertex 25.028412372904423 6.399999999999999 54.521238633484415
      vertex 24.248470043158964 6.399999999999999 54.69925538064947
      vertex 24.242956048994216 6.399999999999999 54.65031732888979
    endloop
  endfacet
  facet normal 0 -1 0
    outer loop
      vertex 25.028412372904423 6.399999999999999 54.521238633484415
      vertex 24.388992227289833 6.399999999999999 55.10084471045583
      vertex 24.248470043158964 6.399999999999999 54.69925538064947
    endloop
  endfacet
  facet normal 0 -1 0
    outer loop
      vertex 25.000833076304428 6.399999999999999 54.27646560613247
      vertex 25.028412372904423 6.399999999999999 54.521238633484415
      vertex 24.242956048994216 6.399999999999999 54.65031732888979
    endloop
  endfacet
  facet normal 0 -1 0
    outer loop
      vertex 25.028412372904423 6.399999999999999 54.521238633484415
      vertex 25.10976732161177 6.399999999999999 54.753737719161784
      vertex 24.388992227289833 6.399999999999999 55.10084471045583
    endloop
  endfacet
  facet normal 0 -1 0
    outer loop
      vertex 25.10976732161177 6.399999999999999 54.753737719161784
      vertex 25.240818445589596 6.399999999999999 54.962304388177074
      vertex 24.388992227289833 6.399999999999999 55.10084471045583
    endloop
  endfacet
  facet normal 0 -1 0
    outer loop
      vertex 25.240818445589596 6.399999999999999 54.962304388177074
      vertex 24.615353259615173 6.399999999999999 55.461096229664065
      vertex 24.388992227289833 6.399999999999999 55.10084471045583
    endloop
  endfacet
  facet normal 0 -1 0
    outer loop
      vertex 25.240818445589596 6.399999999999999 54.962304388177074
      vertex 25.414994294259824 6.399999999999999 55.1364802368473
      vertex 24.615353259615173 6.399999999999999 55.461096229664065
    endloop
  endfacet
  facet normal 0 -1 0
    outer loop
      vertex 25.856060048952482 6.399999999999999 55.348886309532475
      vertex 24.916202452772836 6.399999999999999 55.761945422821725
      vertex 24.615353259615173 6.399999999999999 55.461096229664065
    endloop
  endfacet
  facet normal 0 -1 0
    outer loop
      vertex 25.414994294259824 6.399999999999999 55.1364802368473
      vertex 25.623560963275114 6.399999999999999 55.26753136082513
      vertex 24.615353259615173 6.399999999999999 55.461096229664065
    endloop
  endfacet
  facet normal 0 -1 0
    outer loop
      vertex 25.623560963275114 6.399999999999999 55.26753136082513
      vertex 25.856060048952482 6.399999999999999 55.348886309532475
      vertex 24.615353259615173 6.399999999999999 55.461096229664065
    endloop
  endfacet
  facet normal 0 -1 0
    outer loop
      vertex 25.856060048952482 6.399999999999999 55.348886309532475
      vertex 26.10083307630443 6.399999999999999 55.37646560613247
      vertex 24.916202452772836 6.399999999999999 55.761945422821725
    endloop
  endfacet
  facet normal 0 -1 0
    outer loop
      vertex 26.10083307630443 6.399999999999999 55.37646560613247
      vertex 26.345606103656376 6.399999999999999 55.348886309532475
      vertex 24.916202452772836 6.399999999999999 55.761945422821725
    endloop
  endfacet
  facet normal 0 -1 0
    outer loop
      vertex 24.916202452772836 6.399999999999999 55.761945422821725
      vertex 27.586312892993686 6.399999999999999 55.461096229664065
      vertex 25.27645397198107 6.399999999999999 55.98830645514707
    endloop
  endfacet
  facet normal 0 -1 0
    outer loop
      vertex 25.27645397198107 6.399999999999999 55.98830645514707
      vertex 27.285463699836022 6.399999999999999 55.761945422821725
      vertex 25.678043301787433 6.399999999999999 56.128828639277934
    endloop
  endfacet
  facet normal 0 -1 0
    outer loop
      vertex 25.856060048952482 6.399999999999999 53.20404490273246
      vertex 27.285463699836022 6.399999999999999 52.79098578944321
      vertex 26.10083307630443 6.399999999999999 53.17646560613247
    endloop
  endfacet
  facet normal 0 -1 0
    outer loop
      vertex 26.10083307630443 6.399999999999999 53.17646560613247
      vertex 27.285463699836022 6.399999999999999 52.79098578944321
      vertex 26.345606103656376 6.399999999999999 53.20404490273246
    endloop
  endfacet
  facet normal 0 -1 0
    outer loop
      vertex 26.345606103656376 6.399999999999999 53.20404490273246
      vertex 27.586312892993686 6.399999999999999 53.09183498260087
      vertex 26.578105189333744 6.399999999999999 53.285399851439806
    endloop
  endfacet
  facet normal 0 -1 0
    outer loop
      vertex 26.578105189333744 6.399999999999999 53.285399851439806
      vertex 27.586312892993686 6.399999999999999 53.09183498260087
      vertex 26.786671858349035 6.399999999999999 53.41645097541763
    endloop
  endfacet
  facet normal 0 -1 0
    outer loop
      vertex 26.345606103656376 6.399999999999999 53.20404490273246
      vertex 27.285463699836022 6.399999999999999 52.79098578944321
      vertex 27.586312892993686 6.399999999999999 53.09183498260087
    endloop
  endfacet
  facet normal 0 -1 0
    outer loop
      vertex 26.786671858349035 6.399999999999999 53.41645097541763
      vertex 27.586312892993686 6.399999999999999 53.09183498260087
      vertex 26.960847707019262 6.399999999999999 53.59062682408786
    endloop
  endfacet
  facet normal 0 -1 0
    outer loop
      vertex 26.960847707019262 6.399999999999999 53.59062682408786
      vertex 27.812673925319025 6.399999999999999 53.452086501809106
      vertex 27.09189883099709 6.399999999999999 53.799193493103154
    endloop
  endfacet
  facet normal 0 -1 0
    outer loop
      vertex 26.960847707019262 6.399999999999999 53.59062682408786
      vertex 27.586312892993686 6.399999999999999 53.09183498260087
      vertex 27.812673925319025 6.399999999999999 53.452086501809106
    endloop
  endfacet
  facet normal 0 -1 0
    outer loop
      vertex 27.09189883099709 6.399999999999999 53.799193493103154
      vertex 27.812673925319025 6.399999999999999 53.452086501809106
      vertex 27.173253779704435 6.399999999999999 54.03169257878052
    endloop
  endfacet
  facet normal 0 -1 0
    outer loop
      vertex 27.173253779704435 6.399999999999999 54.03169257878052
      vertex 27.953196109449895 6.399999999999999 53.85367583161547
      vertex 27.20083307630443 6.399999999999999 54.27646560613247
    endloop
  endfacet
  facet normal 0 -1 0
    outer loop
      vertex 27.20083307630443 6.399999999999999 54.27646560613247
      vertex 28.000833076304428 6.399999999999999 54.27646560613247
      vertex 27.173253779704435 6.399999999999999 54.521238633484415
    endloop
  endfacet
  facet normal 0 -1 0
    outer loop
      vertex 27.173253779704435 6.399999999999999 54.03169257878052
      vertex 27.812673925319025 6.399999999999999 53.452086501809106
      vertex 27.953196109449895 6.399999999999999 53.85367583161547
    endloop
  endfacet
  facet normal 0 -1 0
    outer loop
      vertex 27.20083307630443 6.399999999999999 54.27646560613247
      vertex 27.953196109449895 6.399999999999999 53.85367583161547
      vertex 28.000833076304428 6.399999999999999 54.27646560613247
    endloop
  endfacet
  facet normal 0 -1 0
    outer loop
      vertex 26.345606103656376 6.399999999999999 55.348886309532475
      vertex 26.578105189333744 6.399999999999999 55.26753136082513
      vertex 27.812673925319025 6.399999999999999 55.10084471045583
    endloop
  endfacet
  facet normal 0 -1 0
    outer loop
      vertex 26.345606103656376 6.399999999999999 55.348886309532475
      vertex 27.812673925319025 6.399999999999999 55.10084471045583
      vertex 24.916202452772836 6.399999999999999 55.761945422821725
    endloop
  endfacet
  facet normal 0 -1 0
    outer loop
      vertex 25.678043301787433 6.399999999999999 56.128828639277934
      vertex 26.92521218062779 6.399999999999999 55.98830645514707
      vertex 26.10083307630443 6.399999999999999 56.17646560613247
    endloop
  endfacet
  facet normal 0 -1 0
    outer loop
      vertex 26.10083307630443 6.399999999999999 56.17646560613247
      vertex 26.92521218062779 6.399999999999999 55.98830645514707
      vertex 26.523622850821425 6.399999999999999 56.128828639277934
    endloop
  endfacet
  facet normal 0 -1 0
    outer loop
      vertex 27.586312892993686 6.399999999999999 55.461096229664065
      vertex 24.916202452772836 6.399999999999999 55.761945422821725
      vertex 27.812673925319025 6.399999999999999 55.10084471045583
    endloop
  endfacet
  facet normal 0 -1 0
    outer loop
      vertex 25.27645397198107 6.399999999999999 55.98830645514707
      vertex 27.586312892993686 6.399999999999999 55.461096229664065
      vertex 27.285463699836022 6.399999999999999 55.761945422821725
    endloop
  endfacet
  facet normal 0 -1 0
    outer loop
      vertex 26.92521218062779 6.399999999999999 55.98830645514707
      vertex 25.678043301787433 6.399999999999999 56.128828639277934
      vertex 27.285463699836022 6.399999999999999 55.761945422821725
    endloop
  endfacet
  facet normal 0 -1 0
    outer loop
      vertex 27.173253779704435 6.399999999999999 54.521238633484415
      vertex 27.953196109449895 6.399999999999999 54.69925538064947
      vertex 27.09189883099709 6.399999999999999 54.753737719161784
    endloop
  endfacet
  facet normal 0 -1 0
    outer loop
      vertex 27.09189883099709 6.399999999999999 54.753737719161784
      vertex 27.812673925319025 6.399999999999999 55.10084471045583
      vertex 26.960847707019262 6.399999999999999 54.962304388177074
    endloop
  endfacet
  facet normal 0 -1 0
    outer loop
      vertex 26.786671858349035 6.399999999999999 55.136480236847305
      vertex 26.960847707019262 6.399999999999999 54.962304388177074
      vertex 27.812673925319025 6.399999999999999 55.10084471045583
    endloop
  endfacet
  facet normal 0 -1 0
    outer loop
      vertex 26.578105189333744 6.399999999999999 55.26753136082513
      vertex 26.786671858349035 6.399999999999999 55.136480236847305
      vertex 27.812673925319025 6.399999999999999 55.10084471045583
    endloop
  endfacet
  facet normal 0 -1 0
    outer loop
      vertex 27.173253779704435 6.399999999999999 54.521238633484415
      vertex 28.000833076304428 6.399999999999999 54.27646560613247
      vertex 27.953196109449895 6.399999999999999 54.69925538064947
    endloop
  endfacet
  facet normal 0 -1 0
    outer loop
      vertex 27.09189883099709 6.399999999999999 54.753737719161784
      vertex 27.953196109449895 6.399999999999999 54.69925538064947
      vertex 27.812673925319025 6.399999999999999 55.10084471045583
    endloop
  endfacet
  facet normal 0.8467241992282841 6.802743718592562e-19 0.5320320765153366
    outer loop
      vertex 24.30262066662796 17.6 52.842439061857384
      vertex 24.028604680128865 30.4 53.278533006162085
      vertex 24.028604680128865 17.6 53.278533006162085
    endloop
  endfacet
  facet normal 0.9438833303083672 5.158522634815768e-19 0.33027906195516815
    outer loop
      vertex 24.028604680128865 17.6 53.278533006162085
      vertex 23.858498878286234 30.4 53.764667458032946
      vertex 23.858498878286234 17.6 53.764667458032946
    endloop
  endfacet
  facet normal 0.9937122098932423 8.118042739552935e-20 0.1119644761033103
    outer loop
      vertex 23.858498878286234 17.6 53.764667458032946
      vertex 23.801754196120406 30.4 54.2682904416538
      vertex 23.801754196120406 17.6 54.2682904416538
    endloop
  endfacet
  facet normal 0 1 0
    outer loop
      vertex 25.102900476334046 17.6 52.20423720995691
      vertex 26.21042634947074 17.6 52.388813802413395
      vertex 25.589034928204907 17.6 52.03413140811428
    endloop
  endfacet
  facet normal 0 1 0
    outer loop
      vertex 24.66680653202934 17.6 52.478253196456
      vertex 26.21042634947074 17.6 52.388813802413395
      vertex 25.102900476334046 17.6 52.20423720995691
    endloop
  endfacet
  facet normal 0 1 0
    outer loop
      vertex 25.589034928204907 17.6 52.03413140811428
      vertex 26.21042634947074 17.6 52.388813802413395
      vertex 25.77642085778724 17.6 52.01301808453232
    endloop
  endfacet
  facet normal 0 1 0
    outer loop
      vertex 24.66680653202934 17.6 52.478253196456
      vertex 26.523622850821425 17.6 52.424102572987
      vertex 26.21042634947074 17.6 52.388813802413395
    endloop
  endfacet
  facet normal 0 1 0
    outer loop
      vertex 24.66680653202934 17.6 52.478253196456
      vertex 26.92521218062779 17.6 52.56462475711787
      vertex 26.523622850821425 17.6 52.424102572987
    endloop
  endfacet
  facet normal 0 1 0
    outer loop
      vertex 24.66680653202934 17.6 52.478253196456
      vertex 27.285463699836022 17.6 52.79098578944321
      vertex 26.92521218062779 17.6 52.56462475711787
    endloop
  endfacet
  facet normal 0 1 0
    outer loop
      vertex 24.028604680128865 17.6 53.278533006162085
      vertex 23.858498878286234 17.6 53.764667458032946
      vertex 25.240818445589596 17.6 53.59062682408786
    endloop
  endfacet
  facet normal 0 1 0
    outer loop
      vertex 24.30262066662796 17.6 52.842439061857384
      vertex 24.028604680128865 17.6 53.278533006162085
      vertex 25.856060048952482 17.6 53.20404490273246
    endloop
  endfacet
  facet normal 0 1 0
    outer loop
      vertex 24.028604680128865 17.6 53.278533006162085
      vertex 25.240818445589596 17.6 53.59062682408786
      vertex 25.414994294259824 17.6 53.41645097541764
    endloop
  endfacet
  facet normal 0 1 0
    outer loop
      vertex 24.028604680128865 17.6 53.278533006162085
      vertex 25.414994294259824 17.6 53.41645097541764
      vertex 25.623560963275114 17.6 53.285399851439806
    endloop
  endfacet
  facet normal 0 1 0
    outer loop
      vertex 23.858498878286234 17.6 53.764667458032946
      vertex 23.801754196120406 17.6 54.2682904416538
      vertex 25.028412372904423 17.6 54.03169257878052
    endloop
  endfacet
  facet normal 0 1 0
    outer loop
      vertex 23.858498878286234 17.6 53.764667458032946
      vertex 25.028412372904423 17.6 54.03169257878052
      vertex 25.10976732161177 17.6 53.799193493103154
    endloop
  endfacet
  facet normal 0 1 0
    outer loop
      vertex 25.000833076304428 17.6 54.27646560613247
      vertex 23.801754196120406 17.6 54.2682904416538
      vertex 24.242956048994216 17.6 54.65031732888979
    endloop
  endfacet
  facet normal 0 1 0
    outer loop
      vertex 25.028412372904423 17.6 54.03169257878052
      vertex 23.801754196120406 17.6 54.2682904416538
      vertex 25.000833076304428 17.6 54.27646560613247
    endloop
  endfacet
  facet normal 0 1 0
    outer loop
      vertex 23.858498878286234 17.6 53.764667458032946
      vertex 25.10976732161177 17.6 53.799193493103154
      vertex 25.240818445589596 17.6 53.59062682408786
    endloop
  endfacet
  facet normal 0 1 0
    outer loop
      vertex 24.30262066662796 17.6 52.842439061857384
      vertex 27.586312892993686 17.6 53.09183498260087
      vertex 24.66680653202934 17.6 52.478253196456
    endloop
  endfacet
  facet normal 0 1 0
    outer loop
      vertex 24.30262066662796 17.6 52.842439061857384
      vertex 25.856060048952482 17.6 53.20404490273246
      vertex 26.10083307630443 17.6 53.17646560613247
    endloop
  endfacet
  facet normal 0 1 0
    outer loop
      vertex 24.028604680128865 17.6 53.278533006162085
      vertex 25.623560963275114 17.6 53.285399851439806
      vertex 25.856060048952482 17.6 53.20404490273246
    endloop
  endfacet
  facet normal 0 1 0
    outer loop
      vertex 24.30262066662796 17.6 52.842439061857384
      vertex 26.10083307630443 17.6 53.17646560613247
      vertex 27.586312892993686 17.6 53.09183498260087
    endloop
  endfacet
  facet normal 0 1 0
    outer loop
      vertex 25.028412372904423 17.6 54.521238633484415
      vertex 24.242956048994216 17.6 54.65031732888979
      vertex 24.248470043158964 17.6 54.69925538064947
    endloop
  endfacet
  facet normal 0 1 0
    outer loop
      vertex 25.10976732161177 17.6 54.753737719161784
      vertex 24.248470043158964 17.6 54.69925538064947
      vertex 24.388992227289833 17.6 55.10084471045583
    endloop
  endfacet
  facet normal 0 1 0
    outer loop
      vertex 25.000833076304428 17.6 54.27646560613247
      vertex 24.242956048994216 17.6 54.65031732888979
      vertex 25.028412372904423 17.6 54.521238633484415
    endloop
  endfacet
  facet normal 0 1 0
    outer loop
      vertex 25.028412372904423 17.6 54.521238633484415
      vertex 24.248470043158964 17.6 54.69925538064947
      vertex 25.10976732161177 17.6 54.753737719161784
    endloop
  endfacet
  facet normal 0 1 0
    outer loop
      vertex 25.10976732161177 17.6 54.753737719161784
      vertex 24.388992227289833 17.6 55.10084471045583
      vertex 25.240818445589596 17.6 54.962304388177074
    endloop
  endfacet
  facet normal 0 1 0
    outer loop
      vertex 25.240818445589596 17.6 54.962304388177074
      vertex 24.388992227289833 17.6 55.10084471045583
      vertex 24.615353259615173 17.6 55.461096229664065
    endloop
  endfacet
  facet normal 0 1 0
    outer loop
      vertex 25.240818445589596 17.6 54.962304388177074
      vertex 24.615353259615173 17.6 55.461096229664065
      vertex 25.414994294259824 17.6 55.1364802368473
    endloop
  endfacet
  facet normal 0 1 0
    outer loop
      vertex 25.414994294259824 17.6 55.1364802368473
      vertex 24.615353259615173 17.6 55.461096229664065
      vertex 25.623560963275114 17.6 55.26753136082513
    endloop
  endfacet
  facet normal 0 1 0
    outer loop
      vertex 25.623560963275114 17.6 55.26753136082513
      vertex 24.615353259615173 17.6 55.461096229664065
      vertex 25.856060048952482 17.6 55.348886309532475
    endloop
  endfacet
  facet normal 0 1 0
    outer loop
      vertex 25.856060048952482 17.6 55.348886309532475
      vertex 24.615353259615173 17.6 55.461096229664065
      vertex 26.10083307630443 17.6 55.37646560613247
    endloop
  endfacet
  facet normal 0 1 0
    outer loop
      vertex 24.916202452772836 17.6 55.761945422821725
      vertex 26.92521218062779 17.6 55.98830645514707
      vertex 24.615353259615173 17.6 55.461096229664065
    endloop
  endfacet
  facet normal 0 1 0
    outer loop
      vertex 25.27645397198107 17.6 55.98830645514707
      vertex 26.523622850821425 17.6 56.128828639277934
      vertex 24.916202452772836 17.6 55.761945422821725
    endloop
  endfacet
  facet normal 0 1 0
    outer loop
      vertex 26.10083307630443 17.6 55.37646560613247
      vertex 24.615353259615173 17.6 55.461096229664065
      vertex 27.285463699836022 17.6 55.761945422821725
    endloop
  endfacet
  facet normal 0 1 0
    outer loop
      vertex 25.678043301787433 17.6 56.128828639277934
      vertex 26.10083307630443 17.6 56.17646560613247
      vertex 25.27645397198107 17.6 55.98830645514707
    endloop
  endfacet
  facet normal 0 1 0
    outer loop
      vertex 26.10083307630443 17.6 56.17646560613247
      vertex 26.523622850821425 17.6 56.128828639277934
      vertex 25.27645397198107 17.6 55.98830645514707
    endloop
  endfacet
  facet normal 0 1 0
    outer loop
      vertex 24.66680653202934 17.6 52.478253196456
      vertex 27.586312892993686 17.6 53.09183498260087
      vertex 27.285463699836022 17.6 52.79098578944321
    endloop
  endfacet
  facet normal 0 1 0
    outer loop
      vertex 26.10083307630443 17.6 53.17646560613247
      vertex 26.345606103656376 17.6 53.20404490273246
      vertex 27.586312892993686 17.6 53.09183498260087
    endloop
  endfacet
  facet normal 0 1 0
    outer loop
      vertex 26.345606103656376 17.6 53.20404490273246
      vertex 26.578105189333744 17.6 53.285399851439806
      vertex 27.586312892993686 17.6 53.09183498260087
    endloop
  endfacet
  facet normal 0 1 0
    outer loop
      vertex 26.578105189333744 17.6 53.285399851439806
      vertex 26.786671858349035 17.6 53.41645097541763
      vertex 27.586312892993686 17.6 53.09183498260087
    endloop
  endfacet
  facet normal 0 1 0
    outer loop
      vertex 26.786671858349035 17.6 53.41645097541763
      vertex 26.960847707019262 17.6 53.59062682408786
      vertex 27.586312892993686 17.6 53.09183498260087
    endloop
  endfacet
  facet normal 0 1 0
    outer loop
      vertex 26.960847707019262 17.6 53.59062682408786
      vertex 27.09189883099709 17.6 53.799193493103154
      vertex 27.812673925319025 17.6 53.452086501809106
    endloop
  endfacet
  facet normal 0 1 0
    outer loop
      vertex 26.960847707019262 17.6 53.59062682408786
      vertex 27.812673925319025 17.6 53.452086501809106
      vertex 27.586312892993686 17.6 53.09183498260087
    endloop
  endfacet
  facet normal 0 1 0
    outer loop
      vertex 27.09189883099709 17.6 53.799193493103154
      vertex 27.173253779704435 17.6 54.03169257878052
      vertex 27.953196109449895 17.6 53.85367583161547
    endloop
  endfacet
  facet normal 0 1 0
    outer loop
      vertex 27.173253779704435 17.6 54.03169257878052
      vertex 27.20083307630443 17.6 54.27646560613247
      vertex 28.000833076304428 17.6 54.27646560613247
    endloop
  endfacet
  facet normal 0 1 0
    outer loop
      vertex 27.09189883099709 17.6 53.799193493103154
      vertex 27.953196109449895 17.6 53.85367583161547
      vertex 27.812673925319025 17.6 53.452086501809106
    endloop
  endfacet
  facet normal 0 1 0
    outer loop
      vertex 27.173253779704435 17.6 54.03169257878052
      vertex 28.000833076304428 17.6 54.27646560613247
      vertex 27.953196109449895 17.6 53.85367583161547
    endloop
  endfacet
  facet normal 0 1 0
    outer loop
      vertex 27.20083307630443 17.6 54.27646560613247
      vertex 27.953196109449895 17.6 54.69925538064947
      vertex 28.000833076304428 17.6 54.27646560613247
    endloop
  endfacet
  facet normal 0 1 0
    outer loop
      vertex 26.578105189333744 17.6 55.26753136082513
      vertex 27.586312892993686 17.6 55.461096229664065
      vertex 26.786671858349035 17.6 55.136480236847305
    endloop
  endfacet
  facet normal 0 1 0
    outer loop
      vertex 26.92521218062779 17.6 55.98830645514707
      vertex 27.285463699836022 17.6 55.761945422821725
      vertex 24.615353259615173 17.6 55.461096229664065
    endloop
  endfacet
  facet normal 0 1 0
    outer loop
      vertex 26.10083307630443 17.6 55.37646560613247
      vertex 27.285463699836022 17.6 55.761945422821725
      vertex 26.345606103656376 17.6 55.348886309532475
    endloop
  endfacet
  facet normal 0 1 0
    outer loop
      vertex 24.916202452772836 17.6 55.761945422821725
      vertex 26.523622850821425 17.6 56.128828639277934
      vertex 26.92521218062779 17.6 55.98830645514707
    endloop
  endfacet
  facet normal 0 1 0
    outer loop
      vertex 26.345606103656376 17.6 55.348886309532475
      vertex 27.586312892993686 17.6 55.461096229664065
      vertex 26.578105189333744 17.6 55.26753136082513
    endloop
  endfacet
  facet normal 0 1 0
    outer loop
      vertex 27.20083307630443 17.6 54.27646560613247
      vertex 27.173253779704435 17.6 54.521238633484415
      vertex 27.953196109449895 17.6 54.69925538064947
    endloop
  endfacet
  facet normal 0 1 0
    outer loop
      vertex 27.173253779704435 17.6 54.521238633484415
      vertex 27.09189883099709 17.6 54.753737719161784
      vertex 27.812673925319025 17.6 55.10084471045583
    endloop
  endfacet
  facet normal 0 1 0
    outer loop
      vertex 27.09189883099709 17.6 54.753737719161784
      vertex 26.960847707019262 17.6 54.962304388177074
      vertex 27.812673925319025 17.6 55.10084471045583
    endloop
  endfacet
  facet normal 0 1 0
    outer loop
      vertex 26.786671858349035 17.6 55.136480236847305
      vertex 27.586312892993686 17.6 55.461096229664065
      vertex 26.960847707019262 17.6 54.962304388177074
    endloop
  endfacet
  facet normal 0 1 0
    outer loop
      vertex 26.960847707019262 17.6 54.962304388177074
      vertex 27.586312892993686 17.6 55.461096229664065
      vertex 27.812673925319025 17.6 55.10084471045583
    endloop
  endfacet
  facet normal 0 1 0
    outer loop
      vertex 27.173253779704435 17.6 54.521238633484415
      vertex 27.812673925319025 17.6 55.10084471045583
      vertex 27.953196109449895 17.6 54.69925538064947
    endloop
  endfacet
  facet normal 0 1 0
    outer loop
      vertex 26.345606103656376 17.6 55.348886309532475
      vertex 27.285463699836022 17.6 55.761945422821725
      vertex 27.586312892993686 17.6 55.461096229664065
    endloop
  endfacet
  facet normal 0.7071067811865476 0 0.7071067811865476
    outer loop
      vertex 24.30262066662796 17.6 52.842439061857384
      vertex 24.66680653202934 17.6 52.478253196456
      vertex 24.30262066662796 30.4 52.842439061857384
    endloop
  endfacet
  facet normal 0.5320320765153335 3.685251470927612e-19 0.8467241992282861
    outer loop
      vertex 24.66680653202934 17.6 52.478253196456
      vertex 25.102900476334046 17.6 52.20423720995691
      vertex 25.102900476334046 30.4 52.20423720995691
    endloop
  endfacet
  facet normal 0.33027906195516815 5.158522634815768e-19 0.9438833303083672
    outer loop
      vertex 25.102900476334046 17.6 52.20423720995691
      vertex 25.589034928204907 17.6 52.03413140811428
      vertex 25.589034928204907 30.4 52.03413140811428
    endloop
  endfacet
  facet normal 0.11196447610331133 0 0.9937122098932422
    outer loop
      vertex 25.589034928204907 17.6 52.03413140811428
      vertex 25.77642085778724 17.6 52.01301808453232
      vertex 25.589034928204907 30.4 52.03413140811428
    endloop
  endfacet
  facet normal 0.8467241992282841 0 0.5320320765153366
    outer loop
      vertex 24.30262066662796 17.6 52.842439061857384
      vertex 24.30262066662796 30.4 52.842439061857384
      vertex 24.028604680128865 30.4 53.278533006162085
    endloop
  endfacet
  facet normal 0.9438833303083672 0 0.33027906195516815
    outer loop
      vertex 24.028604680128865 17.6 53.278533006162085
      vertex 24.028604680128865 30.4 53.278533006162085
      vertex 23.858498878286234 30.4 53.764667458032946
    endloop
  endfacet
  facet normal 0.9937122098932423 0 0.1119644761033103
    outer loop
      vertex 23.858498878286234 17.6 53.764667458032946
      vertex 23.858498878286234 30.4 53.764667458032946
      vertex 23.801754196120406 30.4 54.2682904416538
    endloop
  endfacet
  facet normal 0 -1 0
    outer loop
      vertex 23.858498878286234 30.4 53.764667458032946
      vertex 24.242956048994216 30.4 54.65031732888979
      vertex 23.801754196120406 30.4 54.2682904416538
    endloop
  endfacet
  facet normal 0.7071067811865476 0 0.7071067811865476
    outer loop
      vertex 24.66680653202934 17.6 52.478253196456
      vertex 24.66680653202934 30.4 52.478253196456
      vertex 24.30262066662796 30.4 52.842439061857384
    endloop
  endfacet
  facet normal 0.5320320765153335 0 0.8467241992282861
    outer loop
      vertex 24.66680653202934 17.6 52.478253196456
      vertex 25.102900476334046 30.4 52.20423720995691
      vertex 24.66680653202934 30.4 52.478253196456
    endloop
  endfacet
  facet normal 0.33027906195516815 0 0.9438833303083672
    outer loop
      vertex 25.102900476334046 17.6 52.20423720995691
      vertex 25.589034928204907 30.4 52.03413140811428
      vertex 25.102900476334046 30.4 52.20423720995691
    endloop
  endfacet
  facet normal 0.11196447610331133 -6.95498270896341e-21 0.9937122098932422
    outer loop
      vertex 25.589034928204907 30.4 52.03413140811428
      vertex 25.77642085778724 17.6 52.01301808453232
      vertex 25.77642085778724 30.4 52.01301808453232
    endloop
  endfacet
  facet normal 0 -1 0
    outer loop
      vertex 24.30262066662796 30.4 52.842439061857384
      vertex 24.66680653202934 30.4 52.478253196456
      vertex 26.523622850821425 30.4 52.424102572987
    endloop
  endfacet
  facet normal 0 -1 0
    outer loop
      vertex 24.66680653202934 30.4 52.478253196456
      vertex 25.102900476334046 30.4 52.20423720995691
      vertex 25.77642085778724 30.4 52.01301808453232
    endloop
  endfacet
  facet normal 0 -1 0
    outer loop
      vertex 25.102900476334046 30.4 52.20423720995691
      vertex 25.589034928204907 30.4 52.03413140811428
      vertex 25.77642085778724 30.4 52.01301808453232
    endloop
  endfacet
  facet normal 0 -1 0
    outer loop
      vertex 24.66680653202934 30.4 52.478253196456
      vertex 25.77642085778724 30.4 52.01301808453232
      vertex 26.21042634947074 30.4 52.388813802413395
    endloop
  endfacet
  facet normal 0 -1 0
    outer loop
      vertex 24.66680653202934 30.4 52.478253196456
      vertex 26.21042634947074 30.4 52.388813802413395
      vertex 26.523622850821425 30.4 52.424102572987
    endloop
  endfacet
  facet normal 0 -1 0
    outer loop
      vertex 24.30262066662796 30.4 52.842439061857384
      vertex 26.523622850821425 30.4 52.424102572987
      vertex 26.92521218062779 30.4 52.56462475711787
    endloop
  endfacet
  facet normal 0 -1 0
    outer loop
      vertex 24.30262066662796 30.4 52.842439061857384
      vertex 26.92521218062779 30.4 52.56462475711787
      vertex 27.285463699836022 30.4 52.79098578944321
    endloop
  endfacet
  facet normal 0 -1 0
    outer loop
      vertex 24.028604680128865 30.4 53.278533006162085
      vertex 25.10976732161177 30.4 53.799193493103154
      vertex 23.858498878286234 30.4 53.764667458032946
    endloop
  endfacet
  facet normal 0 -1 0
    outer loop
      vertex 24.028604680128865 30.4 53.278533006162085
      vertex 25.240818445589596 30.4 53.59062682408786
      vertex 25.10976732161177 30.4 53.799193493103154
    endloop
  endfacet
  facet normal 0 -1 0
    outer loop
      vertex 24.028604680128865 30.4 53.278533006162085
      vertex 25.414994294259824 30.4 53.41645097541764
      vertex 25.240818445589596 30.4 53.59062682408786
    endloop
  endfacet
  facet normal 0 -1 0
    outer loop
      vertex 24.028604680128865 30.4 53.278533006162085
      vertex 25.623560963275114 30.4 53.285399851439806
      vertex 25.414994294259824 30.4 53.41645097541764
    endloop
  endfacet
  facet normal 0 -1 0
    outer loop
      vertex 23.858498878286234 30.4 53.764667458032946
      vertex 25.10976732161177 30.4 53.799193493103154
      vertex 25.028412372904423 30.4 54.03169257878052
    endloop
  endfacet
  facet normal 0 -1 0
    outer loop
      vertex 23.858498878286234 30.4 53.764667458032946
      vertex 25.028412372904423 30.4 54.03169257878052
      vertex 25.000833076304428 30.4 54.27646560613247
    endloop
  endfacet
  facet normal 0 -1 0
    outer loop
      vertex 23.858498878286234 30.4 53.764667458032946
      vertex 25.000833076304428 30.4 54.27646560613247
      vertex 24.242956048994216 30.4 54.65031732888979
    endloop
  endfacet
  facet normal 0 -1 0
    outer loop
      vertex 24.30262066662796 30.4 52.842439061857384
      vertex 27.285463699836022 30.4 52.79098578944321
      vertex 24.028604680128865 30.4 53.278533006162085
    endloop
  endfacet
  facet normal 0 -1 0
    outer loop
      vertex 24.028604680128865 30.4 53.278533006162085
      vertex 25.856060048952482 30.4 53.20404490273246
      vertex 25.623560963275114 30.4 53.285399851439806
    endloop
  endfacet
  facet normal 0 -1 0
    outer loop
      vertex 24.028604680128865 30.4 53.278533006162085
      vertex 26.10083307630443 30.4 53.17646560613247
      vertex 25.856060048952482 30.4 53.20404490273246
    endloop
  endfacet
  facet normal 0 -1 0
    outer loop
      vertex 24.028604680128865 30.4 53.278533006162085
      vertex 27.285463699836022 30.4 52.79098578944321
      vertex 26.10083307630443 30.4 53.17646560613247
    endloop
  endfacet
  facet normal 0 -1 0
    outer loop
      vertex 25.028412372904423 30.4 54.521238633484415
      vertex 24.248470043158964 30.4 54.69925538064947
      vertex 24.242956048994216 30.4 54.65031732888979
    endloop
  endfacet
  facet normal 0 -1 0
    outer loop
      vertex 25.028412372904423 30.4 54.521238633484415
      vertex 24.388992227289833 30.4 55.10084471045583
      vertex 24.248470043158964 30.4 54.69925538064947
    endloop
  endfacet
  facet normal 0 -1 0
    outer loop
      vertex 25.000833076304428 30.4 54.27646560613247
      vertex 25.028412372904423 30.4 54.521238633484415
      vertex 24.242956048994216 30.4 54.65031732888979
    endloop
  endfacet
  facet normal 0 -1 0
    outer loop
      vertex 25.028412372904423 30.4 54.521238633484415
      vertex 25.10976732161177 30.4 54.753737719161784
      vertex 24.388992227289833 30.4 55.10084471045583
    endloop
  endfacet
  facet normal 0 -1 0
    outer loop
      vertex 25.10976732161177 30.4 54.753737719161784
      vertex 25.240818445589596 30.4 54.962304388177074
      vertex 24.388992227289833 30.4 55.10084471045583
    endloop
  endfacet
  facet normal 0 -1 0
    outer loop
      vertex 25.240818445589596 30.4 54.962304388177074
      vertex 24.615353259615173 30.4 55.461096229664065
      vertex 24.388992227289833 30.4 55.10084471045583
    endloop
  endfacet
  facet normal 0 -1 0
    outer loop
      vertex 25.240818445589596 30.4 54.962304388177074
      vertex 25.414994294259824 30.4 55.1364802368473
      vertex 24.615353259615173 30.4 55.461096229664065
    endloop
  endfacet
  facet normal 0 -1 0
    outer loop
      vertex 25.856060048952482 30.4 55.348886309532475
      vertex 24.916202452772836 30.4 55.761945422821725
      vertex 24.615353259615173 30.4 55.461096229664065
    endloop
  endfacet
  facet normal 0 -1 0
    outer loop
      vertex 25.414994294259824 30.4 55.1364802368473
      vertex 25.623560963275114 30.4 55.26753136082513
      vertex 24.615353259615173 30.4 55.461096229664065
    endloop
  endfacet
  facet normal 0 -1 0
    outer loop
      vertex 25.623560963275114 30.4 55.26753136082513
      vertex 25.856060048952482 30.4 55.348886309532475
      vertex 24.615353259615173 30.4 55.461096229664065
    endloop
  endfacet
  facet normal 0 -1 0
    outer loop
      vertex 25.856060048952482 30.4 55.348886309532475
      vertex 26.10083307630443 30.4 55.37646560613247
      vertex 24.916202452772836 30.4 55.761945422821725
    endloop
  endfacet
  facet normal 0 -1 0
    outer loop
      vertex 24.916202452772836 30.4 55.761945422821725
      vertex 27.586312892993686 30.4 55.461096229664065
      vertex 25.27645397198107 30.4 55.98830645514707
    endloop
  endfacet
  facet normal 0 -1 0
    outer loop
      vertex 25.27645397198107 30.4 55.98830645514707
      vertex 27.285463699836022 30.4 55.761945422821725
      vertex 25.678043301787433 30.4 56.128828639277934
    endloop
  endfacet
  facet normal 0 -1 0
    outer loop
      vertex 26.10083307630443 30.4 53.17646560613247
      vertex 27.285463699836022 30.4 52.79098578944321
      vertex 26.345606103656376 30.4 53.20404490273246
    endloop
  endfacet
  facet normal 0 -1 0
    outer loop
      vertex 26.345606103656376 30.4 53.20404490273246
      vertex 27.586312892993686 30.4 53.09183498260087
      vertex 26.578105189333744 30.4 53.285399851439806
    endloop
  endfacet
  facet normal 0 -1 0
    outer loop
      vertex 26.578105189333744 30.4 53.285399851439806
      vertex 27.586312892993686 30.4 53.09183498260087
      vertex 26.786671858349035 30.4 53.41645097541763
    endloop
  endfacet
  facet normal 0 -1 0
    outer loop
      vertex 26.345606103656376 30.4 53.20404490273246
      vertex 27.285463699836022 30.4 52.79098578944321
      vertex 27.586312892993686 30.4 53.09183498260087
    endloop
  endfacet
  facet normal 0 -1 0
    outer loop
      vertex 26.786671858349035 30.4 53.41645097541763
      vertex 27.586312892993686 30.4 53.09183498260087
      vertex 26.960847707019262 30.4 53.59062682408786
    endloop
  endfacet
  facet normal 0 -1 0
    outer loop
      vertex 26.960847707019262 30.4 53.59062682408786
      vertex 27.812673925319025 30.4 53.452086501809106
      vertex 27.09189883099709 30.4 53.799193493103154
    endloop
  endfacet
  facet normal 0 -1 0
    outer loop
      vertex 26.960847707019262 30.4 53.59062682408786
      vertex 27.586312892993686 30.4 53.09183498260087
      vertex 27.812673925319025 30.4 53.452086501809106
    endloop
  endfacet
  facet normal 0 -1 0
    outer loop
      vertex 27.09189883099709 30.4 53.799193493103154
      vertex 27.812673925319025 30.4 53.452086501809106
      vertex 27.173253779704435 30.4 54.03169257878052
    endloop
  endfacet
  facet normal 0 -1 0
    outer loop
      vertex 27.173253779704435 30.4 54.03169257878052
      vertex 27.953196109449895 30.4 53.85367583161547
      vertex 27.20083307630443 30.4 54.27646560613247
    endloop
  endfacet
  facet normal 0 -1 0
    outer loop
      vertex 27.20083307630443 30.4 54.27646560613247
      vertex 28.000833076304428 30.4 54.27646560613247
      vertex 27.173253779704435 30.4 54.521238633484415
    endloop
  endfacet
  facet normal 0 -1 0
    outer loop
      vertex 27.173253779704435 30.4 54.03169257878052
      vertex 27.812673925319025 30.4 53.452086501809106
      vertex 27.953196109449895 30.4 53.85367583161547
    endloop
  endfacet
  facet normal 0 -1 0
    outer loop
      vertex 27.20083307630443 30.4 54.27646560613247
      vertex 27.953196109449895 30.4 53.85367583161547
      vertex 28.000833076304428 30.4 54.27646560613247
    endloop
  endfacet
  facet normal 0 -1 0
    outer loop
      vertex 26.578105189333744 30.4 55.26753136082513
      vertex 26.786671858349035 30.4 55.136480236847305
      vertex 27.586312892993686 30.4 55.461096229664065
    endloop
  endfacet
  facet normal 0 -1 0
    outer loop
      vertex 26.10083307630443 30.4 55.37646560613247
      vertex 27.586312892993686 30.4 55.461096229664065
      vertex 24.916202452772836 30.4 55.761945422821725
    endloop
  endfacet
  facet normal 0 -1 0
    outer loop
      vertex 25.678043301787433 30.4 56.128828639277934
      vertex 26.92521218062779 30.4 55.98830645514707
      vertex 26.10083307630443 30.4 56.17646560613247
    endloop
  endfacet
  facet normal 0 -1 0
    outer loop
      vertex 26.10083307630443 30.4 56.17646560613247
      vertex 26.92521218062779 30.4 55.98830645514707
      vertex 26.523622850821425 30.4 56.128828639277934
    endloop
  endfacet
  facet normal 0 -1 0
    outer loop
      vertex 26.10083307630443 30.4 55.37646560613247
      vertex 26.345606103656376 30.4 55.348886309532475
      vertex 27.586312892993686 30.4 55.461096229664065
    endloop
  endfacet
  facet normal 0 -1 0
    outer loop
      vertex 25.27645397198107 30.4 55.98830645514707
      vertex 27.586312892993686 30.4 55.461096229664065
      vertex 27.285463699836022 30.4 55.761945422821725
    endloop
  endfacet
  facet normal 0 -1 0
    outer loop
      vertex 26.345606103656376 30.4 55.348886309532475
      vertex 26.578105189333744 30.4 55.26753136082513
      vertex 27.586312892993686 30.4 55.461096229664065
    endloop
  endfacet
  facet normal 0 -1 0
    outer loop
      vertex 26.92521218062779 30.4 55.98830645514707
      vertex 25.678043301787433 30.4 56.128828639277934
      vertex 27.285463699836022 30.4 55.761945422821725
    endloop
  endfacet
  facet normal 0 -1 0
    outer loop
      vertex 27.173253779704435 30.4 54.521238633484415
      vertex 27.953196109449895 30.4 54.69925538064947
      vertex 27.09189883099709 30.4 54.753737719161784
    endloop
  endfacet
  facet normal 0 -1 0
    outer loop
      vertex 27.09189883099709 30.4 54.753737719161784
      vertex 27.812673925319025 30.4 55.10084471045583
      vertex 26.960847707019262 30.4 54.962304388177074
    endloop
  endfacet
  facet normal 0 -1 0
    outer loop
      vertex 26.786671858349035 30.4 55.136480236847305
      vertex 26.960847707019262 30.4 54.962304388177074
      vertex 27.586312892993686 30.4 55.461096229664065
    endloop
  endfacet
  facet normal 0 -1 0
    outer loop
      vertex 26.960847707019262 30.4 54.962304388177074
      vertex 27.812673925319025 30.4 55.10084471045583
      vertex 27.586312892993686 30.4 55.461096229664065
    endloop
  endfacet
  facet normal 0 -1 0
    outer loop
      vertex 27.173253779704435 30.4 54.521238633484415
      vertex 28.000833076304428 30.4 54.27646560613247
      vertex 27.953196109449895 30.4 54.69925538064947
    endloop
  endfacet
  facet normal 0 -1 0
    outer loop
      vertex 27.09189883099709 30.4 54.753737719161784
      vertex 27.953196109449895 30.4 54.69925538064947
      vertex 27.812673925319025 30.4 55.10084471045583
    endloop
  endfacet
  facet normal 0.8467241992282841 0 0.5320320765153366
    outer loop
      vertex 24.30262066662796 41.6 52.842439061857384
      vertex 24.30262066662796 54 52.842439061857384
      vertex 24.028604680128865 41.6 53.278533006162085
    endloop
  endfacet
  facet normal 0.9438833303083671 0 0.3302790619551681
    outer loop
      vertex 24.028604680128865 41.6 53.278533006162085
      vertex 24.028604680128865 54 53.278533006162085
      vertex 23.858498878286234 41.6 53.764667458032946
    endloop
  endfacet
  facet normal 0.9937122098932423 8.379915085990125e-20 0.11196447610331028
    outer loop
      vertex 23.858498878286234 41.6 53.764667458032946
      vertex 23.801754196120406 54 54.2682904416538
      vertex 23.801754196120406 41.6 54.2682904416538
    endloop
  endfacet
  facet normal 0 1 0
    outer loop
      vertex 25.102900476334046 41.6 52.20423720995691
      vertex 26.21042634947074 41.6 52.388813802413395
      vertex 25.589034928204907 41.6 52.03413140811428
    endloop
  endfacet
  facet normal 0 1 0
    outer loop
      vertex 24.66680653202934 41.6 52.478253196456
      vertex 26.21042634947074 41.6 52.388813802413395
      vertex 25.102900476334046 41.6 52.20423720995691
    endloop
  endfacet
  facet normal 0 1 0
    outer loop
      vertex 25.589034928204907 41.6 52.03413140811428
      vertex 26.21042634947074 41.6 52.388813802413395
      vertex 25.77642085778724 41.6 52.01301808453232
    endloop
  endfacet
  facet normal 0 1 0
    outer loop
      vertex 24.66680653202934 41.6 52.478253196456
      vertex 26.523622850821425 41.6 52.424102572987
      vertex 26.21042634947074 41.6 52.388813802413395
    endloop
  endfacet
  facet normal 0 1 0
    outer loop
      vertex 24.66680653202934 41.6 52.478253196456
      vertex 26.92521218062779 41.6 52.56462475711787
      vertex 26.523622850821425 41.6 52.424102572987
    endloop
  endfacet
  facet normal 0 1 0
    outer loop
      vertex 24.66680653202934 41.6 52.478253196456
      vertex 27.285463699836022 41.6 52.79098578944321
      vertex 26.92521218062779 41.6 52.56462475711787
    endloop
  endfacet
  facet normal 0 1 0
    outer loop
      vertex 24.028604680128865 41.6 53.278533006162085
      vertex 23.858498878286234 41.6 53.764667458032946
      vertex 25.240818445589596 41.6 53.59062682408786
    endloop
  endfacet
  facet normal 0 1 0
    outer loop
      vertex 24.30262066662796 41.6 52.842439061857384
      vertex 24.028604680128865 41.6 53.278533006162085
      vertex 25.856060048952482 41.6 53.20404490273246
    endloop
  endfacet
  facet normal 0 1 0
    outer loop
      vertex 24.028604680128865 41.6 53.278533006162085
      vertex 25.240818445589596 41.6 53.59062682408786
      vertex 25.414994294259824 41.6 53.41645097541764
    endloop
  endfacet
  facet normal 0 1 0
    outer loop
      vertex 24.028604680128865 41.6 53.278533006162085
      vertex 25.414994294259824 41.6 53.41645097541764
      vertex 25.623560963275114 41.6 53.285399851439806
    endloop
  endfacet
  facet normal 0 1 0
    outer loop
      vertex 23.858498878286234 41.6 53.764667458032946
      vertex 25.028412372904423 41.6 54.03169257878052
      vertex 25.10976732161177 41.6 53.799193493103154
    endloop
  endfacet
  facet normal 0 1 0
    outer loop
      vertex 23.858498878286234 41.6 53.764667458032946
      vertex 25.000833076304428 41.6 54.27646560613247
      vertex 25.028412372904423 41.6 54.03169257878052
    endloop
  endfacet
  facet normal 0 1 0
    outer loop
      vertex 23.858498878286234 41.6 53.764667458032946
      vertex 23.801754196120406 41.6 54.2682904416538
      vertex 25.000833076304428 41.6 54.27646560613247
    endloop
  endfacet
  facet normal 0 1 0
    outer loop
      vertex 25.000833076304428 41.6 54.27646560613247
      vertex 23.801754196120406 41.6 54.2682904416538
      vertex 24.242956048994216 41.6 54.65031732888979
    endloop
  endfacet
  facet normal 0 1 0
    outer loop
      vertex 23.858498878286234 41.6 53.764667458032946
      vertex 25.10976732161177 41.6 53.799193493103154
      vertex 25.240818445589596 41.6 53.59062682408786
    endloop
  endfacet
  facet normal 0 1 0
    outer loop
      vertex 24.30262066662796 41.6 52.842439061857384
      vertex 27.586312892993686 41.6 53.09183498260087
      vertex 24.66680653202934 41.6 52.478253196456
    endloop
  endfacet
  facet normal 0 1 0
    outer loop
      vertex 24.30262066662796 41.6 52.842439061857384
      vertex 25.856060048952482 41.6 53.20404490273246
      vertex 26.10083307630443 41.6 53.17646560613247
    endloop
  endfacet
  facet normal 0 1 0
    outer loop
      vertex 24.30262066662796 41.6 52.842439061857384
      vertex 26.10083307630443 41.6 53.17646560613247
      vertex 26.345606103656376 41.6 53.20404490273246
    endloop
  endfacet
  facet normal 0 1 0
    outer loop
      vertex 24.028604680128865 41.6 53.278533006162085
      vertex 25.623560963275114 41.6 53.285399851439806
      vertex 25.856060048952482 41.6 53.20404490273246
    endloop
  endfacet
  facet normal 0 1 0
    outer loop
      vertex 25.028412372904423 41.6 54.521238633484415
      vertex 24.242956048994216 41.6 54.65031732888979
      vertex 24.248470043158964 41.6 54.69925538064947
    endloop
  endfacet
  facet normal 0 1 0
    outer loop
      vertex 25.10976732161177 41.6 54.753737719161784
      vertex 24.248470043158964 41.6 54.69925538064947
      vertex 24.388992227289833 41.6 55.10084471045583
    endloop
  endfacet
  facet normal 0 1 0
    outer loop
      vertex 25.000833076304428 41.6 54.27646560613247
      vertex 24.242956048994216 41.6 54.65031732888979
      vertex 25.028412372904423 41.6 54.521238633484415
    endloop
  endfacet
  facet normal 0 1 0
    outer loop
      vertex 25.028412372904423 41.6 54.521238633484415
      vertex 24.248470043158964 41.6 54.69925538064947
      vertex 25.10976732161177 41.6 54.753737719161784
    endloop
  endfacet
  facet normal 0 1 0
    outer loop
      vertex 25.10976732161177 41.6 54.753737719161784
      vertex 24.388992227289833 41.6 55.10084471045583
      vertex 25.240818445589596 41.6 54.962304388177074
    endloop
  endfacet
  facet normal 0 1 0
    outer loop
      vertex 25.240818445589596 41.6 54.962304388177074
      vertex 24.388992227289833 41.6 55.10084471045583
      vertex 25.414994294259824 41.6 55.1364802368473
    endloop
  endfacet
  facet normal 0 1 0
    outer loop
      vertex 25.414994294259824 41.6 55.1364802368473
      vertex 24.388992227289833 41.6 55.10084471045583
      vertex 25.623560963275114 41.6 55.26753136082513
    endloop
  endfacet
  facet normal 0 1 0
    outer loop
      vertex 25.623560963275114 41.6 55.26753136082513
      vertex 24.388992227289833 41.6 55.10084471045583
      vertex 25.856060048952482 41.6 55.348886309532475
    endloop
  endfacet
  facet normal 0 1 0
    outer loop
      vertex 24.615353259615173 41.6 55.461096229664065
      vertex 27.285463699836022 41.6 55.761945422821725
      vertex 24.388992227289833 41.6 55.10084471045583
    endloop
  endfacet
  facet normal 0 1 0
    outer loop
      vertex 24.916202452772836 41.6 55.761945422821725
      vertex 26.92521218062779 41.6 55.98830645514707
      vertex 24.615353259615173 41.6 55.461096229664065
    endloop
  endfacet
  facet normal 0 1 0
    outer loop
      vertex 25.27645397198107 41.6 55.98830645514707
      vertex 26.523622850821425 41.6 56.128828639277934
      vertex 24.916202452772836 41.6 55.761945422821725
    endloop
  endfacet
  facet normal 0 1 0
    outer loop
      vertex 25.856060048952482 41.6 55.348886309532475
      vertex 24.388992227289833 41.6 55.10084471045583
      vertex 27.285463699836022 41.6 55.761945422821725
    endloop
  endfacet
  facet normal 0 1 0
    outer loop
      vertex 25.678043301787433 41.6 56.128828639277934
      vertex 26.10083307630443 41.6 56.17646560613247
      vertex 25.27645397198107 41.6 55.98830645514707
    endloop
  endfacet
  facet normal 0 1 0
    outer loop
      vertex 26.10083307630443 41.6 56.17646560613247
      vertex 26.523622850821425 41.6 56.128828639277934
      vertex 25.27645397198107 41.6 55.98830645514707
    endloop
  endfacet
  facet normal 0 1 0
    outer loop
      vertex 24.30262066662796 41.6 52.842439061857384
      vertex 26.345606103656376 41.6 53.20404490273246
      vertex 27.812673925319025 41.6 53.452086501809106
    endloop
  endfacet
  facet normal 0 1 0
    outer loop
      vertex 24.66680653202934 41.6 52.478253196456
      vertex 27.586312892993686 41.6 53.09183498260087
      vertex 27.285463699836022 41.6 52.79098578944321
    endloop
  endfacet
  facet normal 0 1 0
    outer loop
      vertex 24.30262066662796 41.6 52.842439061857384
      vertex 27.812673925319025 41.6 53.452086501809106
      vertex 27.586312892993686 41.6 53.09183498260087
    endloop
  endfacet
  facet normal 0 1 0
    outer loop
      vertex 26.345606103656376 41.6 53.20404490273246
      vertex 26.578105189333744 41.6 53.285399851439806
      vertex 27.812673925319025 41.6 53.452086501809106
    endloop
  endfacet
  facet normal 0 1 0
    outer loop
      vertex 26.578105189333744 41.6 53.285399851439806
      vertex 26.786671858349035 41.6 53.41645097541763
      vertex 27.812673925319025 41.6 53.452086501809106
    endloop
  endfacet
  facet normal 0 1 0
    outer loop
      vertex 26.786671858349035 41.6 53.41645097541763
      vertex 26.960847707019262 41.6 53.59062682408786
      vertex 27.812673925319025 41.6 53.452086501809106
    endloop
  endfacet
  facet normal 0 1 0
    outer loop
      vertex 26.960847707019262 41.6 53.59062682408786
      vertex 27.09189883099709 41.6 53.799193493103154
      vertex 27.812673925319025 41.6 53.452086501809106
    endloop
  endfacet
  facet normal 0 1 0
    outer loop
      vertex 27.09189883099709 41.6 53.799193493103154
      vertex 27.173253779704435 41.6 54.03169257878052
      vertex 27.953196109449895 41.6 53.85367583161547
    endloop
  endfacet
  facet normal 0 1 0
    outer loop
      vertex 27.173253779704435 41.6 54.03169257878052
      vertex 27.20083307630443 41.6 54.27646560613247
      vertex 28.000833076304428 41.6 54.27646560613247
    endloop
  endfacet
  facet normal 0 1 0
    outer loop
      vertex 27.09189883099709 41.6 53.799193493103154
      vertex 27.953196109449895 41.6 53.85367583161547
      vertex 27.812673925319025 41.6 53.452086501809106
    endloop
  endfacet
  facet normal 0 1 0
    outer loop
      vertex 27.173253779704435 41.6 54.03169257878052
      vertex 28.000833076304428 41.6 54.27646560613247
      vertex 27.953196109449895 41.6 53.85367583161547
    endloop
  endfacet
  facet normal 0 1 0
    outer loop
      vertex 27.20083307630443 41.6 54.27646560613247
      vertex 27.953196109449895 41.6 54.69925538064947
      vertex 28.000833076304428 41.6 54.27646560613247
    endloop
  endfacet
  facet normal 0 1 0
    outer loop
      vertex 26.578105189333744 41.6 55.26753136082513
      vertex 27.586312892993686 41.6 55.461096229664065
      vertex 26.786671858349035 41.6 55.136480236847305
    endloop
  endfacet
  facet normal 0 1 0
    outer loop
      vertex 26.92521218062779 41.6 55.98830645514707
      vertex 27.285463699836022 41.6 55.761945422821725
      vertex 24.615353259615173 41.6 55.461096229664065
    endloop
  endfacet
  facet normal 0 1 0
    outer loop
      vertex 25.856060048952482 41.6 55.348886309532475
      vertex 27.285463699836022 41.6 55.761945422821725
      vertex 26.10083307630443 41.6 55.37646560613247
    endloop
  endfacet
  facet normal 0 1 0
    outer loop
      vertex 26.10083307630443 41.6 55.37646560613247
      vertex 27.285463699836022 41.6 55.761945422821725
      vertex 26.345606103656376 41.6 55.348886309532475
    endloop
  endfacet
  facet normal 0 1 0
    outer loop
      vertex 24.916202452772836 41.6 55.761945422821725
      vertex 26.523622850821425 41.6 56.128828639277934
      vertex 26.92521218062779 41.6 55.98830645514707
    endloop
  endfacet
  facet normal 0 1 0
    outer loop
      vertex 26.345606103656376 41.6 55.348886309532475
      vertex 27.586312892993686 41.6 55.461096229664065
      vertex 26.578105189333744 41.6 55.26753136082513
    endloop
  endfacet
  facet normal 0 1 0
    outer loop
      vertex 27.20083307630443 41.6 54.27646560613247
      vertex 27.173253779704435 41.6 54.521238633484415
      vertex 27.953196109449895 41.6 54.69925538064947
    endloop
  endfacet
  facet normal 0 1 0
    outer loop
      vertex 27.173253779704435 41.6 54.521238633484415
      vertex 27.09189883099709 41.6 54.753737719161784
      vertex 27.812673925319025 41.6 55.10084471045583
    endloop
  endfacet
  facet normal 0 1 0
    outer loop
      vertex 27.09189883099709 41.6 54.753737719161784
      vertex 26.960847707019262 41.6 54.962304388177074
      vertex 27.812673925319025 41.6 55.10084471045583
    endloop
  endfacet
  facet normal 0 1 0
    outer loop
      vertex 26.786671858349035 41.6 55.136480236847305
      vertex 27.586312892993686 41.6 55.461096229664065
      vertex 26.960847707019262 41.6 54.962304388177074
    endloop
  endfacet
  facet normal 0 1 0
    outer loop
      vertex 26.960847707019262 41.6 54.962304388177074
      vertex 27.586312892993686 41.6 55.461096229664065
      vertex 27.812673925319025 41.6 55.10084471045583
    endloop
  endfacet
  facet normal 0 1 0
    outer loop
      vertex 27.173253779704435 41.6 54.521238633484415
      vertex 27.812673925319025 41.6 55.10084471045583
      vertex 27.953196109449895 41.6 54.69925538064947
    endloop
  endfacet
  facet normal 0 1 0
    outer loop
      vertex 26.345606103656376 41.6 55.348886309532475
      vertex 27.285463699836022 41.6 55.761945422821725
      vertex 27.586312892993686 41.6 55.461096229664065
    endloop
  endfacet
  facet normal 0.7071067811865476 -1.923366260255116e-18 0.7071067811865476
    outer loop
      vertex 24.30262066662796 41.6 52.842439061857384
      vertex 24.66680653202934 41.6 52.478253196456
      vertex 24.66680653202934 54 52.478253196456
    endloop
  endfacet
  facet normal 0.5320320765153336 3.8041305506349544e-19 0.8467241992282861
    outer loop
      vertex 24.66680653202934 41.6 52.478253196456
      vertex 25.102900476334046 41.6 52.20423720995691
      vertex 25.102900476334046 54 52.20423720995691
    endloop
  endfacet
  facet normal 0.3302790619551681 5.324926590777567e-19 0.9438833303083671
    outer loop
      vertex 25.102900476334046 41.6 52.20423720995691
      vertex 25.589034928204907 41.6 52.03413140811428
      vertex 25.589034928204907 54 52.03413140811428
    endloop
  endfacet
  facet normal 0.11196447610331133 0 0.9937122098932422
    outer loop
      vertex 25.589034928204907 41.6 52.03413140811428
      vertex 25.77642085778724 41.6 52.01301808453232
      vertex 25.589034928204907 54 52.03413140811428
    endloop
  endfacet
  facet normal 0.8467241992282841 0 0.5320320765153366
    outer loop
      vertex 24.028604680128865 41.6 53.278533006162085
      vertex 24.30262066662796 54 52.842439061857384
      vertex 24.028604680128865 54 53.278533006162085
    endloop
  endfacet
  facet normal 0.9438833303083671 0 0.3302790619551681
    outer loop
      vertex 23.858498878286234 41.6 53.764667458032946
      vertex 24.028604680128865 54 53.278533006162085
      vertex 23.858498878286234 54 53.764667458032946
    endloop
  endfacet
  facet normal 0.9937122098932423 0 0.11196447610331028
    outer loop
      vertex 23.858498878286234 41.6 53.764667458032946
      vertex 23.858498878286234 54 53.764667458032946
      vertex 23.801754196120406 54 54.2682904416538
    endloop
  endfacet
  facet normal 0.7071067811865476 0 0.7071067811865476
    outer loop
      vertex 24.30262066662796 41.6 52.842439061857384
      vertex 24.66680653202934 54 52.478253196456
      vertex 24.30262066662796 54 52.842439061857384
    endloop
  endfacet
  facet normal 0.5320320765153336 0 0.8467241992282861
    outer loop
      vertex 24.66680653202934 41.6 52.478253196456
      vertex 25.102900476334046 54 52.20423720995691
      vertex 24.66680653202934 54 52.478253196456
    endloop
  endfacet
  facet normal 0.3302790619551681 0 0.9438833303083671
    outer loop
      vertex 25.102900476334046 41.6 52.20423720995691
      vertex 25.589034928204907 54 52.03413140811428
      vertex 25.102900476334046 54 52.20423720995691
    endloop
  endfacet
  facet normal 0.11196447610331133 0 0.9937122098932422
    outer loop
      vertex 25.77642085778724 54 52.01301808453232
      vertex 25.589034928204907 54 52.03413140811428
      vertex 25.77642085778724 41.6 52.01301808453232
    endloop
  endfacet
  facet normal 0.9438833303083654 0 0.33027906195517315
    outer loop
      vertex 25.10976732161177 6.399999999999999 53.799193493103154
      vertex 25.10976732161177 17.6 53.799193493103154
      vertex 25.028412372904423 6.399999999999999 54.03169257878052
    endloop
  endfacet
  facet normal 0.993712209893242 0 0.11196447610331318
    outer loop
      vertex 25.028412372904423 6.399999999999999 54.03169257878052
      vertex 25.028412372904423 17.6 54.03169257878052
      vertex 25.000833076304428 6.399999999999999 54.27646560613247
    endloop
  endfacet
  facet normal 0.993712209893242 0 -0.11196447610331318
    outer loop
      vertex 25.000833076304428 6.399999999999999 54.27646560613247
      vertex 25.000833076304428 17.6 54.27646560613247
      vertex 25.028412372904423 6.399999999999999 54.521238633484415
    endloop
  endfacet
  facet normal 0.7071067811865404 -4.836601232002419e-19 0.7071067811865547
    outer loop
      vertex 25.240818445589596 6.399999999999999 53.59062682408786
      vertex 25.414994294259824 6.399999999999999 53.41645097541764
      vertex 25.414994294259824 17.6 53.41645097541764
    endloop
  endfacet
  facet normal 0.5320320765153566 5.1921363851870865e-19 0.8467241992282716
    outer loop
      vertex 25.414994294259824 6.399999999999999 53.41645097541764
      vertex 25.623560963275114 6.399999999999999 53.285399851439806
      vertex 25.623560963275114 17.6 53.285399851439806
    endloop
  endfacet
  facet normal 0.11196447610331318 2.9036690677791234e-20 0.993712209893242
    outer loop
      vertex 25.856060048952482 6.399999999999999 53.20404490273246
      vertex 26.10083307630443 6.399999999999999 53.17646560613247
      vertex 26.10083307630443 17.6 53.17646560613247
    endloop
  endfacet
  facet normal 0.33027906195516027 -3.3029632143709485e-19 0.9438833303083699
    outer loop
      vertex 25.623560963275114 6.399999999999999 53.285399851439806
      vertex 25.856060048952482 6.399999999999999 53.20404490273246
      vertex 25.856060048952482 17.6 53.20404490273246
    endloop
  endfacet
  facet normal 0.8467241992282846 0 0.5320320765153358
    outer loop
      vertex 25.240818445589596 6.399999999999999 53.59062682408786
      vertex 25.240818445589596 17.6 53.59062682408786
      vertex 25.10976732161177 6.399999999999999 53.799193493103154
    endloop
  endfacet
  facet normal 0.9438833303083654 0 -0.33027906195517315
    outer loop
      vertex 25.028412372904423 6.399999999999999 54.521238633484415
      vertex 25.028412372904423 17.6 54.521238633484415
      vertex 25.10976732161177 6.399999999999999 54.753737719161784
    endloop
  endfacet
  facet normal 0.8467241992282846 0 -0.5320320765153358
    outer loop
      vertex 25.10976732161177 6.399999999999999 54.753737719161784
      vertex 25.10976732161177 17.6 54.753737719161784
      vertex 25.240818445589596 6.399999999999999 54.962304388177074
    endloop
  endfacet
  facet normal 0.7071067811865404 0 -0.7071067811865547
    outer loop
      vertex 25.240818445589596 6.399999999999999 54.962304388177074
      vertex 25.240818445589596 17.6 54.962304388177074
      vertex 25.414994294259824 6.399999999999999 55.1364802368473
    endloop
  endfacet
  facet normal 0.5320320765153566 0 -0.8467241992282716
    outer loop
      vertex 25.414994294259824 6.399999999999999 55.1364802368473
      vertex 25.414994294259824 17.6 55.1364802368473
      vertex 25.623560963275114 6.399999999999999 55.26753136082513
    endloop
  endfacet
  facet normal 0.33027906195516027 0 -0.9438833303083699
    outer loop
      vertex 25.623560963275114 6.399999999999999 55.26753136082513
      vertex 25.623560963275114 17.6 55.26753136082513
      vertex 25.856060048952482 6.399999999999999 55.348886309532475
    endloop
  endfacet
  facet normal 0.11196447610331318 0 -0.993712209893242
    outer loop
      vertex 25.856060048952482 6.399999999999999 55.348886309532475
      vertex 25.856060048952482 17.6 55.348886309532475
      vertex 26.10083307630443 6.399999999999999 55.37646560613247
    endloop
  endfacet
  facet normal -0.11196447610331318 -2.9036690677791234e-20 0.993712209893242
    outer loop
      vertex 26.10083307630443 6.399999999999999 53.17646560613247
      vertex 26.345606103656376 6.399999999999999 53.20404490273246
      vertex 26.345606103656376 17.6 53.20404490273246
    endloop
  endfacet
  facet normal -0.33027906195516027 3.3029632143709485e-19 0.9438833303083699
    outer loop
      vertex 26.345606103656376 6.399999999999999 53.20404490273246
      vertex 26.578105189333744 6.399999999999999 53.285399851439806
      vertex 26.578105189333744 17.6 53.285399851439806
    endloop
  endfacet
  facet normal -0.5320320765153358 5.566071836914215e-19 0.8467241992282846
    outer loop
      vertex 26.578105189333744 6.399999999999999 53.285399851439806
      vertex 26.786671858349035 6.399999999999999 53.41645097541763
      vertex 26.786671858349035 17.6 53.41645097541763
    endloop
  endfacet
  facet normal -0.7071067811865549 1.2164766330215132e-19 0.7071067811865404
    outer loop
      vertex 26.786671858349035 6.399999999999999 53.41645097541763
      vertex 26.960847707019262 6.399999999999999 53.59062682408786
      vertex 26.960847707019262 17.6 53.59062682408786
    endloop
  endfacet
  facet normal -0.8467241992282846 5.566071836914215e-19 0.5320320765153358
    outer loop
      vertex 26.960847707019262 6.399999999999999 53.59062682408786
      vertex 27.09189883099709 6.399999999999999 53.799193493103154
      vertex 27.09189883099709 17.6 53.799193493103154
    endloop
  endfacet
  facet normal -0.9438833303083654 4.297261326562509e-19 0.33027906195517315
    outer loop
      vertex 27.09189883099709 6.399999999999999 53.799193493103154
      vertex 27.173253779704435 6.399999999999999 54.03169257878052
      vertex 27.173253779704435 17.6 54.03169257878052
    endloop
  endfacet
  facet normal -0.993712209893242 -2.9036690677791234e-20 0.11196447610331318
    outer loop
      vertex 27.173253779704435 6.399999999999999 54.03169257878052
      vertex 27.20083307630443 6.399999999999999 54.27646560613247
      vertex 27.20083307630443 17.6 54.27646560613247
    endloop
  endfacet
  facet normal -0.993712209893242 2.9036690677791234e-20 -0.11196447610331318
    outer loop
      vertex 27.20083307630443 6.399999999999999 54.27646560613247
      vertex 27.173253779704435 6.399999999999999 54.521238633484415
      vertex 27.173253779704435 17.6 54.521238633484415
    endloop
  endfacet
  facet normal -0.33027906195516027 0 -0.9438833303083699
    outer loop
      vertex 26.345606103656376 6.399999999999999 55.348886309532475
      vertex 26.345606103656376 17.6 55.348886309532475
      vertex 26.578105189333744 6.399999999999999 55.26753136082513
    endloop
  endfacet
  facet normal -0.8467241992282846 -5.566071836914215e-19 -0.5320320765153358
    outer loop
      vertex 27.09189883099709 6.399999999999999 54.753737719161784
      vertex 26.960847707019262 6.399999999999999 54.962304388177074
      vertex 26.960847707019262 17.6 54.962304388177074
    endloop
  endfacet
  facet normal -0.5320320765153358 0 -0.8467241992282846
    outer loop
      vertex 26.578105189333744 6.399999999999999 55.26753136082513
      vertex 26.578105189333744 17.6 55.26753136082513
      vertex 26.786671858349035 6.399999999999999 55.136480236847305
    endloop
  endfacet
  facet normal -0.7071067811865549 0 -0.7071067811865404
    outer loop
      vertex 26.786671858349035 6.399999999999999 55.136480236847305
      vertex 26.786671858349035 17.6 55.136480236847305
      vertex 26.960847707019262 6.399999999999999 54.962304388177074
    endloop
  endfacet
  facet normal -0.11196447610331318 0 -0.993712209893242
    outer loop
      vertex 26.10083307630443 6.399999999999999 55.37646560613247
      vertex 26.10083307630443 17.6 55.37646560613247
      vertex 26.345606103656376 6.399999999999999 55.348886309532475
    endloop
  endfacet
  facet normal -0.9438833303083654 -4.297261326562509e-19 -0.33027906195517315
    outer loop
      vertex 27.173253779704435 6.399999999999999 54.521238633484415
      vertex 27.09189883099709 6.399999999999999 54.753737719161784
      vertex 27.09189883099709 17.6 54.753737719161784
    endloop
  endfacet
  facet normal 0.8467241992282846 0 0.5320320765153358
    outer loop
      vertex 25.10976732161177 6.399999999999999 53.799193493103154
      vertex 25.240818445589596 17.6 53.59062682408786
      vertex 25.10976732161177 17.6 53.799193493103154
    endloop
  endfacet
  facet normal 0.9438833303083654 0 0.33027906195517315
    outer loop
      vertex 25.028412372904423 6.399999999999999 54.03169257878052
      vertex 25.10976732161177 17.6 53.799193493103154
      vertex 25.028412372904423 17.6 54.03169257878052
    endloop
  endfacet
  facet normal 0.993712209893242 2.9036690677791234e-20 0.11196447610331318
    outer loop
      vertex 25.028412372904423 17.6 54.03169257878052
      vertex 25.000833076304428 17.6 54.27646560613247
      vertex 25.000833076304428 6.399999999999999 54.27646560613247
    endloop
  endfacet
  facet normal 0.993712209893242 0 -0.11196447610331318
    outer loop
      vertex 25.028412372904423 6.399999999999999 54.521238633484415
      vertex 25.000833076304428 17.6 54.27646560613247
      vertex 25.028412372904423 17.6 54.521238633484415
    endloop
  endfacet
  facet normal 0.7071067811865404 0 0.7071067811865547
    outer loop
      vertex 25.240818445589596 6.399999999999999 53.59062682408786
      vertex 25.414994294259824 17.6 53.41645097541764
      vertex 25.240818445589596 17.6 53.59062682408786
    endloop
  endfacet
  facet normal 0.5320320765153566 0 0.8467241992282716
    outer loop
      vertex 25.414994294259824 6.399999999999999 53.41645097541764
      vertex 25.623560963275114 17.6 53.285399851439806
      vertex 25.414994294259824 17.6 53.41645097541764
    endloop
  endfacet
  facet normal 0.11196447610331318 0 0.993712209893242
    outer loop
      vertex 25.856060048952482 6.399999999999999 53.20404490273246
      vertex 26.10083307630443 17.6 53.17646560613247
      vertex 25.856060048952482 17.6 53.20404490273246
    endloop
  endfacet
  facet normal 0.33027906195516027 0 0.9438833303083699
    outer loop
      vertex 25.623560963275114 6.399999999999999 53.285399851439806
      vertex 25.856060048952482 17.6 53.20404490273246
      vertex 25.623560963275114 17.6 53.285399851439806
    endloop
  endfacet
  facet normal 0.9438833303083654 0 -0.33027906195517315
    outer loop
      vertex 25.10976732161177 6.399999999999999 54.753737719161784
      vertex 25.028412372904423 17.6 54.521238633484415
      vertex 25.10976732161177 17.6 54.753737719161784
    endloop
  endfacet
  facet normal 0.8467241992282846 0 -0.5320320765153358
    outer loop
      vertex 25.240818445589596 6.399999999999999 54.962304388177074
      vertex 25.10976732161177 17.6 54.753737719161784
      vertex 25.240818445589596 17.6 54.962304388177074
    endloop
  endfacet
  facet normal 0.7071067811865404 0 -0.7071067811865547
    outer loop
      vertex 25.414994294259824 6.399999999999999 55.1364802368473
      vertex 25.240818445589596 17.6 54.962304388177074
      vertex 25.414994294259824 17.6 55.1364802368473
    endloop
  endfacet
  facet normal 0.5320320765153566 0 -0.8467241992282716
    outer loop
      vertex 25.623560963275114 6.399999999999999 55.26753136082513
      vertex 25.414994294259824 17.6 55.1364802368473
      vertex 25.623560963275114 17.6 55.26753136082513
    endloop
  endfacet
  facet normal 0.33027906195516027 0 -0.9438833303083699
    outer loop
      vertex 25.856060048952482 6.399999999999999 55.348886309532475
      vertex 25.623560963275114 17.6 55.26753136082513
      vertex 25.856060048952482 17.6 55.348886309532475
    endloop
  endfacet
  facet normal 0.11196447610331318 -2.9036690677791234e-20 -0.993712209893242
    outer loop
      vertex 25.856060048952482 17.6 55.348886309532475
      vertex 26.10083307630443 17.6 55.37646560613247
      vertex 26.10083307630443 6.399999999999999 55.37646560613247
    endloop
  endfacet
  facet normal -0.11196447610331318 0 0.993712209893242
    outer loop
      vertex 26.10083307630443 6.399999999999999 53.17646560613247
      vertex 26.345606103656376 17.6 53.20404490273246
      vertex 26.10083307630443 17.6 53.17646560613247
    endloop
  endfacet
  facet normal -0.33027906195516027 0 0.9438833303083699
    outer loop
      vertex 26.345606103656376 6.399999999999999 53.20404490273246
      vertex 26.578105189333744 17.6 53.285399851439806
      vertex 26.345606103656376 17.6 53.20404490273246
    endloop
  endfacet
  facet normal -0.5320320765153358 0 0.8467241992282846
    outer loop
      vertex 26.578105189333744 6.399999999999999 53.285399851439806
      vertex 26.786671858349035 17.6 53.41645097541763
      vertex 26.578105189333744 17.6 53.285399851439806
    endloop
  endfacet
  facet normal -0.7071067811865549 0 0.7071067811865404
    outer loop
      vertex 26.786671858349035 6.399999999999999 53.41645097541763
      vertex 26.960847707019262 17.6 53.59062682408786
      vertex 26.786671858349035 17.6 53.41645097541763
    endloop
  endfacet
  facet normal -0.8467241992282846 0 0.5320320765153358
    outer loop
      vertex 26.960847707019262 6.399999999999999 53.59062682408786
      vertex 27.09189883099709 17.6 53.799193493103154
      vertex 26.960847707019262 17.6 53.59062682408786
    endloop
  endfacet
  facet normal -0.9438833303083654 0 0.33027906195517315
    outer loop
      vertex 27.09189883099709 6.399999999999999 53.799193493103154
      vertex 27.173253779704435 17.6 54.03169257878052
      vertex 27.09189883099709 17.6 53.799193493103154
    endloop
  endfacet
  facet normal -0.993712209893242 0 0.11196447610331318
    outer loop
      vertex 27.173253779704435 6.399999999999999 54.03169257878052
      vertex 27.20083307630443 17.6 54.27646560613247
      vertex 27.173253779704435 17.6 54.03169257878052
    endloop
  endfacet
  facet normal -0.993712209893242 0 -0.11196447610331318
    outer loop
      vertex 27.20083307630443 6.399999999999999 54.27646560613247
      vertex 27.173253779704435 17.6 54.521238633484415
      vertex 27.20083307630443 17.6 54.27646560613247
    endloop
  endfacet
  facet normal -0.33027906195516027 0 -0.9438833303083699
    outer loop
      vertex 26.578105189333744 6.399999999999999 55.26753136082513
      vertex 26.345606103656376 17.6 55.348886309532475
      vertex 26.578105189333744 17.6 55.26753136082513
    endloop
  endfacet
  facet normal -0.8467241992282846 0 -0.5320320765153358
    outer loop
      vertex 27.09189883099709 6.399999999999999 54.753737719161784
      vertex 26.960847707019262 17.6 54.962304388177074
      vertex 27.09189883099709 17.6 54.753737719161784
    endloop
  endfacet
  facet normal -0.5320320765153358 0 -0.8467241992282846
    outer loop
      vertex 26.786671858349035 6.399999999999999 55.136480236847305
      vertex 26.578105189333744 17.6 55.26753136082513
      vertex 26.786671858349035 17.6 55.136480236847305
    endloop
  endfacet
  facet normal -0.7071067811865549 0 -0.7071067811865404
    outer loop
      vertex 26.960847707019262 6.399999999999999 54.962304388177074
      vertex 26.786671858349035 17.6 55.136480236847305
      vertex 26.960847707019262 17.6 54.962304388177074
    endloop
  endfacet
  facet normal -0.11196447610331318 0 -0.993712209893242
    outer loop
      vertex 26.345606103656376 6.399999999999999 55.348886309532475
      vertex 26.10083307630443 17.6 55.37646560613247
      vertex 26.345606103656376 17.6 55.348886309532475
    endloop
  endfacet
  facet normal -0.9438833303083654 0 -0.33027906195517315
    outer loop
      vertex 27.173253779704435 6.399999999999999 54.521238633484415
      vertex 27.09189883099709 17.6 54.753737719161784
      vertex 27.173253779704435 17.6 54.521238633484415
    endloop
  endfacet
  facet normal 0.9438833303083654 0 0.33027906195517315
    outer loop
      vertex 25.10976732161177 30.4 53.799193493103154
      vertex 25.10976732161177 41.6 53.799193493103154
      vertex 25.028412372904423 30.4 54.03169257878052
    endloop
  endfacet
  facet normal 0.993712209893242 0 0.11196447610331318
    outer loop
      vertex 25.028412372904423 30.4 54.03169257878052
      vertex 25.028412372904423 41.6 54.03169257878052
      vertex 25.000833076304428 30.4 54.27646560613247
    endloop
  endfacet
  facet normal 0.993712209893242 0 -0.11196447610331318
    outer loop
      vertex 25.000833076304428 30.4 54.27646560613247
      vertex 25.000833076304428 41.6 54.27646560613247
      vertex 25.028412372904423 30.4 54.521238633484415
    endloop
  endfacet
  facet normal 0.7071067811865404 -4.836601232002419e-19 0.7071067811865547
    outer loop
      vertex 25.240818445589596 30.4 53.59062682408786
      vertex 25.414994294259824 30.4 53.41645097541764
      vertex 25.414994294259824 41.6 53.41645097541764
    endloop
  endfacet
  facet normal 0.5320320765153566 5.1921363851870865e-19 0.8467241992282716
    outer loop
      vertex 25.414994294259824 30.4 53.41645097541764
      vertex 25.623560963275114 30.4 53.285399851439806
      vertex 25.623560963275114 41.6 53.285399851439806
    endloop
  endfacet
  facet normal 0.11196447610331318 2.9036690677791234e-20 0.993712209893242
    outer loop
      vertex 25.856060048952482 30.4 53.20404490273246
      vertex 26.10083307630443 30.4 53.17646560613247
      vertex 26.10083307630443 41.6 53.17646560613247
    endloop
  endfacet
  facet normal 0.33027906195516027 -3.3029632143709485e-19 0.9438833303083699
    outer loop
      vertex 25.623560963275114 30.4 53.285399851439806
      vertex 25.856060048952482 30.4 53.20404490273246
      vertex 25.856060048952482 41.6 53.20404490273246
    endloop
  endfacet
  facet normal 0.8467241992282846 0 0.5320320765153358
    outer loop
      vertex 25.240818445589596 30.4 53.59062682408786
      vertex 25.240818445589596 41.6 53.59062682408786
      vertex 25.10976732161177 30.4 53.799193493103154
    endloop
  endfacet
  facet normal 0.9438833303083654 0 -0.33027906195517315
    outer loop
      vertex 25.028412372904423 30.4 54.521238633484415
      vertex 25.028412372904423 41.6 54.521238633484415
      vertex 25.10976732161177 30.4 54.753737719161784
    endloop
  endfacet
  facet normal 0.8467241992282846 0 -0.5320320765153358
    outer loop
      vertex 25.10976732161177 30.4 54.753737719161784
      vertex 25.10976732161177 41.6 54.753737719161784
      vertex 25.240818445589596 30.4 54.962304388177074
    endloop
  endfacet
  facet normal 0.7071067811865404 0 -0.7071067811865547
    outer loop
      vertex 25.240818445589596 30.4 54.962304388177074
      vertex 25.240818445589596 41.6 54.962304388177074
      vertex 25.414994294259824 30.4 55.1364802368473
    endloop
  endfacet
  facet normal 0.5320320765153566 0 -0.8467241992282716
    outer loop
      vertex 25.414994294259824 30.4 55.1364802368473
      vertex 25.414994294259824 41.6 55.1364802368473
      vertex 25.623560963275114 30.4 55.26753136082513
    endloop
  endfacet
  facet normal 0.33027906195516027 0 -0.9438833303083699
    outer loop
      vertex 25.623560963275114 30.4 55.26753136082513
      vertex 25.623560963275114 41.6 55.26753136082513
      vertex 25.856060048952482 30.4 55.348886309532475
    endloop
  endfacet
  facet normal 0.11196447610331318 0 -0.993712209893242
    outer loop
      vertex 25.856060048952482 30.4 55.348886309532475
      vertex 25.856060048952482 41.6 55.348886309532475
      vertex 26.10083307630443 30.4 55.37646560613247
    endloop
  endfacet
  facet normal -0.11196447610331318 -2.9036690677791234e-20 0.993712209893242
    outer loop
      vertex 26.10083307630443 30.4 53.17646560613247
      vertex 26.345606103656376 30.4 53.20404490273246
      vertex 26.345606103656376 41.6 53.20404490273246
    endloop
  endfacet
  facet normal -0.33027906195516027 3.3029632143709485e-19 0.9438833303083699
    outer loop
      vertex 26.345606103656376 30.4 53.20404490273246
      vertex 26.578105189333744 30.4 53.285399851439806
      vertex 26.578105189333744 41.6 53.285399851439806
    endloop
  endfacet
  facet normal -0.5320320765153358 5.566071836914215e-19 0.8467241992282846
    outer loop
      vertex 26.578105189333744 30.4 53.285399851439806
      vertex 26.786671858349035 30.4 53.41645097541763
      vertex 26.786671858349035 41.6 53.41645097541763
    endloop
  endfacet
  facet normal -0.7071067811865549 1.2164766330215132e-19 0.7071067811865404
    outer loop
      vertex 26.786671858349035 30.4 53.41645097541763
      vertex 26.960847707019262 30.4 53.59062682408786
      vertex 26.960847707019262 41.6 53.59062682408786
    endloop
  endfacet
  facet normal -0.8467241992282846 5.566071836914215e-19 0.5320320765153358
    outer loop
      vertex 26.960847707019262 30.4 53.59062682408786
      vertex 27.09189883099709 30.4 53.799193493103154
      vertex 27.09189883099709 41.6 53.799193493103154
    endloop
  endfacet
  facet normal -0.9438833303083654 4.297261326562509e-19 0.33027906195517315
    outer loop
      vertex 27.09189883099709 30.4 53.799193493103154
      vertex 27.173253779704435 30.4 54.03169257878052
      vertex 27.173253779704435 41.6 54.03169257878052
    endloop
  endfacet
  facet normal -0.993712209893242 -2.9036690677791234e-20 0.11196447610331318
    outer loop
      vertex 27.173253779704435 30.4 54.03169257878052
      vertex 27.20083307630443 30.4 54.27646560613247
      vertex 27.20083307630443 41.6 54.27646560613247
    endloop
  endfacet
  facet normal -0.993712209893242 2.9036690677791234e-20 -0.11196447610331318
    outer loop
      vertex 27.20083307630443 30.4 54.27646560613247
      vertex 27.173253779704435 30.4 54.521238633484415
      vertex 27.173253779704435 41.6 54.521238633484415
    endloop
  endfacet
  facet normal -0.33027906195516027 0 -0.9438833303083699
    outer loop
      vertex 26.345606103656376 30.4 55.348886309532475
      vertex 26.345606103656376 41.6 55.348886309532475
      vertex 26.578105189333744 30.4 55.26753136082513
    endloop
  endfacet
  facet normal -0.8467241992282846 -5.566071836914215e-19 -0.5320320765153358
    outer loop
      vertex 27.09189883099709 30.4 54.753737719161784
      vertex 26.960847707019262 30.4 54.962304388177074
      vertex 26.960847707019262 41.6 54.962304388177074
    endloop
  endfacet
  facet normal -0.5320320765153358 0 -0.8467241992282846
    outer loop
      vertex 26.578105189333744 30.4 55.26753136082513
      vertex 26.578105189333744 41.6 55.26753136082513
      vertex 26.786671858349035 30.4 55.136480236847305
    endloop
  endfacet
  facet normal -0.7071067811865549 0 -0.7071067811865404
    outer loop
      vertex 26.786671858349035 30.4 55.136480236847305
      vertex 26.786671858349035 41.6 55.136480236847305
      vertex 26.960847707019262 30.4 54.962304388177074
    endloop
  endfacet
  facet normal -0.11196447610331318 0 -0.993712209893242
    outer loop
      vertex 26.10083307630443 30.4 55.37646560613247
      vertex 26.10083307630443 41.6 55.37646560613247
      vertex 26.345606103656376 30.4 55.348886309532475
    endloop
  endfacet
  facet normal -0.9438833303083654 -4.297261326562509e-19 -0.33027906195517315
    outer loop
      vertex 27.173253779704435 30.4 54.521238633484415
      vertex 27.09189883099709 30.4 54.753737719161784
      vertex 27.09189883099709 41.6 54.753737719161784
    endloop
  endfacet
  facet normal 0.8467241992282846 0 0.5320320765153358
    outer loop
      vertex 25.10976732161177 30.4 53.799193493103154
      vertex 25.240818445589596 41.6 53.59062682408786
      vertex 25.10976732161177 41.6 53.799193493103154
    endloop
  endfacet
  facet normal 0.9438833303083654 0 0.33027906195517315
    outer loop
      vertex 25.028412372904423 30.4 54.03169257878052
      vertex 25.10976732161177 41.6 53.799193493103154
      vertex 25.028412372904423 41.6 54.03169257878052
    endloop
  endfacet
  facet normal 0.993712209893242 2.9036690677791234e-20 0.11196447610331318
    outer loop
      vertex 25.028412372904423 41.6 54.03169257878052
      vertex 25.000833076304428 41.6 54.27646560613247
      vertex 25.000833076304428 30.4 54.27646560613247
    endloop
  endfacet
  facet normal 0.993712209893242 0 -0.11196447610331318
    outer loop
      vertex 25.028412372904423 30.4 54.521238633484415
      vertex 25.000833076304428 41.6 54.27646560613247
      vertex 25.028412372904423 41.6 54.521238633484415
    endloop
  endfacet
  facet normal 0.7071067811865404 0 0.7071067811865547
    outer loop
      vertex 25.240818445589596 30.4 53.59062682408786
      vertex 25.414994294259824 41.6 53.41645097541764
      vertex 25.240818445589596 41.6 53.59062682408786
    endloop
  endfacet
  facet normal 0.5320320765153566 0 0.8467241992282716
    outer loop
      vertex 25.414994294259824 30.4 53.41645097541764
      vertex 25.623560963275114 41.6 53.285399851439806
      vertex 25.414994294259824 41.6 53.41645097541764
    endloop
  endfacet
  facet normal 0.11196447610331318 0 0.993712209893242
    outer loop
      vertex 25.856060048952482 30.4 53.20404490273246
      vertex 26.10083307630443 41.6 53.17646560613247
      vertex 25.856060048952482 41.6 53.20404490273246
    endloop
  endfacet
  facet normal 0.33027906195516027 0 0.9438833303083699
    outer loop
      vertex 25.623560963275114 30.4 53.285399851439806
      vertex 25.856060048952482 41.6 53.20404490273246
      vertex 25.623560963275114 41.6 53.285399851439806
    endloop
  endfacet
  facet normal 0.9438833303083654 0 -0.33027906195517315
    outer loop
      vertex 25.10976732161177 30.4 54.753737719161784
      vertex 25.028412372904423 41.6 54.521238633484415
      vertex 25.10976732161177 41.6 54.753737719161784
    endloop
  endfacet
  facet normal 0.8467241992282846 0 -0.5320320765153358
    outer loop
      vertex 25.240818445589596 30.4 54.962304388177074
      vertex 25.10976732161177 41.6 54.753737719161784
      vertex 25.240818445589596 41.6 54.962304388177074
    endloop
  endfacet
  facet normal 0.7071067811865404 0 -0.7071067811865547
    outer loop
      vertex 25.414994294259824 30.4 55.1364802368473
      vertex 25.240818445589596 41.6 54.962304388177074
      vertex 25.414994294259824 41.6 55.1364802368473
    endloop
  endfacet
  facet normal 0.5320320765153566 0 -0.8467241992282716
    outer loop
      vertex 25.623560963275114 30.4 55.26753136082513
      vertex 25.414994294259824 41.6 55.1364802368473
      vertex 25.623560963275114 41.6 55.26753136082513
    endloop
  endfacet
  facet normal 0.33027906195516027 0 -0.9438833303083699
    outer loop
      vertex 25.856060048952482 30.4 55.348886309532475
      vertex 25.623560963275114 41.6 55.26753136082513
      vertex 25.856060048952482 41.6 55.348886309532475
    endloop
  endfacet
  facet normal 0.11196447610331318 -2.9036690677791234e-20 -0.993712209893242
    outer loop
      vertex 25.856060048952482 41.6 55.348886309532475
      vertex 26.10083307630443 41.6 55.37646560613247
      vertex 26.10083307630443 30.4 55.37646560613247
    endloop
  endfacet
  facet normal -0.11196447610331318 0 0.993712209893242
    outer loop
      vertex 26.10083307630443 30.4 53.17646560613247
      vertex 26.345606103656376 41.6 53.20404490273246
      vertex 26.10083307630443 41.6 53.17646560613247
    endloop
  endfacet
  facet normal -0.33027906195516027 0 0.9438833303083699
    outer loop
      vertex 26.345606103656376 30.4 53.20404490273246
      vertex 26.578105189333744 41.6 53.285399851439806
      vertex 26.345606103656376 41.6 53.20404490273246
    endloop
  endfacet
  facet normal -0.5320320765153358 0 0.8467241992282846
    outer loop
      vertex 26.578105189333744 30.4 53.285399851439806
      vertex 26.786671858349035 41.6 53.41645097541763
      vertex 26.578105189333744 41.6 53.285399851439806
    endloop
  endfacet
  facet normal -0.7071067811865549 0 0.7071067811865404
    outer loop
      vertex 26.786671858349035 30.4 53.41645097541763
      vertex 26.960847707019262 41.6 53.59062682408786
      vertex 26.786671858349035 41.6 53.41645097541763
    endloop
  endfacet
  facet normal -0.8467241992282846 0 0.5320320765153358
    outer loop
      vertex 26.960847707019262 30.4 53.59062682408786
      vertex 27.09189883099709 41.6 53.799193493103154
      vertex 26.960847707019262 41.6 53.59062682408786
    endloop
  endfacet
  facet normal -0.9438833303083654 0 0.33027906195517315
    outer loop
      vertex 27.09189883099709 30.4 53.799193493103154
      vertex 27.173253779704435 41.6 54.03169257878052
      vertex 27.09189883099709 41.6 53.799193493103154
    endloop
  endfacet
  facet normal -0.993712209893242 0 0.11196447610331318
    outer loop
      vertex 27.173253779704435 30.4 54.03169257878052
      vertex 27.20083307630443 41.6 54.27646560613247
      vertex 27.173253779704435 41.6 54.03169257878052
    endloop
  endfacet
  facet normal -0.993712209893242 0 -0.11196447610331318
    outer loop
      vertex 27.20083307630443 30.4 54.27646560613247
      vertex 27.173253779704435 41.6 54.521238633484415
      vertex 27.20083307630443 41.6 54.27646560613247
    endloop
  endfacet
  facet normal -0.33027906195516027 0 -0.9438833303083699
    outer loop
      vertex 26.578105189333744 30.4 55.26753136082513
      vertex 26.345606103656376 41.6 55.348886309532475
      vertex 26.578105189333744 41.6 55.26753136082513
    endloop
  endfacet
  facet normal -0.8467241992282846 0 -0.5320320765153358
    outer loop
      vertex 27.09189883099709 30.4 54.753737719161784
      vertex 26.960847707019262 41.6 54.962304388177074
      vertex 27.09189883099709 41.6 54.753737719161784
    endloop
  endfacet
  facet normal -0.5320320765153358 0 -0.8467241992282846
    outer loop
      vertex 26.786671858349035 30.4 55.136480236847305
      vertex 26.578105189333744 41.6 55.26753136082513
      vertex 26.786671858349035 41.6 55.136480236847305
    endloop
  endfacet
  facet normal -0.7071067811865549 0 -0.7071067811865404
    outer loop
      vertex 26.960847707019262 30.4 54.962304388177074
      vertex 26.786671858349035 41.6 55.136480236847305
      vertex 26.960847707019262 41.6 54.962304388177074
    endloop
  endfacet
  facet normal -0.11196447610331318 0 -0.993712209893242
    outer loop
      vertex 26.345606103656376 30.4 55.348886309532475
      vertex 26.10083307630443 41.6 55.37646560613247
      vertex 26.345606103656376 41.6 55.348886309532475
    endloop
  endfacet
  facet normal -0.9438833303083654 0 -0.33027906195517315
    outer loop
      vertex 27.173253779704435 30.4 54.521238633484415
      vertex 27.09189883099709 41.6 54.753737719161784
      vertex 27.173253779704435 41.6 54.521238633484415
    endloop
  endfacet
endsolid OpenSCAD_Model
